y_pred,y_test,community_area,date
729.428670824977,502,76,2026-02-07
1162.0642673687223,2403,76,2025-05-15
0.0,1,77,2026-02-07
1173.0104010554107,1445,76,2025-11-14
4.879026977849108,1,77,2026-02-13
92.53514599021292,5,77,2026-04-14
395.5841515662122,1872,76,2026-04-14
0.0,9,77,2025-11-14
0.0,1,77,2025-05-15
126.71529996930312,862,76,2026-02-13
9.862827392773355,0,53,2026-04-14
0.0,0,51,2025-11-14
31.150615691904477,0,54,2025-05-15
0.0,0,54,2025-11-14
0.787067298952806,0,52,2026-04-14
39.72212374234911,0,52,2025-05-15
0.0,0,55,2025-11-14
49.14867575951755,0,55,2025-05-15
0.0,0,55,2026-02-13
0.0,0,54,2026-04-14
0.0,0,55,2026-04-14
0.0,0,53,2026-02-07
0.0,0,52,2026-02-13
0.0,0,52,2025-11-14
10.222138124920463,0,53,2026-02-13
0.0,0,55,2026-02-07
0.0,0,51,2026-04-14
0.0,0,53,2025-11-14
967.1188875300248,1111,76,2025-06-29
1044.8428655396917,1234,76,2025-11-21
10.841503016404019,1,77,2025-06-29
871.024368999202,1461,76,2025-02-27
0.0,2,77,2025-06-20
13.72765351972106,5,77,2025-02-27
0.0,3,77,2026-03-18
0.0,1,77,2025-11-21
1061.0392194339433,1933,76,2025-06-20
1027.9979161071296,1342,76,2026-03-18
0.0,0,52,2026-03-18
0.0,0,51,2025-06-20
0.0,0,51,2025-06-29
0.0,0,51,2026-03-18
6.308434402390361,0,55,2025-02-27
0.0,0,54,2025-06-20
29.83009612491827,0,53,2025-06-29
0.0,0,51,2025-11-21
0.0,0,55,2025-11-21
0.0,0,54,2025-02-27
0.0,0,54,2025-06-29
0.0,0,54,2025-11-21
0.0,0,77,2025-07-19
0.0,8,77,2025-08-06
935.3790640654217,1019,76,2025-07-19
0.0,2,77,2025-04-15
1208.4040307329,1625,76,2025-04-15
1634.6773278398148,1522,76,2025-08-06
0.0,1,77,2025-08-30
1231.1199309097262,920,76,2025-08-30
0.0,0,54,2025-07-19
0.0,0,55,2025-04-15
0.0,0,51,2025-07-19
0.0,0,55,2025-08-30
60.93028219323299,0,54,2025-08-06
0.0,0,54,2025-08-30
0.0,0,53,2025-04-15
0.0,0,52,2025-08-30
80.79636658831815,0,51,2025-08-06
7.2455530360813185,0,53,2025-08-06
0.0,0,52,2025-04-15
1565.4506835274726,2359,76,2025-05-06
1541.471413021033,1800,76,2025-07-31
0.0,5,77,2026-02-02
0.0,6,77,2025-05-06
435.5796819006846,1388,76,2026-02-02
0.0,4,77,2026-02-27
572.2846065874837,933,76,2026-02-27
19.637209311182886,11,77,2025-07-31
8.383089144184638,0,54,2025-07-31
0.0,0,52,2026-02-02
3.9182404106381057,0,53,2026-02-02
0.0,0,54,2025-05-06
12.789042779377468,0,51,2025-07-31
0.0,0,51,2025-05-06
0.0,0,52,2025-05-06
0.0,0,55,2025-05-06
160.17977900630945,0,54,2026-02-27
0.0,0,53,2025-05-06
20.353470939450048,0,52,2025-07-31
0.0,3,77,2026-03-10
633.0459967521505,1440,76,2026-03-10
0.0,2,77,2026-04-30
0.02561015529583699,3,77,2025-08-12
1345.9758151252747,1970,76,2026-04-30
0.0,0,77,2025-10-16
1369.1071952206375,2140,76,2025-10-16
1177.1242808274437,1809,76,2025-08-12
0.25217689237793195,6,77,2025-11-18
1079.3611307060366,2007,76,2025-11-04
0.0,3,77,2025-11-04
1067.1944024692652,1635,76,2025-11-18
3.8022685557453144,0,52,2025-11-18
0.0,0,54,2025-08-12
6.418279957395967,0,54,2025-11-04
0.9872248185147185,0,53,2025-11-04
0.0,0,55,2025-08-12
4.715288061725033,0,52,2026-04-30
0.0,0,53,2025-10-16
13.207498908187077,0,51,2025-11-04
0.0,0,55,2025-11-18
0.0,0,52,2026-03-10
9.479131758544298,0,53,2026-03-10
0.0,0,51,2026-04-30
7.397755788934745,0,51,2025-10-16
0.0,0,51,2025-08-12
0.0,0,54,2025-11-18
17.567783345131588,0,52,2025-10-16
14.63032886499714,0,53,2025-11-18
2.7740731440652837,0,55,2025-10-16
842.3669815487422,1458,76,2025-02-09
0.214690170745385,6,77,2025-12-18
865.3503633168687,874,76,2025-02-07
0.0,2,77,2025-11-05
898.4237768683452,930,76,2025-12-18
0.0,6,77,2025-11-24
1218.2024506838688,1609,76,2025-03-11
2.8727305407542048,12,77,2025-03-12
8.476355366165237,1,77,2025-03-11
0.0,0,77,2025-02-07
1172.3387899717902,1920,76,2025-11-05
1123.0479372161644,1560,76,2025-03-12
0.0,0,77,2025-02-09
141.60489419853224,685,76,2025-11-24
23.78155397174841,0,54,2025-02-09
0.0,0,52,2025-12-18
0.0,0,54,2025-02-07
7.326475145530438,0,52,2025-03-12
7.670607616816625,0,51,2025-03-12
6.593973678100099,0,55,2025-03-11
0.0,0,52,2025-02-07
2.9956634245019558,0,53,2025-03-12
2.87588844034687,0,52,2025-03-11
9.213916594642626,0,55,2025-02-09
0.0,0,54,2025-11-05
0.0,0,54,2025-12-18
0.0,0,55,2025-11-24
6.0602970465147195,0,54,2025-03-12
0.0,0,54,2025-11-24
0.0,0,53,2025-02-07
5.24452979044797,0,51,2025-03-11
0.0,0,55,2025-11-05
0.0,0,53,2025-11-05
0.0,0,51,2025-02-07
0.0,0,53,2025-03-11
0.0,2,77,2025-06-27
0.0,5,77,2026-01-13
703.6333123266544,611,76,2026-01-10
1371.7165443874735,1713,76,2025-06-27
0.0,1,77,2026-01-10
1169.5809006376116,1057,76,2026-01-13
0.8696872099193769,0,54,2026-01-10
0.0,0,55,2026-01-13
0.0,0,55,2025-06-27
10.50001713921327,0,53,2026-01-10
0.0,0,51,2026-01-10
0.0,0,54,2025-06-27
4.441792523894222,0,51,2026-01-13
7.32599006822133,0,54,2026-01-13
0.0,0,55,2026-01-10
972.1064359628762,200,76,2025-12-25
1031.231952775651,1259,76,2025-03-21
1037.3840043281232,1229,76,2025-09-27
0.0,5,77,2025-09-27
1.0030460117555293,2,77,2025-07-12
1322.1005849414178,1102,76,2025-07-12
0.0,0,77,2025-12-25
0.0,0,77,2025-03-21
8.324148129015754,0,53,2025-09-27
4.3051984032207,0,51,2025-03-21
8.508081208630415,0,53,2025-12-25
4.743729754924118,0,52,2025-03-21
0.0,0,51,2025-07-12
0.0,0,51,2025-12-25
2.7149427264906194,0,53,2025-03-21
0.0,0,54,2025-07-12
5.566384906835324,0,53,2025-07-12
0.0,6,77,2025-08-13
20.328469359516646,8,77,2025-04-02
1222.289828558657,2047,76,2025-10-21
1515.4518914191044,1762,76,2025-08-13
712.8711526412385,1083,76,2025-01-23
0.0,0,77,2025-01-11
0.0,1,77,2025-09-11
642.1986623561858,2084,76,2025-04-02
4.412738976550173,6,77,2025-01-23
860.9098059451097,452,76,2025-01-11
1436.7932178843334,1940,76,2025-09-11
9.308112549327305,2,77,2025-10-21
0.0,1,51,2025-08-13
62.23715660247614,0,55,2025-04-02
0.0,0,54,2025-10-21
0.0,0,55,2025-10-21
13.366375572319711,0,52,2025-10-21
63.6015066906871,0,51,2025-04-02
0.0,0,55,2025-09-11
4.012019465038819,0,54,2025-01-23
0.0,0,51,2025-10-21
15.631069339310045,0,54,2025-01-11
0.0,0,52,2025-08-13
12.903760395766227,0,53,2025-04-02
2.7867292916184994,0,51,2025-01-11
741.5148685505193,1593,76,2025-07-10
0.0,1,77,2026-01-19
576.5793855119016,1329,76,2026-01-19
13.98602196005514,6,77,2025-07-10
8.847705566340963,0,53,2025-07-10
13.404705122320522,0,55,2025-07-10
31.840367256500038,0,53,2026-01-19
0.0,0,54,2026-01-19
0.0,0,52,2026-01-19
0.0,0,51,2026-01-19
0.0,10,77,2025-07-25
6.512174997637544,1,77,2026-03-24
1326.5958053297127,2304,76,2025-09-22
1119.3613689902286,1112,76,2026-03-24
6.297348818536989,5,77,2025-06-23
1346.9139426863956,2726,76,2025-06-23
1215.4137613548382,1391,76,2025-07-25
0.0,2,77,2025-09-22
22.13798604409338,0,51,2026-03-24
5.181615448502384,0,52,2025-06-23
26.652270926970274,0,55,2026-03-24
21.04139400197748,0,52,2026-03-24
12.969892171932159,0,54,2026-03-24
0.0,0,53,2025-06-23
4.855098976629449,0,54,2025-09-22
11.419937910671734,0,52,2025-07-25
2.7693140600127606,0,51,2025-07-25
83.5796583505992,1,53,2025-07-25
0.0,3,77,2025-08-24
732.5336375432883,2572,76,2025-11-30
6.558078228738722,8,77,2026-03-11
1203.3727632079022,1311,76,2025-08-24
0.0,2,77,2025-11-08
881.0520159322497,904,76,2025-11-08
10.712857875059868,0,77,2025-11-30
837.4232623812561,1772,76,2026-03-11
0.0,0,55,2025-11-30
0.0,0,52,2026-03-11
14.807163831342095,0,52,2025-08-24
13.535397060916637,0,54,2025-11-08
2.365953107031885,0,51,2025-11-30
9.10982665538397,0,51,2025-11-08
7.053164720860707,0,52,2025-11-30
6.203391990474856,0,54,2025-11-30
10.095026331293411,0,51,2025-08-24
0.0,0,55,2026-03-11
16.275483770797663,0,52,2025-11-08
0.0,0,55,2025-11-08
10.028930019655576,0,53,2026-03-11
5.066523379568196,11,77,2025-03-04
1025.9457900817122,1734,76,2025-03-04
0.0,4,77,2025-02-24
1201.7315510590493,1943,76,2025-02-24
0.0,0,51,2025-02-24
0.0,0,54,2025-02-24
22.21961561814763,0,52,2025-03-04
0.0,0,52,2025-02-24
0.0,0,53,2025-02-24
20.961155178482514,0,54,2025-03-04
0.0,0,55,2025-02-24
22.546370870217515,0,55,2025-03-04
0.0,1,77,2025-07-14
2.7208466047866864,5,77,2025-01-14
0.0,1,77,2025-06-01
996.3854817369748,878,76,2025-07-01
1038.547446681312,789,76,2025-07-02
0.0,0,77,2025-11-27
836.7785517081039,2608,76,2025-07-14
670.5996878011933,474,76,2025-11-27
763.0511449243763,1236,76,2025-01-14
0.0,4,77,2025-09-10
1174.2615029998933,1811,76,2025-06-01
12.548275164751914,5,77,2025-07-02
1374.841950188033,2119,76,2025-09-10
9.45663430784063,3,77,2025-07-01
0.0,0,55,2025-07-02
0.0,0,51,2025-07-14
1.6859780342551005,0,52,2025-01-14
7.900390102104254,0,54,2025-01-14
1.7461067126078262,0,52,2025-07-01
13.898900810108671,0,53,2025-01-14
0.0,0,51,2025-06-01
0.0,0,55,2025-07-14
0.0,0,51,2025-07-01
0.0,0,51,2025-09-10
6.357848616396055,0,53,2025-06-01
6.764501813772284,0,53,2025-11-27
0.0,0,52,2025-07-14
0.0,0,54,2025-09-10
0.0,0,55,2025-09-10
0.0,0,52,2025-06-01
0.0,0,54,2025-07-14
0.0,0,54,2025-07-01
0.0,0,55,2025-06-01
1216.9705825168246,1618,76,2026-04-16
0.0,4,77,2025-05-24
0.0,13,77,2025-12-04
882.3138582420213,1614,76,2025-12-04
1034.8896720504297,1972,76,2025-03-10
0.0,5,77,2025-03-10
0.0,12,77,2026-04-16
1364.7465234406654,843,76,2025-05-24
0.0,0,51,2025-12-04
0.707931118487096,0,52,2026-04-16
0.0,0,55,2026-04-16
0.0,0,55,2025-12-04
0.0,0,51,2025-05-24
5.438076094376925,0,51,2025-03-10
0.0,0,52,2025-05-24
13.4602518353949,0,53,2026-04-16
0.0,0,51,2026-04-16
5.038525899784943,0,55,2025-03-10
5.384073227047281,0,52,2025-03-10
3.5953286746939597,0,54,2025-03-10
7.575578162016328,0,53,2025-12-04
692.2366311126026,1033,76,2025-12-14
0.0,0,77,2026-04-26
810.2581868370916,1089,76,2025-01-15
0.0,0,77,2026-02-01
1279.7057045231438,1534,76,2025-09-03
834.636853881311,1176,76,2026-02-01
0.0,0,77,2025-09-07
4.109787299641553,1,77,2025-09-03
0.0,0,77,2025-12-14
957.5879393775506,1707,76,2026-04-26
1096.500651227874,2458,76,2025-09-07
1.1624683672867775,4,77,2025-01-15
5.043540894362081,0,55,2026-02-01
1.2076088230675168,0,52,2025-01-15
3.759516219387365,0,55,2025-01-15
7.933777420704942,0,53,2025-01-15
3.0821175989558185,0,53,2025-12-14
17.72089677923543,0,54,2026-02-01
0.0,0,52,2025-09-03
0.0,0,51,2026-04-26
0.0,0,55,2025-09-03
0.0,0,55,2026-04-26
0.0,0,51,2025-09-03
1.2566502402447668,0,52,2026-02-01
0.0,0,55,2025-12-14
0.0,0,53,2025-09-07
0.0,0,26,2025-11-14
634.4952710165903,1164,28,2026-02-13
0.0,0,26,2025-05-15
25.206403039009828,0,30,2026-04-14
0.0,0,29,2026-02-13
0.0,0,30,2026-02-13
12.217949571970351,0,30,2025-11-14
48.39217394402163,0,30,2025-05-15
0.0,0,29,2025-11-14
0.0,0,29,2026-04-14
0.0,0,27,2026-04-14
0.0,0,26,2026-04-14
880.4285242299959,1109,28,2025-11-14
851.1753274890506,1617,28,2026-04-14
0.0,0,26,2026-02-07
1.3876712848686594,0,27,2026-02-07
521.3558636347216,648,28,2026-02-07
17.20733304377616,0,35,2025-11-14
0.0,0,31,2026-02-13
1481.6116531682692,1069,32,2026-02-07
57.326897523454406,0,31,2025-05-15
53.44593050093706,0,35,2026-04-14
0.0,7,35,2026-02-13
1731.1414835885907,2050,32,2026-02-13
21.289128484149714,2,34,2026-04-14
27.1636055332216,0,31,2025-11-14
2037.0992337835091,2511,32,2026-04-14
114.89742320068163,252,33,2026-04-14
0.0,2,35,2025-05-15
23.762284773252844,0,27,2026-03-18
849.9094067064751,1368,28,2025-02-27
15.806137354801308,0,30,2026-03-18
21.426793480675258,0,29,2025-06-29
0.0,0,27,2025-02-27
916.6773429531494,1829,28,2026-03-18
0.0,0,29,2025-11-21
13.887404083854136,0,30,2025-11-21
20.718009556256234,0,30,2025-06-20
0.0,0,29,2025-02-27
10.534210561071077,0,27,2025-11-21
711.6261228176694,1268,28,2025-11-21
0.0,0,30,2025-02-27
0.0,0,26,2026-03-18
0.0,0,26,2025-11-21
785.1268358050057,301,28,2025-06-29
0.0,0,27,2025-06-20
20.671490873414783,0,27,2025-06-29
67.02079642734373,0,30,2025-06-29
0.0,0,29,2025-06-20
1.786509107188209,0,29,2026-03-18
2065.3958613998375,800,32,2025-06-29
9.759865888735618,0,31,2025-02-27
21.984010931817295,1,34,2025-11-21
112.74064385797666,677,33,2025-06-20
2018.250461225503,2535,32,2025-06-20
28.035242354666764,4,35,2025-06-20
33.46542197196074,0,34,2025-06-29
23.221283496217623,7,34,2026-03-18
103.72057599626453,144,33,2025-06-29
60.69190493778046,0,31,2025-06-29
1.5299518626238893,0,31,2025-06-20
2042.953793266344,1981,32,2025-11-21
6.039171914249522,2,34,2025-06-20
19.456290055016765,0,30,2025-07-19
0.0,0,29,2025-04-15
21.022867551449735,0,30,2025-08-30
34.009101349116115,0,30,2025-04-15
464.13625117414153,581,28,2025-07-19
42.53226049474627,0,27,2025-07-19
53.84608741982116,0,30,2025-08-06
0.0,0,27,2025-08-30
2008.2265588667078,2496,32,2025-04-15
8.753247649920667,3,34,2025-04-15
3.019553168970077,1,35,2025-07-19
2823.361629918052,2667,32,2025-08-06
6.43495801010134,16,34,2025-08-30
41.886011315178536,4,34,2025-07-19
1598.7402586605585,1461,32,2025-08-30
25.218596541992568,1,35,2025-04-15
965.0351743247304,1322,28,2025-07-31
37.0738828628312,0,30,2025-05-06
20.21939917037824,0,27,2026-02-27
5.93668461831507,0,27,2025-05-06
13.348946961055518,0,27,2026-02-02
15.616106706409568,0,26,2026-02-27
0.0,0,26,2026-02-02
902.1576460758715,1475,28,2025-05-06
8.669399249973509,0,29,2025-07-31
10.357830505605605,0,29,2026-02-02
503.43845303146816,1142,28,2026-02-02
0.0,4,35,2026-02-02
2294.274561088764,2537,32,2025-07-31
9.54178921874994,136,33,2026-02-02
1135.2825155609191,2087,32,2026-02-27
8.003494143274139,2,31,2026-02-27
2387.9784420169285,3241,32,2025-05-06
0.0,0,29,2025-10-16
1136.08934462696,1509,28,2025-10-16
0.0,0,26,2025-10-16
35.64171710867555,0,30,2025-08-12
0.0,0,27,2025-11-04
28.77849874940931,0,30,2025-11-18
863.7378272192151,1864,28,2026-04-30
899.9014555777197,1524,28,2025-08-12
0.0,0,29,2025-11-04
785.5102464765736,1527,28,2025-11-04
0.0,0,26,2026-03-10
11.23077473786023,0,30,2025-10-16
669.9972316876723,1747,28,2025-11-18
25.332452370757807,0,30,2025-11-04
6.131970138834788,0,27,2026-04-30
0.0,0,29,2026-04-30
0.0,0,26,2026-04-30
17.45691607959742,0,30,2026-04-30
13.398259897820836,0,27,2025-10-16
25.768419643278662,0,31,2025-11-04
21.071232395226517,0,34,2025-11-18
16.98424087801122,4,34,2026-03-10
116.57238758493415,563,33,2025-11-18
77.24295148610297,638,33,2026-03-10
21.21964021002333,2,34,2025-08-12
20.444541454088863,3,35,2025-11-18
20.385612480990815,2,34,2025-10-16
23.43142931053167,0,31,2025-11-18
18.038674799707962,1,34,2025-11-04
0.0,0,29,2025-02-07
0.0,0,26,2025-11-24
24.15248725135031,0,30,2025-12-18
0.0,0,26,2025-03-11
16.630078052602087,0,30,2025-02-07
690.6190347475095,971,28,2025-11-24
0.0,0,29,2025-02-09
18.55002815461735,0,30,2025-11-05
454.05855492622095,120,28,2025-02-09
13.901384835886986,0,30,2025-02-09
2.032052510558927,0,27,2025-02-07
0.0,0,27,2025-11-05
936.314654735813,1540,28,2025-11-05
585.468503255828,791,28,2025-02-07
0.0,0,29,2025-03-11
26.748182938640596,0,30,2025-03-11
0.0,0,27,2025-02-09
0.0,0,29,2025-03-12
0.0,0,27,2025-03-11
818.4966371770904,1408,28,2025-03-11
23.8167890806302,0,30,2025-11-24
123.32963545277775,168,33,2025-11-24
1709.3744384270801,3109,32,2025-12-18
17.443617095182503,0,34,2025-03-11
18.476651564435315,0,34,2025-11-24
1794.4026413210831,2498,32,2025-03-12
4.234569237530522,5,35,2025-12-18
1671.697823680806,1416,32,2025-02-07
32.81912716050788,2,35,2025-11-05
1979.1511259471893,1744,32,2025-11-24
42.33878076114457,0,31,2025-12-18
88.68659936542552,156,33,2025-02-09
2070.7810806353523,2438,32,2025-03-11
6.2067404079770085,0,34,2025-02-09
418.75783039997975,547,28,2026-01-10
0.0,0,26,2026-01-10
0.0,0,26,2026-01-13
0.0,0,29,2025-06-27
6.003320312499298,0,27,2026-01-10
23.33193003757232,3,35,2025-06-27
18.66178541251955,0,31,2026-01-13
6.637816776443714,0,31,2026-01-10
143.98789326517095,142,33,2026-01-13
17.937288169449573,0,34,2026-01-13
1436.619860852083,1010,32,2026-01-10
138.478706512108,189,33,2026-01-10
2328.388732810991,2103,32,2025-06-27
0.0,0,27,2025-09-27
962.6652123880822,81,28,2025-12-25
9.275132869735401,0,29,2025-12-25
699.7796420844493,512,28,2025-07-12
0.21100915930853148,0,30,2025-09-27
0.0,0,29,2025-03-21
19.829559526141367,0,30,2025-07-12
0.0,0,29,2025-07-12
13.31344282594155,0,27,2025-07-12
796.0702527495476,735,28,2025-09-27
26.557668719630215,0,30,2025-03-21
1683.5086323102196,174,32,2025-12-25
24.177985152330464,5,34,2025-12-25
25.69683905586892,0,31,2025-03-21
138.51134161031322,303,33,2025-07-12
0.0,3,35,2025-09-27
0.0,0,29,2025-09-11
25.343227684091985,0,30,2025-08-13
2.46104517324072,0,27,2025-10-21
35.4288694826697,0,30,2025-10-21
0.0,0,27,2025-09-11
1109.7260177141302,1397,28,2025-08-13
7.369767100369273,0,29,2025-04-02
764.5326281892717,1584,28,2025-04-02
0.0,0,29,2025-01-11
0.0,0,26,2025-10-21
25.06035418832961,0,27,2025-08-13
559.9088983082925,246,28,2025-01-11
0.0,0,29,2025-10-21
5.733532620112982,0,27,2025-01-11
0.0,0,26,2025-01-23
784.1553578450108,1716,28,2025-10-21
0.0,0,26,2025-09-11
28.342438871612828,0,30,2025-09-11
123.31990057481141,539,33,2025-10-21
27.610482562550885,0,31,2025-08-13
5.781537764614654,0,35,2025-01-23
160.83639970582738,477,33,2025-08-13
13.473857130617915,0,34,2025-01-11
1831.1545971756375,2254,32,2025-01-23
30.116340232427135,0,31,2025-04-02
127.57845083865055,912,33,2025-09-11
2876.580996878867,2477,32,2025-08-13
8.939057515071852,0,31,2025-01-23
11.588399097988244,4,35,2025-08-13
30.84934317921089,0,34,2025-08-13
22.332111833988222,3,35,2025-09-11
10.217641887404326,0,27,2026-01-19
13.539664487852093,0,29,2026-01-19
381.38822727857905,778,28,2026-01-19
0.0,0,30,2025-07-10
14.993978271779298,171,33,2026-01-19
0.0,1,31,2025-07-10
776.4470927850927,1177,32,2026-01-19
2461.564939029276,2569,32,2025-07-10
7.090491429669754,308,33,2025-07-10
23.340659335727523,0,27,2025-09-22
678.753416021859,1230,28,2025-06-23
128.88207976748757,0,27,2025-07-25
3.292328005645956,0,27,2025-06-23
149.2074099510504,0,30,2025-07-25
20.86164319661887,0,30,2026-03-24
37.91446009970589,0,30,2025-09-22
14.75530036480356,0,27,2026-03-24
118.26740954797557,0,26,2025-07-25
34.751035136787905,0,30,2025-06-23
0.0,0,26,2025-06-23
378.56791143865416,2185,32,2025-07-25
23.899430122520144,3,34,2026-03-24
132.03837931770877,615,33,2025-06-23
12.08422527297094,0,35,2026-03-24
1785.2111564362772,1920,32,2025-09-22
449.73616827775925,278,28,2025-08-24
442.1043295887051,632,28,2025-11-08
9.15858426991008,0,27,2026-03-11
740.5209844846855,1757,28,2026-03-11
18.9874369500738,0,30,2026-03-11
0.0,0,26,2025-11-08
0.0,0,29,2025-08-24
0.0,0,29,2025-11-08
5.9358498211105655,0,27,2025-11-30
0.0,0,27,2025-08-24
0.0,0,26,2025-11-30
0.0,0,27,2025-11-08
13.642741618221834,12,34,2026-03-11
1306.8655260065923,916,32,2025-11-30
27.324321534084163,0,35,2025-11-30
28.213677471304052,1,35,2025-11-08
27.38780508834361,2,35,2026-03-11
5.0254280093633525,0,31,2025-08-24
4.3708528997620135,0,31,2025-11-08
0.0,0,26,2025-03-04
8.281146661905908,0,30,2025-02-24
727.7402306426168,830,28,2025-02-24
0.0,0,26,2025-02-24
2.9899040263239556,0,29,2025-03-04
0.0,0,29,2025-02-24
22.260601486324177,0,30,2025-03-04
0.0,0,27,2025-02-24
47.532381711437786,0,35,2025-03-04
19.92302605453385,0,31,2025-03-04
28.4390553548635,1,35,2025-02-24
18.189700386036918,1,34,2025-03-04
0.0,0,27,2025-07-02
840.0510870997529,203,28,2025-11-27
35.96992151816286,0,30,2025-07-02
34.695765784835906,0,27,2025-07-14
0.0,0,29,2025-06-01
21.04570013291638,0,30,2025-06-01
0.0,0,29,2025-07-02
0.42251314436870757,0,27,2025-11-27
26.668993092681077,0,27,2025-01-14
0.0,0,27,2025-06-01
0.0,0,29,2025-11-27
2.2651869334416546,0,30,2025-11-27
1216.201861976499,1611,28,2025-09-10
13.730933144738813,0,26,2025-07-14
0.0,0,29,2025-07-01
0.0,0,26,2025-07-01
0.0,0,26,2025-07-02
575.1443236890269,1323,28,2025-01-14
0.31618242390160844,0,27,2025-07-01
1089.0857781072484,1126,28,2025-07-02
6.462451007551465,0,29,2025-09-10
29.87506551677373,0,31,2025-07-02
18.622954735955062,0,35,2025-01-14
96.42653559475585,195,33,2025-07-01
1411.9473694588085,575,32,2025-11-27
28.845846801006488,6,35,2025-07-01
129.64112409861752,177,33,2025-07-02
38.734891179381385,41,33,2025-11-27
18.279219030213866,0,34,2025-01-14
1846.2721932518343,2101,32,2025-07-14
62.463169754034936,0,31,2025-07-14
21.892794531262552,4,35,2025-07-02
52.53179038765982,105,33,2025-01-14
1319.2758094094352,2031,32,2025-01-14
13.379923282319567,0,34,2025-07-01
98.25303183126398,1518,33,2025-06-01
0.0,0,26,2026-04-16
23.094326486413962,0,30,2025-05-24
0.0,0,26,2025-03-10
945.0491197750625,1994,28,2025-12-04
0.0,0,29,2026-04-16
1.6560370429537414,0,27,2025-05-24
33.316523509668,0,30,2025-03-10
0.0,0,27,2025-12-04
15.163113168650014,0,30,2025-12-04
0.0,0,29,2025-12-04
0.0,0,26,2025-12-04
21.515056456582755,0,30,2026-04-16
0.0,0,35,2025-12-04
51.189457069143074,512,33,2025-12-04
27.055126034871307,2,35,2025-05-24
50.53539126921929,0,31,2025-12-04
29.094581207242726,2,35,2025-03-10
134.51019638262954,264,33,2026-04-16
12.380381641857554,1,34,2025-12-04
111.49620361539338,116,33,2025-03-10
934.3101462598546,1311,28,2025-09-03
8.578660400088964,0,30,2026-02-01
17.330249211784945,0,27,2025-01-15
725.7056250913298,1426,28,2025-01-15
11.11440320536272,0,30,2025-01-15
0.0,0,26,2025-12-14
29.86160825883755,0,30,2025-09-03
0.0,0,26,2026-02-01
0.0,0,29,2026-04-26
0.0,0,26,2025-09-03
331.0388034021307,585,28,2025-12-14
0.6637252189372731,0,27,2026-04-26
0.0,0,29,2025-01-15
0.0,0,29,2025-09-07
0.0,0,26,2025-09-07
0.0,0,27,2025-09-07
444.36490348438645,349,28,2025-09-07
21.223241868807477,0,30,2025-09-07
0.0,0,27,2025-12-14
23.86718695848431,0,30,2026-04-26
144.7831836573854,234,33,2025-09-03
12.769723357024219,0,31,2026-02-01
1014.5840033767558,1230,32,2025-12-14
0.0,0,35,2025-12-14
3.1445104934536516,0,35,2026-04-26
21.84539462544039,0,31,2026-04-26
67.81537092556381,202,33,2025-12-14
1566.7958565964648,1082,32,2025-09-07
0.0,0,35,2026-02-01
0.5482644797086351,1,35,2025-01-15
0.0,0,23,2025-05-15
546.2606781243039,5,24,2025-05-15
14.339157292621408,0,21,2026-04-14
0.0,0,23,2026-04-14
12.542761913148397,0,25,2025-11-14
0.0,2,22,2025-11-14
152.34273816264135,8,24,2025-11-14
0.0,0,23,2025-11-14
78.32262852620744,2,22,2025-05-15
12.218140488887357,0,25,2026-02-07
42.07433498000769,0,22,2026-04-14
9.108095775994315,0,25,2026-02-13
22.96510298305735,0,13,2026-02-07
0.0,0,12,2026-02-13
24.446683394735473,0,13,2025-11-14
80.09805081544971,0,15,2026-04-14
0.0,0,11,2025-11-14
7.27837222442362,0,15,2026-02-07
0.0,0,11,2026-02-13
0.0,0,14,2026-02-13
20.046097769563104,0,13,2026-04-14
0.0,0,11,2025-05-15
2.242141589075885,0,15,2025-11-14
0.0,0,12,2025-11-14
0.0,0,12,2025-05-15
4.822219946225857,0,15,2026-02-13
11.19617612311255,0,15,2025-05-15
60.38382153810043,0,11,2026-04-14
241.88902810781948,1,24,2025-06-29
0.0,0,21,2026-03-18
0.0,0,22,2025-11-21
0.0,0,22,2026-03-18
0.0,0,23,2025-06-20
6.353702909062065,2,21,2025-06-20
1.2904516002201376,0,25,2025-02-27
0.0,0,22,2025-02-27
3.5211288867819803,0,23,2025-06-29
172.99313563712218,5,24,2025-02-27
9.094480843559197,0,14,2025-02-27
0.0,0,12,2025-06-20
0.0,0,15,2026-03-18
0.0,0,12,2026-03-18
35.441183731340345,0,13,2025-02-27
0.0,0,11,2025-02-27
0.0,0,11,2026-03-18
8.175025939896699,0,21,2025-04-15
21.634626043719933,5,24,2025-07-19
502.13931423391534,8,24,2025-08-06
0.0,3,24,2025-08-30
27.37632722692193,0,25,2025-04-15
25.595426142321926,0,21,2025-08-30
5.74249036268867,0,23,2025-07-19
0.0,0,23,2025-08-06
0.0,0,23,2025-04-15
0.0,0,13,2025-08-06
16.18742223406454,0,11,2025-07-19
0.0,0,14,2025-08-06
23.83325125509367,0,15,2025-07-19
16.298638489683412,0,13,2025-08-30
13.717490333110646,0,13,2025-04-15
0.0,0,14,2025-04-15
0.0,0,12,2025-04-15
0.0,0,12,2025-08-30
0.0,0,11,2025-08-30
15.44522741618232,0,15,2025-08-06
0.0,0,15,2025-08-30
24.55920353486286,0,25,2026-02-02
244.9455736109586,11,24,2026-02-27
0.0,0,23,2025-07-31
2.8441638755688388,0,22,2026-02-02
0.0,0,21,2026-02-02
0.0,0,23,2026-02-02
0.0,0,13,2026-02-27
0.0,0,13,2026-02-02
0.0,0,14,2026-02-02
0.0,0,11,2025-05-06
33.615846472228206,0,11,2026-02-27
86.90093505657399,1,15,2025-07-31
0.0,0,14,2026-02-27
0.0,0,12,2026-02-02
0.0,0,12,2025-07-31
20.758025879666718,0,13,2025-05-06
0.23113339205264083,0,15,2025-05-06
0.0,0,14,2025-05-06
0.7618553889541744,0,15,2026-02-02
15.181540530977685,0,21,2025-11-04
168.0888583498856,2,24,2025-11-04
0.0,1,22,2025-11-18
17.264545345245253,0,21,2025-11-18
6.5934659672952165,0,25,2025-10-16
0.0,0,23,2025-11-04
0.0,0,23,2025-10-16
16.14468719851716,0,25,2025-11-04
111.38447821376501,5,24,2026-04-30
0.0,0,22,2026-04-30
0.0,0,21,2026-03-10
0.0,0,23,2026-03-10
18.620679791902674,2,22,2025-08-12
4.7001938023395695,0,21,2025-08-12
126.40702491142783,7,24,2025-11-18
0.0,0,12,2025-08-12
0.0,0,12,2025-10-16
0.0,0,12,2025-11-04
0.0,0,14,2026-04-30
13.719103016913934,0,11,2025-08-12
16.25264162707181,0,13,2025-11-04
6.1468839503320964,0,15,2026-04-30
0.0,0,11,2025-11-18
0.0,0,11,2025-10-16
0.0,0,12,2025-11-18
0.0,0,11,2026-04-30
51.812565544979314,0,15,2025-08-12
0.0,0,15,2026-03-10
0.0,0,14,2025-11-04
6.834694388302438,0,15,2025-11-18
0.0,2,12,2026-03-10
0.0,0,15,2025-10-16
0.0,0,24,2025-02-09
11.956640971270971,0,21,2025-02-09
0.0,0,23,2025-02-09
22.46131566655538,0,21,2025-03-11
1.471237627222763,0,25,2025-11-05
0.0,0,22,2025-11-05
163.4018699077367,3,24,2025-11-05
0.0,0,23,2025-11-05
47.15438373330085,0,22,2025-03-12
0.0,0,23,2025-03-11
18.18306460518363,0,25,2025-02-07
18.245989179071813,0,21,2025-02-07
0.0,0,23,2025-02-07
278.33354108272545,12,24,2025-12-18
17.846570646452932,0,21,2025-03-12
15.513031640542536,0,21,2025-11-05
0.0,0,23,2025-11-24
12.654478908321195,0,21,2025-12-18
0.0,0,23,2025-03-12
0.0,0,11,2025-02-09
0.0,0,14,2025-02-09
0.0,0,11,2025-11-24
0.0,0,14,2025-03-11
0.0,0,14,2025-11-05
1.584345587374088,0,11,2025-12-18
10.640265800565857,0,13,2025-03-11
25.97627078943988,0,13,2025-03-12
0.0,0,11,2025-11-05
0.0,0,11,2025-03-12
0.0,0,13,2025-11-24
0.0,0,15,2025-02-07
0.0,0,12,2025-02-09
0.0,0,12,2025-11-24
0.0,0,11,2025-02-07
22.965423659759267,0,13,2025-02-09
10.716024128512942,0,15,2025-11-05
0.0,0,14,2025-03-12
0.0,0,12,2025-03-11
2.0203634227064953,0,15,2025-03-11
0.0,9,24,2026-01-10
10.137801657489376,0,25,2025-06-27
5.980935589274878,0,21,2025-06-27
132.12084371745672,1,24,2026-01-13
14.802379004586854,0,25,2026-01-13
0.0,3,22,2025-06-27
13.023205861534692,0,13,2025-06-27
3.602161761143037,0,15,2026-01-13
0.0,0,12,2025-06-27
0.0,0,15,2026-01-10
0.0,0,14,2025-06-27
0.0,0,11,2026-01-13
20.205386340475172,0,22,2025-03-21
231.3982061275423,4,24,2025-03-21
66.81837409429633,9,24,2025-07-12
0.0,0,22,2025-09-27
385.3713407056839,0,24,2025-12-25
21.945309887695828,0,25,2025-07-12
69.05365601634436,0,25,2025-12-25
0.0,0,23,2025-09-27
0.0,0,21,2025-12-25
0.0,0,21,2025-03-21
75.17072120219224,0,22,2025-12-25
0.0,0,23,2025-12-25
0.0,0,14,2025-03-21
0.0,0,11,2025-12-25
28.457396953082196,0,15,2025-12-25
0.0,0,15,2025-03-21
4.358553598701661,0,13,2025-03-21
0.0,0,12,2025-09-27
0.0,0,13,2025-12-25
8.051640063286285,0,15,2025-07-12
0.0,0,14,2025-09-27
0.0,0,11,2025-07-12
0.0,0,13,2025-09-27
10.67117689898923,1,11,2025-09-27
0.0,0,12,2025-12-25
0.0,0,23,2025-08-13
23.407555907733155,0,22,2025-09-11
0.0,0,21,2025-09-11
277.1154996940919,1,24,2025-08-13
0.0,0,22,2025-01-11
5.025999434609972,0,21,2025-01-23
184.5022299473294,9,24,2025-10-21
14.189021531728613,0,25,2025-01-11
10.509829054053995,0,21,2025-08-13
21.417055056483377,0,21,2025-01-11
0.0,0,23,2025-01-11
0.0,0,23,2025-10-21
11.632438495825113,0,24,2025-01-11
38.02397878468998,0,25,2025-10-21
361.81696967573487,1,24,2025-04-02
0.0,0,23,2025-04-02
0.0,0,23,2025-09-11
8.208769233009093,0,11,2025-04-02
0.0,0,11,2025-01-23
8.69908219672648,0,14,2025-10-21
0.0,4,12,2025-01-23
10.036171596199381,0,13,2025-08-13
15.199043293083136,0,13,2025-10-21
0.0,0,15,2025-01-23
4.76846627612187,0,15,2025-08-13
0.0,0,14,2025-08-13
0.0,0,12,2025-01-11
0.0,0,14,2025-09-11
0.0,0,12,2025-10-21
0.0,1,12,2025-04-02
17.12274295289015,0,15,2025-04-02
14.183314354068969,0,15,2025-09-11
0.0,0,14,2025-01-23
0.0,0,25,2025-07-10
0.0,0,23,2026-01-19
0.0,0,23,2025-07-10
0.0,0,12,2025-07-10
0.0,0,13,2025-07-10
0.0,0,14,2025-07-10
0.0,0,11,2026-01-19
112.94805951165289,3,24,2025-06-23
70.15572523045198,1,24,2025-09-22
21.054175059018405,0,21,2025-06-23
24.777296505788186,0,25,2026-03-24
16.433625645397314,0,21,2026-03-24
39.49831754321298,0,25,2025-09-22
432.2692934232472,0,24,2025-07-25
170.34623726970227,0,21,2025-07-25
172.95634538526144,0,25,2025-07-25
29.541202706005166,0,25,2025-06-23
133.77021806373756,0,23,2025-07-25
0.0,0,22,2026-03-24
0.0,1,22,2025-06-23
0.0,0,12,2025-09-22
25.320561743672044,0,13,2025-07-25
14.681804229034427,0,13,2025-09-22
35.932976056236896,0,15,2025-07-25
12.969824329972596,0,15,2026-03-24
26.653129532962808,0,13,2026-03-24
0.0,0,14,2025-09-22
0.0,0,12,2026-03-24
23.72225383606046,0,15,2025-09-22
0.0,0,23,2026-03-11
1.7159411589017424,0,25,2025-11-08
24.044048555961822,0,21,2025-08-24
0.0,0,22,2025-11-30
148.41706386415763,6,24,2026-03-11
1.8212901004778388,0,21,2026-03-11
0.0,0,22,2025-11-08
0.0,14,24,2025-11-08
14.36084805943257,0,15,2025-11-30
0.0,0,12,2026-03-11
0.0,0,13,2026-03-11
0.0,0,12,2025-11-08
0.0,0,15,2025-08-24
9.010124862761856,0,13,2025-11-30
22.285450951682705,0,15,2026-03-11
0.0,0,11,2025-08-24
0.0,0,12,2025-11-30
3.28770933571424,0,13,2025-11-08
0.0,0,11,2025-11-08
0.6438944441517549,0,11,2026-03-11
0.0,0,14,2026-03-11
0.0,0,14,2025-11-30
0.2052418716953781,0,15,2025-11-08
167.41643989075862,2,24,2025-03-04
0.46660878652427584,0,21,2025-03-04
0.0,0,21,2025-02-24
95.70353823390239,0,24,2025-02-24
13.777854659234038,0,25,2025-03-04
0.0,1,23,2025-03-04
0.0,0,14,2025-03-04
5.334984165659094,0,15,2025-03-04
393.53140860798567,7,24,2025-09-10
0.0,0,23,2025-01-14
101.07652926073335,0,25,2025-07-14
85.60881788871299,0,22,2025-07-14
38.197704878300954,0,25,2025-07-02
0.0,0,23,2025-06-01
34.101199036337235,0,25,2025-11-27
0.0,0,22,2025-01-14
0.0,0,21,2025-07-02
191.33699672002192,3,24,2025-01-14
0.0,0,21,2025-01-14
0.0,0,23,2025-11-27
21.186419050249228,0,21,2025-09-10
0.0,0,21,2025-07-14
1.618586734743701,0,23,2025-07-14
10.255067996591052,0,21,2025-07-01
0.0,5,24,2025-06-01
0.0,0,23,2025-07-02
26.347652910794622,0,22,2025-09-10
0.0,0,14,2025-11-27
0.0,0,15,2025-07-14
0.0,0,11,2025-01-14
0.0,0,11,2025-09-10
0.0,0,12,2025-11-27
0.0,0,11,2025-07-14
6.692499990457051,0,13,2025-07-02
0.0,0,13,2025-11-27
0.0,0,12,2025-07-14
0.0,0,15,2025-06-01
0.0,0,13,2025-07-01
13.880889933230293,0,11,2025-07-02
0.0,0,14,2025-09-10
0.0,0,11,2025-06-01
0.0,0,14,2025-06-01
11.410885517956586,0,15,2025-07-01
0.0,0,11,2025-11-27
0.0,0,12,2025-07-01
17.042059337790334,0,13,2025-09-10
0.0,0,22,2025-03-10
54.437501645420895,0,25,2025-12-04
72.83331960668642,0,22,2025-12-04
11.65427684331273,0,25,2025-05-24
356.6181201561891,29,24,2025-12-04
26.679042261108123,0,25,2026-04-16
243.31284929971162,9,24,2026-04-16
0.0,0,23,2025-05-24
0.0,0,23,2025-12-04
0.0,0,22,2025-05-24
0.0,2,24,2025-05-24
0.0,0,14,2025-05-24
0.0,0,13,2026-04-16
0.0,0,15,2026-04-16
0.0,0,11,2025-12-04
0.0,0,11,2025-05-24
0.0,0,11,2026-04-16
21.3609879335811,0,13,2025-05-24
147.1885854602546,2,24,2025-01-15
4.081548519115344,0,25,2025-12-14
4.358401030208782,0,21,2025-12-14
28.859255689351343,0,21,2025-09-07
1.1526069998094783,0,22,2025-12-14
60.700042960212926,18,24,2026-04-26
1.622727633296961,0,21,2025-01-15
0.0,0,23,2025-12-14
0.0,0,23,2026-02-01
2.812234732404775,0,25,2025-09-07
0.0,3,24,2025-09-07
12.633477077778025,0,21,2025-09-03
0.0,17,24,2025-12-14
0.0,0,22,2025-09-03
14.887069527110683,0,21,2026-02-01
0.0,0,13,2026-04-26
30.37520100580653,0,13,2025-01-15
13.406302006604264,0,13,2025-12-14
0.0,0,15,2026-02-01
0.0,0,11,2025-01-15
0.0,0,11,2026-02-01
0.0,0,12,2025-09-03
4.049192404617926,0,15,2026-04-26
0.0,0,14,2025-12-14
0.0,0,11,2026-04-26
73.72360004276757,349,33,2026-02-13
2686.7745727534293,3028,32,2025-05-15
63.53975287675401,420,33,2025-05-15
157.09200873502715,172,33,2025-11-14
23.621032987375017,1,34,2025-11-14
16.5752814573151,0,31,2026-02-07
2187.719904887332,1963,32,2025-11-14
110.19458173014746,290,33,2026-02-07
25.446054924094696,5,35,2026-02-07
34.709739219302655,0,31,2026-04-14
9.514911132024125,0,34,2025-05-15
10.648810949723341,5,34,2026-02-07
8.288594978852359,7,34,2026-02-13
0.0,0,18,2025-11-14
68.43514243741828,0,19,2026-04-14
91.36114963319446,0,17,2025-05-15
13.174591768884142,0,19,2026-02-07
6.010409816612125,0,16,2026-02-13
6.205417109357043,3,35,2025-11-21
0.0,2,35,2025-02-27
103.43413803422071,309,33,2026-03-18
2184.3034885479465,2791,32,2026-03-18
103.57354432644294,196,33,2025-02-27
11.552862801356966,1,35,2025-06-29
28.229075967969337,0,31,2026-03-18
18.28209199582156,0,31,2025-11-21
0.0,4,35,2026-03-18
132.589437190564,241,33,2025-11-21
2127.5190666323297,2437,32,2025-02-27
8.201433928253977,0,34,2025-02-27
0.0,0,19,2026-03-18
0.0,0,20,2025-02-27
32.4327634944509,0,17,2025-02-27
0.0,0,20,2025-06-20
0.0,0,18,2025-11-21
0.0,0,16,2025-06-29
16.811810709790535,0,19,2025-06-29
11.759835904125609,0,16,2025-02-27
76.18436204618855,0,17,2025-06-29
44.13511746004507,0,17,2025-11-21
17.98105058688772,0,31,2025-04-15
15.008689966624559,1,35,2025-08-30
129.00646861323696,373,33,2025-08-06
68.00927804812017,2,34,2025-08-06
16.000499148711853,0,31,2025-07-19
107.08237046355745,298,33,2025-08-30
0.0,1,35,2025-08-06
1904.6403338003734,1526,32,2025-07-19
3.0884577456622395,0,31,2025-08-30
92.3548479198187,1,31,2025-08-06
127.01630120857641,474,33,2025-07-19
131.0055707531614,212,33,2025-04-15
0.0,0,18,2025-08-06
0.7009166552979025,0,16,2025-07-19
31.56705276013905,0,20,2025-07-19
40.79421965237133,0,17,2025-08-30
3.156697259888631,0,18,2025-07-19
0.0,0,18,2025-04-15
30.667984313752456,0,34,2025-07-31
48.58468256510133,7,35,2026-02-27
0.0,2,34,2026-02-02
32.94947696979241,0,31,2025-07-31
177.83423697294887,1267,33,2025-05-06
28.909986521886196,0,34,2025-05-06
0.0,1,35,2025-07-31
2.2362630771597196,0,31,2026-02-02
0.0,2,34,2026-02-27
31.822620685693984,0,31,2025-05-06
1133.5338726287011,1734,32,2026-02-02
21.6993164910281,6,35,2025-05-06
107.51150976532513,521,33,2025-07-31
0.0,323,33,2026-02-27
87.52355592209044,0,19,2025-07-31
16.551824366161725,1,16,2025-07-31
30.896974650693593,0,17,2026-02-02
38.04023136390658,0,18,2026-02-27
0.18650577989740214,0,16,2026-02-27
3.223244868965807,0,19,2025-05-06
1715.6789300462754,2812,32,2026-03-10
3.0708961872925755,4,35,2025-08-12
2265.7537193946796,2483,32,2025-08-12
1988.626083396957,3132,32,2025-11-18
130.8650918210353,356,33,2026-04-30
123.80426791389229,315,33,2025-11-04
3.4714557769460725,0,31,2026-04-30
93.57835951606822,417,33,2025-08-12
24.29415718703558,0,31,2025-10-16
27.334542936090685,6,35,2026-03-10
15.65525832406577,0,35,2025-11-04
2596.145489935588,2888,32,2025-10-16
5.12116580468242,6,35,2025-10-16
36.51502563798084,0,31,2025-08-12
19.572881947088874,0,35,2026-04-30
7.48567964210703,1,34,2026-04-30
19.99853074805334,0,31,2026-03-10
1940.124616904884,2606,32,2025-11-04
142.71651525531237,932,33,2025-10-16
2513.9539178340056,3302,32,2026-04-30
15.899368720712658,0,17,2026-03-10
0.0,0,18,2026-04-30
6.458499302437204,0,19,2025-11-04
43.472125058684114,0,17,2025-11-18
125.98649611661774,0,17,2025-08-12
0.0,0,20,2026-04-30
11.354651787859382,0,18,2025-08-12
0.0,0,20,2025-11-04
52.18942544871256,0,17,2025-10-16
0.0,0,18,2025-10-16
0.0,0,19,2026-03-10
26.38700261957048,0,31,2025-11-24
2339.6228124414138,2811,32,2025-11-05
14.945922133966263,0,31,2025-03-11
97.98783932553407,155,33,2025-02-07
19.251749458368607,0,35,2025-02-09
22.61336133850041,0,34,2025-03-12
33.42138847592097,5,34,2025-12-18
60.44311840166454,3,35,2025-03-12
102.26042948707249,471,33,2025-12-18
18.795639834153135,0,31,2025-02-07
15.11924149577996,0,34,2025-11-05
162.1191718376433,201,33,2025-03-11
34.633757079310634,2,35,2025-03-11
44.04229254822376,0,31,2025-03-12
8.174903797554336,0,34,2025-02-07
10.195376005996152,2,31,2025-11-05
22.012625286418057,0,35,2025-11-24
1436.6114375243621,275,32,2025-02-09
100.21414519216218,228,33,2025-03-12
160.20821095521495,509,33,2025-11-05
11.932677701212327,0,31,2025-02-09
2.295596832277866,3,35,2025-02-07
0.0,0,17,2025-11-24
10.570106721806113,0,20,2025-03-12
0.0,0,19,2025-02-09
7.405342820325103,0,20,2025-03-11
61.32476064008152,0,17,2025-12-18
0.0,0,16,2025-03-11
3.815599261050437,0,19,2025-02-07
0.0,0,16,2025-02-07
0.0,0,20,2025-12-18
0.0,0,18,2025-03-12
0.0,0,20,2025-02-09
2048.727521133298,2059,32,2026-01-13
11.811068153627275,1,35,2026-01-13
7.281322819147093,2,34,2025-06-27
19.270234594970432,0,34,2026-01-10
140.0509955067049,306,33,2025-06-27
5.675167395434016,0,31,2025-06-27
35.62514506405733,0,35,2026-01-10
12.396300918154736,0,19,2025-06-27
0.0,0,20,2026-01-10
0.0,0,18,2025-06-27
8.525803145079465,0,19,2026-01-13
0.0,0,20,2026-01-13
0.0,0,18,2026-01-10
0.0,0,16,2025-06-27
1768.319507743835,1678,32,2025-03-21
49.40744615306731,14,33,2025-12-25
12.760600452323317,0,35,2025-07-12
18.033347224727606,8,34,2025-07-12
6.568003465085184,372,33,2025-09-27
1621.844480157662,1723,32,2025-09-27
10.811032212332847,0,31,2025-07-12
0.0,0,35,2025-12-25
15.395145606296637,4,35,2025-03-21
105.20033217955127,203,33,2025-03-21
0.0,0,31,2025-09-27
0.0,22,34,2025-09-27
56.682845963689715,0,31,2025-12-25
19.558995614542596,0,34,2025-03-21
2201.225152819901,1194,32,2025-07-12
0.0,0,16,2025-07-12
37.152303428270564,0,17,2025-03-21
3.4187936068362887,0,19,2025-07-12
0.0,0,19,2025-03-21
0.0,0,16,2025-09-27
0.0,0,18,2025-03-21
0.0,0,16,2025-03-21
25.74766118270898,0,19,2025-09-27
0.0,0,20,2025-03-21
0.0,0,16,2025-12-25
62.16213747007361,0,17,2025-07-12
1645.1070316325831,410,32,2025-01-11
13.55610022289396,0,31,2025-01-11
14.77151947510849,0,34,2025-01-23
17.31842692594026,1,34,2025-10-21
33.802139122399055,0,35,2025-04-02
9.826885462790088,0,35,2025-10-21
1709.904967377427,2497,32,2025-04-02
12.913591339860474,0,35,2025-01-11
28.454368179955495,0,31,2025-10-21
21.722373985795144,0,31,2025-09-11
2429.6745847187726,2757,32,2025-09-11
99.18445668746158,110,33,2025-01-23
14.723749835779913,0,34,2025-04-02
11.47591756112783,3,34,2025-09-11
108.78590228465242,106,33,2025-01-11
2039.8766032593628,2870,32,2025-10-21
57.72145901578196,204,33,2025-04-02
0.0,0,18,2025-04-02
72.96338314488439,0,17,2025-08-13
6.449879229208392,0,19,2025-04-02
0.0,0,20,2025-10-21
5.191128984720876,1,34,2026-01-19
0.0,2,34,2025-07-10
0.0,5,35,2025-07-10
21.53336176829076,2,35,2026-01-19
14.057987292423377,0,31,2026-01-19
0.0,0,16,2025-07-10
137.84632284618465,6,34,2025-07-25
23.183761547359737,5,35,2025-06-23
24.059239699257247,0,31,2025-09-22
181.70621454195822,0,31,2025-07-25
2019.012998078571,2423,32,2025-06-23
29.255102246352806,0,34,2025-09-22
167.9597708731563,5,35,2025-07-25
153.39071533168175,269,33,2025-07-25
132.01607550330618,465,33,2026-03-24
111.6641040256368,265,33,2025-09-22
28.26117493929742,2,35,2025-09-22
2106.879244281529,2377,32,2026-03-24
19.117390952004328,0,31,2025-06-23
31.435780019968647,0,31,2026-03-24
16.02455057430295,1,34,2025-06-23
4.366084714708947,0,16,2026-03-24
0.0,0,16,2025-09-22
33.1160978678982,0,19,2025-07-25
24.78798495925456,0,19,2025-06-23
83.4239627231991,0,17,2025-06-23
10.425706522316347,0,31,2026-03-11
113.94126539375479,764,33,2026-03-11
13.24458067704417,5,34,2025-11-08
17.874162920750578,0,31,2025-11-30
17.94181289647679,3,34,2025-11-30
2029.5778232398627,2860,32,2026-03-11
33.43083806964588,0,35,2025-08-24
1625.1553523731375,797,32,2025-08-24
120.40671616838893,662,33,2025-11-30
1612.3929907825432,1307,32,2025-11-08
125.6119044066917,98,33,2025-08-24
0.0,0,34,2025-08-24
124.74042398112454,190,33,2025-11-08
4.637082774374065,0,19,2025-11-08
0.0,0,20,2025-11-30
25.32155927998879,0,17,2025-11-08
0.0,0,18,2025-11-08
39.333450366060966,0,17,2025-08-24
0.0,0,20,2025-11-08
0.0,0,16,2025-08-24
0.0,0,20,2025-08-24
101.3778267256261,722,33,2025-03-04
1895.0603327624672,2735,32,2025-03-04
1865.5149557976235,1393,32,2025-02-24
129.44842114116273,118,33,2025-02-24
1.986865980492695,0,31,2025-02-24
0.0,0,34,2025-02-24
36.906627529429464,0,17,2025-03-04
0.0,0,19,2025-02-24
0.0,2,16,2025-02-24
0.0,0,18,2025-03-04
2701.9977101396075,2949,32,2025-09-10
0.0,0,34,2025-06-01
2632.916974428044,1868,32,2025-07-02
35.57092756122976,619,33,2025-07-14
22.870172912034334,0,34,2025-07-14
18.22840399898857,0,31,2025-07-01
162.80944304178826,1004,33,2025-09-10
1525.003733550956,1760,32,2025-06-01
32.306010118449876,3,35,2025-09-10
2063.955989025282,1889,32,2025-07-01
16.116593886267893,0,34,2025-07-02
15.844259105066982,0,35,2025-06-01
0.8609132451558565,1,35,2025-11-27
46.37553235355436,2,34,2025-09-10
17.69858414660608,0,31,2025-01-14
5.076285525040717,1,31,2025-06-01
28.936411389809564,0,31,2025-11-27
6.169327700435318,6,34,2025-11-27
54.29111385178641,0,31,2025-09-10
0.0,2,35,2025-07-14
6.04874571595947,0,20,2025-07-02
88.8782804760756,0,17,2025-07-02
4.292294785020161,0,18,2025-07-02
0.0,0,18,2025-06-01
35.481886973502704,0,19,2025-07-02
8.442746287883153,0,19,2025-01-14
0.0,0,18,2025-07-01
30.18135116207219,0,17,2025-06-01
0.0,0,18,2025-11-27
0.0,1,16,2025-07-14
0.0,0,16,2025-06-01
0.42614666593074446,0,19,2025-11-27
1580.1797782798192,1483,32,2025-03-10
140.50023820999886,306,33,2025-05-24
20.475907411347407,0,34,2025-05-24
10.152558120286216,0,34,2025-03-10
1639.5939395211672,3293,32,2025-12-04
2359.4081110419697,2992,32,2026-04-16
1849.2293470523207,1268,32,2025-05-24
13.364918790261939,0,31,2025-05-24
12.250666720891488,4,35,2026-04-16
31.3582821103885,0,31,2026-04-16
32.51317714539532,1,34,2026-04-16
19.820239588489756,0,31,2025-03-10
0.0,0,20,2026-04-16
0.0,1,16,2025-03-10
0.0,0,18,2026-04-16
35.99116104884614,0,17,2026-04-16
0.0,0,18,2025-03-10
51.15912787359657,0,17,2025-12-04
0.0,0,19,2025-12-04
0.0,0,20,2025-05-24
6.831597992757935,0,19,2025-03-10
0.0,0,16,2025-05-24
95.05592388943488,111,33,2025-01-15
19.028205394127127,3,35,2025-09-03
2.8328841105837768,0,31,2025-12-14
9.598685766201527,2,34,2026-02-01
55.08751621232233,1,35,2025-09-07
25.636938959223187,0,31,2025-09-03
21.905515268334554,0,34,2025-01-15
141.8851793311971,371,33,2025-09-07
19.237933272372516,13,34,2026-04-26
29.14603473527788,0,34,2025-09-03
88.16136818855534,104,33,2026-02-01
1823.23786459994,2096,32,2025-01-15
124.89294392819303,450,33,2026-04-26
20.149676204209584,0,31,2025-01-15
10.546174736222937,0,31,2025-09-07
1830.8625452063477,1262,32,2026-04-26
2533.962993784292,2167,32,2025-09-03
0.0,0,34,2025-09-07
1546.6725243716453,704,32,2026-02-01
0.0,4,34,2025-12-14
0.0,0,16,2026-04-26
0.0,0,18,2025-12-14
0.0,0,20,2026-04-26
0.0,0,18,2026-04-26
0.0,0,20,2026-02-01
0.0,0,19,2025-12-14
28.639082904960873,0,17,2025-01-15
0.0,0,19,2025-09-07
6.048104360935511,0,20,2025-09-03
8.026290729483065,0,45,2026-02-13
0.0,0,43,2026-02-07
0.0,0,45,2025-05-15
0.0,6,44,2025-05-15
0.0,0,45,2026-04-14
21.82089814474277,0,42,2026-04-14
9.971216788046846,0,42,2025-05-15
37.66262649487781,10,41,2025-11-14
5.574219883858532,0,42,2025-11-14
0.14808023951249538,1,42,2026-02-07
0.0,0,43,2025-05-15
47.85851350878351,7,41,2026-04-14
7.733662994432478,6,41,2026-02-13
20.2534031870628,0,42,2026-02-13
0.0,0,43,2026-02-13
0.0,0,45,2026-02-07
0.0,0,44,2026-04-14
0.0,0,44,2026-02-07
0.2054987069583376,0,70,2025-11-14
0.0,0,67,2025-05-15
14.265981791607672,0,70,2025-05-15
23.072819618653412,0,66,2025-05-15
0.0,0,69,2025-05-15
0.0,0,42,2025-02-27
9.607362504301264,9,41,2026-03-18
0.0,0,45,2025-02-27
3.9834562844670955,0,41,2025-02-27
0.0,0,43,2025-02-27
0.0,0,43,2026-03-18
0.0,0,43,2025-11-21
27.8375499625579,25,41,2025-06-20
44.41776518776404,25,41,2025-06-29
10.011174519290677,2,43,2025-06-29
32.385355661170706,0,42,2025-06-29
0.0,8,44,2025-06-20
24.67259786957669,18,41,2025-11-21
9.015679300425063,0,42,2026-03-18
0.0,0,44,2026-03-18
15.384983909029543,0,42,2025-11-21
15.579471296486147,0,42,2025-06-20
0.0,0,45,2025-11-21
0.0,2,44,2025-11-21
0.0,2,45,2025-06-20
15.868415686034751,0,44,2025-06-29
10.899045150435995,0,66,2025-06-20
0.0,0,67,2026-03-18
0.0,0,68,2025-02-27
0.0,0,68,2025-11-21
23.689142597607628,0,70,2025-06-29
44.976276669267634,1,42,2025-07-19
2.0058699341178396,0,43,2025-07-19
0.0,1,44,2025-07-19
0.0,0,45,2025-04-15
20.32800647157383,33,41,2025-04-15
0.0,0,44,2025-04-15
4.888434795644187,0,42,2025-04-15
4.779766638084013,2,44,2025-08-06
0.0,0,43,2025-08-06
18.191465719463082,0,45,2025-07-19
32.73316625526103,0,42,2025-08-06
0.0,1,43,2025-04-15
28.229476715935164,57,41,2025-08-30
0.0,0,45,2025-08-06
7.201023329887974,0,45,2025-08-30
0.0,0,70,2025-08-30
27.048820611566455,36,41,2025-07-31
0.0,6,41,2026-02-27
0.0,0,44,2025-07-31
3.2360157726593854,2,43,2026-02-27
0.0,0,44,2026-02-02
7.383908434424413,1,44,2026-02-27
0.0,0,43,2025-05-06
0.0,7,44,2025-05-06
31.378514954231647,0,42,2025-07-31
0.0,1,45,2026-02-02
19.89424942600904,0,42,2025-05-06
0.0,0,69,2026-02-02
0.0,0,67,2026-02-02
0.0,3,69,2025-05-06
0.0,0,67,2025-07-31
0.0,0,68,2025-07-31
22.4151785823219,0,66,2026-02-27
0.0,0,67,2025-05-06
0.0,0,45,2026-04-30
6.853717256507139,0,42,2025-10-16
11.340781789969029,16,41,2026-04-30
0.38516461200599394,0,45,2026-03-10
29.107558445684475,3,41,2026-03-10
11.68842492817187,0,42,2025-11-04
0.0,0,44,2026-04-30
0.0,0,45,2025-11-18
0.0,1,43,2025-11-18
31.727222321287513,35,41,2025-08-12
0.0,0,44,2025-10-16
0.0,0,43,2025-08-12
0.0,0,43,2025-10-16
18.68242845566509,0,42,2026-03-10
0.0,0,43,2026-03-10
0.0,0,44,2026-03-10
33.35960818705606,11,41,2025-11-04
0.0,2,44,2025-11-04
4.95138649089732,0,42,2026-04-30
24.764984584655025,6,41,2025-11-18
0.0,0,45,2025-10-16
25.45150123793968,21,41,2025-10-16
0.0,0,67,2026-04-30
0.0,0,70,2026-03-10
0.0,0,67,2025-08-12
0.0,0,67,2025-11-04
2.4255462403564962,0,70,2025-11-18
0.0,0,45,2025-11-24
25.420497410009418,2,42,2025-12-18
0.1450334774459634,0,45,2025-02-09
13.197881018937125,3,41,2025-02-09
0.0,3,44,2025-03-12
30.65618912367472,7,41,2025-11-05
0.0,0,43,2025-12-18
0.0,1,44,2025-03-11
0.0,0,43,2025-11-05
0.0,0,43,2025-11-24
0.0,2,43,2025-03-11
0.0,0,44,2025-11-05
0.0,1,44,2025-12-18
34.90200547795331,17,41,2025-03-12
3.650992179549604,0,42,2025-02-09
0.0,3,44,2025-02-07
0.0,0,44,2025-11-24
33.93282211871981,14,41,2025-12-18
0.0,0,45,2025-03-12
30.168928036218944,13,41,2025-03-11
7.656990819615274,1,42,2025-03-11
0.0,0,45,2025-02-07
0.0,0,43,2025-02-07
7.827591814396541,0,42,2025-11-05
4.430873277702801,0,45,2025-12-18
14.521520785492683,9,41,2025-02-07
0.0,0,45,2025-11-05
26.09940491838877,10,41,2025-11-24
0.0,0,43,2025-02-09
4.17219278466699,0,44,2025-02-09
18.243420829494,0,42,2025-03-12
0.0,0,42,2025-02-07
0.0,0,68,2025-11-24
0.0,0,69,2025-02-09
0.0,0,67,2025-03-12
0.0,0,69,2025-02-07
0.0,0,69,2025-11-05
0.0,0,69,2025-11-24
0.0,0,70,2025-03-11
0.0,0,68,2025-03-12
0.8170487000674314,3,69,2025-03-12
0.0,0,45,2025-06-27
0.0,0,44,2025-06-27
24.130362259608148,0,41,2026-01-13
0.0,0,43,2026-01-10
30.969709406589004,26,41,2025-06-27
17.998590575058984,0,42,2026-01-10
10.47940336615541,1,42,2025-06-27
0.0,0,44,2026-01-10
0.0,0,43,2025-06-27
34.70640478676151,9,41,2026-01-10
0.0,0,67,2025-06-27
16.731792368202917,0,42,2025-12-25
6.534086232477449,0,45,2025-09-27
19.378295996152644,0,42,2025-03-21
2.0967659616116947,0,45,2025-03-21
0.0,0,43,2025-03-21
0.0,0,42,2025-09-27
0.0,0,44,2025-12-25
5.5864848545657395,0,41,2025-12-25
15.852162927915032,0,42,2025-07-12
0.0,0,43,2025-07-12
0.0,0,44,2025-07-12
0.0,2,44,2025-09-27
22.43323934329254,37,41,2025-07-12
34.440920568861635,16,41,2025-03-21
11.333566598145495,0,66,2025-03-21
0.0,1,68,2025-07-12
0.0,0,69,2025-07-12
0.0,0,68,2025-09-27
0.0,0,68,2025-12-25
8.92535960385976,0,42,2025-10-21
15.374092550392945,1,42,2025-09-11
0.0,0,45,2025-08-13
0.0,0,43,2025-01-11
15.991879969191544,0,42,2025-04-02
33.06627721680201,14,41,2025-08-13
7.238776881993303,0,42,2025-01-11
12.542222470604344,8,41,2025-01-23
0.0,2,43,2025-01-23
0.0,3,44,2025-01-23
0.0,0,45,2025-10-21
0.0,0,44,2025-10-21
0.0,0,43,2025-10-21
0.0,0,44,2025-04-02
0.0,1,45,2025-01-23
0.0,0,45,2025-09-11
16.251885749952336,0,42,2025-08-13
0.0,2,43,2025-08-13
9.174419469529965,0,42,2025-01-23
0.0,0,43,2025-09-11
18.01399623207925,8,41,2025-01-11
27.585533967782183,25,41,2025-04-02
3.0125984535832373,1,43,2025-04-02
31.607775004656432,6,41,2025-09-11
0.0,3,44,2025-09-11
21.38594792522764,11,41,2025-10-21
0.0,0,45,2025-01-11
0.0,0,68,2025-01-23
0.0,0,67,2025-10-21
0.0,0,70,2025-04-02
0.0,0,67,2025-01-11
0.0,0,68,2025-08-13
21.65522876598827,0,45,2026-01-19
13.259088431944875,0,43,2026-01-19
0.0,0,42,2025-07-10
0.0,0,45,2025-07-10
0.0,1,44,2025-07-10
18.02735837163901,0,42,2026-01-19
11.179680933726104,0,44,2026-01-19
0.0,29,41,2025-07-10
13.50438191151214,0,66,2026-01-19
3.17290914902199,2,43,2025-09-22
9.633462887956142,0,42,2026-03-24
30.00774279849415,14,41,2025-06-23
0.0,2,45,2026-03-24
0.0,1,44,2025-06-23
79.34740786987601,1,45,2025-07-25
9.538880312554923,0,45,2025-09-22
102.93692938778652,0,42,2025-07-25
146.69846822923978,36,41,2025-07-25
0.0,3,43,2025-06-23
29.127220969012384,8,41,2026-03-24
12.042797973595512,0,42,2025-06-23
0.0,0,45,2025-06-23
32.46653373804327,0,42,2025-09-22
105.64515607122367,9,44,2025-07-25
122.1586689985835,0,66,2025-07-25
0.0,0,68,2026-03-24
0.0,0,70,2025-06-23
0.0,3,43,2026-03-11
0.0,1,43,2025-08-24
0.0,2,43,2025-11-30
13.034847868962274,1,42,2026-03-11
23.544935822194233,7,41,2025-08-24
24.92980915973385,43,41,2025-11-08
0.0,0,43,2025-11-08
0.0,0,45,2025-11-08
0.0,0,45,2026-03-11
19.80560111841598,11,41,2026-03-11
0.0,1,44,2025-08-24
0.0,0,44,2025-11-30
12.27388917354186,0,42,2025-11-30
0.0,0,44,2025-11-08
15.784894370269114,0,42,2025-11-08
0.0,0,44,2026-03-11
0.0,0,45,2025-08-24
0.0,0,42,2025-08-24
0.0,0,45,2025-11-30
0.6953107604665831,0,66,2025-11-30
0.0,0,68,2025-11-30
0.0,0,68,2026-03-11
0.0,0,68,2025-08-24
0.0,0,69,2025-08-24
3.043825342258984,0,70,2025-11-08
3.35484189152524,0,66,2026-03-11
16.157797259830204,5,41,2025-02-24
0.0,0,42,2025-02-24
0.0,2,44,2025-02-24
18.46423405590275,1,42,2025-03-04
0.0,1,45,2025-02-24
0.0,1,43,2025-03-04
32.13377568727664,4,41,2025-03-04
0.0,1,68,2025-02-24
6.699867542060019,0,45,2025-07-14
0.0,1,43,2025-07-01
12.492389304808327,0,45,2025-01-14
13.9999027813695,0,42,2025-07-01
0.005374681853055563,0,42,2025-06-01
0.0,0,43,2025-11-27
0.0,1,43,2025-07-14
0.0,7,44,2025-07-01
0.0,0,45,2025-07-02
52.15063230369302,6,41,2025-09-10
15.485278934654232,5,41,2025-01-14
0.0,1,44,2025-07-02
24.16282775446095,0,42,2025-01-14
0.0,3,44,2025-01-14
0.0,15,41,2025-07-14
4.535711665880854,1,44,2025-07-14
0.0,2,44,2025-06-01
30.434382891130184,32,41,2025-07-02
25.731634991937923,0,42,2025-09-10
21.227689266601246,9,41,2025-06-01
0.7594932638838259,0,45,2025-11-27
0.0,0,43,2025-09-10
4.228019584581034,0,43,2025-01-14
0.0,1,43,2025-06-01
7.076636724040512,0,41,2025-11-27
7.384288869375567,0,42,2025-11-27
0.0,0,43,2025-07-02
11.612429264895766,0,42,2025-07-14
22.1053391639565,26,41,2025-07-01
3.9864419127018778,3,44,2025-09-10
14.568415956171407,0,70,2025-07-14
12.453799923908448,0,66,2025-07-02
0.0,0,70,2025-07-02
0.0,0,67,2025-09-10
5.610253132030607,0,42,2025-12-04
0.0,0,44,2026-04-16
0.0,1,43,2025-03-10
0.24968572616333518,1,45,2025-05-24
0.0,0,43,2025-12-04
11.497538610769269,15,41,2025-12-04
0.0,0,43,2025-05-24
0.0,1,44,2025-03-10
21.429734503477704,1,42,2025-05-24
0.0,0,45,2025-12-04
0.28721109787566945,3,44,2025-05-24
0.0,0,45,2025-03-10
38.48213671710439,9,41,2026-04-16
0.0,0,43,2026-04-16
28.461290926976417,0,42,2026-04-16
13.12451926827059,0,66,2025-05-24
0.0,0,67,2026-04-16
7.921445310542396,0,70,2025-05-24
11.808350179130699,0,70,2025-03-10
0.20529341008776214,0,66,2026-04-16
0.0,0,70,2026-04-16
31.70141510749751,10,41,2025-09-03
0.0,0,44,2025-09-07
5.376095992317971,0,44,2026-04-26
32.689083567625254,11,41,2025-09-07
0.0,0,43,2025-09-03
0.0,0,45,2025-09-07
16.188783024545216,0,42,2025-01-15
0.0,0,42,2025-09-07
23.41467390872127,0,42,2025-09-03
9.335163999266769,1,41,2026-02-01
0.0,0,43,2025-09-07
0.0,0,45,2025-12-14
0.4623575133326625,0,45,2026-02-01
0.1607848446711131,0,45,2025-01-15
1.5456612058102195,0,44,2026-02-01
18.462004339428688,2,41,2025-01-15
0.0,0,42,2025-12-14
0.0,0,43,2026-02-01
0.0,0,43,2025-01-15
0.0,0,43,2025-12-14
33.475982845612755,14,41,2026-04-26
0.0,2,44,2025-09-03
23.041032618337383,0,42,2026-04-26
0.0,0,67,2025-09-03
9.632707178510842,0,66,2025-09-07
0.0,0,54,2026-02-13
35.93908854337657,0,51,2025-05-15
7.105740662721999,0,54,2026-02-07
0.0,0,52,2026-02-07
0.0,0,51,2026-02-07
11.953122623855009,0,53,2025-05-15
0.0,0,51,2026-02-13
36.581972547792,7,24,2026-02-07
26.16814295349816,0,25,2026-04-14
0.0,0,23,2026-02-13
66.48459992736318,0,25,2025-05-15
48.08573205170822,15,24,2026-02-13
18.20719159509619,0,21,2026-02-07
0.0,0,21,2026-02-13
0.0,0,21,2025-05-15
18.01351365916645,0,21,2025-11-14
0.0,0,22,2026-02-07
0.0,1,22,2026-02-13
323.6557025339017,8,24,2026-04-14
0.0,0,23,2026-02-07
0.0,0,55,2025-06-29
0.0,0,54,2026-03-18
0.0,0,55,2026-03-18
0.0,0,52,2025-06-29
0.0,0,53,2025-02-27
0.0,0,52,2025-11-21
0.0,0,52,2025-06-20
0.0,0,55,2025-06-20
2.8257743503064887,0,51,2025-02-27
10.023438844793105,0,53,2025-11-21
0.0,0,53,2026-03-18
8.016616514486898,0,53,2025-06-20
1.375360954699019,0,52,2025-02-27
125.66578872261559,15,24,2025-06-20
228.80819251649007,12,24,2026-03-18
86.702100501568,7,24,2025-11-21
14.368569393440495,0,22,2025-06-29
20.6805740450378,0,21,2025-06-29
0.0,0,23,2025-11-21
0.0,0,22,2025-06-20
26.974256304070707,0,25,2026-03-18
10.466895192212178,0,21,2025-11-21
0.5567222667652345,0,25,2025-06-20
75.62017207789741,0,25,2025-06-29
0.0,0,23,2025-02-27
0.0,0,23,2026-03-18
2.1394289412582594,0,21,2025-02-27
12.220247987815782,0,25,2025-11-21
0.0,0,55,2025-07-19
86.75660191016624,0,52,2025-08-06
86.99234603620158,0,55,2025-08-06
0.0,0,52,2025-07-19
0.0,0,51,2025-04-15
18.73037908247501,0,53,2025-08-30
0.0,0,51,2025-08-30
0.0,0,54,2025-04-15
23.630597074245273,0,53,2025-07-19
2.8640062381124807,0,25,2025-08-30
41.7531147739342,0,21,2025-07-19
1.0678479137986585,0,22,2025-04-15
25.6523835990087,0,25,2025-07-19
0.0,0,22,2025-07-19
73.59777929022863,0,22,2025-08-06
16.68184641468254,0,21,2025-08-06
94.07097097535889,0,25,2025-08-06
178.3089196764318,4,24,2025-04-15
0.0,0,22,2025-08-30
0.0,0,23,2025-08-30
18.522561530911872,0,53,2025-07-31
23.540827149699666,0,53,2026-02-27
154.56165058866935,0,51,2026-02-27
14.797807562994535,0,54,2026-02-02
2.661563403395604,0,55,2026-02-02
176.1611774584739,0,55,2026-02-27
11.011132737708223,0,55,2025-07-31
2.216220047010424,0,51,2026-02-02
160.83786307880422,0,52,2026-02-27
0.0,0,21,2026-02-27
8.504482022435099,4,22,2025-07-31
31.432915010044525,0,25,2026-02-27
0.0,0,23,2025-05-06
53.49265862475996,0,25,2025-07-31
304.9063330324162,0,24,2025-07-31
0.0,0,22,2025-05-06
35.84011086119012,0,21,2025-05-06
63.33618920631956,1,22,2026-02-27
138.40780484091252,1,24,2025-05-06
1.050362039960845,0,21,2025-07-31
0.0,0,23,2026-02-27
190.30522369101647,4,24,2026-02-02
38.11909148347742,0,25,2025-05-06
0.0,0,54,2026-04-30
0.0,0,51,2025-11-18
9.762042683218127,0,53,2025-08-12
8.60295431012814,0,55,2026-04-30
5.644534686373831,0,52,2025-08-12
0.0,0,54,2026-03-10
23.297427282326126,0,52,2025-11-04
15.7683222748732,0,55,2025-11-04
0.0,0,51,2026-03-10
0.0,0,55,2026-03-10
5.856987353182149,0,53,2026-04-30
3.19008770454262,0,54,2025-10-16
201.21596872408355,5,24,2026-03-10
45.61714881037832,0,25,2025-08-12
336.3105242519505,4,24,2025-08-12
0.0,0,23,2026-04-30
0.0,0,22,2026-03-10
0.0,0,23,2025-11-18
7.561643548178523,0,25,2026-04-30
0.0,2,22,2025-10-16
0.0,0,21,2025-10-16
27.776709846410967,0,25,2025-11-18
0.16979461113196237,0,22,2025-11-04
317.67739244335627,2,24,2025-10-16
16.461387597640908,0,25,2026-03-10
0.0,0,21,2026-04-30
0.0,0,23,2025-08-12
0.0,0,51,2025-12-18
15.437213278946928,0,52,2025-02-09
16.328783203947353,0,53,2025-12-18
0.0,0,52,2025-11-24
5.1417629909662566,0,53,2025-02-09
15.994167623213102,0,51,2025-02-09
1.0355933054536024,0,52,2025-11-05
0.0,0,51,2025-11-05
0.0,0,55,2025-02-07
0.0,0,55,2025-12-18
3.276007007893554,0,53,2025-11-24
7.376278887211939,0,55,2025-03-12
0.0,0,51,2025-11-24
0.0,0,54,2025-03-11
11.641795304225397,0,25,2025-02-09
110.0153962904705,3,24,2025-03-11
25.344486272811935,0,24,2025-02-07
0.0,0,22,2025-02-07
46.80272800206942,0,22,2025-12-18
284.5853966676592,5,24,2025-03-12
16.60700254727388,0,21,2025-11-24
39.86220094768243,0,25,2025-12-18
0.0,0,22,2025-02-09
0.0,0,22,2025-11-24
105.2498225675612,4,24,2025-11-24
0.0,0,23,2025-12-18
10.835472222769042,0,25,2025-03-11
52.38902095944039,0,25,2025-03-12
0.0,1,22,2025-03-11
23.310245772255186,0,25,2025-11-24
0.0,0,52,2026-01-10
0.0,0,52,2025-06-27
0.8289831651997304,0,53,2026-01-13
0.0,0,53,2025-06-27
6.447285531784928,0,52,2026-01-13
0.0,0,51,2025-06-27
14.026071766675642,0,21,2026-01-13
26.29469739814401,0,21,2026-01-10
0.0,0,23,2026-01-10
0.0,0,22,2026-01-13
0.0,0,23,2026-01-13
210.25305582918838,13,24,2025-06-27
0.0,1,22,2026-01-10
0.0,0,23,2025-06-27
0.0,0,25,2026-01-10
5.533893952392376,0,55,2025-03-21
0.0,0,54,2025-03-21
2.6517667140078913,1,51,2025-09-27
0.0,0,55,2025-09-27
0.0,0,55,2025-07-12
2.394049152347904,0,52,2025-09-27
0.0,0,52,2025-12-25
0.0,0,52,2025-07-12
0.0,0,55,2025-12-25
0.0,0,54,2025-09-27
0.0,0,54,2025-12-25
0.0,0,23,2025-07-12
261.5756754935797,11,24,2025-09-27
0.0,0,23,2025-03-21
0.0,0,22,2025-07-12
3.3634638053406434,0,25,2025-09-27
14.700472376816705,0,25,2025-03-21
11.013793409811427,0,21,2025-07-12
0.0,0,21,2025-09-27
0.0,0,54,2025-09-11
0.0,0,51,2025-01-23
15.551108438816243,0,53,2025-09-11
5.09516455417284,1,53,2025-08-13
0.0,0,52,2025-01-23
0.0,0,55,2025-01-23
2.2776824334178656,0,52,2025-01-11
0.0,0,53,2025-10-21
0.0,0,54,2025-08-13
0.4731229895518254,0,55,2025-01-11
0.0,0,55,2025-08-13
61.26296244989317,0,52,2025-04-02
58.65391109504203,0,54,2025-04-02
4.6901651332402,0,53,2025-01-11
0.0,0,51,2025-09-11
0.0,0,53,2025-01-23
3.13606860901551,0,52,2025-09-11
87.48675351897565,0,22,2025-04-02
0.0,0,23,2025-01-23
0.0,0,21,2025-04-02
19.889901621329003,0,25,2025-09-11
0.0,0,22,2025-01-23
331.27501306985727,9,24,2025-09-11
24.841060526306023,0,25,2025-08-13
25.932857865235647,0,25,2025-04-02
18.401846369128364,0,21,2025-10-21
7.859361718591643,0,25,2025-01-23
0.0,0,22,2025-08-13
92.16193529245574,1,24,2025-01-23
15.151157917698796,0,22,2025-10-21
0.0,0,55,2026-01-19
6.560314689177787,1,51,2025-07-10
14.309767333943412,0,52,2025-07-10
0.5902080668023757,0,54,2025-07-10
21.780602530201193,1,22,2026-01-19
165.26830150548722,10,24,2026-01-19
291.8520038346934,8,24,2025-07-10
16.55963774287281,0,25,2026-01-19
0.0,0,21,2025-07-10
0.0,0,21,2026-01-19
0.0,0,22,2025-07-10
5.431762780698719,0,55,2025-07-25
0.0,0,55,2025-09-22
1.47732472061125,0,53,2026-03-24
11.34359625404285,1,53,2025-09-22
0.0,0,51,2025-06-23
0.0,0,54,2025-06-23
0.4050160467119497,0,55,2025-06-23
16.700623904935767,0,52,2025-09-22
0.0,0,54,2025-07-25
5.2730128730561034,0,51,2025-09-22
0.0,0,23,2025-06-23
0.0,0,22,2025-09-22
3.5498737415533554,0,23,2025-09-22
171.54871214904304,7,24,2026-03-24
0.0,0,23,2026-03-24
23.705718870724652,0,21,2025-09-22
333.2325302950213,0,22,2025-07-25
0.0,0,51,2026-03-11
17.98860749385979,0,53,2025-11-08
17.160264377481226,0,54,2025-08-24
3.73836628991306,0,55,2025-08-24
0.0,0,53,2025-08-24
0.0,0,54,2026-03-11
4.4542539870840585,0,53,2025-11-30
0.0,1,22,2026-03-11
35.28420939580622,0,21,2025-11-30
11.43175110174893,0,25,2026-03-11
0.0,0,22,2025-08-24
33.237562094219456,0,24,2025-11-30
0.0,0,23,2025-11-08
17.87580574900869,0,25,2025-11-30
0.0,0,23,2025-11-30
0.0,6,24,2025-08-24
0.0,0,23,2025-08-24
11.549023731645804,0,21,2025-11-08
6.360975207096473,0,25,2025-08-24
23.173468615118423,2,51,2025-03-04
14.288740238731833,1,53,2025-03-04
0.0,0,23,2025-02-24
0.0,0,22,2025-03-04
0.0,0,25,2025-02-24
0.0,0,22,2025-02-24
0.0,0,55,2025-01-14
4.345337496298029,0,52,2025-07-02
4.308663075699016,0,53,2025-07-02
10.757025019560487,0,53,2025-09-10
1.3824575953392042,1,51,2025-01-14
10.192594475167397,0,52,2025-09-10
0.0,0,55,2025-11-27
12.792073792790518,0,53,2025-07-14
0.0,0,55,2025-07-01
0.0,0,54,2025-06-01
0.0,0,52,2025-11-27
0.0,0,51,2025-07-02
0.0,0,54,2025-07-02
0.0,0,53,2025-07-01
0.0,0,54,2025-11-27
0.0,0,51,2025-11-27
189.63720152427976,0,24,2025-07-01
0.0,0,23,2025-07-01
0.0,0,22,2025-07-02
369.1151997946814,2,24,2025-11-27
6.889048554317952,0,25,2025-06-01
0.0,0,22,2025-06-01
0.0,0,22,2025-07-01
32.382123338464346,0,25,2025-07-01
11.327224413833406,0,21,2025-06-01
352.6873270303457,1,24,2025-07-02
0.0,0,23,2025-09-10
456.7590483390834,4,24,2025-07-14
84.15810147086111,1,22,2025-11-27
0.0,0,21,2025-11-27
36.58038016232652,0,25,2025-09-10
31.78888519903095,0,25,2025-01-14
14.34777853424957,0,53,2025-05-24
0.0,0,53,2025-03-10
3.8645613745616885,0,54,2025-05-24
8.884278743253887,0,52,2025-12-04
0.0,0,54,2025-12-04
0.0,0,54,2026-04-16
0.0,0,55,2025-05-24
22.003115185726344,0,21,2025-05-24
0.0,0,21,2025-12-04
0.0,0,22,2026-04-16
0.0,0,23,2025-03-10
16.146056607221524,0,21,2026-04-16
16.110960462919294,0,25,2025-03-10
9.070302124774614,0,21,2025-03-10
0.0,0,23,2026-04-16
84.19699063718852,1,24,2025-03-10
26.751019241078964,0,52,2025-09-07
20.599163047502202,0,54,2025-09-07
0.0,0,54,2025-12-14
1.6438701716985804,0,52,2026-04-26
10.668940039710549,0,54,2026-04-26
26.87186658927176,0,53,2026-04-26
3.265987348213443,0,51,2026-02-01
15.273542488601947,0,51,2025-09-07
0.0,0,51,2025-12-14
0.0,0,54,2025-09-03
7.162631893613039,0,53,2026-02-01
2.472170963416616,0,51,2025-01-15
13.289078421796916,0,54,2025-01-15
9.874714239051144,0,55,2025-09-07
6.845759904338337,0,53,2025-09-03
0.0,0,52,2025-12-14
0.0,4,24,2026-02-01
0.0,0,22,2025-09-07
0.0,0,22,2026-04-26
0.0,0,23,2026-04-26
0.0,0,23,2025-09-03
23.5203349279019,0,25,2026-04-26
0.0,0,23,2025-01-15
0.0,0,23,2025-09-07
27.811755520555167,0,25,2025-09-03
0.0,0,22,2025-01-15
11.05430011331461,0,21,2026-04-26
0.0,0,22,2026-02-01
203.1294800756276,6,24,2025-09-03
20.914065857673947,0,25,2026-02-01
15.017365701925357,0,25,2025-01-15
0.0,0,14,2025-05-15
0.0,1,13,2026-02-13
34.207282575870856,0,12,2026-04-14
0.0,1,13,2025-05-15
0.0,0,11,2026-02-07
0.9526270530899836,0,14,2026-02-07
0.0,0,14,2025-11-14
61.45907429666019,0,14,2026-04-14
0.19604941997920378,0,12,2026-02-07
12.029813220668728,0,40,2026-02-13
0.0,0,38,2025-05-15
16.64613833049536,0,36,2025-11-14
11.385103996397959,1,38,2026-02-13
0.0,0,37,2026-02-13
0.0,0,37,2025-05-15
1.4987861542127092,2,39,2026-02-07
0.0,0,37,2026-04-14
0.0,0,40,2026-02-07
14.261013690015659,3,39,2026-04-14
3.306609368027253,0,36,2026-02-07
12.402767063020377,0,13,2025-06-20
0.0,0,12,2025-11-21
4.54169495708652,0,15,2025-06-20
0.0,0,11,2025-11-21
0.0,0,14,2025-06-20
0.0,0,12,2025-06-29
9.604884985537183,0,13,2025-06-29
0.3015432730627623,0,11,2025-06-29
23.37968992753484,0,15,2025-06-29
0.0,0,13,2025-11-21
6.633352265031647,0,15,2025-02-27
0.0,0,11,2025-06-20
0.0,0,15,2025-11-21
8.801231262002318,0,13,2026-03-18
0.0,0,12,2025-02-27
0.0,0,14,2026-03-18
0.0,0,14,2025-11-21
0.0,0,14,2025-06-29
0.0,0,37,2025-06-29
0.0,3,38,2025-02-27
9.71251571259154,0,38,2026-03-18
15.304785564622946,0,39,2026-03-18
12.455950666862805,2,38,2025-11-21
18.716853244785767,1,39,2025-06-20
0.0,0,40,2025-02-27
4.385804792515884,5,39,2025-02-27
0.0,0,12,2025-08-06
0.0,0,14,2025-07-19
0.0,0,11,2025-08-06
0.241919284107027,0,12,2025-07-19
23.912426937348116,0,13,2025-07-19
0.7567866989668772,0,15,2025-04-15
0.0,0,14,2025-08-30
0.0,0,11,2025-04-15
38.12655768455629,3,38,2025-08-06
12.341256065569837,0,37,2025-08-06
27.673436754753638,0,40,2025-08-06
34.055195740547894,3,39,2025-08-06
22.244462229149434,0,36,2025-08-30
38.763065538893684,5,36,2025-08-06
7.231623511730177,0,40,2025-08-30
40.477078678177655,0,40,2025-07-19
0.0,4,38,2025-04-15
0.0,0,37,2025-08-30
20.24554324469679,0,39,2025-08-30
15.674003101629012,0,12,2026-02-27
0.0,0,12,2025-05-06
0.0,0,13,2025-07-31
14.487426550709756,0,11,2025-07-31
0.0,0,11,2026-02-02
26.574532207695498,0,15,2026-02-27
5.476454684964779,0,14,2025-07-31
1.0289059499171174,0,37,2025-07-31
4.54990921723099,0,39,2026-02-27
9.760340945855503,0,40,2025-05-06
29.28732793478123,6,39,2025-05-06
14.400986515635509,6,38,2025-05-06
20.68282965066217,0,40,2025-07-31
35.98124041080544,1,39,2025-07-31
0.0,0,40,2026-02-02
6.383411671990459,0,40,2026-02-27
8.222622814530268,0,15,2025-11-04
0.0,0,13,2025-11-18
0.0,0,11,2026-03-10
0.0,0,14,2025-10-16
0.0,0,11,2025-11-04
0.0,0,13,2025-08-12
0.0,0,14,2025-08-12
0.0,0,14,2026-03-10
3.8637608953031304,0,13,2025-10-16
0.0,0,12,2026-04-30
32.88851001290892,0,13,2026-04-30
0.0,0,13,2026-03-10
0.0,0,14,2025-11-18
18.54090783129523,5,39,2025-11-18
0.0,0,37,2026-03-10
7.2472693932644745,0,40,2025-08-12
13.410603715945996,0,36,2026-03-10
11.968377419482422,0,36,2025-08-12
5.103211557591877,0,38,2025-08-12
9.793410214361089,0,38,2025-11-18
0.0,0,37,2025-11-04
7.872288111035644,2,39,2026-04-30
18.439991076464295,2,36,2025-10-16
8.147410041425829,0,38,2026-03-10
21.841910223547643,0,36,2025-11-04
0.0,0,37,2025-08-12
16.468539778448942,1,39,2025-08-12
12.443806888291263,0,40,2026-03-10
19.782681261510433,3,36,2025-11-18
0.0,0,12,2025-12-18
0.0,0,14,2025-11-24
30.71899984396073,2,13,2025-02-07
0.603107375827733,0,15,2025-03-12
0.0,0,15,2025-02-09
0.0,0,14,2025-12-18
0.0,0,15,2025-11-24
0.7294022163862195,0,14,2025-02-07
3.6869839831134783,0,13,2025-12-18
0.0,0,11,2025-03-11
0.0,0,12,2025-02-07
0.0,0,12,2025-11-05
19.193205274891497,0,13,2025-11-05
0.0,0,12,2025-03-12
22.329327035118354,0,15,2025-12-18
11.471871163138132,0,36,2025-11-24
7.150556147566135,0,36,2025-02-09
0.0,0,38,2025-02-09
0.0,4,39,2025-02-07
2.0689929848187205,0,40,2025-11-05
23.57991760471681,0,36,2025-12-18
0.0,0,37,2025-02-09
0.0,3,38,2025-02-07
14.665870453489404,1,36,2025-03-12
4.545070970950931,0,40,2025-11-24
0.0,0,37,2025-02-07
18.21083593862707,0,40,2025-12-18
0.0,0,37,2025-03-12
3.2608434676824345,0,40,2025-03-11
0.0,0,37,2025-11-24
0.0,0,12,2026-01-13
8.736975608439522,0,13,2026-01-13
0.0,0,14,2026-01-10
0.0,0,14,2026-01-13
0.0,0,11,2026-01-10
14.296271986155162,0,15,2025-06-27
0.0,0,11,2025-06-27
0.0,0,12,2026-01-10
14.169426845882839,0,13,2026-01-10
23.274753087783665,0,36,2026-01-10
21.34633185628678,3,39,2026-01-10
25.712471983307623,0,36,2026-01-13
0.0,0,37,2025-06-27
18.562991805989213,1,36,2025-06-27
5.911733301982508,0,40,2026-01-13
0.0,0,37,2026-01-13
0.0,0,14,2025-07-12
31.82352331450692,0,15,2025-09-27
0.0,0,12,2025-03-21
13.40928443725278,0,13,2025-07-12
0.0,0,12,2025-07-12
0.0,0,11,2025-03-21
0.0,0,14,2025-12-25
27.4905467346628,0,36,2025-03-21
24.41138556812807,0,39,2025-03-21
2.3307290787322614,0,37,2025-07-12
15.542804107238965,0,36,2025-09-27
10.520901286648254,0,36,2025-12-25
21.774988946683024,1,39,2025-07-12
0.010162247215873776,0,37,2025-03-21
0.0,0,37,2025-12-25
28.008893163201122,0,36,2025-07-12
8.293144633358565,0,38,2025-12-25
0.0,0,11,2025-01-11
0.0,0,12,2025-09-11
0.0,0,11,2025-08-13
3.271133722447928,0,13,2025-09-11
0.0,0,11,2025-09-11
30.183642181507366,0,13,2025-01-23
12.752110460830806,0,11,2025-10-21
0.0,0,12,2025-08-13
58.3556953711672,1,15,2025-10-21
13.127258804149122,0,13,2025-01-11
0.0,0,14,2025-04-02
0.0,0,13,2025-04-02
0.0,0,15,2025-01-11
0.0,0,14,2025-01-11
24.686999393988216,0,36,2025-08-13
9.804409880950587,1,39,2025-01-11
3.809477006331562,0,36,2025-04-02
7.757317646388273,2,39,2025-04-02
24.128290757258597,0,36,2025-09-11
4.242080335979566,0,38,2025-09-11
6.095520059060291,0,40,2025-09-11
2.3869914584325187,3,38,2025-10-21
9.340728967376336,0,40,2025-08-13
7.114973491471872,0,40,2025-04-02
19.860253628813112,2,39,2025-09-11
0.0,0,12,2026-01-19
3.937444551086301,0,11,2025-07-10
0.0,0,13,2026-01-19
11.55465819783106,0,15,2025-07-10
2.7852400462935236,0,15,2026-01-19
0.0,0,14,2026-01-19
13.770217543679138,0,39,2026-01-19
0.0,0,40,2025-07-10
0.0,2,39,2025-07-10
0.0,0,37,2025-07-10
0.0,0,11,2026-03-24
2.612529637489132,0,14,2025-07-25
0.0,0,11,2025-09-22
0.0,0,12,2025-06-23
0.0,0,11,2025-06-23
27.486978871678687,0,15,2025-06-23
0.0,0,12,2025-07-25
0.0,0,14,2025-06-23
1.1214474587458056,0,14,2026-03-24
8.659431221245029,0,11,2025-07-25
7.7175836543455745,3,13,2025-06-23
6.90697656004285,0,37,2025-09-22
4.2513906230780805,0,40,2025-06-23
95.06935146985121,0,37,2025-07-25
88.13772505411931,2,39,2025-07-25
6.375718717370702,2,38,2025-06-23
0.0,0,14,2025-08-24
0.0,0,12,2025-08-24
0.0,0,11,2025-11-30
24.132892715528172,0,13,2025-08-24
0.0,0,14,2025-11-08
14.815719470489924,0,39,2025-11-30
0.0,0,37,2025-08-24
0.0,0,40,2025-08-24
1.298934597075899,0,39,2025-08-24
13.680205182442336,0,40,2025-11-08
0.0,0,37,2025-11-30
19.127544674588194,0,36,2026-03-11
11.255121242519536,0,40,2026-03-11
16.695747251996863,4,39,2026-03-11
22.558753598487982,1,36,2025-11-08
7.998600674385614,0,38,2025-11-08
0.0,0,11,2025-02-24
0.0,0,11,2025-03-04
0.0,1,15,2025-02-24
0.0,0,12,2025-02-24
0.0,0,12,2025-03-04
0.0,1,13,2025-02-24
0.0,0,14,2025-02-24
5.212952722282495,0,13,2025-03-04
0.0,1,37,2025-02-24
14.647145077047156,1,39,2025-03-04
4.163697034958815,4,39,2025-02-24
0.0,0,40,2025-02-24
37.83548712580878,0,15,2025-07-02
0.0,1,14,2025-01-14
0.0,0,12,2025-06-01
0.0,0,11,2025-07-01
3.1415749463640736,0,15,2025-11-27
14.213478708398881,0,13,2025-07-14
0.0,0,12,2025-07-02
0.0,0,12,2025-09-10
20.260056577787736,0,13,2025-06-01
13.557315452883074,0,13,2025-01-14
2.041369271385463,0,15,2025-01-14
7.965609614582547,0,14,2025-07-02
0.0,0,14,2025-07-14
3.577787191911014,0,15,2025-09-10
0.0,0,14,2025-07-01
0.0,0,12,2025-01-14
2.879663707057304,0,36,2025-06-01
0.0,0,37,2025-11-27
0.0,0,40,2025-11-27
4.588566353356271,0,39,2025-11-27
1.3253593665545225,0,37,2025-09-10
16.317846588540718,0,40,2025-09-10
26.049943455585918,0,39,2025-09-10
17.160024599161616,0,36,2025-07-14
16.79334506931683,0,36,2025-07-01
0.0,0,37,2025-07-01
16.301986715816312,0,39,2025-07-01
0.0,0,40,2025-06-01
21.450328082304082,3,38,2025-09-10
10.890280192534888,1,38,2025-07-14
22.52307104672886,0,36,2025-07-02
1.0965739299184065,0,40,2025-07-01
0.0,0,38,2025-06-01
2.564661867139634,0,40,2025-07-02
28.26622565744752,1,36,2025-01-14
15.977361131649658,0,13,2025-03-10
0.0,0,15,2025-12-04
0.0,0,12,2025-05-24
0.0,0,12,2026-04-16
9.783457474105589,0,15,2025-05-24
0.0,0,14,2025-03-10
0.0,0,12,2025-03-10
0.0,0,11,2025-03-10
5.868143447516033,0,15,2025-03-10
0.0,0,14,2026-04-16
0.0,0,12,2025-12-04
0.0,0,13,2025-12-04
0.0,0,14,2025-12-04
0.0,9,39,2025-12-04
0.0,0,37,2025-03-10
2.0179311943992957,1,38,2025-03-10
18.099159490512804,0,38,2026-04-16
13.084144646398741,1,38,2025-05-24
0.0,0,40,2025-12-04
24.478781980090687,0,39,2025-05-24
27.375694106325653,0,36,2025-05-24
9.366763349122124,8,39,2025-03-10
0.0,0,15,2025-01-15
0.0,0,12,2025-12-14
15.297428453646546,0,13,2025-09-07
0.0,0,15,2025-09-07
0.0,0,14,2025-01-15
0.0,0,14,2025-09-07
2.325343700291924,0,12,2026-02-01
0.0,0,11,2025-09-07
0.0,0,11,2025-09-03
0.0,0,14,2026-04-26
0.0,0,15,2025-12-14
29.690709153497096,0,13,2026-02-01
39.815178330021986,0,15,2025-09-03
0.0,0,11,2025-12-14
0.0,0,12,2025-09-07
3.132655495979435,0,14,2025-09-03
0.011026361055741063,0,12,2025-01-15
0.0,0,14,2026-02-01
20.87511379286201,0,13,2025-09-03
0.0,0,12,2026-04-26
0.5831358633145243,1,37,2025-01-15
0.0,0,38,2025-09-07
0.0,0,40,2025-12-14
1.5149997574862653,0,40,2026-02-01
25.16603864049685,2,36,2025-01-15
0.0,0,37,2026-04-26
0.0,0,38,2025-12-14
0.0,0,37,2025-09-03
15.572197182767937,0,40,2025-09-03
0.0,0,40,2025-09-07
9.440126580177122,0,36,2026-02-01
1.852283822864763,0,38,2026-02-01
12.79859300947696,1,38,2026-04-26
32.07679833226111,0,36,2025-09-03
7.32894795935502,0,36,2026-04-14
0.0,0,37,2025-11-14
0.0,0,40,2025-11-14
27.314775165215693,0,39,2026-02-13
0.0,0,40,2025-05-15
2.371509936807854,0,38,2025-11-14
0.0,0,37,2026-02-07
0.0,1,36,2025-05-15
2.319412997308362,0,38,2026-04-14
0.0,0,38,2026-02-07
4.9489822940710155,0,40,2026-04-14
9.918305707050948,3,39,2025-11-14
2.42448491844506,3,39,2025-05-15
31.410401114198237,0,36,2026-02-13
0.0,0,26,2026-02-13
1.1774720628670252,0,27,2026-02-13
6.876653236144364,0,29,2025-05-15
1288.4985031509736,1625,28,2025-05-15
8.20624125116251,0,30,2026-02-07
0.0,0,29,2026-02-07
10.804144137935808,0,27,2025-11-14
2.9717240277152968,0,27,2025-05-15
23.449110107692576,0,36,2025-06-29
0.0,0,37,2026-03-18
12.549434902198982,0,40,2025-11-21
20.842399085175842,2,36,2025-06-20
3.7202169783481907,0,38,2025-06-20
7.905588667683048,0,40,2025-06-20
9.321319701343157,2,36,2025-02-27
27.966234818433932,0,36,2025-11-21
17.357052682251563,0,38,2025-06-29
9.205335866474528,0,40,2026-03-18
0.0,0,37,2025-11-21
0.0,0,37,2025-02-27
22.21170140130758,2,39,2025-11-21
28.104222432642757,0,39,2025-06-29
20.452576976454225,0,36,2026-03-18
0.0,2,37,2025-06-20
16.33120358710265,0,40,2025-06-29
0.0,0,26,2025-06-20
0.0,0,26,2025-02-27
2.1541521244330397,0,26,2025-06-29
636.1334905428694,1159,28,2025-06-20
58.08619601064386,1,36,2025-07-19
3.939596295949997,0,38,2025-08-30
13.438794531538221,0,36,2025-04-15
11.251724568074877,12,39,2025-04-15
39.29003076329474,0,38,2025-07-19
0.0,0,40,2025-04-15
21.762957201593665,0,37,2025-07-19
52.978890296000664,0,39,2025-07-19
0.0,1,37,2025-04-15
46.04123523797964,0,29,2025-08-06
73.64944651645268,0,27,2025-08-06
1318.4335057502221,1429,28,2025-08-06
17.087589962522117,0,26,2025-08-06
398.54132066768193,515,28,2025-08-30
10.386960268773748,0,26,2025-07-19
0.0,0,27,2025-04-15
0.0,0,26,2025-04-15
0.0,0,26,2025-08-30
837.3463494033808,1639,28,2025-04-15
17.394848655694744,0,29,2025-07-19
0.0,0,29,2025-08-30
4.2149455499281885,0,36,2026-02-02
2.2669561853629148,1,39,2026-02-02
34.724628223634454,0,36,2025-05-06
0.0,1,38,2026-02-02
0.0,0,37,2026-02-02
6.307077781100119,0,38,2026-02-27
6.3158676804692675,0,37,2026-02-27
22.267593324421625,0,38,2025-07-31
8.319147746650458,0,36,2026-02-27
37.62003323164686,0,36,2025-07-31
0.0,0,37,2025-05-06
0.0,0,29,2025-05-06
24.4439086766711,0,27,2025-07-31
25.324877415179614,0,29,2026-02-27
0.0,0,30,2026-02-02
31.15157989311426,0,30,2025-07-31
447.3496942816937,1059,28,2026-02-27
0.0,0,26,2025-07-31
11.463174450523951,0,30,2026-02-27
0.0,0,26,2025-05-06
4.152470108814569,0,38,2025-10-16
12.401453268237859,0,40,2025-11-18
12.60901596515653,0,36,2026-04-30
2.2805909768343184,0,40,2025-10-16
10.739899734820952,3,39,2025-10-16
15.303778134840272,1,39,2026-03-10
0.0,0,37,2025-11-18
17.63652800887658,2,39,2025-11-04
0.0,0,37,2026-04-30
0.0,2,38,2026-04-30
5.074071976520472,0,38,2025-11-04
2.9316745258492887,0,40,2025-11-04
4.2693388107568495,0,40,2026-04-30
0.0,0,37,2025-10-16
615.9943169547025,1653,28,2026-03-10
13.934007727175057,0,27,2025-08-12
12.445017579942814,0,27,2025-11-18
0.0,0,26,2025-11-18
0.0,0,26,2025-11-04
5.380330208560352,0,29,2026-03-10
0.0,0,26,2025-08-12
16.023146580258242,0,27,2026-03-10
20.54085960062848,0,30,2026-03-10
4.029065629442854,0,29,2025-08-12
0.13361753938750098,0,29,2025-11-18
2.1423196453461344,0,40,2025-03-12
0.0,0,40,2025-02-09
5.746253883124936,1,39,2025-02-09
4.736690629629578,0,38,2025-03-11
3.1837299803081436,0,36,2025-02-07
4.8235479468484925,1,38,2025-11-24
17.452978924708987,3,38,2025-12-18
16.774626779030754,3,39,2025-03-11
0.1407686921520792,0,37,2025-12-18
0.0,0,40,2025-02-07
24.68587401091341,0,36,2025-11-05
9.098012148169616,0,39,2025-11-24
24.458703734799244,1,39,2025-12-18
5.99465113443074,0,38,2025-03-12
0.0,0,37,2025-11-05
0.0,0,37,2025-03-11
16.20781448330186,7,39,2025-03-12
3.217323671053947,1,38,2025-11-05
17.581991666233904,4,39,2025-11-05
23.001226260605222,1,36,2025-03-11
0.0,0,26,2025-02-09
29.576830752762547,0,30,2025-03-12
0.0,0,29,2025-11-05
25.645398141697058,0,27,2025-12-18
856.7014071008261,1506,28,2025-03-12
9.942105856395884,0,27,2025-11-24
793.9699502706166,1977,28,2025-12-18
0.0,0,26,2025-12-18
0.0,0,26,2025-03-12
0.1892193125864594,0,29,2025-11-24
0.0,0,26,2025-02-07
9.824810926292571,0,29,2025-12-18
0.0,0,26,2025-11-05
8.990262653871937,0,27,2025-03-12
19.40490698676396,3,39,2026-01-13
0.0,0,38,2025-06-27
8.973531894533892,0,38,2026-01-10
0.0,0,37,2026-01-10
7.067981312127614,2,38,2026-01-13
14.838445567958956,0,40,2026-01-10
15.320306834077485,3,39,2025-06-27
0.0,0,40,2025-06-27
0.0,0,29,2026-01-13
0.0,0,29,2026-01-10
0.0,0,26,2025-06-27
846.1088345554058,1180,28,2025-06-27
836.4738156671473,1383,28,2026-01-13
10.96910293523861,0,30,2026-01-10
1.1471328795868203,0,27,2026-01-13
20.653292928720077,0,30,2026-01-13
15.140892384267474,0,30,2025-06-27
0.0,0,27,2025-06-27
12.528027146168625,1,38,2025-03-21
9.390346233703838,4,39,2025-09-27
13.041470911302739,0,39,2025-12-25
0.0,0,37,2025-09-27
1.6666067284816108,0,40,2025-12-25
13.650969621644322,0,38,2025-07-12
12.830940707350294,0,40,2025-07-12
0.0,0,40,2025-09-27
12.628140532114145,0,40,2025-03-21
0.0,1,38,2025-09-27
15.58147760812652,0,30,2025-12-25
785.6375385110073,963,28,2025-03-21
21.242528148071074,0,27,2025-12-25
0.0,0,26,2025-07-12
0.0,0,29,2025-09-27
0.0,0,26,2025-09-27
0.0,0,26,2025-12-25
0.0,0,26,2025-03-21
4.752613580154019,0,27,2025-03-21
0.0,0,37,2025-04-02
0.0,0,37,2025-08-13
2.7428173165174314,0,40,2025-01-11
15.158374090458409,0,36,2025-10-21
12.78358183856571,3,38,2025-08-13
7.1270833616299285,2,38,2025-01-23
12.317549741054634,0,36,2025-01-11
2.900494092226907,0,38,2025-01-11
21.536151203630666,2,36,2025-01-23
0.0,0,37,2025-01-23
8.764838699826925,0,40,2025-01-23
16.66211006576394,0,39,2025-01-23
13.299297165412696,0,39,2025-10-21
0.0,0,37,2025-10-21
0.6800730810849984,0,40,2025-10-21
4.707882865904722,0,38,2025-04-02
19.2199237539254,1,39,2025-08-13
0.0,0,37,2025-01-11
0.0,0,37,2025-09-11
0.0,0,29,2025-01-23
14.633340824320143,0,30,2025-04-02
997.7072951017874,1464,28,2025-09-11
0.0,0,29,2025-08-13
0.0,0,26,2025-08-13
0.0,0,26,2025-04-02
12.732046541121505,0,27,2025-01-23
7.079452072956329,0,30,2025-01-23
14.980523945855424,0,27,2025-04-02
0.0,0,26,2025-01-11
668.1020424372762,1532,28,2025-01-23
6.780879002717981,0,30,2025-01-11
0.0,2,38,2025-07-10
12.953640071336068,0,40,2026-01-19
4.6844631434883865,0,37,2026-01-19
0.0,1,36,2025-07-10
11.427575812402978,0,38,2026-01-19
12.956256031638304,0,36,2026-01-19
0.0,0,26,2026-01-19
7.73470313649274,0,30,2026-01-19
0.0,0,27,2025-07-10
0.0,0,29,2025-07-10
0.0,0,26,2025-07-10
945.941867312066,1513,28,2025-07-10
39.50319000027945,0,36,2025-09-22
18.64294193873242,3,39,2025-06-23
11.924564060087931,2,39,2026-03-24
22.43419368452294,1,36,2025-06-23
22.99578895420001,0,38,2025-09-22
0.0,0,37,2025-06-23
22.600601696741435,0,40,2025-09-22
101.93615419297944,1,38,2025-07-25
3.2853124051048894,0,40,2026-03-24
37.321086841205805,3,39,2025-09-22
80.36624708535857,0,36,2025-07-25
15.67797703571722,0,36,2026-03-24
6.062955397490242,4,38,2026-03-24
94.00592898058866,0,40,2025-07-25
0.0,0,37,2026-03-24
0.0,0,29,2025-06-23
479.52868156496856,1024,28,2025-07-25
132.35531768193388,0,29,2025-07-25
882.2715868376833,1440,28,2026-03-24
7.911626605289143,0,29,2025-09-22
0.0,0,26,2025-09-22
0.0,0,29,2026-03-24
0.0,0,26,2026-03-24
564.2268960209985,1137,28,2025-09-22
15.251301077685355,0,36,2025-11-30
0.0,0,38,2025-08-24
4.2502345329641855,0,38,2025-11-30
6.495965253362186,1,38,2026-03-11
0.0,0,37,2025-11-08
7.6765016069710725,0,40,2025-11-30
5.7108347754517155,0,36,2025-08-24
0.0,0,37,2026-03-11
19.931084188764842,0,39,2025-11-08
0.0,0,26,2026-03-11
419.1498695359086,335,28,2025-11-30
0.0,0,26,2025-08-24
23.426045904155558,0,30,2025-11-30
0.0,0,29,2025-11-30
0.0,0,29,2026-03-11
18.917086444664236,0,30,2025-08-24
19.794521470635672,0,30,2025-11-08
13.547353386332318,0,36,2025-03-04
8.749011356323564,2,36,2025-02-24
0.0,3,38,2025-02-24
8.275861963727891,1,38,2025-03-04
0.0,0,37,2025-03-04
13.584272648043836,0,40,2025-03-04
16.442489523329428,0,27,2025-03-04
652.6783197060929,1647,28,2025-03-04
0.9482657990919847,0,39,2025-06-01
4.721217083819269,1,38,2025-07-02
26.281383941775957,4,39,2025-01-14
30.398524967796476,1,36,2025-09-10
4.891476822937349,0,37,2025-01-14
18.160787182482565,0,40,2025-01-14
2.583087824305707,0,40,2025-07-14
0.0,0,38,2025-11-27
0.0,0,37,2025-06-01
3.0494293603778573,0,36,2025-11-27
0.0,0,37,2025-07-02
0.0,0,37,2025-07-14
15.15653991077734,0,39,2025-07-14
3.235631434082933,1,38,2025-07-01
19.444478919608173,1,39,2025-07-02
18.718500761228327,0,38,2025-01-14
35.08317808379665,0,27,2025-09-10
0.9111099113484045,0,26,2025-01-14
5.440608916922187,0,30,2025-01-14
0.0,0,26,2025-06-01
0.0,0,26,2025-11-27
0.0,0,26,2025-09-10
13.503789000169334,0,29,2025-01-14
31.737392760712034,0,30,2025-09-10
33.31086691667098,0,29,2025-07-14
24.29027896487014,0,30,2025-07-01
415.08829794826636,378,28,2025-06-01
1053.4240579963657,1228,28,2025-07-14
54.241088627267665,0,30,2025-07-14
773.9570602067862,1151,28,2025-07-01
30.09298730661807,0,36,2026-04-16
0.0,0,36,2025-12-04
0.0,0,37,2026-04-16
20.3398530747817,0,40,2026-04-16
15.743281173096861,0,40,2025-05-24
13.442268007544314,2,36,2025-03-10
29.057658628739034,2,39,2026-04-16
0.0,0,38,2025-12-04
1.8016743219907738,0,37,2025-05-24
0.0,0,37,2025-12-04
2.151567158144232,0,40,2025-03-10
0.0,0,29,2025-03-10
902.7809775905845,1640,28,2026-04-16
20.498737261877025,0,27,2026-04-16
0.0,0,29,2025-05-24
0.0,0,26,2025-05-24
0.0,0,27,2025-03-10
552.3923912025059,490,28,2025-05-24
595.5551048545702,950,28,2025-03-10
0.0,0,37,2025-09-07
7.695943404917642,0,39,2026-02-01
0.0,0,37,2025-12-14
26.088676543880453,0,36,2026-04-26
28.190566307997372,3,39,2025-09-03
13.13014098725914,5,38,2025-01-15
14.793721878239197,0,40,2025-01-15
21.58561391616908,1,39,2025-01-15
25.28587692428256,1,39,2026-04-26
0.0,0,39,2025-09-07
6.303277455718799,0,36,2025-12-14
2.203252690516962,3,39,2025-12-14
0.0,0,37,2026-02-01
15.516391415898113,0,40,2026-04-26
17.410413788487446,2,38,2025-09-03
0.0,0,36,2025-09-07
0.0,0,29,2025-12-14
1.1405675998909572,0,30,2025-12-14
14.444114135116976,0,27,2025-09-03
0.0,0,26,2025-01-15
0.0,0,29,2026-02-01
491.4625235856853,316,28,2026-02-01
4.451637834581888,0,27,2026-02-01
0.0,0,26,2026-04-26
0.0,0,29,2025-09-03
595.9006993915848,535,28,2026-04-26
0.0,0,68,2025-11-14
0.0,0,66,2026-02-13
0.0,0,70,2026-02-07
0.0,0,67,2026-02-13
0.0,0,68,2026-02-07
0.0,0,67,2026-04-14
0.0,0,69,2025-11-14
0.0,0,69,2026-02-13
0.0,0,67,2026-02-07
0.0,0,68,2025-05-15
0.0,0,70,2026-02-13
0.0,0,67,2025-11-14
0.0,0,66,2026-02-07
0.0,0,68,2026-04-14
9.616624856143545,0,69,2026-04-14
0.0,0,69,2026-02-07
0.9948155213221668,0,66,2025-11-14
0.0,0,66,2026-04-14
0.0,0,70,2026-04-14
0.0,0,68,2026-02-13
12.532038065825276,0,65,2025-11-14
0.0,0,63,2026-02-13
0.0,0,68,2026-03-18
2.245419441899898,0,66,2025-11-21
0.0,0,67,2025-11-21
0.0,0,66,2026-03-18
36.10006787247719,0,66,2025-06-29
0.0,0,67,2025-06-29
0.0,2,69,2025-06-20
0.0,0,66,2025-02-27
0.0,0,70,2025-02-27
0.0,0,67,2025-02-27
2.7437398333757415,0,70,2025-11-21
0.0,0,69,2025-11-21
2.26230551963215,0,70,2025-06-20
17.970792574445497,0,69,2025-06-29
0.0,1,69,2025-02-27
0.0,0,70,2026-03-18
0.0,0,68,2025-06-20
0.0,1,69,2026-03-18
0.0,0,67,2025-06-20
2.4571050075164607,0,68,2025-06-29
16.326336367072116,0,64,2026-03-18
0.3539796194027076,0,62,2026-03-18
11.595494291773633,0,64,2025-11-21
0.0,0,68,2025-08-30
2.3322755690510064,0,66,2025-07-19
0.0,0,67,2025-04-15
0.0,0,70,2025-04-15
0.0,0,67,2025-08-30
7.848553445194909,0,66,2025-08-30
10.874729637056532,0,69,2025-07-19
0.0,0,68,2025-08-06
0.0,0,67,2025-08-06
0.0,0,67,2025-07-19
3.86386197414879,0,70,2025-07-19
6.49784998099679,0,69,2025-08-06
0.9723010471440006,0,69,2025-08-30
0.0,0,68,2025-07-19
21.150032670073173,0,66,2025-08-06
21.456765718411546,0,70,2025-08-06
3.476153013362989,0,66,2025-04-15
0.0,0,68,2025-04-15
0.0,0,69,2025-04-15
2.445944907666089,0,62,2025-07-19
39.823895729413856,0,65,2025-08-06
19.96323784451033,0,64,2025-04-15
19.618081442267552,0,63,2025-08-06
0.0,0,66,2026-02-02
5.044003081255866,0,66,2025-05-06
26.992386687894708,0,70,2026-02-27
0.0,0,66,2025-07-31
0.0,0,68,2025-05-06
0.0,0,69,2025-07-31
12.263777955944406,0,67,2026-02-27
0.0,0,70,2025-05-06
0.0,0,69,2026-02-27
0.0,0,70,2025-07-31
7.0049894470710825,0,68,2026-02-27
0.0,0,70,2026-02-02
0.0,0,68,2026-02-02
0.0,0,61,2025-07-31
8.154146011811221,0,62,2025-07-31
29.706906191532525,0,64,2026-02-02
0.0,0,62,2025-05-06
4.236218061317373,1,69,2025-08-12
0.0,0,68,2025-11-04
0.0,0,68,2026-04-30
5.575825823225529,0,66,2025-08-12
0.0,0,70,2025-11-04
2.9805514781798905,0,66,2025-10-16
0.0,0,69,2025-11-18
0.0,0,69,2025-11-04
0.8480228690710021,0,66,2026-03-10
0.0,0,68,2025-10-16
0.0,1,68,2026-03-10
0.0,0,67,2025-11-18
0.0,0,69,2026-04-30
0.0,0,70,2025-08-12
6.757448233412205,0,66,2025-11-18
4.976904738412557,0,70,2025-10-16
0.0,0,69,2025-10-16
0.0,0,68,2025-08-12
6.842812209740146,0,66,2025-11-04
0.0,0,68,2025-11-18
9.578761062650798,0,70,2026-04-30
0.0,0,67,2026-03-10
11.230759707293615,0,66,2026-04-30
0.0,0,67,2025-10-16
8.243678123271863,0,69,2026-03-10
4.727855747680479,0,62,2026-03-10
2.411125667118853,0,62,2025-10-16
21.550641171709586,0,65,2025-11-18
0.0,0,61,2025-11-18
34.13543284063112,0,64,2025-11-18
0.0,0,61,2025-10-16
11.734527028433064,0,65,2026-03-10
0.0,0,67,2025-11-24
0.0,0,66,2025-12-18
7.166641465369224,0,66,2025-03-11
0.0,0,68,2025-02-07
10.14737073095948,0,66,2025-11-24
0.0,0,67,2025-12-18
0.0,0,68,2025-12-18
0.0,0,70,2025-12-18
12.077229898433487,0,66,2025-02-09
0.0,0,68,2025-11-05
8.692247296972255,0,70,2025-02-09
0.0,0,66,2025-03-12
4.449056947699091,0,70,2025-02-07
0.0,0,67,2025-02-09
0.0,0,67,2025-11-05
6.1648456474266595,0,70,2025-11-24
0.0,0,67,2025-03-11
0.0,0,70,2025-03-12
0.0,0,67,2025-02-07
4.226214503301435,0,66,2025-11-05
0.0,0,70,2025-11-05
0.0,0,69,2025-03-11
3.4790655131089068,0,69,2025-12-18
0.0,0,68,2025-02-09
0.0,1,68,2025-03-11
8.795714040513317,0,66,2025-02-07
9.591879536705505,0,63,2025-11-24
0.0,0,63,2025-03-12
0.0,0,67,2026-01-13
0.0,0,68,2026-01-10
0.0,0,67,2026-01-10
0.0,1,69,2026-01-10
0.0,0,70,2026-01-10
0.0,0,69,2026-01-13
0.0,0,66,2026-01-10
0.0,0,70,2025-06-27
0.0,1,69,2025-06-27
0.0,0,70,2026-01-13
0.0,0,68,2026-01-13
0.0,0,68,2025-06-27
5.463822821040779,0,66,2026-01-13
0.0,0,66,2025-06-27
0.0,0,62,2026-01-10
15.20750302625838,0,65,2026-01-13
6.860730528526844,0,65,2025-06-27
0.0,0,63,2025-06-27
0.0,0,70,2025-09-27
0.0,0,66,2025-12-25
0.0,0,68,2025-03-21
1.8503330415713037,0,70,2025-03-21
6.724481263223893,0,70,2025-07-12
0.0,0,70,2025-12-25
0.4584699662240439,0,69,2025-03-21
0.0,0,69,2025-12-25
11.351615462360272,0,66,2025-07-12
0.0,0,67,2025-07-12
0.0,0,69,2025-09-27
0.0,0,67,2025-09-27
0.0,0,67,2025-12-25
0.0,0,67,2025-03-21
0.0,0,66,2025-09-27
19.046859362880895,0,65,2025-03-21
0.0,0,61,2025-03-21
0.0,0,62,2025-12-25
0.0,0,67,2025-01-23
7.2072218998890065,0,70,2025-08-13
0.0,0,69,2025-10-21
0.0,0,67,2025-04-02
0.0,1,69,2025-09-11
0.0,0,69,2025-01-11
0.0,0,70,2025-01-23
0.0,0,66,2025-04-02
0.0,0,69,2025-01-23
0.0,0,67,2025-09-11
0.0,0,70,2025-10-21
0.0,0,68,2025-04-02
2.965814373718004,0,70,2025-01-11
7.384368931649263,0,66,2025-10-21
0.0,0,68,2025-10-21
4.457599093579361,0,70,2025-09-11
9.459514387997942,0,66,2025-08-13
0.0,0,67,2025-08-13
2.88340100049696,0,66,2025-01-11
0.0,0,68,2025-01-11
0.0,0,68,2025-09-11
0.0,0,66,2025-01-23
7.700407931152384,2,69,2025-04-02
10.004820426612312,0,66,2025-09-11
0.0,0,69,2025-08-13
0.0,0,61,2025-09-11
9.490599256710723,0,63,2025-10-21
4.167250486058151,0,67,2026-01-19
2.6285644747477193,0,68,2026-01-19
0.0,0,69,2025-07-10
17.873615393124965,0,70,2026-01-19
0.0,0,68,2025-07-10
0.0,0,66,2025-07-10
5.526011159878536,0,69,2026-01-19
0.0,0,67,2025-07-10
0.0,0,70,2025-07-10
13.635393671796166,0,63,2026-01-19
0.0,0,69,2026-03-24
11.664838789499782,0,66,2025-06-23
117.08985916343912,0,70,2025-07-25
102.92144759323251,0,68,2025-07-25
0.0,0,67,2025-06-23
118.30001800865463,0,69,2025-07-25
2.554487378525934,0,70,2026-03-24
6.103611529564731,0,70,2025-09-22
6.354300285271194,0,66,2026-03-24
14.596637057390325,0,66,2025-09-22
0.0,0,68,2025-09-22
105.54311563376952,0,67,2025-07-25
0.0,0,67,2026-03-24
0.0,0,69,2025-06-23
11.30162932781785,0,69,2025-09-22
0.0,0,67,2025-09-22
0.0,0,68,2025-06-23
0.0,0,61,2025-09-22
28.957650489680773,0,65,2025-09-22
124.57837322264855,0,63,2025-07-25
3.0659048892670597,0,63,2026-03-24
0.0,0,67,2026-03-11
0.0,0,67,2025-11-08
6.107195941756544,0,66,2025-11-08
0.0,0,67,2025-08-24
0.0,0,70,2025-08-24
0.0,0,68,2025-11-08
0.0,0,67,2025-11-30
0.0,0,69,2025-11-30
4.012959051406767,0,66,2025-08-24
0.0,0,69,2025-11-08
0.0,0,70,2025-11-30
0.0,0,69,2026-03-11
2.1769504739028918,0,70,2026-03-11
4.4057981086876055,0,62,2026-03-11
1.0279991983141628,0,64,2025-08-24
13.819896483608332,0,65,2025-11-08
2.5063855210405137,0,63,2025-11-08
0.0,0,68,2025-03-04
0.0,2,69,2025-02-24
0.0,0,67,2025-03-04
0.0,0,66,2025-02-24
0.0,0,67,2025-02-24
0.0,0,70,2025-02-24
8.729591774993779,0,69,2025-03-04
8.210625477960718,0,66,2025-03-04
7.530433775130021,0,70,2025-03-04
0.0,0,69,2025-07-14
0.0,0,69,2025-07-01
0.0,0,70,2025-01-14
22.91963671514715,0,66,2025-07-14
0.0,0,67,2025-07-14
0.0,0,68,2025-09-10
0.0,0,67,2025-11-27
0.0,0,68,2025-11-27
0.0,0,66,2025-01-14
0.0,0,68,2025-01-14
0.0,0,68,2025-07-02
0.0,0,70,2025-07-01
14.334015399931701,0,66,2025-06-01
0.0,0,67,2025-06-01
14.275669997803789,0,66,2025-09-10
0.0,1,69,2025-06-01
0.0,0,66,2025-11-27
0.0,0,68,2025-07-14
0.0,0,66,2025-07-01
0.0,0,68,2025-07-01
7.58865593110032,0,70,2025-06-01
0.0,0,69,2025-07-02
8.743196841808512,0,69,2025-09-10
0.0,0,67,2025-07-01
12.804892767349273,0,70,2025-09-10
0.0,0,67,2025-07-02
0.0,0,70,2025-11-27
0.0,0,67,2025-01-14
0.7707596869122426,0,69,2025-01-14
0.0,0,68,2025-06-01
0.0,0,69,2025-11-27
11.097356914205946,0,62,2025-06-01
23.870735208090338,0,65,2025-07-02
0.0,0,62,2025-11-27
17.88876741042425,0,64,2025-09-10
0.5949742251016659,0,64,2025-11-27
27.978036648382087,0,63,2025-07-14
0.0,0,67,2025-05-24
3.50874110367198,0,69,2025-05-24
0.0,0,68,2025-05-24
0.0,2,69,2025-03-10
21.481727434413926,0,66,2025-03-10
3.612232654867526,0,69,2026-04-16
0.0,0,67,2025-12-04
0.0,0,68,2025-12-04
0.0,0,69,2025-12-04
0.0,0,68,2025-03-10
0.0,0,70,2025-12-04
0.0,0,66,2025-12-04
0.0,0,67,2025-03-10
0.0,0,68,2026-04-16
21.699888025535984,0,63,2025-03-10
0.0,0,61,2025-03-10
0.8875874635555334,0,62,2026-04-16
22.842983471458354,0,64,2025-05-24
0.0,0,69,2026-02-01
0.0,0,67,2025-09-07
1.5040684571408178,0,69,2026-04-26
10.807715914589991,0,66,2025-09-03
7.124477283116931,0,66,2026-02-01
0.4778574041907717,0,70,2025-09-07
0.0,0,70,2025-01-15
0.0,0,69,2025-09-07
0.0,0,66,2025-12-14
0.0,0,68,2025-12-14
0.0,0,69,2025-12-14
0.0,0,68,2026-02-01
0.0,1,69,2025-01-15
0.0,0,68,2025-09-07
0.0,0,67,2026-02-01
0.0,0,70,2025-12-14
8.276156089947108,0,66,2026-04-26
5.7686295574402635,0,70,2026-04-26
0.0,1,68,2025-01-15
0.0,0,69,2025-09-03
6.454320721785123,0,70,2026-02-01
0.0,0,67,2025-01-15
0.0,0,68,2025-09-03
0.0,0,67,2025-12-14
0.0,0,68,2026-04-26
0.0,0,67,2026-04-26
2.463731159108036,0,70,2025-09-03
0.0,0,66,2025-01-15
0.0,0,61,2025-12-14
30.20004959775818,0,64,2026-04-26
6.828499195073576,0,63,2026-04-26
8.836080130908897,0,62,2025-09-03
4.766987127114362,0,63,2026-02-01
16.898809151534792,0,64,2026-02-01
0.0,0,20,2025-05-15
0.0,1,16,2025-05-15
0.0,0,19,2025-11-14
1.0978054869046616,0,20,2025-11-14
83.35461438079666,0,17,2026-04-14
0.0,0,20,2026-04-14
57.60468176665799,0,17,2025-11-14
0.0,0,16,2025-11-14
0.0,0,20,2026-02-07
2.6859354640072013,0,20,2026-02-13
0.0,0,18,2026-02-13
0.0,0,18,2025-05-15
10.485762785106246,0,19,2025-05-15
37.59507752828176,0,18,2026-04-14
74.50374312857545,0,16,2026-04-14
0.7612879132325077,0,16,2026-02-07
0.0,0,17,2026-02-13
0.0,0,19,2026-02-13
0.0,0,18,2026-02-07
35.707327469408895,0,17,2026-02-07
6.7632457439060545,0,09,2025-11-14
14.737081521829651,0,09,2026-02-07
278.6430115187734,93,06,2025-05-15
81.22112328569924,0,09,2026-04-14
0.0,48,07,2026-02-13
0.0,0,09,2026-02-13
93.86522320448182,0,10,2026-04-14
1947.371852430216,2549,08,2026-02-13
1443.9291484130656,1928,08,2026-02-07
2427.626464104879,2580,08,2026-04-14
0.0,0,18,2025-06-20
5.67277657300518,0,19,2025-06-20
42.78304481168613,0,17,2025-06-20
33.23960937148817,0,17,2026-03-18
5.930293875139725,0,20,2025-06-29
0.0,0,18,2025-02-27
0.0,0,16,2025-11-21
0.0,1,16,2025-06-20
0.0,0,16,2026-03-18
1.4640028334444963,0,19,2025-11-21
16.155970480111876,0,19,2025-02-27
0.0,0,20,2026-03-18
0.0,0,18,2026-03-18
0.0,0,18,2025-06-29
0.0,0,20,2025-11-21
31.933238812234237,96,06,2025-11-21
2239.0429414548826,3154,08,2025-06-20
0.0,0,09,2025-06-20
29.247852621212687,0,10,2025-02-27
23.805846135872315,83,07,2025-11-21
29.526493616033477,0,10,2026-03-18
87.91301805488722,46,07,2025-06-29
36.14753599705304,63,07,2025-06-20
0.0,0,16,2025-08-06
0.0,0,16,2025-04-15
0.0,0,19,2025-08-30
14.943805662810774,0,19,2025-07-19
8.194432443585981,0,19,2025-04-15
0.0,0,18,2025-08-30
43.65069088091217,0,17,2025-04-15
101.06413106347846,0,17,2025-08-06
6.164752236212095,0,19,2025-08-06
0.0,0,20,2025-08-30
0.0,0,20,2025-04-15
76.4668876441609,0,17,2025-07-19
0.0,0,16,2025-08-30
33.883420588139735,0,20,2025-08-06
28.279615708283686,0,10,2025-08-30
0.0,50,07,2025-07-19
0.0,0,09,2025-08-30
3119.493095952054,2653,08,2025-08-06
0.0,0,18,2025-05-06
0.0,0,18,2026-02-02
14.323879298843138,0,18,2025-07-31
13.368684411317929,0,20,2025-05-06
0.0,0,20,2026-02-02
7.847510992705679,0,20,2026-02-27
84.3110876026104,0,17,2026-02-27
8.619589457378524,0,20,2025-07-31
153.6718814121372,0,17,2025-07-31
0.0,0,16,2025-05-06
0.0,0,16,2026-02-02
70.88993997122088,0,17,2025-05-06
0.9649671542960903,0,19,2026-02-02
24.250031217415795,0,19,2026-02-27
187.18305303909256,45,07,2026-02-27
115.66438062133867,42,06,2026-02-02
181.79491191589534,74,06,2026-02-27
88.64377269965311,0,10,2026-02-27
0.0,0,19,2025-10-16
0.0,0,16,2025-11-04
0.0,0,18,2025-11-18
0.0,0,20,2026-03-10
0.0,0,18,2025-11-04
0.0,0,16,2025-11-18
0.0,0,16,2025-08-12
59.891070269590884,0,17,2026-04-30
0.0,0,20,2025-10-16
15.30198897586807,0,19,2026-04-30
9.311801717679131,0,19,2025-11-18
0.0,0,16,2025-10-16
0.0,0,20,2025-08-12
43.73309591390248,0,19,2025-08-12
50.55419034278215,0,17,2025-11-04
0.0,0,18,2026-03-10
0.0,0,16,2026-03-10
0.0,0,20,2025-11-18
0.0,0,16,2026-04-30
2049.520217445227,2947,08,2025-11-18
12.16523859253175,0,09,2025-11-04
33.199186743280755,0,10,2025-11-18
151.43345190101815,73,06,2025-08-12
16.344906004732863,0,10,2026-03-10
49.271997786877044,43,07,2025-11-04
95.47795956489227,53,06,2026-03-10
9.955881112736321,0,09,2026-04-30
2025.9448468589171,2652,08,2025-11-04
3.526972916347731,0,20,2025-11-05
25.65163613827174,0,17,2025-02-07
16.778634801089524,0,17,2025-02-09
44.51967207696948,0,17,2025-03-11
0.0,0,20,2025-11-24
0.0,0,18,2025-02-07
0.0,0,16,2025-11-05
12.354823643537301,0,20,2025-02-07
0.0,1,16,2025-11-24
0.0,0,18,2025-03-11
23.311633009365536,0,19,2025-12-18
5.291623136431028,0,16,2025-12-18
0.0,0,18,2025-11-24
0.0,0,18,2025-11-05
11.843077460196227,0,19,2025-11-05
0.0,0,18,2025-12-18
0.0,0,16,2025-02-09
0.0,0,18,2025-02-09
0.0,0,19,2025-11-24
0.0,0,19,2025-03-12
4.068993143938897,0,19,2025-03-11
56.03794086613659,0,17,2025-11-05
45.1762352667238,0,17,2025-03-12
0.0,0,16,2025-03-12
2.2152505241057554,8,07,2025-02-09
0.0,0,10,2025-11-24
104.36564008064202,16,06,2025-11-24
79.51278768120808,29,07,2025-11-24
1992.1621572303259,2298,08,2025-03-12
37.41078739490713,34,07,2025-03-11
56.9733022139225,0,10,2025-12-18
1.1760609955387764,7,06,2025-02-09
74.71358939534649,70,06,2025-11-05
39.37890231122865,0,10,2025-11-05
0.0,0,16,2026-01-13
48.725496251340644,0,17,2026-01-13
0.0,0,18,2026-01-13
0.0,0,16,2026-01-10
0.0,0,20,2025-06-27
77.23014590562178,0,17,2025-06-27
0.0,0,17,2026-01-10
0.0,0,19,2026-01-10
57.114180840414264,0,10,2025-06-27
0.0,30,06,2026-01-10
0.0,0,09,2026-01-10
112.17105796970245,69,06,2025-06-27
23.74845046791151,0,19,2025-12-25
0.0,0,20,2025-09-27
0.0,0,20,2025-12-25
0.0,0,20,2025-07-12
104.8888952047959,0,17,2025-09-27
10.059388188112521,0,18,2025-09-27
72.95638676435487,0,17,2025-12-25
0.0,0,18,2025-12-25
0.0,0,18,2025-07-12
96.25518805617578,0,10,2025-09-27
75.13623808718877,0,10,2025-12-25
93.83549636615338,22,07,2025-03-21
59.403662135731935,0,09,2025-09-27
28.267597200641077,0,10,2025-03-21
0.0,0,16,2025-08-13
4.240408046176157,0,20,2025-01-23
12.549712628824693,0,17,2025-01-11
87.91080803668876,0,17,2025-09-11
62.26636146366408,0,19,2025-10-21
8.132743811569185,0,16,2025-04-02
3.928647755734289,0,19,2025-09-11
0.0,0,19,2025-08-13
0.0,0,20,2025-09-11
0.0,0,19,2025-01-11
0.0,0,18,2025-08-13
16.95639610856138,0,18,2025-10-21
0.0,0,16,2025-01-11
0.0,0,19,2025-01-23
1.020435435064087,0,20,2025-01-11
0.0,0,18,2025-01-11
0.0,0,16,2025-09-11
21.167072641231258,0,17,2025-01-23
0.0,0,16,2025-01-23
0.0,0,20,2025-04-02
111.6824715969342,0,17,2025-10-21
19.085925976505706,0,20,2025-08-13
12.225256335028675,0,16,2025-10-21
46.28096265183159,0,17,2025-04-02
0.0,0,18,2025-09-11
0.0,0,18,2025-01-23
10.40144510121894,22,07,2025-01-23
52.382613510441246,51,07,2025-08-13
112.59827098479633,84,06,2025-10-21
2197.105478088415,3355,08,2025-10-21
2575.2824835065658,2843,08,2025-09-11
3.309010041315659,0,09,2025-08-13
0.0,0,16,2026-01-19
0.0,0,20,2026-01-19
0.0,0,18,2025-07-10
0.0,0,20,2025-07-10
3.357314951072823,0,19,2025-07-10
3.7573965458618233,0,19,2026-01-19
53.40827311086078,0,17,2025-07-10
0.0,0,18,2026-01-19
29.12410897596918,0,17,2026-01-19
23.666561607746104,51,07,2025-07-10
907.0886768781954,2278,08,2026-01-19
0.0,0,18,2025-09-22
0.0,0,20,2025-06-23
9.527483278365509,0,20,2026-03-24
93.17039355575285,0,17,2025-07-25
81.52746356323527,0,17,2025-09-22
17.22611061028134,0,19,2025-09-22
0.0,0,16,2025-06-23
5.588248255800451,0,18,2025-07-25
10.910577658611587,0,19,2026-03-24
23.46734571698873,0,20,2025-09-22
58.54703800126458,0,17,2026-03-24
0.0,0,18,2025-06-23
0.0,0,18,2026-03-24
113.19103921549397,0,20,2025-07-25
1.9675323867049173,0,16,2025-07-25
2128.539681515985,2598,08,2025-06-23
1963.821795913356,2257,08,2025-09-22
18.25392363561143,37,07,2025-09-22
28.663265899310403,32,07,2025-06-23
393.4585827231174,20,06,2025-07-25
330.29423652481296,49,07,2025-07-25
58.385508211156306,39,07,2026-03-24
23.496165236481673,0,19,2026-03-11
0.0,0,18,2025-08-24
0.0,0,20,2026-03-11
0.0,0,18,2026-03-11
0.0,0,16,2025-11-08
35.50937122589096,0,17,2025-11-30
0.0,0,18,2025-11-30
63.285789397493495,0,17,2026-03-11
1.3630336495702835,0,16,2026-03-11
0.0,0,16,2025-11-30
0.0,0,19,2025-08-24
18.890296774517324,0,19,2025-11-30
2191.038648890122,3124,08,2026-03-11
0.0,34,07,2025-11-08
36.08375064654254,0,09,2026-03-11
19.270640720334,0,10,2025-08-24
0.0,5,06,2025-08-24
1626.4921757186166,2018,08,2025-11-08
7.587195463851458,18,07,2025-08-24
12.724025244992177,0,10,2025-11-08
0.0,22,06,2025-11-08
19.249114367709637,6,07,2025-11-30
10.51912455666239,0,19,2025-03-04
0.0,0,18,2025-02-24
0.0,0,20,2025-03-04
0.0,0,20,2025-02-24
28.397442217500398,0,17,2025-02-24
0.0,1,16,2025-03-04
67.86392194366638,14,07,2025-02-24
15.345038202158875,0,10,2025-02-24
0.0,0,09,2025-02-24
0.0,0,16,2025-09-10
0.0,0,18,2025-07-14
0.0,0,18,2025-01-14
0.0,0,20,2025-11-27
0.0,0,18,2025-09-10
8.911472642887318,0,16,2025-07-02
47.725071380450146,0,17,2025-07-01
11.588915730563585,0,20,2025-01-14
27.577374963383633,0,17,2025-01-14
64.46882705164553,0,17,2025-09-10
11.453307616873388,0,19,2025-07-01
0.0,0,16,2025-07-01
26.594995050784988,0,20,2025-09-10
21.171799113707323,0,20,2025-07-14
0.0,0,19,2025-07-14
0.0,0,16,2025-01-14
37.87981484244452,0,17,2025-11-27
0.0,0,16,2025-11-27
0.0,0,19,2025-06-01
34.94265415668336,0,17,2025-07-14
0.0,0,20,2025-06-01
0.0,0,19,2025-09-10
9.62107360307202,0,20,2025-07-01
189.84178024644046,47,07,2025-07-14
85.18002973169126,64,06,2025-07-01
0.0,0,09,2025-06-01
101.26656864864613,18,07,2025-07-01
256.26753114546267,13,06,2025-11-27
118.46740118198339,26,07,2025-07-02
172.42536403547894,46,06,2025-07-02
50.91860631229695,0,10,2025-09-10
1541.734333174464,2022,08,2025-06-01
197.28122099971677,19,07,2025-11-27
37.19651898131329,0,10,2025-07-01
0.0,0,20,2025-12-04
0.0,0,19,2026-04-16
0.0,0,18,2025-05-24
0.0,0,18,2025-12-04
0.0,0,20,2025-03-10
9.387893795223121,0,19,2025-05-24
75.01804148916617,0,17,2025-05-24
49.88250497381463,0,17,2025-03-10
0.0,1,16,2026-04-16
0.0,1,16,2025-12-04
26.52678483805903,0,10,2026-04-16
30.50096744972653,0,09,2025-05-24
1627.4469951395126,1392,08,2025-03-10
2653.403811269752,3178,08,2026-04-16
19.64937199188553,0,09,2025-12-04
0.0,36,07,2025-05-24
0.0,0,20,2025-01-15
0.0,0,18,2025-09-03
0.0,0,16,2025-12-14
0.0,0,19,2026-02-01
32.25525990158147,0,17,2025-09-07
42.846911075348594,0,19,2025-09-03
10.55133875780406,0,19,2026-04-26
0.0,0,18,2026-02-01
0.0,0,16,2026-02-01
0.0,0,18,2025-09-07
89.63375051597036,0,17,2025-09-03
5.162050856799169,0,16,2025-09-03
0.0,0,20,2025-09-07
0.0,0,18,2025-01-15
9.753960407563724,0,17,2025-12-14
0.11105230133134114,0,16,2025-01-15
35.60028377407241,0,17,2026-02-01
0.0,0,16,2025-09-07
37.34720181296211,0,17,2026-04-26
0.0,0,20,2025-12-14
0.0,0,19,2025-01-15
0.0,0,09,2025-12-14
6.072547543625092,3,06,2026-02-01
100.79080556578303,77,06,2025-09-03
931.502238674625,1888,08,2025-12-14
28.414163920199883,0,10,2025-01-15
20.28569834888799,47,07,2026-04-26
77.97750704101838,30,06,2025-01-15
1925.1025309664278,1887,08,2025-01-15
23.59844584335086,0,09,2025-09-03
5.790985662810186,65,07,2025-12-14
0.0,0,04,2025-05-15
2.3209552554167487,1,01,2025-05-15
18.903634808405414,0,04,2026-02-07
0.0,0,05,2025-05-15
64.00458842612593,0,02,2026-04-14
21.882929834845072,0,01,2026-02-07
0.0,0,05,2026-02-13
14.18580021496669,0,01,2025-11-14
84.91002355946213,2,01,2026-04-14
20.254578797176634,0,05,2025-11-14
0.0,0,04,2026-02-13
69.79487592724337,1,04,2026-04-14
15.840686016305341,0,04,2025-11-14
0.0,0,02,2026-02-07
0.0,0,02,2026-02-13
37.6018274685551,58,03,2026-04-14
0.0,0,01,2026-02-13
24.696813356762192,8,03,2026-02-07
19.664590757535905,25,03,2025-11-14
25.657784137130832,1,05,2026-04-14
0.0,0,02,2025-05-15
14.020822476626208,0,05,2026-02-07
19.339513141353095,5,41,2026-02-07
13.073732326167317,13,41,2025-05-15
0.0,3,43,2026-04-14
0.0,0,45,2025-11-14
0.0,0,43,2025-11-14
0.0,0,44,2025-11-14
0.0,2,44,2026-02-13
25.057882635940842,3,03,2025-06-29
14.484918369545468,0,04,2025-06-20
0.0,0,04,2025-11-21
18.2918250981772,19,03,2025-02-27
0.0,2,02,2025-11-21
9.99709064842638,0,05,2025-11-21
15.470805686299784,0,01,2025-06-20
28.635392210580193,0,05,2025-06-29
47.98854233174536,0,01,2025-02-27
3.9482808968559198,0,01,2025-11-21
21.946646093902004,0,04,2025-06-29
0.43249379733516946,0,02,2025-06-29
29.93105986131104,2,01,2025-06-29
15.52150113294303,47,03,2025-11-21
15.322722321289291,0,04,2026-03-18
4.683503943783592,48,03,2026-03-18
16.53888763689112,0,01,2026-03-18
13.0199485293533,0,05,2025-02-27
0.0,0,45,2026-03-18
0.0,0,43,2025-06-20
17.31297811985877,0,45,2025-06-29
0.0,3,44,2025-02-27
5.619211846116187,0,04,2025-08-30
5.895315791381961,0,01,2025-08-30
24.972989779456015,30,03,2025-04-15
12.060045968201578,0,05,2025-08-30
45.77885619064962,0,05,2025-07-19
0.0,2,02,2025-04-15
20.20670258633713,32,03,2025-08-06
54.17886638443495,0,05,2025-08-06
37.64151895007349,5,03,2025-08-30
18.07301513057638,0,04,2025-04-15
0.0,0,02,2025-08-30
0.0,0,02,2025-07-19
15.95048560541774,0,01,2025-07-19
7.899646577536515,0,04,2025-08-06
14.610947044678085,0,05,2025-04-15
15.428612432610791,0,42,2025-08-30
0.0,0,43,2025-08-30
0.44161880627899563,0,44,2025-08-30
34.341948256661595,29,41,2025-08-06
40.67316097518499,57,41,2025-07-19
0.0,1,04,2026-02-02
38.89514368644478,0,05,2025-05-06
0.0,0,01,2026-02-02
2.767819434521101,0,01,2026-02-27
20.981693966173808,0,01,2025-05-06
22.385040787015683,0,05,2025-07-31
28.40842592412487,0,04,2025-07-31
10.010997481902777,38,03,2025-07-31
0.0,19,03,2026-02-02
0.0,1,02,2026-02-02
0.0,1,02,2026-02-27
0.0,3,02,2025-05-06
13.04419570302197,0,45,2026-02-27
0.0,1,41,2026-02-02
39.992001307559946,13,41,2025-05-06
2.1898932888784373,0,42,2026-02-02
0.0,1,45,2025-05-06
8.320654686408801,0,45,2025-07-31
0.0,0,43,2025-07-31
4.479831342553624,0,42,2026-02-27
0.0,0,43,2026-02-02
0.0,0,02,2026-04-30
0.0,0,02,2025-11-18
25.821062903940287,49,03,2025-11-18
3.7638158730398743,0,05,2026-04-30
2.1068780745407167,0,01,2025-10-16
0.0,31,03,2025-10-16
0.6904255126750343,28,03,2026-03-10
17.000515226598594,0,01,2025-11-04
12.491867415914612,0,04,2025-11-18
1.9210167207379527,0,05,2025-10-16
0.0,0,02,2025-08-12
6.081318490527309,0,05,2026-03-10
0.0,0,01,2026-03-10
29.13227859471894,20,03,2025-11-04
0.024079692510184714,1,04,2025-10-16
0.0,2,02,2025-10-16
21.56756617837766,0,05,2025-11-18
0.0,0,02,2025-11-04
0.0,0,02,2026-03-10
7.963222445478408,24,03,2025-08-12
16.654086248842646,1,05,2025-11-04
20.10874961950296,0,01,2025-08-12
26.319003034865617,1,01,2026-04-30
26.53354366452487,0,04,2026-04-30
0.0,0,45,2025-11-04
16.742627211626953,0,42,2025-11-18
20.857311238642325,0,42,2025-08-12
0.0,0,43,2026-04-30
0.0,0,45,2025-08-12
0.0,0,43,2025-11-04
0.0,3,44,2025-08-12
0.0,1,44,2025-11-18
0.0,1,01,2025-11-24
29.611583633423606,1,01,2025-03-12
19.60240907552985,2,03,2025-02-09
0.0,0,02,2025-11-24
36.807979353818915,0,01,2025-03-11
15.674095255578848,0,05,2025-11-24
18.231852476436345,49,03,2025-12-18
38.57530272114471,0,05,2025-03-12
0.0,1,02,2025-03-12
8.031011641216168,0,04,2025-02-09
34.51469222008526,31,03,2025-11-05
18.9559724187135,1,01,2025-12-18
32.35220871306033,0,04,2025-03-11
42.664127927543575,30,03,2025-03-12
20.5935803923323,0,04,2025-12-18
22.26501435895497,1,01,2025-02-07
19.158254252713093,0,04,2025-02-07
25.731790279384782,1,05,2025-12-18
7.0632358270573405,0,05,2025-02-09
16.05712924607262,19,03,2025-02-07
23.459057101839164,0,05,2025-03-11
0.0,2,02,2025-03-11
27.19544367009169,0,01,2025-11-05
38.695679700602376,18,03,2025-03-11
19.94774285877446,0,05,2025-11-05
26.32551126633345,0,04,2025-11-05
8.630480400184794,0,42,2025-11-24
0.0,0,45,2025-03-11
0.0,0,43,2025-03-12
17.342731332862698,0,05,2026-01-13
0.0,0,02,2025-06-27
26.70336651550798,3,01,2026-01-13
20.848827207032855,31,03,2025-06-27
25.1451144241054,0,04,2025-06-27
0.0,2,02,2026-01-10
10.85949086869121,0,01,2026-01-10
31.6922122055636,0,01,2025-06-27
27.743516411919884,21,03,2026-01-13
26.43160263496874,1,04,2026-01-13
0.0,0,45,2026-01-10
9.750907223949,0,42,2026-01-13
0.0,0,45,2026-01-13
0.0,1,43,2026-01-13
0.0,1,44,2026-01-13
0.0,0,02,2025-09-27
0.0,0,04,2025-12-25
27.471958183259076,0,04,2025-07-12
3.6425286874351457,0,01,2025-12-25
7.083118087118677,15,03,2025-03-21
24.27228000852959,3,03,2025-07-12
17.256103824104116,0,04,2025-03-21
20.802613469189296,0,01,2025-03-21
0.0,2,02,2025-07-12
0.0,0,04,2025-09-27
0.0,0,01,2025-09-27
6.377857135009123,0,05,2025-03-21
0.0,0,02,2025-03-21
0.0,0,02,2025-12-25
0.0,0,43,2025-09-27
0.0,2,44,2025-03-21
0.0,0,45,2025-07-12
0.0,33,41,2025-09-27
0.0,0,45,2025-12-25
0.0,0,43,2025-12-25
1.7265843834937016,0,05,2025-09-11
28.847872834060837,0,04,2025-10-21
32.16310536331045,40,03,2025-10-21
3.147370387712826,0,05,2025-04-02
7.811182678821126,0,04,2025-01-11
4.493057434683692,31,03,2025-09-11
9.553984436232255,0,04,2025-09-11
0.0,35,03,2025-04-02
32.28114345856103,0,05,2025-08-13
14.759230778684469,0,04,2025-04-02
11.352766653378794,2,05,2025-01-23
22.58136515109136,1,05,2025-10-21
26.860902528109776,0,04,2025-01-23
19.053280363872744,0,04,2025-08-13
24.61767974726523,0,01,2025-08-13
32.23771979227782,0,01,2025-01-23
27.648553088970132,25,03,2025-08-13
10.866739052532097,1,01,2025-01-11
0.0,1,02,2025-09-11
16.15142657848375,2,01,2025-09-11
2.882509252763896,0,45,2025-04-02
0.0,1,44,2025-01-11
0.0,2,44,2025-08-13
0.0,0,04,2026-01-19
0.0,0,05,2026-01-19
11.990987554128154,0,04,2025-07-10
0.0,19,03,2026-01-19
0.1458168435163003,0,01,2026-01-19
27.87350060814032,2,01,2025-07-10
0.0,26,03,2025-07-10
0.0,0,02,2026-01-19
0.0,2,43,2025-07-10
10.304798774562258,2,41,2026-01-19
29.155040930006507,0,05,2026-03-24
22.204553272322173,0,05,2025-06-23
20.220261284289194,0,04,2025-07-25
19.859667802574876,0,01,2025-07-25
26.364964128652673,33,03,2026-03-24
32.19095132433629,0,05,2025-09-22
4.8980490179662866,0,02,2026-03-24
22.44016575980997,0,04,2025-09-22
26.432234266445562,0,01,2025-09-22
26.093892877237195,0,04,2025-06-23
0.0,0,02,2025-06-23
2.905600641613688,0,02,2025-07-25
188.55802495897564,11,03,2025-07-25
0.0,2,02,2025-09-22
29.894926948044528,16,03,2025-09-22
109.64387480115437,1,43,2025-07-25
0.0,0,43,2026-03-24
36.941781700179895,13,41,2025-09-22
0.5132957835369467,2,44,2025-09-22
0.0,0,44,2026-03-24
20.347989787799065,0,04,2025-08-24
14.198223905978722,4,03,2025-11-08
10.08175142542926,0,04,2025-11-08
19.50368498182128,0,04,2025-11-30
2.16797045230021,0,05,2025-08-24
41.143216411123426,0,03,2025-11-30
0.0,0,02,2025-08-24
17.38676525173173,0,04,2026-03-11
8.997694855362525,0,01,2025-11-08
6.731733570455717,0,05,2026-03-11
4.268267624194138,1,05,2025-11-08
30.19918724116563,0,41,2025-11-30
0.0,0,02,2025-02-24
25.543881624329543,0,01,2025-03-04
0.0,1,02,2025-03-04
10.729399549972754,0,05,2025-03-04
0.03440168108568287,0,05,2025-02-24
11.830246720596364,0,01,2025-02-24
0.0,0,43,2025-02-24
0.0,0,45,2025-03-04
0.0,4,44,2025-03-04
8.773181524891456,0,05,2025-07-14
4.693950067962803,0,04,2025-06-01
0.0,0,04,2025-11-27
0.0,2,02,2025-06-01
9.250065910480743,0,01,2025-06-01
0.0,2,02,2025-09-10
19.655397780032942,0,04,2025-07-01
32.74998074811901,0,01,2025-07-01
0.0,0,05,2025-11-27
0.0,0,01,2025-11-27
0.0,26,03,2025-07-14
21.209401429051383,0,01,2025-07-14
32.186529383484505,17,03,2025-07-01
34.62237334343169,40,03,2025-09-10
27.860997442966138,0,05,2025-07-01
27.20261157789065,18,03,2025-06-01
6.476740581136681,31,03,2025-07-02
15.142485803060964,0,05,2025-07-02
0.0,0,02,2025-07-14
19.174940133224027,1,04,2025-01-14
23.17783027087522,0,01,2025-01-14
0.0,2,03,2025-11-27
0.0,0,02,2025-01-14
46.30002612707482,0,05,2025-09-10
0.0,21,03,2025-01-14
0.0,0,05,2025-06-01
26.441868098369383,0,04,2025-07-02
17.40831370328401,0,04,2025-09-10
14.28732765287738,0,04,2025-07-14
39.60518583347658,4,01,2025-07-02
15.587189967331327,0,42,2025-07-02
0.0,0,44,2025-11-27
0.0,0,45,2025-09-10
0.0,0,45,2025-07-01
0.0,0,45,2025-06-01
0.0,77,03,2025-12-04
29.100227102867407,0,01,2026-04-16
3.1428329912343145,2,05,2025-12-04
33.69628111244989,54,03,2026-04-16
0.0,0,01,2025-12-04
36.3916868471034,24,03,2025-05-24
20.89348964582996,17,03,2025-03-10
10.48908219364965,0,04,2025-05-24
15.272541287366295,1,01,2025-03-10
11.652281637811257,0,01,2025-05-24
0.0,2,02,2025-03-10
0.0,0,04,2025-12-04
0.0,0,02,2025-05-24
13.283705544889187,0,04,2025-03-10
0.0,1,02,2026-04-16
0.0,2,02,2025-12-04
2.8201722087292183,2,05,2025-03-10
30.008996163963957,0,05,2026-04-16
19.60923236600479,0,04,2026-04-16
25.30664689033742,13,41,2025-03-10
4.847225772008144,1,42,2025-03-10
0.0,0,45,2026-04-16
37.22167517638259,39,41,2025-05-24
0.0,1,44,2025-12-04
0.0,0,02,2025-09-07
0.7580814107238893,0,01,2025-09-07
8.037057128926477,0,04,2026-04-26
0.0,0,02,2025-01-15
18.862216477192007,0,05,2026-02-01
3.8842386429782607,19,03,2025-01-15
22.982496960044557,4,03,2026-04-26
18.05049715905922,0,01,2025-12-14
0.0,0,02,2026-04-26
14.36836345006904,0,05,2025-01-15
52.369526977248604,2,03,2025-09-07
5.004981319699581,1,02,2025-09-03
17.923880641144322,0,01,2026-02-01
28.12697209057579,0,05,2025-09-03
0.0,1,02,2025-12-14
28.47295642508476,0,04,2025-01-15
0.0,0,05,2025-12-14
3.9497115052633944,0,05,2026-04-26
22.525190702704023,1,03,2026-02-01
0.0,0,04,2025-09-07
0.0,1,44,2025-01-15
3.44674209527696,3,41,2025-12-14
0.0,1,44,2025-12-14
11.668258778314296,0,45,2026-04-26
0.0,0,43,2026-04-26
0.0,0,45,2025-09-03
5.534149942580058,0,42,2026-02-01
3090.0705150077715,3346,08,2025-05-15
122.13768016678218,30,07,2026-04-14
32.069519397225356,0,10,2026-02-07
0.0,31,06,2026-02-13
40.12844377170055,0,09,2025-05-15
170.8864544113637,88,06,2026-04-14
27.237654184588877,14,06,2026-02-07
71.02215426840951,0,10,2025-05-15
0.0,0,10,2026-02-13
162.53663570991694,67,07,2025-05-15
105.42966714181101,57,06,2025-11-14
2345.8106779645736,2614,08,2025-11-14
68.22136869859955,58,07,2025-11-14
44.81183803475888,0,10,2025-11-14
26.09219012503958,17,07,2026-02-07
0.0,15,03,2026-02-13
0.0,51,03,2025-05-15
0.0,0,02,2025-11-14
2.9384906180229535,0,09,2025-02-27
2236.874420936609,1303,08,2025-06-29
2.6281830833435293,0,09,2025-11-21
2281.287390019334,2173,08,2025-02-27
120.29093916883873,79,06,2026-03-18
33.32156804403368,0,10,2025-11-21
2385.8612543158683,3336,08,2026-03-18
24.66774570740158,0,10,2025-06-20
2123.509073324206,2771,08,2025-11-21
55.190786080462544,137,06,2025-06-20
4.942287363439121,0,09,2026-03-18
58.229644522504294,0,10,2025-06-29
115.88405950881764,32,06,2025-06-29
84.77251257705001,56,06,2025-02-27
26.121709408822724,35,07,2025-02-27
33.143196282037636,0,09,2025-06-29
19.9839161426207,61,07,2026-03-18
22.320822844955515,19,03,2025-06-20
0.0,0,02,2025-06-20
44.267095003188146,0,04,2025-02-27
17.874747841285483,0,05,2026-03-18
6.180742348926685,0,05,2025-06-20
4.891629646656,0,02,2025-02-27
0.0,1,02,2026-03-18
70.18504679169115,34,07,2025-04-15
0.0,0,09,2025-04-15
0.0,23,06,2025-08-30
85.85592665855853,55,06,2025-04-15
19.383080200084393,0,10,2025-04-15
43.102928553055015,0,09,2025-07-19
68.59236064605743,0,10,2025-07-19
287.8872588352874,87,06,2025-08-06
1733.682125154357,1993,08,2025-08-30
2086.8307375199397,2214,08,2025-04-15
0.0,51,06,2025-07-19
1967.5866315746416,2115,08,2025-07-19
100.78381274750065,41,07,2025-08-06
0.0,47,07,2025-08-30
83.42810884509088,0,10,2025-08-06
29.602701414365768,0,09,2025-08-06
15.248148030778836,0,01,2025-08-06
14.568224983362995,1,01,2025-04-15
18.8119824698517,0,04,2025-07-19
48.66335411834262,14,03,2025-07-19
0.0,0,02,2025-08-06
77.57761014168375,0,09,2026-02-27
1331.9667345488733,1987,08,2026-02-02
64.80547871716574,0,09,2025-07-31
1332.63392200938,2256,08,2026-02-27
24.972462185687064,0,09,2026-02-02
122.12427449013929,0,10,2025-07-31
87.01459331402071,36,07,2026-02-02
156.55796852803343,81,06,2025-07-31
2707.6606036379935,2616,08,2025-07-31
34.50557561730834,0,10,2026-02-02
1.5866317001965058,0,09,2025-05-06
30.340001644234007,129,06,2025-05-06
2358.209549699985,2714,08,2025-05-06
45.14074497042372,0,10,2025-05-06
59.35673342156274,41,07,2025-07-31
16.275218935972248,41,07,2025-05-06
0.0,0,05,2026-02-27
0.0,0,04,2026-02-27
63.109970127690715,29,03,2025-05-06
0.0,3,02,2025-07-31
0.0,19,03,2026-02-27
0.0,0,05,2026-02-02
20.70375551941696,0,04,2025-05-06
38.33777234044532,0,01,2025-07-31
6.23335248992862,0,09,2025-11-18
84.26064413310328,53,06,2025-11-04
2627.292610419747,3655,08,2026-04-30
5.301542876839562,0,09,2025-10-16
174.97250461148076,95,06,2025-10-16
2646.50345130973,2676,08,2025-08-12
63.750506498651376,88,06,2025-11-18
74.63151357471135,0,09,2025-08-12
107.80309969555013,3,10,2025-08-12
43.51572905965287,0,10,2026-04-30
2820.119185408305,3368,08,2025-10-16
76.87812269009278,49,07,2025-08-12
27.942375094454505,77,06,2026-04-30
99.39633110103267,50,07,2025-10-16
1922.7630550073243,2963,08,2026-03-10
30.19288793980941,33,07,2025-11-18
48.463971029981145,0,10,2025-10-16
0.0,70,07,2026-04-30
45.99368197030669,33,07,2026-03-10
3.9996630593229128,0,09,2026-03-10
39.24342121381415,2,10,2025-11-04
8.795951167653214,1,04,2025-08-12
17.129464213187475,0,01,2025-11-18
16.71068699344808,0,05,2025-08-12
15.76271754885363,0,04,2025-11-04
5.113047433138362,50,03,2026-04-30
0.0,0,04,2026-03-10
0.0,0,09,2025-11-24
2035.0265006806542,3834,08,2025-12-18
182.94702326500567,64,06,2025-03-12
1940.5529991769747,1892,08,2025-11-24
33.76086459250047,0,10,2025-03-12
1326.5318846341308,353,08,2025-02-09
39.49912835595774,43,06,2025-03-11
12.605464700243118,0,10,2025-02-09
54.583041329613216,32,07,2025-11-05
183.69219274111265,86,06,2025-12-18
26.434902380823317,0,10,2025-03-11
2418.412028543831,2959,08,2025-11-05
3.2349569218182523,0,09,2025-03-12
2.38643281038145,0,09,2025-11-05
1948.4157385796434,2217,08,2025-03-11
0.0,0,09,2025-02-09
208.13324160393432,23,07,2025-03-12
7.208815990062604,33,06,2025-02-07
1610.431974144049,1404,08,2025-02-07
0.0,0,09,2025-03-11
0.0,0,09,2025-02-07
0.0,19,07,2025-02-07
22.209814059172928,0,10,2025-02-07
76.2071231355405,100,07,2025-12-18
32.36292742261114,0,09,2025-12-18
0.0,0,02,2025-02-09
9.687468131578754,0,01,2025-02-09
30.293087521076586,19,03,2025-11-24
0.0,0,02,2025-11-05
0.0,0,04,2025-11-24
0.0,0,02,2025-12-18
1.748566121376271,1,02,2025-02-07
27.082735284145713,0,04,2025-03-12
15.351956199153676,0,05,2025-02-07
2433.046921432184,2780,08,2025-06-27
1496.6437713628893,1398,08,2026-01-10
0.0,0,10,2026-01-10
72.2060807996998,50,06,2026-01-13
34.953908608045715,27,07,2026-01-13
74.07045089279379,66,07,2025-06-27
2018.1465047052366,2058,08,2026-01-13
0.0,50,07,2026-01-10
11.28030076227445,0,09,2025-06-27
6.960381961683808,0,09,2026-01-13
40.68196531889739,0,10,2026-01-13
11.418480023010687,0,05,2025-06-27
11.773292428680946,0,04,2026-01-10
0.0,1,02,2026-01-13
15.347499342535414,0,05,2026-01-10
30.40466835054609,13,03,2026-01-10
41.92302195703836,0,10,2025-07-12
0.0,0,09,2025-07-12
36.894193187639914,0,09,2025-12-25
0.0,0,09,2025-03-21
131.03620993427646,94,06,2025-09-27
2099.850508844601,240,08,2025-12-25
134.05357596286322,83,06,2025-03-21
229.44695460827623,0,06,2025-12-25
2291.5131479254137,1781,08,2025-07-12
63.76598055137842,15,06,2025-07-12
37.0234430058069,62,07,2025-07-12
115.7637153071525,0,07,2025-12-25
2110.15169768812,1974,08,2025-03-21
2212.506758882114,2447,08,2025-09-27
74.49343957302804,85,07,2025-09-27
0.0,0,05,2025-09-27
0.0,0,03,2025-12-25
13.111068479113655,0,05,2025-07-12
34.21014789054359,1,01,2025-07-12
1.4927751290460378,0,05,2025-12-25
0.0,15,03,2025-09-27
1668.783333883242,532,08,2025-01-11
59.045734003099895,0,10,2025-04-02
50.12709529148175,0,09,2025-04-02
86.74960200519746,0,10,2025-10-21
32.16690117826751,3,06,2025-01-11
10.288606853573299,0,10,2025-01-11
131.99072771787482,53,06,2025-08-13
63.041128516249934,57,07,2025-10-21
1.7936559340343479,0,09,2025-01-23
0.0,0,09,2025-01-11
17.21235140552845,5,07,2025-01-11
70.80686067484667,0,10,2025-09-11
187.7709542684074,78,06,2025-09-11
136.9249988897723,50,07,2025-09-11
50.54150835733351,0,09,2025-10-21
1914.2118887320235,2057,08,2025-01-23
19.332054321290343,0,10,2025-01-23
238.143609790244,56,06,2025-04-02
153.68722046243775,8,07,2025-04-02
37.10528592671398,48,06,2025-01-23
23.08204970577934,0,09,2025-09-11
52.883614894362346,1,10,2025-08-13
2052.0770279104713,2345,08,2025-04-02
2954.8364453258246,2555,08,2025-08-13
28.102455241474345,0,01,2025-10-21
31.978203819964556,10,03,2025-01-11
27.691461061696998,0,01,2025-04-02
0.0,0,02,2025-04-02
0.0,0,02,2025-01-11
0.0,0,02,2025-08-13
8.857652565129953,0,02,2025-10-21
8.03900042479701,26,03,2025-01-23
0.0,0,02,2025-01-23
22.60684261555761,0,05,2025-01-11
10.55943112896881,0,09,2026-01-19
70.03625263513987,52,06,2025-07-10
100.72721973477755,44,06,2026-01-19
89.80729345681073,44,07,2026-01-19
2824.5616409766094,2868,08,2025-07-10
55.91700657080719,0,10,2025-07-10
40.83168125933261,0,09,2025-07-10
29.08126248253201,2,10,2026-01-19
0.0,0,05,2025-07-10
0.0,0,02,2025-07-10
24.825444773420017,0,09,2025-06-23
2048.8359044325716,2369,08,2026-03-24
70.72432256053673,0,10,2025-07-25
102.53694979694973,42,06,2026-03-24
43.13553678874426,66,06,2025-06-23
24.076897421226008,0,09,2026-03-24
62.51315516038679,0,10,2025-06-23
36.31865296872414,0,09,2025-07-25
8.213752140874561,48,06,2025-09-22
49.931211591306024,0,10,2026-03-24
26.084986793119924,0,09,2025-09-22
574.2068949837358,2527,08,2025-07-25
64.17876087567775,0,10,2025-09-22
41.27019766694583,44,03,2025-06-23
29.142235199416263,0,04,2026-03-24
32.09509495308425,0,01,2026-03-24
167.63517488067814,0,05,2025-07-25
33.36807747257534,2,01,2025-06-23
31.80225908234926,1,10,2025-11-30
56.01424944425697,0,10,2026-03-11
28.83039727099799,4,06,2025-11-30
27.262404691015703,35,07,2026-03-11
65.2194542753582,63,06,2026-03-11
1385.2297703843226,1001,08,2025-11-30
14.566512468723445,0,09,2025-11-30
0.0,0,09,2025-08-24
0.0,0,09,2025-11-08
1700.636244004071,1216,08,2025-08-24
11.893763469948553,51,03,2026-03-11
21.11032456204056,0,01,2025-08-24
27.091838074696483,0,01,2025-11-30
47.070929916411046,15,03,2025-08-24
6.287074365924468,0,02,2025-11-30
23.28708550851549,0,05,2025-11-30
0.0,0,02,2025-11-08
0.0,0,02,2026-03-11
22.320367493932054,2,01,2026-03-11
70.5082955931451,50,06,2025-03-04
28.218110426807712,0,10,2025-03-04
2.1130090323395905,0,09,2025-03-04
38.49385464812663,21,07,2025-03-04
1767.8592572168775,1229,08,2025-02-24
83.3366579937144,17,06,2025-02-24
2040.3371285996066,2531,08,2025-03-04
25.113170707745056,0,04,2025-03-04
7.499807828306913,25,03,2025-03-04
20.44670996962263,15,03,2025-02-24
12.406467130258719,0,04,2025-02-24
2364.5057836810784,2291,08,2025-07-14
27.434387197936644,0,10,2025-07-14
0.0,25,07,2025-06-01
13.33313548050404,0,09,2025-11-27
0.0,32,06,2025-06-01
2692.3492098495594,2184,08,2025-07-02
2899.736412079281,2893,08,2025-09-10
1506.9173820101066,1737,08,2025-01-14
111.11474992026783,41,06,2025-01-14
8.83224920547572,0,09,2025-09-10
20.856438418782687,0,10,2025-06-01
238.85270387248923,74,06,2025-09-10
84.76542796041772,12,07,2025-01-14
25.13748541762463,0,10,2025-01-14
1827.6072132969443,843,08,2025-11-27
147.26784670411703,50,07,2025-09-10
5.590114430037502,0,09,2025-07-14
8.401908252134419,0,09,2025-01-14
38.806149193564096,0,10,2025-11-27
5.40414080863556,0,09,2025-07-01
290.94770357514903,29,06,2025-07-14
2251.258050894303,1995,08,2025-07-01
81.14151330476567,0,10,2025-07-02
47.40394215440397,0,09,2025-07-02
0.0,0,02,2025-07-01
0.0,0,02,2025-11-27
12.881884118637828,0,05,2025-01-14
0.0,0,02,2025-07-02
19.3707459181403,2,01,2025-09-10
33.07779024735426,27,06,2025-03-10
8.09711820810874,40,06,2025-05-24
133.9977190257201,108,06,2026-04-16
0.0,0,09,2026-04-16
15.831649010996856,0,09,2025-03-10
235.62289349787454,93,06,2025-12-04
64.87345131259599,0,10,2025-05-24
52.65942994109221,0,10,2025-12-04
1871.345769416634,1913,08,2025-05-24
2010.7886254811415,4185,08,2025-12-04
36.80956500153185,42,07,2026-04-16
27.970580271286366,7,07,2025-03-10
183.0933604815833,104,07,2025-12-04
37.57228528843875,0,10,2025-03-10
21.27669892340434,0,05,2025-05-24
9.287718224776626,42,06,2025-12-14
10.029344218400439,0,09,2025-01-15
1571.7492330760704,1347,08,2025-09-07
64.37847377419135,0,10,2025-09-03
35.112989215978786,11,06,2026-04-26
1452.193185772827,1001,08,2026-02-01
0.0,0,09,2025-09-07
1811.227229615829,1868,08,2026-04-26
7.565927696155171,0,10,2025-12-14
16.011899225951097,0,10,2025-09-07
2757.156203894928,2267,08,2025-09-03
29.405061082023437,19,07,2025-09-07
47.38640191646234,34,07,2025-09-03
16.165406225696884,20,07,2025-01-15
3.5830513481579516,0,09,2026-04-26
22.641286594561393,22,06,2025-09-07
27.6944625569664,0,10,2026-04-26
0.0,5,07,2026-02-01
30.712243427370126,0,10,2026-02-01
14.638526202820415,0,09,2026-02-01
15.47206383986574,0,04,2026-02-01
0.0,0,02,2026-02-01
0.0,0,05,2025-09-07
26.595760652028957,0,01,2025-09-03
11.08991240872615,0,04,2025-12-14
19.4700687919117,22,03,2025-12-14
15.804123397339666,0,01,2026-04-26
31.48957870494906,0,01,2025-01-15
28.714742699780658,0,04,2025-09-03
27.275317692813857,20,03,2025-09-03
0.0,0,61,2026-02-13
9.034884096853347,0,65,2026-04-14
0.0,0,62,2026-02-07
0.0,0,61,2025-05-15
0.0,0,63,2026-02-07
0.0,0,62,2026-04-14
51.63042247816081,0,65,2025-05-15
0.0,0,61,2026-04-14
2.4938305151820543,0,64,2026-02-13
0.0,0,65,2026-02-07
23.96560671302187,0,63,2025-05-15
13.772343135868766,0,64,2026-04-14
10.901252205662999,0,64,2025-11-14
37.61113017566249,0,62,2025-05-15
0.0,0,64,2026-02-07
0.0,0,62,2025-11-14
0.0,0,62,2026-02-13
0.0,0,63,2026-04-14
0.0,0,61,2026-02-07
70.79263197831212,0,64,2025-05-15
0.0,0,63,2025-11-14
0.0,0,61,2025-11-14
0.10789891751524294,0,65,2026-02-13
0.0,0,73,2025-05-15
9.809066696136767,0,75,2025-05-15
0.0,0,74,2026-04-14
0.0,0,72,2025-11-14
0.0,0,73,2025-11-14
9.05396321753922,0,75,2025-11-14
0.0,0,72,2026-02-07
51.95268573652059,0,65,2025-06-29
10.952354138775249,0,65,2025-11-21
0.0,0,61,2025-11-21
8.662774050008451,0,62,2025-06-20
0.0,0,63,2025-11-21
12.89386660995369,0,61,2025-06-29
0.0,0,64,2025-02-27
12.225965817460676,0,65,2026-03-18
61.72781378624488,0,64,2025-06-29
0.0,0,65,2025-02-27
0.0,0,61,2025-02-27
0.0,0,62,2025-11-21
0.0,0,63,2025-02-27
0.0,0,62,2025-02-27
41.79858613271847,0,62,2025-06-29
0.0,0,63,2026-03-18
19.47857886360829,0,64,2025-06-20
8.64073612793743,0,63,2025-06-20
0.0,0,61,2025-06-20
0.0,0,61,2026-03-18
19.482919773686987,0,65,2025-06-20
37.51485349881063,0,63,2025-06-29
47.95432483771125,0,64,2025-08-06
3.9364142120064685,0,62,2025-08-30
0.0,0,61,2025-08-06
14.181745146906323,0,65,2025-04-15
0.26869953723459616,0,63,2025-07-19
4.044112875447212,0,63,2025-04-15
22.689592388824735,0,62,2025-08-06
2.830973772778634,0,62,2025-04-15
6.5718169910274185,0,63,2025-08-30
0.0,0,61,2025-08-30
14.22810016983263,0,64,2025-08-30
13.09458250882021,0,65,2025-08-30
12.589479559947847,0,65,2025-07-19
18.168653619767824,0,64,2025-07-19
0.0,0,61,2025-07-19
0.0,0,61,2025-04-15
17.656542486123698,0,65,2025-07-31
1.3697376497369333,0,63,2025-07-31
0.0,0,63,2026-02-02
0.0,1,61,2025-05-06
43.41092580319078,0,62,2026-02-27
23.850354765566706,0,63,2026-02-27
3.734662437807586,0,61,2026-02-27
7.514028240737787,0,65,2025-05-06
5.308234071013686,0,64,2025-05-06
43.15052555875381,0,65,2026-02-27
64.81933689118674,0,64,2026-02-27
5.635086500726743,0,63,2025-05-06
8.142017426048625,0,62,2026-02-02
36.572167357015225,0,64,2025-07-31
0.0,0,61,2026-02-02
9.727619904426092,0,65,2026-02-02
0.0,0,61,2026-04-30
12.166945409353929,0,62,2025-08-12
0.0,0,61,2026-03-10
0.0,0,61,2025-11-04
25.718088545524225,0,65,2026-04-30
28.439127073589617,0,64,2026-04-30
20.061777485568356,0,65,2025-10-16
38.91311238863915,0,64,2025-08-12
17.311263229949873,0,65,2025-11-04
12.919407289276734,0,62,2025-11-18
23.412477621286087,0,65,2025-08-12
6.554253066081131,0,62,2025-11-04
10.30570851920912,0,62,2026-04-30
5.652033785832671,0,63,2026-04-30
0.0,0,63,2025-10-16
0.0,0,63,2026-03-10
20.448166098704903,0,64,2025-11-04
3.9139088955568297,0,63,2025-08-12
20.501381588546053,0,64,2026-03-10
0.0,0,61,2025-08-12
5.778749606923597,0,63,2025-11-18
6.124675976602163,0,63,2025-11-04
20.88550217016781,0,64,2025-10-16
0.0,0,74,2025-08-12
0.0,0,74,2025-11-04
0.0,0,73,2025-11-18
0.0,0,73,2026-04-30
0.0,0,71,2026-04-30
8.793152796924957,0,63,2025-02-09
0.0,0,61,2025-02-09
0.0,0,63,2025-12-18
11.578063423102776,0,65,2025-03-11
6.08719365825938,0,64,2025-11-05
0.0,0,61,2025-12-18
22.15231822243824,0,65,2025-11-24
0.0,0,61,2025-11-24
19.373826091436143,0,64,2025-03-12
26.80074754292653,0,64,2025-11-24
11.535830541543916,0,65,2025-03-12
4.602980969532851,0,62,2025-02-07
14.713983715794228,0,62,2025-11-24
12.921273131111121,0,64,2025-02-09
0.0,0,62,2025-03-11
16.829925319097953,0,65,2025-02-09
0.0,0,61,2025-03-11
0.0,0,61,2025-02-07
0.15965331455927867,0,63,2025-11-05
2.884078769950861,0,62,2025-12-18
6.466218617791995,0,64,2025-03-11
6.609849052561984,0,63,2025-02-07
12.329339490467234,0,65,2025-12-18
0.0,0,61,2025-03-12
21.790282892537775,0,64,2025-12-18
14.233763238808166,0,65,2025-02-07
9.473724837527243,0,64,2025-02-07
0.0,0,62,2025-11-05
0.0,0,61,2025-11-05
4.344196707305869,0,63,2025-03-11
11.055477316660117,0,65,2025-11-05
7.538071778083776,0,62,2025-02-09
0.0,0,62,2025-03-12
1.42919979001924,0,74,2025-11-05
12.821368351528946,0,75,2025-11-24
0.0,0,71,2025-12-18
0.0,0,72,2025-03-12
1.462026101064808,0,74,2025-03-11
0.0,0,71,2025-02-07
5.801989960125638,0,74,2025-02-07
6.493920351468844,0,64,2025-06-27
0.0,0,61,2026-01-13
3.207934156128985,0,64,2026-01-10
1.8422056777518776,0,65,2026-01-10
0.0,0,61,2026-01-10
4.337770066061182,0,62,2026-01-13
0.0,0,61,2025-06-27
0.0,0,63,2026-01-10
3.9505912688053684,0,63,2026-01-13
15.926879283401433,0,64,2026-01-13
0.0,0,62,2025-06-27
0.0,0,71,2026-01-13
0.80940764971308,0,74,2026-01-10
0.0,0,73,2026-01-13
19.54262728919305,0,64,2025-03-21
8.83341695735507,0,62,2025-07-12
0.0,0,61,2025-07-12
0.0,0,61,2025-12-25
0.0,0,63,2025-12-25
10.460036552000929,0,63,2025-07-12
9.317506796592497,0,65,2025-09-27
0.0,0,63,2025-09-27
0.0,0,61,2025-09-27
11.529099247766453,0,63,2025-03-21
1.2752818772968197,0,62,2025-09-27
0.0,0,65,2025-12-25
19.10960409534998,0,65,2025-07-12
16.37986243469669,0,64,2025-07-12
18.060502155228406,0,64,2025-09-27
5.43226956510685,0,64,2025-12-25
10.524637334594146,0,62,2025-03-21
0.7898968991841997,0,75,2025-09-27
6.075610179931374,0,73,2025-07-12
0.0,0,73,2025-09-27
7.248582978555888,0,65,2025-04-02
0.0,0,63,2025-01-11
15.953630781924119,0,62,2025-10-21
0.0,0,61,2025-04-02
0.03466827496707481,0,62,2025-01-11
0.0,0,63,2025-01-23
4.218103135001414,0,63,2025-08-13
0.0,0,64,2025-01-23
19.973780997656732,0,64,2025-08-13
0.0,0,61,2025-01-11
0.0,0,65,2025-01-23
32.119929972629635,0,64,2025-09-11
0.8662882769074542,0,62,2025-04-02
0.0,0,62,2025-01-23
24.895789775132712,0,65,2025-09-11
7.560485644313204,0,64,2025-01-11
0.0,0,61,2025-10-21
15.449779443221345,0,64,2025-04-02
9.523078907883757,0,65,2025-01-11
10.591952967079905,0,62,2025-09-11
21.34801664306289,0,65,2025-08-13
3.442755505573345,0,62,2025-08-13
0.0,0,61,2025-08-13
37.50481708775468,0,64,2025-10-21
7.750294571226107,0,63,2025-09-11
0.0,0,61,2025-01-23
24.576929566901484,0,65,2025-10-21
0.0,0,63,2025-04-02
0.0,0,74,2025-01-23
2.2050218907414916,0,74,2025-09-11
0.0,0,63,2025-07-10
0.0,0,61,2025-07-10
0.0,0,61,2026-01-19
48.300350941566435,0,64,2026-01-19
31.58208557862295,0,65,2026-01-19
2.1737755142827524,0,62,2025-07-10
37.792069289003216,0,64,2025-07-10
28.682672489814863,0,62,2026-01-19
14.685450811520212,0,65,2025-07-10
17.38542797711152,0,75,2026-01-19
18.89498247158548,0,62,2025-09-22
14.188850617667924,0,64,2026-03-24
15.93189968811464,0,65,2026-03-24
127.66534475462404,0,62,2025-07-25
11.22564905458188,0,62,2025-06-23
37.34411613242281,0,64,2025-09-22
13.367481264232723,0,63,2025-06-23
0.0,0,61,2025-06-23
3.4410205841230663,0,62,2026-03-24
0.0,0,61,2026-03-24
14.159064233466637,0,63,2025-09-22
21.354022188021588,0,64,2025-06-23
20.068112445162285,0,65,2025-06-23
120.67258613883149,0,61,2025-07-25
129.92978900886038,0,65,2025-07-25
136.55795248087503,0,64,2025-07-25
0.0,0,71,2026-03-24
0.0,0,74,2025-06-23
5.531033475762797,0,65,2025-08-24
4.796865225404289,0,63,2025-08-24
0.0,0,61,2025-11-30
0.0,0,63,2025-11-30
0.0,0,61,2025-08-24
15.864587584622186,0,65,2026-03-11
3.0847977510919264,0,62,2025-11-08
0.0,0,61,2026-03-11
23.467051320311597,0,64,2026-03-11
0.0,0,62,2025-08-24
0.0,0,61,2025-11-08
4.889490839032703,0,62,2025-11-30
22.055292735213968,0,64,2025-11-30
17.017650766371943,0,64,2025-11-08
0.0,0,63,2026-03-11
12.386457602525283,0,65,2025-11-30
0.8316310357348158,0,72,2026-03-11
0.912000564981085,0,71,2025-11-08
0.0,0,71,2025-11-30
3.69416828572804,0,63,2025-03-04
22.395584293482045,0,64,2025-03-04
18.588473685695845,0,65,2025-03-04
8.445850141323163,0,62,2025-03-04
0.0,0,61,2025-02-24
0.0,0,63,2025-02-24
0.0,0,62,2025-02-24
0.0,0,61,2025-03-04
7.414836966931375,0,65,2025-02-24
6.578885000433814,0,64,2025-02-24
7.9453266217845595,0,63,2025-09-10
0.0,0,62,2025-01-14
0.0,0,61,2025-06-01
5.286471170741876,0,62,2025-09-10
0.0,0,61,2025-01-14
10.967906285405633,0,63,2025-07-02
24.110404008301586,0,65,2025-09-10
1.8450385478330418,0,65,2025-01-14
64.94680596269312,0,64,2025-07-14
9.757049075638506,0,65,2025-07-01
20.5559854645968,0,65,2025-06-01
46.70487348312037,0,65,2025-07-14
37.84139534411543,0,62,2025-07-14
13.668204798893399,0,64,2025-07-01
19.67033708937599,0,64,2025-06-01
8.18920045827663,0,62,2025-07-02
25.0610866849958,0,64,2025-07-02
0.0,0,63,2025-01-14
0.0,0,65,2025-11-27
0.0,0,63,2025-07-01
0.0,0,61,2025-07-01
12.778660324037858,0,63,2025-06-01
0.0,0,63,2025-11-27
0.4458808303306654,0,61,2025-07-14
0.0,0,61,2025-07-02
0.0,0,62,2025-07-01
0.0,1,61,2025-09-10
15.436595775579534,0,64,2025-01-14
0.0,0,61,2025-11-27
0.0,0,73,2025-07-14
0.0,0,72,2025-11-27
0.0,0,75,2025-11-27
0.0,0,75,2025-01-14
0.0,0,71,2025-01-14
0.0,0,73,2025-07-01
0.0,0,74,2025-01-14
33.695405079810136,0,64,2025-03-10
0.0,0,63,2026-04-16
0.0,0,62,2025-12-04
0.0,0,61,2026-04-16
21.480609168639987,0,65,2025-05-24
31.52365573528062,0,65,2025-03-10
21.24268769134089,0,64,2026-04-16
10.605736441540728,0,63,2025-05-24
0.0,0,63,2025-12-04
10.662572473312181,0,62,2025-05-24
8.326676371567089,0,64,2025-12-04
23.524989515208958,0,62,2025-03-10
0.0,0,61,2025-12-04
0.0,0,65,2025-12-04
0.0,0,61,2025-05-24
13.526058217740498,0,65,2026-04-16
9.997602229985688,0,72,2025-05-24
8.193436527742591,0,73,2025-05-24
11.034727900021323,0,74,2025-05-24
10.199532177975826,0,75,2025-03-10
0.0,0,61,2025-01-15
0.0,0,65,2025-12-14
0.0,0,63,2025-12-14
0.0,0,61,2026-04-26
7.980673072708299,0,65,2025-01-15
0.0,0,62,2025-01-15
9.927527269416757,0,64,2025-01-15
15.772408922654861,0,65,2026-02-01
11.795260571552049,0,64,2025-09-07
4.807139526897359,0,62,2025-09-07
11.18211954139342,0,62,2026-04-26
21.999942869043892,0,65,2025-09-03
14.487635375572097,0,65,2025-09-07
0.0,0,61,2026-02-01
9.00653695360809,0,63,2025-09-03
0.0,0,63,2025-01-15
7.761033336360981,0,62,2026-02-01
24.209214039902662,0,64,2025-09-03
0.0,0,61,2025-09-07
0.0,0,61,2025-09-03
9.229635561163946,0,63,2025-09-07
0.0,0,62,2025-12-14
0.0,0,64,2025-12-14
20.039273995589596,0,65,2026-04-26
0.26020169514282543,0,73,2025-12-14
0.0,0,71,2025-01-15
14.90024167785279,0,75,2025-09-07
0.0,0,58,2026-02-13
0.0,0,58,2026-02-07
103.96226464516836,68,56,2026-02-13
5.772507987076068,0,60,2026-02-07
118.11486954868846,155,56,2025-11-14
23.106443914765094,0,58,2025-05-15
4.040105504207688,0,60,2026-02-13
35.71080730741914,0,57,2025-05-15
0.0,0,60,2025-05-15
75.94576548487355,20,56,2026-02-07
0.0,0,58,2025-11-14
0.0,0,57,2026-04-14
109.9718126120472,246,56,2026-04-14
227.6383747126935,348,56,2025-05-15
0.0,0,58,2026-04-14
0.0,11,59,2025-05-15
0.0,0,57,2025-11-14
0.0,4,59,2025-11-14
11.60561665309396,0,60,2026-04-14
13.716340825473495,0,60,2025-11-14
0.0,6,59,2026-04-14
0.0,0,57,2026-02-13
0.0,5,59,2026-02-13
0.0,0,57,2026-02-07
0.0,0,59,2026-02-07
0.0,0,57,2026-03-18
123.26199557762254,287,56,2025-06-20
0.0,0,57,2025-02-27
0.26825700271974995,0,60,2025-02-27
0.0,3,59,2025-02-27
87.15621508097786,171,56,2025-02-27
18.34610460564528,0,60,2025-11-21
42.165347083686505,0,57,2025-06-29
0.0,0,58,2025-11-21
116.32535504418007,141,56,2025-11-21
6.524574544133188,0,60,2025-06-20
0.0,2,59,2025-06-20
39.53712791794607,0,58,2025-06-29
192.08553787549408,115,56,2025-06-29
0.0,0,58,2026-03-18
6.44109956684548,0,57,2025-06-20
0.0,5,59,2026-03-18
0.0,0,57,2025-11-21
0.0,6,59,2025-11-21
6.095583018785575,0,58,2025-06-20
18.56497100950844,0,60,2026-03-18
24.58266533742446,0,60,2025-06-29
116.61755031914684,140,56,2026-03-18
0.0,0,58,2025-02-27
50.32112042316861,0,60,2025-08-06
0.0,9,59,2025-04-15
2.4903515480512795,0,57,2025-04-15
5.72301115440024,0,60,2025-08-30
23.904783044362304,0,57,2025-08-06
1.9937380031136627,0,57,2025-07-19
171.9118976236789,197,56,2025-04-15
7.730530398668137,5,59,2025-08-06
116.08052917235611,118,56,2025-08-30
4.583628216703261,0,59,2025-07-19
0.0,0,58,2025-07-19
7.1730545181654435,2,58,2025-04-15
20.466112637048496,0,58,2025-08-06
2.7744523263248766,0,60,2025-04-15
0.0,0,59,2025-08-30
39.85313684511059,0,60,2025-07-19
212.9196145996246,228,56,2025-08-06
3.716338994435489,0,57,2025-08-30
7.074528504232717,0,58,2025-08-30
99.97514264876753,169,56,2025-07-19
0.0,0,60,2026-02-27
0.0,4,59,2025-07-31
0.0,3,59,2026-02-02
8.191082035891867,5,59,2026-02-27
11.5611515566209,0,58,2025-05-06
19.380744887877583,0,60,2025-05-06
0.0,3,59,2025-05-06
22.081089508424526,0,60,2025-07-31
0.0,0,58,2026-02-02
70.82462685420873,89,56,2026-02-27
69.10819659030192,122,56,2026-02-02
0.0,0,60,2026-02-02
20.153941350656012,0,58,2026-02-27
0.0,0,57,2025-05-06
182.5303804416995,310,56,2025-05-06
4.491279646932426,0,58,2025-07-31
7.922857534104324,0,57,2026-02-02
39.31701113800289,0,57,2026-02-27
9.85241070582579,0,57,2025-07-31
2.510479120033665,0,57,2026-03-10
0.0,6,59,2025-08-12
4.78381712891202,0,58,2025-11-18
15.949683133109914,0,60,2026-03-10
4.619494254881687,0,57,2026-04-30
139.6551675874889,210,56,2026-04-30
0.0,7,59,2025-11-04
131.57395119575426,214,56,2025-11-18
0.0,10,59,2025-10-16
9.862329908888682,0,60,2025-11-04
0.10063690095803679,0,58,2026-04-30
0.0,7,59,2026-04-30
159.09464783816645,255,56,2025-10-16
145.8027997166551,233,56,2025-08-12
18.6204368581613,0,60,2025-11-18
0.0,0,57,2025-10-16
10.765335450531296,0,57,2025-11-18
0.0,0,58,2025-10-16
12.724469100274789,0,60,2025-10-16
81.09099139291034,174,56,2026-03-10
6.649348261118092,0,58,2025-11-04
14.86431995744212,0,60,2025-08-12
0.0,0,58,2026-03-10
10.201622279168916,0,57,2025-08-12
5.6650297638921785,0,57,2025-11-04
149.06198682096985,236,56,2025-11-04
0.0,4,59,2025-11-18
10.54786345331813,0,60,2026-04-30
3.875452908802245,0,57,2025-02-09
118.64415296923902,83,56,2025-11-24
0.0,0,59,2025-02-09
3.553638889503162,0,60,2025-02-09
139.74362793592547,231,56,2025-11-05
12.743024054488245,0,60,2025-11-24
0.0,0,57,2025-03-11
0.0,6,59,2025-03-12
0.0,1,59,2025-02-07
4.139465773374553,0,60,2025-02-07
24.7123098501812,0,60,2025-12-18
3.1874277474333184,0,57,2025-02-07
0.0,0,58,2025-03-12
0.0,15,59,2025-03-11
13.094978296803404,0,57,2025-11-24
0.0,11,59,2025-12-18
150.84836067779486,224,56,2025-03-12
0.0,0,57,2025-11-05
8.18176858950686,0,58,2025-11-24
6.626509177114642,0,58,2025-02-09
4.847917085041871,0,58,2025-03-11
92.26464679269408,96,56,2025-02-07
149.60925813243728,204,56,2025-03-11
111.04730329759118,104,56,2025-12-18
86.55586186730767,129,56,2025-02-09
0.0,0,57,2025-03-12
0.0,0,58,2025-12-18
0.0,6,59,2025-11-24
11.160937039920853,0,60,2025-11-05
8.426968197870508,0,60,2025-03-12
6.35735213438538,0,58,2025-02-07
0.0,0,58,2025-11-05
13.750930346095856,0,60,2025-03-11
1.7943778131915593,0,57,2025-12-18
19.789629080101378,0,60,2026-01-10
137.00860703914202,107,56,2026-01-13
2.410224044021092,0,57,2026-01-13
143.47717203216519,256,56,2025-06-27
0.0,5,59,2025-06-27
0.0,0,57,2026-01-10
3.4406066969843607,0,58,2026-01-13
0.0,0,57,2025-06-27
73.62879451477751,51,56,2026-01-10
0.0,0,58,2025-06-27
12.002796657086023,0,60,2026-01-13
0.0,3,59,2026-01-13
0.0,0,58,2026-01-10
0.0,0,59,2026-01-10
130.84186957383454,87,56,2025-07-12
0.0,0,57,2025-12-25
0.0,0,58,2025-09-27
119.77439778071749,163,56,2025-09-27
0.0,0,60,2025-09-27
12.071323472533848,0,58,2025-03-21
9.280812267958595,0,57,2025-07-12
123.73997546672534,153,56,2025-03-21
10.318618663511927,0,58,2025-07-12
0.0,8,59,2025-03-21
0.0,0,59,2025-07-12
10.428203525743939,0,57,2025-03-21
14.16387632771037,0,60,2025-03-21
139.592826554248,19,56,2025-12-25
4.021831244018756,0,60,2025-12-25
15.660542749759259,0,60,2025-07-12
0.0,0,58,2025-12-25
0.0,0,59,2025-12-25
74.39233197021203,259,56,2025-04-02
14.302286364605123,0,60,2025-01-23
1.3038675559188704,0,58,2025-08-13
23.767821334112483,0,60,2025-08-13
0.0,0,57,2025-01-23
0.0,0,57,2025-04-02
0.0,0,58,2025-04-02
6.97586639710174,0,60,2025-09-11
1.1415653477254324,0,57,2025-08-13
0.0,0,57,2025-01-11
165.30381361163177,231,56,2025-10-21
15.39203833238524,0,57,2025-10-21
11.746193574562483,0,58,2025-10-21
8.140347398400309,0,60,2025-01-11
0.0,2,59,2025-10-21
9.98339719291954,0,57,2025-09-11
6.721392601918282,0,58,2025-09-11
0.0,3,59,2025-08-13
0.0,0,59,2025-01-11
0.0,8,59,2025-09-11
0.0,0,58,2025-01-11
9.828154700431782,0,60,2025-10-21
0.0,4,59,2025-04-02
182.87733800128905,300,56,2025-09-11
173.5748851382399,256,56,2025-08-13
0.0,0,58,2025-01-23
77.12908517424323,134,56,2025-01-23
8.393200868748906,0,60,2025-04-02
78.37975522023076,37,56,2025-01-11
9.780654442469896,0,58,2026-01-19
150.79023599241742,227,56,2025-07-10
0.0,0,58,2025-07-10
0.0,9,59,2025-07-10
24.669254478494125,0,57,2026-01-19
0.0,0,59,2026-01-19
1.9198028431650442,0,60,2026-01-19
74.37893176139642,109,56,2026-01-19
0.0,0,57,2025-07-10
0.0,0,60,2025-07-10
127.30319106025087,0,58,2025-07-25
0.9630180174774239,0,57,2026-03-24
0.0,7,59,2025-09-22
13.669099312260698,0,58,2025-09-22
156.70443345246247,342,56,2025-06-23
112.76246885649985,2,59,2025-07-25
131.40428639460904,137,56,2026-03-24
149.88425918920265,295,56,2025-09-22
0.0,5,59,2026-03-24
14.683580163179172,0,60,2026-03-24
12.714083734388069,0,57,2025-06-23
16.568644586117173,0,57,2025-09-22
15.671756734103184,0,58,2025-06-23
128.92338072034286,0,57,2025-07-25
11.232270529341662,0,60,2025-06-23
1.3008691622005841,0,58,2026-03-24
172.442062582765,201,56,2025-07-25
121.45748466963755,0,60,2025-07-25
0.0,3,59,2025-06-23
0.0,0,59,2025-08-24
15.25320712727681,0,60,2026-03-11
0.534927296156809,0,58,2025-11-08
0.0,0,59,2025-11-08
105.8387704370811,76,56,2025-11-08
0.0,0,57,2025-08-24
0.5689460263508437,0,57,2025-11-08
2.75277024534968,0,57,2025-11-30
8.353273810969256,0,58,2025-08-24
0.0,0,59,2025-11-30
0.0,4,59,2026-03-11
113.58711550897358,208,56,2026-03-11
16.009987201353482,0,60,2025-11-08
0.1467402906095998,0,57,2026-03-11
0.0,0,60,2025-08-24
16.079910293924797,1,60,2025-11-30
126.59703937726398,149,56,2025-08-24
0.0,0,58,2025-11-30
96.17618526197272,339,56,2025-11-30
0.0,0,58,2025-03-04
0.0,5,59,2025-03-04
114.28415623987294,239,56,2025-02-24
4.188337320187927,0,57,2025-03-04
0.0,0,60,2025-02-24
90.50478575927765,219,56,2025-03-04
0.0,2,58,2025-02-24
0.0,5,59,2025-02-24
18.008413580429433,0,60,2025-03-04
0.0,1,59,2025-01-14
33.453763024197634,0,58,2025-07-14
0.0,4,59,2025-07-01
0.0,0,60,2025-11-27
93.67396627008877,25,56,2025-11-27
40.06414544205723,0,57,2025-07-14
0.0,0,58,2025-07-01
0.0,0,60,2025-06-01
0.0,0,57,2025-11-27
12.96037492878932,0,60,2025-01-14
0.0,11,59,2025-07-14
0.0,0,58,2025-01-14
11.058401162942147,0,60,2025-07-14
153.3878156111536,121,56,2025-07-01
11.777172832684485,0,58,2025-07-02
208.602158305094,314,56,2025-07-14
0.0,0,57,2025-07-01
2.0721837333951783,0,57,2025-09-10
33.48242072602929,0,60,2025-09-10
0.0,0,59,2025-06-01
4.402610845526013,0,58,2025-09-10
165.04161818145045,344,56,2025-09-10
0.0,0,57,2025-01-14
8.184068928306075,0,60,2025-07-02
0.0,5,59,2025-07-02
0.0,0,59,2025-11-27
196.81836525551103,135,56,2025-07-02
12.364679130782847,0,58,2025-06-01
7.454090717012804,0,57,2025-07-02
6.006825782448658,0,60,2025-07-01
122.52060479774948,163,56,2025-06-01
0.0,11,59,2025-09-10
72.46125763864089,123,56,2025-01-14
10.615287213610586,0,57,2025-06-01
0.0,0,58,2025-11-27
0.0,0,59,2025-05-24
0.0,8,59,2026-04-16
132.0191182377165,97,56,2025-05-24
22.442077855021495,0,57,2025-03-10
0.0,3,59,2025-03-10
128.11477263754992,196,56,2026-04-16
0.0,0,60,2025-12-04
21.30409358631333,0,58,2025-03-10
0.0,0,58,2025-12-04
0.0,0,57,2025-12-04
0.0,9,59,2025-12-04
139.82186788719878,207,56,2025-12-04
0.0,0,57,2026-04-16
9.028244036446665,0,57,2025-05-24
9.468315146218828,0,58,2025-05-24
140.4253417121447,246,56,2025-03-10
17.855628330139496,0,60,2025-05-24
25.933975681147786,0,60,2026-04-16
8.35151538685517,0,60,2025-03-10
0.0,0,58,2026-04-16
6.273636313848783,0,58,2026-04-26
157.9096077075122,220,56,2025-09-03
18.744476452993112,0,60,2025-01-15
0.0,0,60,2025-09-07
0.0,0,58,2025-12-14
0.0,0,59,2026-04-26
131.57244327814988,171,56,2026-04-26
0.0,8,59,2025-09-03
0.0,0,60,2025-12-14
8.848451157446874,0,58,2025-09-03
84.8145868305098,89,56,2026-02-01
4.425661884716348,0,60,2026-02-01
0.0,1,59,2025-01-15
7.115589727229306,0,57,2025-09-03
4.375079455731608,0,57,2026-02-01
0.0,0,57,2025-01-15
0.0,0,58,2025-01-15
10.492837495075932,0,58,2025-09-07
0.0,0,59,2025-12-14
74.70544942605896,91,56,2025-12-14
130.92695673048905,356,56,2025-09-07
10.24654613624665,0,57,2026-04-26
2.7481759688092495,0,58,2026-02-01
0.0,0,59,2026-02-01
0.0,0,59,2025-09-07
0.0,0,57,2025-12-14
13.753480307140109,0,60,2026-04-26
7.247223391407431,0,75,2026-02-13
0.0,0,71,2026-02-07
0.0,0,74,2025-05-15
0.0,0,71,2026-02-13
0.0,0,75,2026-02-07
0.0,0,72,2026-02-13
0.0,0,72,2026-04-14
1.4932067490151013,0,75,2026-04-14
0.0,0,74,2026-02-07
2.5424458208708813,0,74,2025-11-14
0.0,0,74,2026-02-13
0.0,0,73,2026-02-13
0.0,0,73,2026-04-14
0.0,0,71,2026-04-14
0.0,0,71,2025-11-14
0.0,0,72,2025-05-15
0.0,0,73,2026-02-07
0.0,0,71,2025-05-15
0.0,0,48,2025-11-14
10.906206410746975,0,72,2025-06-29
4.586515145350191,0,73,2025-11-21
0.0,0,74,2025-06-20
9.1484258673661,0,73,2025-06-29
0.0,0,74,2025-02-27
0.0,0,72,2026-03-18
0.0,0,71,2026-03-18
21.049769843160917,0,75,2025-11-21
11.826274079757354,0,74,2025-11-21
28.283516460866608,0,75,2025-06-29
0.0,0,74,2026-03-18
0.2407687385407229,0,75,2026-03-18
0.0,0,73,2025-06-20
0.0,0,71,2025-06-20
0.0,0,73,2025-02-27
0.0,0,73,2026-03-18
11.251988035620187,0,71,2025-06-29
11.498910047170028,0,75,2025-06-20
0.0,0,71,2025-02-27
0.0,0,72,2025-06-20
0.0,0,71,2025-11-21
0.0,0,74,2025-06-29
0.0,0,72,2025-02-27
7.523473285008137,0,72,2025-11-21
0.0,1,75,2025-02-27
3.545390248482647,0,72,2025-08-30
1.1854825925889685,0,71,2025-07-19
3.064330074189286,0,73,2025-08-06
0.0,0,74,2025-04-15
0.0,0,72,2025-04-15
0.0,0,73,2025-04-15
21.142011960971388,0,75,2025-08-30
3.5690359351307848,0,71,2025-08-30
3.0240192873112477,0,74,2025-08-30
10.929480044719895,0,73,2025-07-19
6.135259058537642,0,74,2025-07-19
12.211159566301873,0,72,2025-07-19
4.679611361412455,0,75,2025-04-15
19.728776544983447,0,75,2025-07-19
7.320102135344513,0,74,2025-08-06
6.700606361717718,0,73,2025-08-30
23.731344868203806,0,75,2025-08-06
14.599428183340322,0,72,2025-08-06
0.0,0,71,2025-04-15
1.918833316701992,0,71,2025-08-06
4.682001275103914,0,46,2025-08-30
0.0,0,72,2025-07-31
0.0,0,73,2026-02-02
16.162543226101405,0,75,2026-02-27
22.515369824343665,0,74,2026-02-27
0.0,0,72,2026-02-02
18.667348710020235,1,75,2025-05-06
0.0,0,74,2025-05-06
0.0,1,73,2025-05-06
0.0,0,71,2025-05-06
0.0,0,73,2025-07-31
0.0,0,71,2025-07-31
18.06859924862823,0,72,2026-02-27
14.81957094217698,0,73,2026-02-27
0.0,0,72,2025-05-06
0.0,0,74,2026-02-02
0.0,0,75,2026-02-02
0.0,0,74,2025-07-31
0.0,0,71,2026-02-02
12.684571572704328,0,75,2025-07-31
7.691055285526829,0,71,2026-02-27
8.707036508219659,0,47,2025-07-31
20.65280639344506,0,49,2025-07-31
0.0,0,72,2026-03-10
2.9408128742960145,0,75,2025-08-12
3.481623666946561,0,72,2026-04-30
0.0,0,73,2025-08-12
12.285148222485333,0,75,2025-11-04
3.0169876373035294,0,74,2025-10-16
0.0,0,71,2025-08-12
13.41694324782057,0,75,2025-11-18
0.0,0,72,2025-08-12
1.5300875131743226,0,72,2025-11-18
0.0,0,73,2025-11-04
0.0,0,74,2026-03-10
0.0,0,71,2025-10-16
0.0,0,72,2025-11-04
0.0,0,74,2025-11-18
0.0,0,71,2026-03-10
6.63950496814094,0,74,2026-04-30
0.0,0,71,2025-11-18
0.0,0,72,2025-10-16
0.0,0,73,2025-10-16
12.26908136114325,0,75,2025-10-16
0.0,0,73,2026-03-10
14.983627362963148,1,75,2026-04-30
0.0,0,75,2026-03-10
0.0,0,71,2025-11-04
10.930024365386075,1,49,2025-11-18
0.0,0,46,2025-10-16
10.267446946539692,0,48,2026-03-10
2.1235242387170388,0,72,2025-11-24
9.618490749562724,0,75,2025-12-18
0.0,0,71,2025-03-11
14.075352400896136,0,75,2025-11-05
0.0,0,73,2025-03-12
14.791101012290397,0,75,2025-03-11
0.0,0,71,2025-03-12
0.0,0,74,2025-03-12
4.6573267509821505,0,73,2025-02-09
0.0,0,72,2025-11-05
1.534287554030044,0,74,2025-11-24
0.0,0,73,2025-11-24
5.279579861589937,0,72,2025-02-09
0.0,0,72,2025-03-11
6.147573610436922,0,71,2025-02-09
0.8837816686060478,1,75,2025-03-12
9.58905035621629,1,75,2025-02-07
0.0,0,71,2025-11-05
0.0,0,71,2025-11-24
0.0,0,73,2025-12-18
0.0,0,73,2025-02-07
0.6543156622317383,0,72,2025-12-18
0.0,0,73,2025-03-11
0.0,0,73,2025-11-05
0.0,0,74,2025-12-18
15.952328781539393,0,75,2025-02-09
11.46151063005614,0,74,2025-02-09
0.0,0,72,2025-02-07
0.0,0,50,2025-11-05
14.088286533658916,0,48,2025-12-18
0.6695713667673857,0,46,2025-02-09
0.2558058707125781,0,72,2026-01-10
0.0,0,71,2026-01-10
0.0,1,73,2025-06-27
0.0,0,72,2026-01-13
3.963697101112942,0,75,2025-06-27
0.0,0,72,2025-06-27
15.25934802734568,0,75,2026-01-13
0.0,0,71,2025-06-27
0.0,0,73,2026-01-10
3.7268247586796974,0,74,2026-01-13
9.84149959427998,0,75,2026-01-10
0.0,0,74,2025-06-27
0.0,0,49,2025-06-27
0.0,0,73,2025-12-25
3.4925737872149796,0,71,2025-07-12
7.427682728360963,0,72,2025-07-12
0.0,0,73,2025-03-21
8.44114269032255,0,75,2025-03-21
0.0,0,71,2025-09-27
0.0,0,74,2025-09-27
0.0,0,72,2025-03-21
0.0,0,71,2025-03-21
10.828983054272499,0,74,2025-07-12
0.0,0,72,2025-12-25
0.0,0,75,2025-12-25
20.893676560688718,0,75,2025-07-12
0.0,0,72,2025-09-27
0.0,0,71,2025-12-25
0.0,0,74,2025-12-25
0.0,0,74,2025-03-21
6.724852005293954,0,49,2025-03-21
0.0,0,47,2025-07-12
0.5748808697955923,0,75,2025-01-23
0.6470754050329361,0,75,2025-04-02
4.080215051687588,0,72,2025-09-11
0.0,0,73,2025-10-21
2.997748913096828,0,72,2025-01-11
0.0,0,74,2025-10-21
1.4945910895998082,0,73,2025-01-11
0.0,0,73,2025-01-23
0.0,0,71,2025-10-21
0.0,0,73,2025-08-13
5.0471598949607,0,72,2025-08-13
21.631123814402102,0,75,2025-09-11
9.33758933082818,0,74,2025-01-11
0.0,0,71,2025-01-23
21.379285972314747,0,75,2025-08-13
14.074818579369605,0,75,2025-01-11
0.0,0,71,2025-01-11
0.0,0,71,2025-08-13
0.0,0,72,2025-10-21
0.0,0,72,2025-04-02
0.0,0,74,2025-04-02
0.0,0,72,2025-01-23
4.603090369868795,0,75,2025-10-21
0.0,0,73,2025-04-02
8.051927033972603,0,74,2025-08-13
0.0,0,71,2025-04-02
1.5632022932220906,0,73,2025-09-11
0.0,0,71,2025-09-11
0.0,0,47,2025-09-11
0.0,0,47,2025-10-21
3.73759531937786,0,71,2026-01-19
15.833944159508135,0,72,2026-01-19
13.966268194398623,0,73,2026-01-19
0.0,0,72,2025-07-10
10.723680205645763,0,74,2026-01-19
0.0,0,73,2025-07-10
0.0,0,74,2025-07-10
0.0,0,71,2025-07-10
0.0,0,75,2025-07-10
0.0,0,72,2026-03-24
85.62423556268479,0,73,2025-07-25
0.0,0,72,2025-06-23
13.862153335811684,0,75,2026-03-24
0.0,0,73,2025-06-23
0.0,0,73,2025-09-22
11.139304405019246,0,75,2025-09-22
0.0,0,72,2025-09-22
5.5701066446874705,0,75,2025-06-23
0.0,0,73,2026-03-24
100.40866687350291,0,71,2025-07-25
2.1840716830846816,0,74,2026-03-24
0.0,0,74,2025-09-22
93.98298287561457,0,75,2025-07-25
0.0,0,71,2025-09-22
0.0,0,71,2025-06-23
95.45310762952975,0,72,2025-07-25
89.41817891599935,0,74,2025-07-25
0.0,0,50,2025-06-23
6.35498289725156,0,74,2025-11-08
0.0,0,73,2025-11-30
0.0,0,72,2025-11-30
0.0,0,73,2026-03-11
0.0,0,74,2025-11-30
0.0,0,73,2025-08-24
12.24675938727519,0,75,2025-08-24
3.6127237307777307,0,75,2025-11-30
0.0,0,71,2025-08-24
7.071843097038979,0,72,2025-11-08
4.923751240242083,0,73,2025-11-08
0.0,0,72,2025-08-24
19.668140930054477,0,75,2025-11-08
0.0,0,71,2026-03-11
0.0,0,74,2025-08-24
9.181169359971179,2,75,2026-03-11
0.47063411972116853,0,74,2026-03-11
2.6919163359143994,0,48,2026-03-11
0.0,0,50,2025-08-24
0.0,0,46,2025-11-08
0.0,0,72,2025-02-24
7.325796107370778,0,75,2025-02-24
0.0,0,74,2025-03-04
0.0,0,73,2025-03-04
0.0,0,71,2025-02-24
8.096517466468313,0,75,2025-03-04
0.0,0,73,2025-02-24
0.0,0,74,2025-02-24
3.107617756650413,0,72,2025-03-04
0.0,0,71,2025-03-04
0.3199991946287781,0,46,2025-03-04
16.38334701852662,0,75,2025-07-02
0.0,0,72,2025-01-14
3.683017426253244,0,73,2025-06-01
0.0,0,71,2025-07-14
0.0,0,71,2025-07-01
0.0,0,71,2025-07-02
0.0,0,71,2025-11-27
0.0,0,72,2025-07-01
0.0,0,74,2025-07-01
4.889198320546754,0,72,2025-06-01
13.130985137437946,0,75,2025-07-14
9.382677349989336,0,74,2025-09-10
19.888562354163227,0,75,2025-06-01
0.0,0,72,2025-07-02
1.6516667045982842,0,73,2025-09-10
4.908343700217387,0,71,2025-06-01
0.0,0,73,2025-07-02
0.0,0,74,2025-07-02
0.0,0,73,2025-01-14
9.819461767872966,0,72,2025-09-10
2.870667230367374,0,71,2025-09-10
0.30495156690807335,0,72,2025-07-14
0.0,0,75,2025-07-01
0.0,0,73,2025-11-27
25.304131090428598,0,75,2025-09-10
9.228263399871778,0,74,2025-06-01
0.0,0,74,2025-11-27
0.0,0,74,2025-07-14
0.0,0,49,2025-07-01
0.0,0,47,2025-09-10
0.0,0,74,2025-12-04
3.0173588402198277,0,71,2025-03-10
0.0,0,72,2026-04-16
0.0,0,73,2026-04-16
0.0,0,74,2026-04-16
0.9142436099706543,0,72,2025-03-10
0.0,0,71,2026-04-16
0.0,0,71,2025-12-04
0.0,0,73,2025-12-04
24.656209628480582,0,75,2025-05-24
0.0,0,73,2025-03-10
11.142081338496624,0,75,2026-04-16
3.2977714923655697,0,74,2025-03-10
0.0,0,72,2025-12-04
6.632359802288988,0,71,2025-05-24
0.30584357546077,0,75,2025-12-04
0.4965960475807947,0,72,2025-09-03
0.0,0,71,2025-09-03
0.0,0,73,2025-01-15
0.0,0,71,2025-12-14
7.898851849052832,0,75,2025-01-15
0.0,0,74,2025-01-15
11.659159959269132,0,75,2025-12-14
13.390145045219427,0,72,2026-04-26
0.6189689755237282,0,72,2025-01-15
15.44387174112211,0,75,2026-02-01
15.174983553984546,0,74,2026-04-26
0.0,0,74,2025-09-03
5.339585466623021,0,72,2026-02-01
4.617632765432717,0,73,2026-02-01
0.0,0,72,2025-09-07
5.863435897631774,0,74,2025-09-07
0.0,0,72,2025-12-14
17.501825141492176,1,75,2025-09-03
0.0,0,73,2025-09-07
0.0,0,73,2025-09-03
2.4625224222354234,0,74,2025-12-14
29.682605740173685,0,75,2026-04-26
1.7247846028767952,0,71,2026-02-01
0.0,0,71,2025-09-07
14.847412669494574,0,73,2026-04-26
4.76148296787467,0,71,2026-04-26
10.550544838340485,0,74,2026-02-01
0.0,0,50,2025-09-03
23.827943912344097,0,49,2026-04-26
0.0,0,47,2025-09-03
3.180058816708595,0,50,2026-04-14
0.0,0,49,2025-11-14
0.0,0,47,2026-04-14
0.0,0,46,2026-02-07
8.500264928983867,0,48,2026-04-14
8.33704004129504,0,46,2026-02-13
0.0,0,47,2026-02-07
5.961955042867501,0,48,2025-05-15
0.0,0,47,2025-11-14
8.68383115111287,0,47,2026-02-13
7.577545697330848,0,50,2026-02-13
0.0,0,47,2025-05-15
11.283808420171283,0,46,2026-04-14
0.0,0,50,2025-11-14
0.0,0,50,2026-02-07
25.418356822097664,0,49,2025-05-15
0.0,0,46,2025-11-14
13.38906623603566,0,49,2026-02-13
0.0,0,48,2026-02-07
4.383395413478709,0,46,2025-05-15
7.778456378168883,0,49,2026-04-14
15.057667621201105,0,48,2026-02-13
0.0,0,50,2025-05-15
0.0,0,49,2026-02-07
0.0,0,49,2025-02-27
1.5734032804391092,0,49,2026-03-18
0.0,0,46,2025-11-21
0.0,0,46,2025-02-27
22.96198949405482,0,50,2025-06-29
0.15676740652089904,0,50,2025-06-20
0.0,0,46,2025-06-20
1.2649195640559867,0,48,2025-06-20
2.743485731730388,0,49,2025-06-20
31.975521121768395,0,49,2025-06-29
0.0,0,47,2025-02-27
0.0,0,50,2026-03-18
26.577651883263158,0,48,2025-06-29
0.0,0,47,2025-11-21
0.0,0,48,2025-11-21
0.0,0,50,2025-02-27
0.0,0,47,2026-03-18
0.0,0,46,2026-03-18
0.0,0,47,2025-06-20
0.0,0,50,2025-11-21
0.0,0,48,2026-03-18
12.546198066599885,0,49,2025-11-21
15.848129144041962,0,47,2025-06-29
25.785160222534827,0,46,2025-06-29
0.0,0,48,2025-02-27
2.2656790488952367,0,59,2025-06-29
0.0,0,47,2025-08-06
20.375111849824492,0,47,2025-07-19
0.0,0,46,2025-04-15
17.180515025599334,0,50,2025-07-19
0.0,0,48,2025-04-15
11.275048858467272,0,50,2025-08-30
0.0,0,47,2025-04-15
0.0,0,46,2025-08-06
0.0,0,50,2025-04-15
7.639082560660782,0,47,2025-08-30
18.724853412262817,0,46,2025-07-19
26.278476132812585,0,49,2025-07-19
0.0,0,49,2025-04-15
0.0,1,50,2025-08-06
24.6424893779198,0,48,2025-07-19
29.300142462118302,0,49,2025-08-06
9.875288504490172,0,48,2025-08-30
8.672920194091702,2,49,2025-08-30
0.0,0,48,2025-08-06
16.28922755618322,0,48,2025-07-31
15.642089670804054,0,46,2026-02-27
15.251005772282639,0,46,2025-07-31
19.875309640421065,0,48,2026-02-27
10.703656871165151,0,50,2025-07-31
1.2059738467283267,0,47,2026-02-02
0.0,0,47,2025-05-06
18.17466110706144,0,47,2026-02-27
0.0,1,48,2025-05-06
0.0,1,46,2025-05-06
0.0,0,50,2025-05-06
0.24690826824534895,0,50,2026-02-02
4.490206798323939,0,46,2026-02-02
2.9261879881755988,0,49,2025-05-06
7.5256217368719405,0,48,2026-02-02
17.457818922417175,0,50,2026-02-27
10.964629228413912,0,49,2026-02-02
27.0099284659117,0,49,2026-02-27
167.71160463425426,261,56,2025-07-31
11.304558011347694,0,49,2025-08-12
0.0,0,50,2025-10-16
2.337361670362071,0,47,2026-03-10
6.233042007287821,0,49,2026-03-10
0.0,0,47,2025-08-12
0.0,0,47,2025-11-18
2.8957779287643035,0,49,2025-11-04
0.0,0,48,2025-10-16
0.6940648361490105,0,48,2025-11-18
0.0,2,48,2026-04-30
0.0,0,50,2025-11-04
0.0,4,46,2025-11-04
0.0,0,47,2025-10-16
6.7972206460630105,0,48,2025-08-12
0.0,0,47,2026-04-30
0.0,0,50,2026-04-30
0.0,0,46,2025-11-18
0.0,0,47,2025-11-04
1.6113576304612423,0,50,2025-11-18
0.32146233218367115,0,49,2026-04-30
0.0,0,46,2026-04-30
8.581954553454949,0,46,2026-03-10
5.304506332551483,0,46,2025-08-12
0.0,0,48,2025-11-04
5.3427924904645465,0,50,2026-03-10
1.2062974219943214,0,50,2025-08-12
4.067498155079548,0,49,2025-10-16
0.0,4,59,2026-03-10
2.7706993185489353,0,58,2025-08-12
0.0,0,48,2025-03-11
0.0,0,49,2025-02-07
0.0,0,46,2025-11-05
0.0,0,50,2025-11-24
0.0,0,49,2025-11-05
8.17818005166771,0,49,2025-11-24
20.561164042424735,0,49,2025-12-18
3.1677462433835046,0,49,2025-02-09
0.0,0,46,2025-11-24
0.0,0,48,2025-02-09
0.0,0,48,2025-11-24
0.0,0,47,2025-03-11
0.0,0,47,2025-11-05
0.0,0,46,2025-02-07
0.0,0,48,2025-02-07
0.0,0,50,2025-03-11
0.0,0,50,2025-03-12
0.0,1,46,2025-03-11
0.0,0,49,2025-03-11
0.0,0,50,2025-02-07
0.0,0,47,2025-03-12
8.139726676620668,0,49,2025-03-12
0.0,0,47,2025-11-24
0.0,0,47,2025-02-09
9.067917884798945,0,46,2025-03-12
7.003056219052397,0,47,2025-12-18
8.654021703210546,0,50,2025-12-18
0.0,0,48,2025-11-05
10.148221292647577,0,46,2025-12-18
1.5657750587619859,0,50,2025-02-09
2.7689455056073626,0,48,2025-03-12
0.0,0,47,2025-02-07
0.0,9,59,2025-11-05
0.0,0,46,2026-01-13
0.0,0,48,2026-01-13
0.0,0,47,2025-06-27
0.0,0,50,2025-06-27
1.0458146633337861,0,47,2026-01-10
3.5314515227891974,0,49,2026-01-13
0.0,0,48,2025-06-27
3.372283676314865,0,48,2026-01-10
0.0,0,47,2026-01-13
0.0,0,46,2025-06-27
2.5037531522753227,0,49,2026-01-10
0.0,0,46,2026-01-10
1.9927935491014068,0,50,2026-01-10
0.0,0,50,2026-01-13
1.615580417544038,0,60,2025-06-27
0.0,0,46,2025-07-12
5.288182615650683,0,49,2025-09-27
2.9906530540112044,0,46,2025-09-27
10.177291536041622,0,47,2025-09-27
27.430355956948176,0,49,2025-12-25
0.0,0,50,2025-03-21
0.0,0,48,2025-07-12
0.7343310629081401,0,47,2025-03-21
4.634592790804149,0,48,2025-03-21
12.135833522881768,0,46,2025-12-25
10.118149811980373,0,49,2025-07-12
9.478144674837182,4,50,2025-09-27
13.60713573195126,0,48,2025-12-25
2.4159231367641496,0,50,2025-12-25
0.0,0,50,2025-07-12
2.3177253734445884,0,46,2025-03-21
17.313787504306532,0,48,2025-09-27
0.7914691608848443,0,47,2025-12-25
0.0,0,57,2025-09-27
0.0,0,59,2025-09-27
4.877982181865633,0,49,2025-01-11
0.2904652520124529,0,48,2025-09-11
0.0,0,46,2025-01-11
0.0,0,50,2025-01-11
0.0,0,48,2025-01-23
0.0,0,47,2025-01-11
0.0,0,48,2025-01-11
0.0,0,50,2025-10-21
14.152304601798292,0,49,2025-04-02
0.0,0,46,2025-08-13
0.0,0,47,2025-01-23
0.0,0,50,2025-01-23
0.0,0,46,2025-01-23
0.0,0,49,2025-01-23
12.98587675181119,0,49,2025-09-11
0.0,0,48,2025-08-13
0.0,0,46,2025-10-21
0.0,0,49,2025-10-21
15.211270035053715,0,46,2025-04-02
0.0,0,46,2025-09-11
0.0,0,48,2025-10-21
13.404134395080064,0,48,2025-04-02
1.7382114673536648,0,50,2025-09-11
6.835373758711597,1,49,2025-08-13
4.7756897412796775,0,47,2025-04-02
8.899321817908643,0,50,2025-04-02
0.0,0,47,2025-08-13
0.0,1,50,2025-08-13
0.0,3,59,2025-01-23
0.0,0,50,2025-07-10
27.626805635195424,0,50,2026-01-19
5.794063063110542,0,48,2025-07-10
37.34191765186168,0,49,2026-01-19
0.0,0,47,2025-07-10
31.09404553318805,0,46,2026-01-19
33.516162542291006,0,48,2026-01-19
7.449389056586199,0,49,2025-07-10
26.30628482219406,0,47,2026-01-19
0.0,0,46,2025-07-10
7.799962818563827,0,50,2025-09-22
15.80963093224986,0,46,2025-09-22
0.0,0,46,2026-03-24
0.0,0,47,2026-03-24
7.008655454327268,0,47,2025-09-22
0.0,0,46,2025-06-23
72.32332274448673,0,47,2025-07-25
0.0,0,47,2025-06-23
14.434155420250022,0,48,2025-09-22
77.25746794268005,2,50,2025-07-25
97.50840253698657,0,49,2025-07-25
75.01450440500155,0,48,2025-07-25
93.18910195651432,1,46,2025-07-25
0.0,0,48,2026-03-24
5.67095122599649,0,49,2026-03-24
0.0,0,50,2026-03-24
0.0,0,49,2025-06-23
0.0,0,48,2025-06-23
12.039416250561061,0,49,2025-09-22
26.10665889053253,0,60,2025-09-22
5.153801984878328,0,50,2025-11-08
0.0,0,47,2025-08-24
2.2642021769774487,0,48,2025-11-08
1.5769601010789813,0,50,2026-03-11
2.996900135249689,0,47,2025-11-08
0.0,0,49,2025-08-24
0.12315335139213346,0,48,2025-11-30
0.0,0,50,2025-11-30
0.0,0,47,2025-11-30
0.0,0,49,2025-11-30
0.0,0,46,2026-03-11
3.4971355495544003,0,49,2026-03-11
0.0,0,46,2025-08-24
0.0,0,48,2025-08-24
8.225464407403933,0,49,2025-11-08
0.0,0,46,2025-11-30
0.0,0,47,2026-03-11
0.0,0,58,2026-03-11
0.0,0,49,2025-02-24
0.0,0,48,2025-02-24
0.0,0,47,2025-02-24
5.8358528418998645,0,48,2025-03-04
4.053341508713501,0,50,2025-03-04
0.0,0,46,2025-02-24
0.7820282759250858,0,47,2025-03-04
10.621381030361945,0,49,2025-03-04
0.0,0,50,2025-02-24
0.0,0,57,2025-02-24
0.0,0,50,2025-06-01
0.0,0,48,2025-09-10
16.708741946127333,2,49,2025-09-10
14.831878603974445,0,49,2025-11-27
0.0,0,48,2025-07-01
0.0,0,48,2025-07-02
2.9804479607680463,0,49,2025-06-01
0.0,0,46,2025-07-02
20.52787504928952,0,49,2025-01-14
25.013895118958544,0,49,2025-07-14
10.99538710414646,0,46,2025-07-14
6.961832058319089,0,49,2025-07-02
0.0,0,47,2025-07-01
0.0,0,46,2025-06-01
4.243982549219226,0,50,2025-11-27
0.0,1,50,2025-09-10
0.0,0,46,2025-09-10
0.0,0,46,2025-07-01
0.0,0,50,2025-07-02
12.657570897253208,0,50,2025-01-14
20.695432647780194,0,46,2025-01-14
6.016767689718478,0,47,2025-07-14
14.21236523088605,0,47,2025-01-14
2.0208013811142393,0,47,2025-11-27
22.728815836771872,0,48,2025-01-14
14.09529193190862,0,48,2025-07-14
12.74642626559195,0,48,2025-11-27
0.0,0,50,2025-07-01
12.926066649776317,0,46,2025-11-27
8.010183810048176,0,50,2025-07-14
0.0,0,47,2025-06-01
0.0,0,48,2025-06-01
0.0,0,47,2025-07-02
0.0,0,46,2025-05-24
0.8447285586647411,0,50,2025-12-04
0.0,0,47,2025-03-10
0.0,0,46,2025-03-10
5.487421031658812,0,48,2026-04-16
2.3994021376371393,0,50,2026-04-16
0.0,0,47,2025-05-24
0.0,0,47,2025-12-04
10.581051266285016,0,49,2025-05-24
0.0,0,48,2025-05-24
10.870278119053154,0,46,2025-12-04
6.754578966374908,0,48,2025-12-04
0.1779964469251496,0,47,2026-04-16
13.983448529468333,0,49,2026-04-16
2.7449686641734132,0,46,2026-04-16
17.969433720436356,0,49,2025-12-04
0.0,0,48,2025-03-10
2.374962670349589,0,50,2025-05-24
0.0,0,49,2025-03-10
0.0,0,50,2025-03-10
2.5581012696514165,0,47,2025-01-15
0.0,0,46,2025-01-15
0.0,0,47,2025-09-07
16.572354976997232,0,50,2026-04-26
0.9240416345452616,0,48,2026-02-01
2.2346853321993763,0,50,2026-02-01
14.734210581202419,0,48,2026-04-26
5.441450669892205,0,48,2025-01-15
0.0,0,48,2025-12-14
1.3336637169252583,0,49,2025-12-14
7.014087019813871,0,46,2026-04-26
8.210597445660909,0,49,2026-02-01
0.0,0,47,2025-12-14
0.0,0,48,2025-09-03
0.0,0,50,2025-09-07
0.0,0,50,2025-12-14
9.508993511679876,0,49,2025-09-03
0.6578273171761992,0,46,2026-02-01
1.7469763348988891,0,50,2025-01-15
14.49643198323696,0,47,2026-04-26
10.086205890671181,0,49,2025-01-15
0.0,0,47,2026-02-01
0.0,0,48,2025-09-07
0.0,0,49,2025-09-07
0.0,0,46,2025-09-03
0.0,0,46,2025-09-07
0.0,0,46,2025-12-14
22.871663563775755,0,60,2025-09-03
89.38836935025644,141,56,2025-01-15
5.928413191150511,0,57,2025-09-07
