,0
0,18.06414899178295
1,28.372048101203756
2,27.49511665086301
3,-23.403747734345536
4,29.917612177777958
5,-1.2601068811604819
6,56.29499541567911
7,27.57255333918672
8,11.382034132514825
9,-27.49465332976829
10,-3.232417371434373
11,-15.667817714538025
12,-2.958963455728849
13,13.624518925967966
14,12.966810043118556
15,-22.004453402300534
16,-49.88128644787509
17,-25.371783300125237
18,89.20461550834702
19,-66.30009024852677
20,17.93067916044514
21,22.956560837990402
22,-27.884219934474537
23,-11.380822107583626
24,-16.909523913338298
25,51.93587380853168
26,28.25171142880598
27,36.250476560678536
28,-10.910287681185352
29,-17.914451178713826
30,36.229269159706774
31,28.402032016396213
32,-24.18647992563526
33,-12.354665808824635
34,11.976680191750908
35,128.02342539992375
36,-23.72522437837022
37,-29.803068504724642
38,1.815620607919584
39,108.0001680104696
40,12.566377035703049
41,20.613352001723623
42,-13.767348946426551
43,29.649000097338988
44,31.306177757333067
45,-19.409551612440517
46,-11.368205485472082
47,-34.779626254906525
48,-11.276953624301107
49,-33.908098906979525
50,-17.211233299992557
51,-12.914368276012887
52,29.259957773116035
53,-34.413536044845266
54,-11.622367106883601
55,31.233670140632725
56,4.152081105878018
57,25.971046942524854
58,-3.1759800180466797
59,-51.024720858477416
60,4.42640437020161
61,263.8587693269111
62,-39.391577051743134
63,13.728278254685094
64,47.621745672183756
65,41.89882754069986
66,42.786836447902004
67,-18.090264942319784
68,-24.615953274629966
69,3.8760472788297164
70,-27.27746421597859
71,11.45226652261109
72,-17.446816442921396
73,6.168474435550287
74,-29.562068500169552
75,-14.330390653136348
76,-1.0264781749894922
77,-33.94501209045344
78,2.432720193840659
79,4.10612301752537
80,18.473976727605258
81,-17.7049677981178
82,1.5381719857954081
83,16.74509272478077
84,65.6720609943959
85,-30.14166679652869
86,-37.75090785879406
87,-4.630170601770111
88,36.29829812982663
89,-6.292174764805253
90,30.40382194295172
91,9.115126548182772
92,55.051788772552094
93,-13.186665068565063
94,-2.3428471480380466
95,-7.4093708239371665
96,9.460409785262975
97,-58.146215365927254
98,1.2576548625841255
99,37.6253192391937
100,-4.805409271775012
101,-16.369258618203254
102,-3.366817553229268
103,0.17239129780973883
104,-16.16810569974436
105,39.645890195764544
106,-13.269230886857123
107,9.049882892080348
108,2.72871747988863
109,24.48905480885872
110,-93.21738613231534
111,60.22086048064516
112,-12.310765231772343
113,21.71138324845569
114,2.9968507441923506
115,-0.11740568739055135
116,-8.094253678684126
117,-1.9488154506963937
118,-37.23614296509921
119,-64.90087301972815
120,45.951444231199616
121,-6.524277907246393
122,-21.15635404941316
123,5.943018938197866
124,-15.996614272776817
125,15.705663504887777
126,8.335527625269059
127,-14.135017564430342
128,54.33061243757535
129,-12.369607707790017
130,-9.540218737176879
131,55.26759093552213
132,18.229307263730878
133,2.2732831546482615
134,0.8452929684222212
135,-7.705472938865228
136,-10.216209888601043
137,-29.492004419846403
138,-24.65247961779992
139,-3.9825651398231017
140,26.74174866336067
141,-16.067978416904488
142,-24.88496464066167
143,46.64594236777165
144,10.991772531126813
145,-6.601923028191578
146,-8.763944171417947
147,4.597210670474759
148,8.59097982073633
149,6.169499131503052
150,10.254303438008051
151,-70.89007223663694
152,-61.6622012832733
153,7.409276232803293
154,-55.754104152293
155,-40.57202324352151
156,-55.79409841442526
157,-1.806253223716709
158,-1.6228151880588015
159,5.463410454879927
160,32.637974316498614
161,-35.577464871808225
162,12.720605938243217
163,17.06610623592344
164,-17.5813588198629
165,-16.728085189473667
166,3.124348243742247
167,-40.00180590021916
168,33.61474673634592
169,26.77347709768539
170,-46.03577860431833
171,9.003966063000746
172,2.796624247793467
173,4.312074236977367
174,8.98087953814047
175,9.834831140472303
176,17.297479466802645
177,23.608566906878217
178,18.98404209347838
179,-11.128394435090527
180,12.902667004801891
181,36.88262759212766
182,38.78253273347762
183,-6.144691310590382
184,-2.11731220051027
185,24.288234857780086
186,-54.29518668330268
187,-65.21808033655833
188,13.24655792799151
189,25.602316768533324
190,29.21206063017086
191,0.11203947375012291
192,-38.68758261732625
193,-35.383898936718175
194,34.18627804051982
195,20.994911388590243
196,6.25770909750279
197,2.5005297834626177
198,-25.858080354005644
199,-19.888081136268774
200,-32.223909970161195
201,-31.382045730369775
202,84.53384053031644
203,2.7678203288180896
204,79.13398259117537
205,-0.7498866031249349
206,-25.071047238253605
207,17.798173108707243
208,86.55881045530802
209,-57.98101172595917
210,-11.60573225157664
211,-31.14942231816533
212,-16.888242514939066
213,-10.720390089659745
214,8.556539057481707
215,-76.13041097859593
216,12.853629624871374
217,-2.6328731344368634
218,27.641759439318175
219,23.09732749971354
220,-26.326911697213752
221,-5.704826989814741
222,3.854522082562468
223,15.705197109396522
224,22.4270439541459
225,-6.2849515093880015
226,40.04497046383304
227,1.6083624980694324
228,32.429123658416295
229,-31.481020704078823
230,-15.622226411315523
231,40.41311001063368
232,-64.21746099295862
233,-0.5754684618698249
234,3.8646912315564563
235,8.975160623811426
236,-9.035341092802192
237,48.845221021280906
238,3.627126971805062
239,-9.12899003007248
240,-17.867152394219893
241,15.63383420999303
242,-46.347896841928794
243,-29.379432693219762
244,75.61857350830185
245,39.669342826979204
246,-32.14528321900057
247,18.893608662235174
248,-7.783246360986155
249,28.047528421962376
250,39.01550003500759
251,31.039689115342227
252,43.57095783174377
253,-15.266376059323463
254,-3.451565973005735
255,-15.368870173949198
256,4.680057479858547
257,-19.035667488529207
258,9.349673517309448
259,-18.287895066941395
260,34.88177393731217
261,15.7993259251758
262,-8.715204458322717
263,-8.834687872283354
264,-16.856973913038786
265,3.88117571985331
266,21.639337263829944
267,8.485256281205977
268,-39.403695599549586
269,-39.862562977094605
270,-2.2299775489913856
271,-17.853044187775012
272,-39.40921026130447
273,49.458914312664824
274,1.8040414496038295
275,-15.540711964801112
276,-34.26005146427814
277,3.4089606572227282
278,2.096574269969068
279,9.899766653817494
280,-11.954110272773967
281,10.223923400841905
282,-13.579026211976519
283,109.69201679363363
284,9.593795822024951
285,-35.96914023033505
286,-4.463806262869042
287,-23.19242891806534
288,7.623440116998502
289,-28.28582523387322
290,4.478732462617629
291,-33.54010982482291
292,-19.273004779879493
293,-11.460972548127486
294,23.354825173766443
295,-10.181841393841289
296,-2.631621637296284
297,2.221791089184599
298,5.477785159827057
299,-14.980510563121804
300,-15.052889802957694
301,5.255910562629694
302,-48.9827707192165
303,-14.360005170280694
304,4.904972017027383
305,11.151114332363179
306,4.475369317764084
307,15.766369669716973
308,-37.066266002163495
309,-41.44957538476192
310,62.51355004151875
311,-6.019583930541451
312,2.512432196214199
313,13.92917219832135
314,14.266917814108737
315,-18.690067443225857
316,16.651565499349072
317,279.8453346311897
318,-24.24615671376801
319,27.73832044560421
320,13.541989528105752
321,2.1617267588084843
322,-14.498387070217397
323,-4.299387853410082
324,0.6348172772299634
325,-42.2376996596439
326,24.333694229903426
327,9.663131313048439
328,-12.711715915768288
329,-29.625659319496414
330,-16.137230614934253
331,-31.779472346253222
332,-0.18613307137319168
333,12.733965461988035
334,-0.5603905945839855
335,-13.002065679455072
336,0.7911088360121852
337,42.11063015214345
338,36.17040442322266
339,6.240832914120752
340,19.073778855958917
341,10.655559565395237
342,-7.796718637972958
343,-36.783364005396
344,-31.190338257648584
345,1.1309400547383675
346,9.2352314811964
347,15.409010094552784
348,-35.508011821289635
349,13.023397823953204
350,-11.177117445807838
351,0.7593541344536234
352,-14.261263408694134
353,-40.20166823051165
354,50.75529588917056
355,-40.02961932323692
356,-13.010386686891174
357,-96.94915459603078
358,-20.213570392884243
359,-27.272219312085845
360,-14.686692686965955
361,13.086401164661154
362,-14.514518525041503
363,29.81413317252437
364,-36.207522734254944
365,7.246559970984023
366,-0.0731732688040978
367,22.72853423600649
368,2.2041444858890387
369,58.062483819698286
370,-2.5144237974376082
371,7.576926161836944
372,6.453808240252755
373,44.804766841401566
374,11.855278773275181
375,42.349825232494965
376,-9.735490364502951
377,31.825239095737157
378,-19.730308900381083
379,-19.87105354134095
380,-12.394457874227705
381,-55.87153202619566
382,9.232210638952324
383,-6.005824879268147
384,-0.8760116840487129
385,-13.887732159289484
386,12.728211299793507
387,-49.84337479200729
388,-69.85178269188009
389,-46.560271639992216
390,48.320734261462334
391,57.97043174322158
392,3.085149489347124
393,16.120803079070026
394,9.19515076088797
395,-13.645190483451984
396,18.82581924599773
397,38.11880608465618
398,-17.49293287424127
399,-10.917730422785368
400,18.374949929106663
401,9.8370638402264
402,11.44769480269234
403,31.19537913914714
404,1.5521997044457478
405,-1.2889183896708616
406,-15.788054931903474
407,-9.481641004187601
408,-3.235255654949178
409,-16.298367531020823
410,3.328899231001273
411,-14.911194045606173
412,1.560319575596246
413,37.57621923424646
414,60.17288820256642
415,-15.624212206320891
416,-2.7883354073826965
417,28.88076185982632
418,-21.67801678334822
419,7.92610806991307
420,-16.979851594060236
421,34.316296224524784
422,-37.02637779408126
423,8.367766109909226
424,-24.350222030139825
425,-76.32112319458165
426,-31.11021199694722
427,14.896180240256264
428,-8.322327331588674
429,48.46024833291046
430,2.4494945591385573
431,33.81469614296786
432,-23.54631978168215
433,-4.059242103611304
434,18.123675638982192
435,-59.034534949744845
436,36.51177922719097
437,39.635338155121175
438,22.21088864340724
439,-26.17314771009149
440,3.412426173348706
441,-11.563901705197154
442,-17.68386581734736
443,30.873590306982454
444,-8.065646378184987
445,-7.594816517335104
446,-6.716727913583718
447,-9.052053338022844
448,20.974176946781384
449,-34.35644179409618
450,9.335730612170153
451,-20.86030725944334
452,21.12316879049001
453,27.24792376796294
454,5.857681262924437
455,10.866029136479462
456,-10.845996271443035
457,12.76919197029239
458,-16.339794239483837
459,26.850440409762637
460,15.856810251560045
461,1.770963775415197
462,2.4021250137879875
463,1.48784311085668
464,59.09502028648881
465,-0.697706979537962
466,-4.552066121909149
467,-2.6644815070050214
468,-39.08511550643323
469,17.879230121606465
470,8.181899300479373
471,-25.30617060711395
472,-66.18341498113892
473,-40.02884257617129
474,35.079887058166726
475,-3.314970145151541
476,52.493907612653175
477,-22.985830551184698
478,-13.180237474893865
479,-22.200097793808602
480,25.2914358314188
481,14.287089239397027
482,13.091630976637216
483,22.55219064013983
484,1.5788018309178824
485,32.30162311356072
486,-9.16778720682072
487,14.307323944616499
488,12.92492080816811
489,4.635335369677669
490,12.412486618109533
491,37.516320478914324
492,13.992567554426582
493,-3.1780135226787607
494,9.643261515596848
495,12.991086215079306
496,-21.28532271475047
497,-12.758853285558402
498,53.17500288570706
499,19.807625545830884
500,-23.424250521493313
501,-18.30066306758041
502,14.571482612074899
503,-47.39839921607116
504,30.042259815438378
505,-58.361294633980926
506,2.9475706496385214
507,-15.633333099242023
508,-81.48479093656886
509,-14.348875568652772
510,34.84366815959365
511,-4.481820882770883
512,89.13212406269774
513,-21.22219563379226
514,-61.753074119663204
515,-8.421243908299509
516,1.8500191730464266
517,26.168901761797898
518,-17.385615146778754
519,21.48308094862382
520,-26.22264746626447
521,-8.034096306856654
522,3.040773341763682
523,-29.307856905744508
524,2.443591905929374
525,7.327561425311735
526,10.636031213522458
527,-39.98836800954506
528,-31.45161881795675
529,-2.6080212468222896
530,24.168030162775903
531,-3.101509353667197
532,-13.70052351962643
533,-20.598823133888153
534,72.61444743331873
535,15.941277765416345
536,-10.079088352108371
537,-16.82880699595649
538,24.767433093340724
539,-26.985507743185018
540,-1.2455819444657692
541,-10.142664391599077
542,9.836981266682251
543,-10.67903455597287
544,-48.10921314627701
545,-47.838992869302906
546,-20.0563064414605
547,145.5075123956243
548,2.135560662933578
549,-11.240925570421958
550,-38.421407922514724
551,5.221126966010452
552,-38.9916916812358
553,17.77797856731769
554,-24.21195989953157
555,50.56807413368387
556,13.877952344151481
557,13.691738656245835
558,-9.32897160310553
559,44.70606551911102
560,33.47620404496343
561,31.8812466125096
562,-0.7677938427268245
563,17.560423058103396
564,-3.190159530438521
565,44.14531071015255
566,1.9882486304000935
567,10.890116632973964
568,33.662701086518126
569,-6.853728752526585
570,1.338321351833379
571,43.28554263319926
572,-38.971929067118744
573,5.986056992994627
574,5.042419252514698
575,-50.72233022968468
576,21.30343826699839
577,-34.86751262269241
578,2.2764043529213396
579,-4.318308537971717
580,3.848938350198061
581,26.58665430006697
582,1.7963892094145422
583,30.783758185061068
584,16.668814257311855
585,-20.278844614237023
586,-21.093460645663406
587,-27.92136205616324
588,5.8899763232111155
589,-1.4150887973676376
590,-10.02695895554644
591,13.885786048964157
592,-0.04534819071234608
593,15.119514987693027
594,35.111025869296036
595,20.442340480501382
596,-47.97455966457819
597,-0.7739283959411267
598,-94.51313940522166
599,-34.39222983737387
600,-23.657872638727447
601,-9.066061731070306
602,-4.785000968231607
603,-18.50332475056775
604,36.08045625046623
605,-16.41710023696973
606,-10.718473464879601
607,-9.289163081659737
608,38.022103451730494
609,7.449518634728058
610,0.00021265413234772268
611,31.684542630791615
612,-38.885271124394045
613,-43.24943785286086
614,6.229672159304336
615,-20.888874148271448
616,-35.16136091381423
617,1.6023442873423264
618,-28.925023549229344
619,-1.7088589973575594
620,23.39354121208904
621,0.9292550198427278
622,148.30289245286082
623,7.609927794187122
624,29.470023912542317
625,-24.65926542143412
626,7.299848508380656
627,-29.03872695686443
628,18.34453904358993
629,13.303767684290502
630,15.751053646689662
631,35.22989590853037
632,5.213368879851288
633,102.81554024996262
634,-32.789732911661595
635,-20.464034930094734
636,31.22386247247448
637,-22.13386854692741
638,24.159765966763167
639,7.568684745370348
640,-1.6927511427668875
641,14.595950007641608
642,9.163916512363663
643,40.43638439663279
644,-20.991344964702314
645,-40.08752746156588
646,43.174140186275814
647,13.110381298117264
648,-23.219469027698857
649,-39.12757638547489
650,0.444333044611561
651,-18.219680973178292
652,-38.833754600352044
653,19.408400068741187
654,-3.333880653297676
655,-12.776497665930137
656,-45.43299195629036
657,6.087457705162343
658,-59.58071824458785
659,-6.601767456797376
660,-15.969053996091866
661,-1.4330265660298451
662,24.991212503234188
663,-11.532905557048835
664,17.04807980090601
665,-25.263319335539485
666,26.512919322644677
667,-4.4790816373264235
668,-11.486918106352924
669,37.60064685225532
670,2.342452218258316
671,38.27246925809939
672,26.374921238919615
673,-23.00737586203038
674,6.111602291042814
675,-11.64820842821058
676,0.5761788200526965
677,-2.2771541335756496
678,-12.512396300332377
679,-7.641696701543886
680,3.752177916793265
681,21.51358810472518
682,-12.710965485896587
683,-3.348166746462695
684,0.844164683881651
685,0.2853497128213718
686,-0.7069668387276238
687,-8.166038621455272
688,-18.30728849968623
689,19.263452420721386
690,-4.227987035879302
691,-33.19009127127482
692,-35.313318216185515
693,19.454324773613504
694,-21.487028473598095
695,9.818271999626518
696,-27.119595419540182
697,-11.692015927170246
698,21.873760845041797
699,-24.497427037091406
700,7.100762337590226
701,-30.966367408949615
702,33.59508773048796
703,-6.615322325219644
704,2.342937814042223
705,-14.576110412073291
706,-38.19136795215899
707,-14.418534812293586
708,18.158077639210344
709,33.0571407315092
710,-7.961006314728692
711,35.300736104128895
712,-6.550863583956833
713,-19.663600543839117
714,40.66950088219197
715,18.918747854226613
716,9.993854410003216
717,-14.397690317410422
718,5.508205427856403
719,88.80294847641854
720,19.642512920329004
721,-0.3923632065175582
722,-88.40161574676728
723,-19.88445237758777
724,-14.603467898256753
725,68.34397032203094
726,-17.15388305135282
727,14.780184839527376
728,-1.0762798164715406
729,13.955968602281963
730,33.437435635545825
731,112.34171821782445
732,11.495977445061769
733,30.37284821530981
734,-15.827632668478017
735,34.42696260259871
736,-40.14006296775468
737,-32.81320226497339
738,30.09637159090184
739,10.069426561998817
740,-10.040586096340057
741,-47.52889745128035
742,-18.929719455043134
743,10.934653618160162
744,23.857698350927198
745,-35.98013251295357
746,18.07035250557125
747,73.65703691806779
748,21.507485454327405
749,63.462160319555636
750,9.70652562039065
751,12.274964512578748
752,-12.1174690734127
753,3.6483379854321
754,-28.59026678124662
755,-1.95364558387827
756,-0.701253853535249
757,14.71400295300624
758,4.429625325382389
759,-5.945457642881188
760,25.295853731309638
761,20.51470866936669
762,0.09127253218946407
763,6.166802812754646
764,-12.495818971088205
765,9.834770858328191
766,-33.523109853549094
767,-40.70912391411836
768,50.52628858178536
769,17.10139376054983
770,-33.72571608617253
771,-33.50961092779861
772,48.02670649374848
773,11.19995467752684
774,14.172942946727616
775,21.156895476406472
776,42.298491828619625
777,22.081088658176643
778,-35.583940973705275
779,-25.20286805311263
780,-19.27765414434608
781,-2.8401312674199986
782,33.285367510820905
783,-32.674795493120406
784,-11.845213802763276
785,-42.39798178133906
786,-4.435993025058558
787,-27.062797489281444
788,-26.690676126349665
789,12.11275487370743
790,-18.67424623207284
791,-42.39658696173053
792,-14.709303170009697
793,52.64872223260881
794,36.2160616318087
795,-20.195263290891937
796,12.506918280279983
797,31.105986277784226
798,-39.3091180922438
799,-26.535817002041476
800,4.061517157717063
801,37.53998348269726
802,-78.01645209454168
803,25.662069272361
804,101.3122978743692
805,95.78802744282004
806,-0.7358639458234748
807,62.717169704546635
808,-8.82638999635919
809,-11.022263903015222
810,2.1669631936969367
811,11.95959255156965
812,-6.851411550225393
813,15.716551654563865
814,5.895204739890424
815,-30.09388594895926
816,-20.791578801714188
817,-14.748581043184032
818,18.780618773626568
819,10.33796410709251
820,45.17598705178943
821,-7.793588225853632
822,29.874711131873777
823,-10.173018417686215
824,20.1848135378528
825,0.40746515568744
826,-16.605131313891434
827,-37.895509951114555
828,-61.392242879781115
829,-10.834256346385551
830,-35.300428879365775
831,-18.390266067046262
832,-13.991742131075299
833,24.470959508433175
834,43.70760004087852
835,21.259244555042876
836,26.266350543393486
837,-3.9926281292728234
838,-33.905467039542195
839,-6.774772536301548
840,-12.56839707420476
841,6.26676411366666
842,-46.39320200145361
843,-3.1107174283172867
844,-27.82197385746577
845,35.00216412805634
846,-22.24317124353096
847,-23.62556404235037
848,-20.77758886537128
849,51.67064779502217
850,33.59065139258448
851,2.2873201491522224
852,30.829872759078505
853,-5.323521480485375
854,9.029219817636609
855,3.7379378825984944
856,34.666975358448575
857,4.986716573472705
858,3.83206806660332
859,3.105979722713208
860,-11.372369654057792
861,17.118169788100253
862,4.817739537165686
863,-21.155607221245766
864,24.449888414381743
865,-13.060684078685995
866,-6.929409439197848
867,-39.62175042637828
868,-31.841178044315804
869,23.75729951510314
870,-7.142734943274242
871,5.4436944438859385
872,-5.733997673259168
873,-8.960629706203918
874,-43.99250600115676
875,18.159150151231685
876,8.971339963034552
877,18.993049094513932
878,30.79718434887525
879,31.54516591522086
880,36.029008718174396
881,-36.470141774418074
882,-8.085306570383935
883,-1.5917684809279962
884,-36.07575617181181
885,8.913998205371158
886,-19.407274726515233
887,0.13208468227940529
888,14.798750744712326
889,-74.5131077965448
890,-26.760662776832767
891,56.858590320484495
892,-38.52248430702415
893,2.322563755698397
894,5.126651469031714
895,34.68820964322981
896,10.385164226784774
897,21.00119098165449
898,-18.82098054547488
899,-32.947587400824055
900,-31.850953594857735
901,-11.794780414584395
902,-26.951019941653392
903,-7.78303908453708
904,-2.1729661523494883
905,35.05283018068324
906,-3.043484401221768
907,16.443942781861743
908,-47.47698786220719
909,19.324375338265323
910,59.46439970930311
911,8.21451026311611
912,-3.9143768017946314
913,3.316124973858166
914,29.897077387036475
915,33.23536973388205
916,44.071613946053375
917,-6.883715664761922
918,25.06126172524298
919,8.920764439171172
920,-38.41209338376941
921,-37.19853250977393
922,15.708388254425387
923,29.29276733206015
924,22.22911546277245
925,33.7067618539865
926,-15.476455789553981
927,-23.9229278758366
928,-8.726525556786811
929,3.1139066079722326
930,39.985884946941745
931,27.809011944213463
932,19.23060246287855
933,18.350566339139057
934,19.879763360397487
935,-17.001134148562855
936,-6.957639560133821
937,1.350011601265635
938,0.6889919608038042
939,-41.49385740915192
940,13.19331742008465
941,43.74043933705657
942,-44.0006671895836
943,3.8910860921855033
944,19.80048772800522
945,-10.218332031380719
946,12.605364652551167
947,-2.9106337464761296
948,6.00167711950656
949,-43.963297260005085
950,-63.48568282306507
951,67.34729865004033
952,-33.713011646493904
953,-11.57212439477366
954,-15.381732585378806
955,27.28426551622859
956,14.135925221614261
957,18.821788210456692
958,52.730945786667476
959,-36.36807446604465
960,-10.691642812223499
961,15.561228704690976
962,-33.186246343287415
963,9.332963808893119
964,2.939959169373296
965,-2.8264479919723513
966,1.2508219009902604
967,-3.640240048505767
968,22.553840163015245
969,-37.43867659199747
970,26.980828274539192
971,5.531815803694592
972,-13.930418614648836
973,7.545925450593522
974,-25.515056273475217
975,-9.11224213662826
976,8.123631525347584
977,23.67463578433493
978,17.99611710458509
979,16.754418021201147
980,11.2361554276509
981,-8.394988416640267
982,-26.92835642496383
983,27.619203270805034
984,12.532224509700185
985,10.161995403388666
986,9.556261235452602
987,41.28527229577651
988,11.988281204604796
989,2.1374482658617566
990,-57.244273554129585
991,-72.59010158414014
992,2.637069160539305
993,1.399892179755554
994,-13.550084038458792
995,-34.17290261934166
996,29.740801340424554
997,4.875733443743108
998,-21.767097831476043
999,-6.946761613472546
1000,-14.925986242485024
1001,25.024904452875287
1002,-7.647092555095007
1003,-28.026899399963675
1004,13.617866939878837
1005,-16.09983995500007
1006,-9.256317795696795
1007,-11.778438568422345
1008,50.23992407612021
1009,3.2201110424350645
1010,-17.445032943636647
1011,4.350634103346451
1012,-15.584682938959816
1013,2.710542799084493
1014,-6.680840490548825
1015,10.992049099761246
1016,-23.366283423854775
1017,-4.303782009658811
1018,42.882003734533804
1019,27.489890989414043
1020,-38.2339493763293
1021,4.554796521235019
1022,-9.03308504926575
1023,3.0558959575413738
1024,25.661239016892363
1025,-4.299316354232339
1026,0.4123880791577932
1027,6.749417334266816
1028,23.06972215275815
1029,18.01711891486565
1030,13.829655361587445
1031,6.333922140165022
1032,20.472074965874842
1033,6.78604346171371
1034,51.470351706956684
1035,-4.124093226250366
1036,21.130877365074014
1037,24.26950692409259
1038,-66.56851642274083
1039,30.650605951270233
1040,7.425575398565066
1041,16.395849479601754
1042,-33.8305181264677
1043,-18.429595258477697
1044,-30.62459489891129
1045,-29.79091417391016
1046,-7.121510593390028
1047,-10.665842411868681
1048,14.004018046394783
1049,-52.16074910624595
1050,-63.61342672957621
1051,12.771263108327467
1052,21.80982484422563
1053,6.2913063877137745
1054,-16.49405450738052
1055,-4.233277199099412
1056,-12.728556710166245
1057,-14.568699900981414
1058,11.24292313011891
1059,-13.408388440962689
1060,-18.272603797023336
1061,-54.803561938072015
1062,-1.9154903125865204
1063,-6.877599737220812
1064,-6.606306023642297
1065,-5.2718152610682765
1066,4.350468010788383
1067,-12.556264698123485
1068,11.634481275916386
1069,-3.4586597456211194
1070,11.323567326608966
1071,-20.017773573414694
1072,-73.06988350984415
1073,-4.562965041732525
1074,-26.305401042769937
1075,-16.648656359973657
1076,-24.561301111764216
1077,3.429571024379392
1078,32.11380054332719
1079,-35.98337975860958
1080,-20.003166236936003
1081,24.426406438130282
1082,-3.4024854995281117
1083,-62.48339360927552
1084,5.148161486232233
1085,-11.503626713941536
1086,-17.63347647599474
1087,1.424664960118804
1088,-11.332507147510007
1089,-7.260271495946284
1090,-8.827144846832901
1091,21.46052689827296
1092,-22.834374115891485
1093,-12.857369970016883
1094,-25.325634266474232
1095,0.35369186140091813
1096,-50.94304679052373
1097,22.47425576815892
1098,-53.29034352115769
1099,-7.657882180718943
1100,29.93107189245799
1101,-3.7923328064639747
1102,1.4223429009839776
1103,9.550697522237897
1104,15.416994414409704
1105,10.725128257477976
1106,1.1918614766338678
1107,-24.31310815343506
1108,-8.232635804835972
1109,-38.28107485807177
1110,27.786632363336608
1111,30.621689923677863
1112,3.9645357121947384
1113,5.714315345876415
1114,27.754929785407057
1115,-41.51011099359855
1116,26.141550926467765
1117,-8.196194539593051
1118,36.09341416557772
1119,-35.96156443119178
1120,38.236310091334566
1121,25.6822564264544
1122,28.710483426522863
1123,-19.561567994329714
1124,0.0787718416213039
1125,75.40889368955307
1126,-5.403230949925067
1127,17.268649408853197
1128,15.747820181151098
1129,-20.98262248228108
1130,-23.34597593570333
1131,20.562123318384963
1132,29.242583075963136
1133,-8.766946662970284
1134,-42.08620280903481
1135,36.25170884524057
1136,2.830990880018426
1137,59.64836519553494
1138,22.659205791959796
1139,30.667701957989784
1140,3.592964888188874
1141,-10.545901069793452
1142,-18.37947687447072
1143,-35.88633432129847
1144,5.640607283314914
1145,34.50841804202072
1146,-7.0764155245555145
1147,7.11028766928613
1148,-26.29052004648785
1149,-20.18016886346171
1150,20.862431983403695
1151,9.498171600922142
1152,-25.964674357114895
1153,-11.283620755095917
1154,3.7471752317978044
1155,-30.544537689835117
1156,11.649529507514835
1157,-20.055904200078608
1158,16.38644046127695
1159,-34.487615442173
1160,-24.996879311759635
1161,22.032206054871118
1162,11.001495230497667
1163,-24.323728624652965
1164,29.278817734659917
1165,-21.180914401595352
1166,-29.631467590072795
1167,-8.925056092205423
1168,-66.58916288059646
1169,-5.538463141376134
1170,50.89798885207448
1171,-50.41861851327632
1172,-4.018186014726403
1173,2.7389348209745847
1174,-24.13420983625702
1175,7.413861710961633
1176,-11.490447855942776
1177,9.98640461226828
1178,-43.12339281257312
1179,-25.733221702995046
1180,-35.259807709321855
1181,45.80213252821425
1182,20.6520019791955
1183,4.358152008286005
1184,26.93504998100047
1185,44.67783837089501
1186,-6.74651553495891
1187,-20.119100884983986
1188,-35.65542669499549
1189,-16.34153079643231
1190,-4.497979950402609
1191,1.7983659255514297
1192,-66.25444562066616
1193,3.277395379703499
1194,-35.097902700473206
1195,30.62056825235271
1196,26.981918618554253
1197,-4.175539477143751
1198,49.738882877617904
1199,-62.99425008775855
1200,5.580780191906037
1201,33.557034207520005
1202,12.174758884093315
1203,-25.61589918802452
1204,22.648642916440178
1205,7.694405506727776
1206,-18.050377335943004
1207,-6.719266802252243
1208,-28.903123438933456
1209,-16.01684613976235
1210,51.530592524942676
1211,5.323939974305581
1212,-4.178764901355535
1213,16.317569047203378
1214,-7.001567561395142
1215,49.480232684477386
1216,-23.19462735290886
1217,-5.0017534398130294
1218,28.10564064729199
1219,-77.03262058652857
1220,-29.448483279443373
1221,-1.8009887373806635
1222,188.9025990923776
1223,-70.52673922442207
1224,43.999534658751166
1225,9.92663386320094
1226,1.2806285779372217
1227,-5.64280372077711
1228,8.36148272602351
1229,-43.96787762000613
1230,12.417741105354061
1231,-29.109648301434895
1232,37.973129621283675
1233,-22.681783707351975
1234,-32.780312401242846
1235,-35.09950089417121
1236,-16.80285295717453
1237,-5.864984775428354
1238,22.80257547570789
1239,1.5409032097188202
1240,36.70622917793378
1241,11.148688803832819
1242,-24.089523478626454
1243,23.084378897895338
1244,-18.056348703697644
1245,-2.7331725109299043
1246,-1.0043242800211942
1247,34.16067662984468
1248,-19.0478258123865
1249,0.6033775409305733
1250,15.620860531058245
1251,-8.392269803704515
1252,29.476276750590223
1253,22.396312755340656
1254,-17.704076571344537
1255,0.24394283788569027
1256,-0.8926399435107939
1257,-3.3675348750346927
1258,2.835544649546037
1259,-7.399366513799521
1260,9.847524959865297
1261,-29.410217807165132
1262,-12.145083331722361
1263,19.41653828817944
1264,25.8149123071214
1265,2.9860159878118466
1266,31.240654162618142
1267,1.6633122969206724
1268,20.976630600454772
1269,-6.764430742140675
1270,18.024140218610263
1271,33.67118768003023
1272,-8.485084709201125
1273,3.0400237827359504
1274,-6.804043131447038
1275,4.850100120887419
1276,21.50009938098083
1277,-27.117232467552647
1278,-60.21305145314222
1279,11.765762278578379
1280,36.42950194004251
1281,-45.98767521133407
1282,-59.53678289179877
1283,10.876419876238465
1284,-4.10213694896445
1285,-7.105699091134653
1286,-38.903132651417955
1287,0.07489378219590748
1288,36.64240949663228
1289,12.58228077888198
1290,-17.34822954046566
1291,-21.963278742082828
1292,-24.858080724735224
1293,4.936850916626426
1294,-17.66688653758547
1295,12.448212019276099
1296,-3.596455422226512
1297,10.86648776683792
1298,30.794398055506086
1299,-17.164411863569327
1300,13.287793176657175
1301,-12.771412331170652
1302,21.086735273219215
1303,-22.697615037682745
1304,107.24661486591803
1305,3.334696995266988
1306,14.693678153926925
1307,39.69500252160741
1308,-7.922026979154211
1309,-10.820846120327325
1310,-1.608067362001485
1311,11.629420187570517
1312,15.077339688472637
1313,16.5176106127222
1314,-9.476953334482594
1315,36.10285473683087
1316,8.022088712534341
1317,-4.784010797153115
1318,-6.305641056444401
1319,37.66463183650247
1320,-11.374560428302111
1321,-49.86561710551269
1322,-8.43462111465282
1323,-32.17513142930452
1324,-33.30741445462976
1325,-6.969793593642137
1326,6.612338233320486
1327,-44.920521580628694
1328,-12.4935090346887
1329,1.1102575943841373
1330,40.14558427980234
1331,23.636671060868775
1332,35.019309305748045
1333,2.354798168060775
1334,3.682983611829279
1335,-51.82151519874878
1336,5.465029667552557
1337,51.92970930731346
1338,-15.980261364604495
1339,-39.91357318561838
1340,-20.218386509646656
1341,24.968336346685113
1342,-21.1024270784198
1343,-14.763986124412149
1344,13.082882006835547
1345,-16.34942172321351
1346,-49.460874961728386
1347,12.822886605920253
1348,-17.690346126555838
1349,-11.257877672156972
1350,-15.064432693409309
1351,-16.70454848876414
1352,25.41674633621455
1353,54.10873190827439
1354,23.908660296127785
1355,16.96610235585652
1356,28.303776433129585
1357,58.10593806523464
1358,28.960178078819467
1359,17.268711624429816
1360,21.57334500396838
1361,33.754500368201775
1362,-6.5528878060172815
1363,56.21448215878029
1364,-0.8354248713815622
1365,-39.37809495393504
1366,11.850852222014836
1367,25.58016309422637
1368,13.750636975568202
1369,14.727686255858167
1370,41.55658697967725
1371,-10.43933722490064
1372,-6.016366546968662
1373,-2.149765270220321
1374,9.804086068451468
1375,49.0843837478039
1376,-38.02434529916369
1377,64.6961705729652
1378,33.25556349072069
1379,163.22447608131444
1380,184.41358484128114
1381,9.02668274112824
1382,-52.13793898965431
1383,-29.18785322165312
1384,48.874169913043374
1385,-23.0142976223375
1386,25.54064786191643
1387,23.88507665161112
1388,47.86168069146425
1389,-9.884717068250865
1390,18.535229920422502
1391,67.76000911171221
1392,-4.850907300653532
1393,20.698752752068003
1394,99.6239927721486
1395,-2.069158392116492
1396,340.92382659377455
1397,104.43244034305944
1398,120.37796387086672
1399,-40.23501552970719
1400,1.7040332007886008
1401,24.970605849534618
1402,24.946541408954246
1403,32.06871282397569
1404,28.14894630860275
1405,30.04455919234831
1406,1.736193164546151
1407,25.628556290692565
1408,-19.718936915496975
1409,-11.46549854484585
1410,40.52849704819755
1411,18.409305215573855
1412,38.006151224301995
1413,300.4425802214755
1414,17.552604196441923
1415,72.66517843943626
1416,54.322510525064004
1417,2.6020143758492154
1418,-9.622287223493949
1419,-2.5385024436663244
1420,13.077027317595338
1421,16.42690002230312
1422,-45.43919542036827
1423,5.542707348426809
1424,37.15425943717455
1425,43.90942300288556
1426,27.478364605245606
1427,16.082206362237798
1428,-14.87091532467874
1429,6.0874074662915305
1430,24.183089631694518
1431,72.43695320276561
1432,-4.404743393873353
1433,30.745700231713073
1434,161.7479357948805
1435,27.792488517130117
1436,43.335747342862845
1437,23.58303471386832
1438,15.854546342721331
1439,19.903267932989845
1440,-23.926658462335944
1441,62.49782384124909
1442,20.646174488507736
1443,28.55940101134323
1444,12.462439379662094
1445,12.498708922034403
1446,28.84709906469202
1447,44.80212547336361
1448,9.801636690837874
1449,3031.1246573280673
1450,2.38188346075961
1451,2514.3446249979793
1452,-5.321941624520619
1453,26.82820661239268
1454,25.414983644357417
1455,61.637214466520774
1456,29.02242834474565
1457,90.70572760954451
1458,14.167833797289756
1459,-2.86506656802144
1460,-18.863912671532546
1461,-21.88680449134194
1462,-32.37991521524979
1463,-11.22562662810357
1464,-24.805142528108597
1465,56.643097835152666
1466,35.6776543601227
1467,-41.40334357587661
1468,-21.578063318809107
1469,110.72727198751559
1470,48.792039141374545
1471,27.51406137768499
1472,-6.046135752405128
1473,27.182142565280135
1474,-0.3919298358993686
1475,-28.351706177927106
1476,118.24164747528289
1477,6.388012528303747
1478,13.034902169010351
1479,11.34811882079321
1480,-8.62820986632017
1481,6.2140249595339085
1482,-7.055115461868269
1483,43.57799852495282
1484,-20.87539503173361
1485,22.87683197307906
1486,-35.81604724162978
1487,-40.37245193378896
1488,-16.74585624723013
1489,-41.478645605950966
1490,19.917624565180475
1491,36.68296955161243
1492,7.490332147050424
1493,48.696883432650594
1494,34.462832615433925
1495,-6.492420926011995
1496,16.90648144217015
1497,7.808853019357748
1498,17.056153554422554
1499,23.279165161521323
1500,4455.148412222454
1501,4084.3702739182377
1502,23.08540535717707
1503,61.66216998787665
1504,25.042372370330792
1505,-17.795886754555482
1506,-28.191900824336535
1507,-7.90269831744498
1508,-1.8857892629512278
1509,-44.47491457198711
1510,-33.52233698525996
1511,41.46756630101663
1512,203.95342506127196
1513,18.82960381465954
1514,-22.171133434306775
1515,-22.52584546146064
1516,-13.604253269564289
1517,-36.80900444293149
1518,-7.87913034253198
1519,-14.734940176312698
1520,26.659932969334655
1521,167.5245332518511
1522,19.072882574956726
1523,569.5674769621357
1524,92.93763645503338
1525,30.065339926436216
1526,38.20551355687692
1527,525.7098452566755
1528,11.028239198124488
1529,26.870163271882905
1530,3.622297323139769
1531,15.047375388657489
1532,5.8700566786017845
1533,6.994299244753506
1534,-17.648516773364577
1535,51.93108750130389
1536,32.84458583069066
1537,-13.654796888723006
1538,27.238560480750305
1539,15.910950398368119
1540,13.758808493702382
1541,-0.47807752308531803
1542,16.752662997762442
1543,33.68420731791433
1544,-3.1176714871854614
1545,14.233544780530735
1546,-14.402574815380888
1547,1808.9670553253243
1548,18.996658966839323
1549,46.95972108486064
1550,1.6995855047525978
1551,16.461931402937758
1552,22.34650978235222
1553,-23.4859878070479
1554,-11.420530344427661
1555,-14.319708129531051
1556,1140.531059348001
1557,-8.169761851434352
1558,-19.09382201204148
1559,19.33178173313749
1560,25.659265648958623
1561,-25.959279927299782
1562,-5.446600965822007
1563,29.35145333411971
1564,-2.139054976049863
1565,3.716563855433108
1566,43.3393377794217
1567,-40.475823857032246
1568,35.03719194363562
1569,22.47989518858562
1570,18.010022921901275
1571,11.310807717584673
1572,37.588849029839935
1573,-32.25700476962904
1574,33.09651010392534
1575,32.86406303672159
1576,8.230785785353085
1577,32.18242722075688
1578,8.639372372128491
1579,1.483551496764541
1580,26.454235554893078
1581,25.16920120543199
1582,61.15317124349755
1583,-6.9645347741273795
1584,-16.620132227017685
1585,-2.8116589182840457
1586,63.30920983029715
1587,-0.6517493381899442
1588,-27.85545817752122
1589,33.50515656769469
1590,36.99984167265099
1591,37.20175426059697
1592,12.560566278131304
1593,-52.901989077056776
1594,49.04856113041208
1595,36.948819337681336
1596,-4.620041573664054
1597,9.89287912099278
1598,23.7891905381461
1599,34.15518595377388
1600,41.8495268288629
1601,-3.4434685882728786
1602,32.242132625001645
1603,-16.936425190157067
1604,-7.689375458439656
1605,-30.46452959646583
1606,-9.866190808994588
1607,9.679767541107296
1608,38.933404304852886
1609,33.399710211895865
1610,7.910019862029216
1611,15.594681122906831
1612,-2.9711507927399623
1613,28.6120168625071
1614,2.9119242002925105
1615,-39.69072170426934
1616,-9.5098284036103
1617,30.331754790509876
1618,12.074852177212179
1619,-24.60783702907134
1620,24.691073204823446
1621,-1.8312191374279934
1622,-52.01540072377663
1623,5.720604869357182
1624,14.782860665014518
1625,115.91989916162157
1626,-32.45278696418942
1627,62.835510679053854
1628,54.56351451522653
1629,20.390685168571704
1630,15.696198120734707
1631,-4.554787738571292
1632,13.285750760386065
1633,23.527443548090627
1634,37.29461680637832
1635,-12.479079800618166
1636,-12.12361185295407
1637,16.395942083115713
1638,19.35639705486222
1639,27.278747951712308
1640,7.570163942492137
1641,3.650244804296733
1642,-27.29476032866385
1643,39.537437261815754
1644,29.99588104220312
1645,-13.662255479470645
1646,18.75067682496599
1647,29.194411849331406
1648,43.88759693325265
1649,52.93270748934343
1650,54.53022762188428
1651,37.385470901703954
1652,11.35028110861726
1653,2.646780641801037
1654,30.229518234792195
1655,21.518129481085506
1656,40.67704956387853
1657,40.998699756241855
1658,22.32756605763211
1659,10.207216552001277
1660,27.654257862976237
1661,-3.9399301938696425
1662,-13.60250155730305
1663,46.42021147721834
1664,25.49002961101007
1665,66.47563993261912
1666,18.92667638869862
1667,-2.7517169806825805
1668,6.333640886821442
1669,16.508916403120704
1670,-31.61795209545867
1671,-32.0109329199752
1672,-25.1475645992112
1673,18.628936324439678
1674,8.648502277182722
1675,-3.8454144098358825
1676,18.73057044725215
1677,8.353786050647322
1678,12.309708650716303
1679,20.07092337091475
1680,9.449829890656574
1681,23.33059242438878
1682,51.047058883624025
1683,-1.1121730159963406
1684,24.196255258796178
1685,23.674402921078247
1686,-1.735739523298676
1687,-41.00550438257145
1688,0.4360322802655574
1689,21.193263342978533
1690,7.056030764347504
1691,62.26735060529025
1692,15.126573223020621
1693,29.91089776861088
1694,46.51022632238014
1695,22.771099511137216
1696,3.000319260694475
1697,6.168193772617002
1698,-30.08155016052634
1699,30.358802869266963
1700,8.086087473688345
1701,40.58117078542226
1702,35.94262798260772
1703,30.495690429738566
1704,12.344357714520747
1705,4.140959685038439
1706,8.419463117713207
1707,38.89861160186231
1708,0.7986010943676973
1709,0.9103990032193181
1710,50.18008915309382
1711,51.68045718409227
1712,51.05102343930104
1713,45.68390471205867
1714,24.15500465929799
1715,-34.23871558208945
1716,-19.896019139363
1717,74.13961913377494
1718,5.234011988732185
1719,8.206165058938439
1720,29.031429012496478
1721,37.12473654714463
1722,-15.381547591205596
1723,53.55686498182499
1724,-7.455425063081719
1725,-33.738126816480865
1726,117.05425433387242
1727,27.896917731185532
1728,29.495814394588127
1729,7.630555715304801
1730,137.3093598715102
1731,36.94508646549784
1732,67.24651375545577
1733,42.404082781056466
1734,31.501480374283304
1735,52.506385499778865
1736,118.80790756523052
1737,13.123889558874623
1738,-3.3000610611836194
1739,24.51717555548958
1740,-3.7057868598379216
1741,39.335271170991
1742,-1.0438522316764534
1743,-3.5875751602249224
1744,-28.185179765552625
1745,-25.03428884858355
1746,11.471733157235498
1747,16.993169434799626
1748,31.501169202815806
1749,-31.93317067428199
1750,243.63296092385886
1751,0.6443053502120364
1752,10.87700438036098
1753,-1.6293895872824962
1754,29.597681708133134
1755,10.32604101627048
1756,-22.043760606251517
1757,24.780561623313293
1758,67.01696463228859
1759,4.084679413272781
1760,5.611544350631554
1761,-23.606820111062028
1762,-25.352593110759024
1763,21.17425611136954
1764,-7.880471205460253
1765,17.39927057267066
1766,-41.201895348186675
1767,-4.256807210334756
1768,34.73832046423209
1769,18.99974080466549
1770,19.13550239933732
1771,-20.483178576520622
1772,31.29415076514151
1773,-11.01088238394211
1774,20.02024695502116
1775,32.817972262914836
1776,-1.7401503284025281
1777,77.72410873330996
1778,146.66322351377536
1779,28.339854826748994
1780,35.11996667744373
1781,9.713384779121782
1782,-42.07838663980775
1783,108.40274218410369
1784,88.91074548065407
1785,-12.401020794156054
1786,-21.268346902465318
1787,30.60840860439046
1788,7.623276820414695
1789,25.676976310619
1790,11.38419529530104
1791,-5.951676921212325
1792,66.6198825058464
1793,-8.435647626557085
1794,-36.138691117143004
1795,-24.30391437281768
1796,-11.0515188481777
1797,15.10645423631021
1798,32.186888954805454
1799,33.36884764606502
1800,7.753488915933005
1801,34.427309585071036
1802,-2.919804582166641
1803,-1.2318268970898671
1804,38.048375540240016
1805,8.882000439638425
1806,2.9641547801792143
1807,45.862495004089446
1808,18.21103351599548
1809,237.93830409058418
1810,95.09407824458705
1811,54.956580727139624
1812,80.17799364351751
1813,31.589943384342078
1814,37.39423262951396
1815,-2.691800383119812
1816,32.2683750737529
1817,14.17935455954261
1818,-0.6027427305314106
1819,42.9617228220138
1820,22.473963404613734
1821,82.90161140367988
1822,15.053448147079429
1823,28.31443888973117
1824,14.98451507493484
1825,42.96922740747038
1826,36.21986605522735
1827,24.92643842550142
1828,-4.496115264252822
1829,189.173644321562
1830,54.04032733330608
1831,45.5446101265321
1832,37.77656850027109
1833,3.9616495346673446
1834,23.06386487274289
1835,11.071131897470792
1836,18.3289919743584
1837,82.76431098198321
1838,1.3562831294637974
1839,0.05849152548869796
1840,-17.37945574902836
1841,-11.40583965958264
1842,34.51529415116255
1843,18.84474574043669
1844,-15.050506466755976
1845,36.01380478297814
1846,-1.8227888775790078
1847,280.0810507489123
1848,17.01775457851095
1849,9.81869492772222
1850,38.79713684282398
1851,72.35432050860817
1852,219.1325028093729
1853,3.5680167196969137
1854,-9.909280289304327
1855,-20.583921644931287
1856,-19.323204843787174
1857,184.90154303527808
1858,-17.24041399185201
1859,38.518036967072646
1860,155.56597748206687
1861,200.11157987779367
1862,-16.769258653624405
1863,-9.48892986045795
1864,416.7044548486846
1865,-33.78619319150639
1866,14.743673790148794
1867,-8.46945024703642
1868,15.598902899361867
1869,16.91600939913687
1870,10.327619135967488
1871,34.285613003752076
1872,6.565014410899785
1873,246.02658649255616
1874,-7.603410587227543
1875,28.988931386628995
1876,11.58699251714068
1877,-19.6469156621634
1878,-4.800539777703754
1879,24.590152714311497
1880,27.18934338798872
1881,-8.051124468152508
1882,44.69927630772832
1883,21.83479331005716
1884,33.49724405819933
1885,20.09556894128283
1886,10.035041243744864
1887,37.964919825189405
1888,26.40781156925243
1889,4.88949537176881
1890,3.9928301157464148
1891,-24.33419760229183
1892,18.90197790708294
1893,46.17922478368136
1894,14.122440081611707
1895,44.622080203726355
1896,25.43601497929321
1897,48.00627097034702
1898,30.23481509025681
1899,40.04352688973135
1900,-16.632703522977764
1901,-34.49279048669424
1902,21.554968579066863
1903,57.05118913947159
1904,-2.74062156311318
1905,8.47569050885491
1906,52.580427020555454
1907,26.00282438247494
1908,10.631236073261427
1909,118.96783736265135
1910,136.62877914345142
1911,3.179681837130701
1912,26.135596590332373
1913,31.41861962427828
1914,99.16930174539877
1915,10.797707265831853
1916,32.6181245065841
1917,25.63909314441328
1918,-16.725715302839312
1919,13.640694398171476
1920,28.67961563502804
1921,10.639835637147009
1922,2.889473086302907
1923,31.912815116619868
1924,-1.7470026806425665
1925,108.07853171140461
1926,3.3976255208128663
1927,-17.99474153518735
1928,19.172082705246225
1929,24.061291384459405
1930,-11.675022992718453
1931,18.616810711016
1932,26.430481494140015
1933,2.444409763672475
1934,31.032439083171504
1935,2.0121651536005274
1936,-27.419069646279745
1937,-8.706489504733511
1938,27.750410526987782
1939,-2.624524319415393
1940,105.10226083627131
1941,102.15352226679974
1942,-2.032612462655756
1943,54.18028136389417
1944,21.32262482540622
1945,-2.329711189719852
1946,-2.3356841148061207
1947,129.5129103370872
1948,-4.320844106659507
1949,-2.967483584660542
1950,7.519533178976239
1951,13.335206799995948
1952,92.4009460763034
1953,17.5753699736609
1954,24.78068245498441
1955,-4.488063014990857
1956,47.9136839994711
1957,-5.550914569073271
1958,-24.819557228616866
1959,13.377260632313824
1960,22.224273166251525
1961,17.435649375042356
1962,26.90893752007324
1963,14.122400824767059
1964,27.18586506608255
1965,17.83519787089781
1966,46.24823056882453
1967,25.7444588168091
1968,58.20683359906014
1969,26.13289064592211
1970,29.308822958384578
1971,-15.497008162035876
1972,13.647715142956052
1973,1.1250201713816423
1974,8.872187078152123
1975,54.13779151751342
1976,19.19539120560264
1977,-14.913035543003538
1978,39.212700223264626
1979,-3.996253386894736
1980,13.498363632383338
1981,4.538983090384114
1982,15.613431581743445
1983,30.272217392016252
1984,15.727485419356487
1985,18.777464683038747
1986,46.408944717092474
1987,-18.58430298632876
1988,-10.126760021309714
1989,33.527363955288436
1990,34.40136721080155
1991,30.49398649194362
1992,29.894174132223508
1993,11.62955814635204
1994,28.981998672134793
1995,19.904302843121695
1996,2642.0029788750066
1997,1.7188075541981505
1998,46.03290697551545
1999,-29.798057246204856
2000,2547.544945519264
2001,2102.7078472761764
2002,10.895749229299724
2003,93.06417906547367
2004,1696.9203879197044
2005,-19.202759972500566
2006,3.0541674760178807
2007,32.799145930199714
2008,29.771571970378943
2009,111.028183952706
2010,3067.894853045541
2011,10.004273869558105
2012,-1.6822412936526732
2013,24.977227209230133
2014,55.05776897558898
2015,2685.449660360629
2016,49.70077606934622
2017,21.493994614957273
2018,40.22190749744097
2019,-1.4941377203995074
2020,1294.9475240119855
2021,8.231609414004907
2022,65.03267436623841
2023,25.344065471373078
2024,-18.307054484894266
2025,-2.844206064685025
2026,2.559279115036695
2027,23.471482445500417
2028,-24.752416392261388
2029,77.697597949874
2030,-26.54236881668681
2031,-20.824371054670912
2032,19.298439403886984
2033,4.333322113251725
2034,-4.24442341304249
2035,8.979737180847337
2036,0.3537889841611559
2037,33.29613306590077
2038,-12.912162036283128
2039,-16.296939541458023
2040,29.287497815725544
2041,-40.9224446035414
2042,-11.12938924487726
2043,-18.893913617001523
2044,-28.602046318727638
2045,27.10415812562752
2046,28.02832397276789
2047,3.4624332830350326
2048,2.1951317507683683
2049,-17.25666141172737
2050,26.919800361259178
2051,-11.5718371242639
2052,-19.52620378135392
2053,-35.635945676990254
2054,-36.68258124487286
2055,23.60926603261661
2056,23.325028428807634
2057,35.36124444730751
2058,-4.885398306778654
2059,2.6305172159946864
2060,33.6583919202195
2061,-36.38344654345932
2062,46.49678493573638
2063,95.02619008652638
2064,-16.90419076266111
2065,10.959266717672413
2066,-20.14757675916298
2067,149.33451574674336
2068,46.02846137232163
2069,5.013974326416999
2070,-4.311266895809034
2071,-7.021526034529835
2072,32.42311432726821
2073,-22.833959669264623
2074,42.316083951959484
2075,10.283251060123106
2076,-40.04096254194858
2077,1.2836271225549964
2078,1.7061690963718092
2079,14.404379093498651
2080,-4.826570694216244
2081,-30.525467840284456
2082,16.000420621683528
2083,-0.617599970894112
2084,30.284768446989023
2085,68.88781903013073
2086,-5.302925041853385
2087,-8.999952065392641
2088,-31.836991338092325
2089,3.973857204837337
2090,-5.075434090444965
2091,4.003693415671037
2092,-16.931914849772838
2093,-32.111535252366885
2094,28.941787402192023
2095,31.816561572354885
2096,-23.302125385832447
2097,27.51999138088317
2098,110.18757977502483
2099,93.21850912788693
2100,0.4124581786086665
2101,27.30729275791214
2102,-12.072004049828351
2103,-34.14531355873314
2104,-46.60318807081179
2105,-5.955331640962967
2106,38.65769890246498
2107,62.94294342110808
2108,-2.208689871411792
2109,0.6159653270425167
2110,34.00945524077825
2111,33.078735667815764
2112,52.04013230374975
2113,16.833963117939923
2114,8.649660457129322
2115,3072.491171365038
2116,37.24784997427217
2117,22.347724386692224
2118,28.928861296195468
2119,26.561171050360738
2120,1.6484275037266585
2121,-10.563058554782685
2122,-19.45022233551594
2123,-32.625140851763256
2124,2837.2046755148435
2125,4502.694220878196
2126,-5.428462454908008
2127,-14.028280958494385
2128,57.923283860685366
2129,35.908970649044036
2130,53.60179535256035
2131,-34.94410113307209
2132,-41.568532123230376
2133,-1.9932986142994906
2134,7.444069860043996
2135,-5.397518391846155
2136,20.595368601906664
2137,-18.66567254827725
2138,-20.59553001385475
2139,5.737837212845854
2140,24.886673210776696
2141,20.76879011963997
2142,-25.613154581409326
2143,-2.789094043881967
2144,29.913599089089445
2145,-31.789830319721936
2146,-37.14811677935
2147,-25.657224660643173
2148,29.421458449924465
2149,39.15044797817335
2150,27.653210379938194
2151,31.877456407333092
2152,-19.200589925011947
2153,52.98912583767362
2154,38.65893982878278
2155,6.283650371043663
2156,13.895767996887827
2157,85.38092758067255
2158,27.36012943028461
2159,-22.83350902626112
2160,-1.7496773047104455
2161,3330.218705469632
2162,4343.435981617882
2163,85.77626105576505
2164,2.758262416708341
2165,85.78182390785958
2166,3675.724660925074
2167,9.779229616884244
2168,-29.969060295863322
2169,-19.575957457188046
2170,2.926877986407476
2171,32.45113015800472
2172,41.12761650277151
2173,40.24205547783899
2174,47.19754731660569
2175,15.88500760629006
2176,-0.8324021988067329
2177,-24.004608299131398
2178,-24.23589366753452
2179,-30.888332264820555
2180,-9.040302082140748
2181,3215.333135759468
2182,1.8128121738964111
2183,1.521519326511239
2184,-41.837948385672654
2185,4.57540907082349
2186,-3.4222361684977756
2187,-27.895537384805202
2188,9.009039212572887
2189,11.90597097973155
2190,-35.834922399703466
2191,138.60369815076743
2192,13.697270648746382
2193,18.411326466858338
2194,-25.246953696984356
2195,-24.877545465729163
2196,48.499291799470235
2197,-22.94164787182327
2198,20.79862068750928
2199,203.1773561557428
2200,16.892259170064186
2201,-28.917432285241354
2202,27.407467351999134
2203,-38.170899981884
2204,-20.118036782848712
2205,15.396176369221983
2206,-12.482946836966818
2207,-3.1990869119908396
2208,38.49950154240075
2209,9.57420412591258
2210,231.81725772339925
2211,-24.17134691691404
2212,140.67318815555154
2213,-12.039888291153474
2214,-3.7641261169614566
2215,144.39547228168558
2216,-24.22957214136523
2217,3.2053541814511988
2218,47.68094048493811
2219,-20.588222266289414
2220,2.5676517128232916
2221,-10.601263633379766
2222,-5.320485558684055
2223,-18.2729523911715
2224,-30.35358014394908
2225,-7.72735793195281
2226,-7.58765861227068
2227,-30.65257386325269
2228,9.151731737728873
2229,-2.036106011476086
2230,192.26873771115316
2231,107.67514008330805
2232,-26.403351909800783
2233,-30.50279450524001
2234,-15.28238087904004
2235,-26.136814309687004
2236,-16.6717396209322
2237,-38.717282072218715
2238,-28.304947805722968
2239,35.11069050122825
2240,-6.649635504258683
2241,-1.5126794169626194
2242,-6.256374072499916
2243,-27.729384353578233
2244,13.337216057754421
2245,48.674507782495944
2246,27.630248983351642
2247,5.028022543587248
2248,3.52828582487588
2249,39.80467777690242
2250,-13.8092878656456
2251,34.540561080119275
2252,14.6593943679112
2253,39.56161431632221
2254,20.336031071909826
2255,24.938492034519303
2256,14.799824312848987
2257,16.17139322021774
2258,36.033687091516924
2259,442.52103549321214
2260,526.9804389674978
2261,21.212337561380462
2262,-9.240561187565774
2263,34.39140427196685
2264,37.47328475575005
2265,-5.976787394974025
2266,59.23653261957941
2267,38.782875732898724
2268,-4.865105865554938
2269,17.367178070395337
2270,-5.813016681906156
2271,60.760490241072205
2272,-5.455930316754809
2273,37.868253285190335
2274,29.362476233981383
2275,33.66989757944699
2276,-10.943042636933882
2277,31.271004848996558
2278,24.695546948629012
2279,16.628078574750074
2280,33.49350321314719
2281,-8.929079177766567
2282,9.898487677196044
2283,3.835757133864554
2284,181.651511154745
2285,78.77804373103358
2286,17.323329564395518
2287,14.32694168446423
2288,-19.70003455624235
2289,621.5713769662807
2290,449.3492752749257
2291,39.32955119880964
2292,50.03262276054576
2293,16.279918764336067
2294,217.61475692453683
2295,-15.15197949527311
2296,9.132484221722947
2297,14.788755048437697
2298,447.39853388727283
2299,4.731124009420974
2300,-26.260788709352333
2301,22.83053011726355
2302,34.50987256942894
2303,6.0996829116386095
2304,15.472550625649195
2305,50.114477360572124
2306,16.410419055314648
2307,-47.598225397930825
2308,36.799868534020234
2309,-30.629631238225365
2310,10.772345498930555
2311,44.31811572326853
2312,105.15049944000334
2313,-4.245632244624495
2314,-25.62657703047571
2315,23.67170877844613
2316,29.37556180132414
2317,45.21940690936479
2318,28.9653005643316
2319,-11.831202629639591
2320,20.66988329870056
2321,37.216366260165415
2322,25.585865848825513
2323,7.55762509450463
2324,-14.76058719322333
2325,-16.560240843121996
2326,4.46331293162266
2327,1456.4772304192381
2328,68.11223029507062
2329,-23.609635626621277
2330,15.6818585341086
2331,43.65492034300911
2332,30.289271340800088
2333,11.184901190754033
2334,1580.171817093672
2335,13.667141223137058
2336,3.594404893319833
2337,39.022105709280254
2338,41.029308068804745
2339,16.34624066786632
2340,2.5954965895917823
2341,14.651917468543132
2342,1344.9220858416368
2343,982.6283393053789
2344,4.232132232635202
2345,-26.310252113952266
2346,13.362995800039482
2347,-12.759140132819681
2348,20.979127357632347
2349,2.229933845869958
2350,3.945550557279084
2351,-20.336462277283665
2352,-2.0352724883042583
2353,9.693749042141086
2354,20.626491807379292
2355,-13.527868954040223
2356,38.06661633531582
2357,-12.893770655574059
2358,36.008231646446674
2359,16.396346847810047
2360,-7.010236748414826
2361,-14.375196451078544
2362,63.98252100930539
2363,1107.4929362701566
2364,34.730564349137865
2365,-25.989444216059887
2366,12.434102596057699
2367,15.010267466574874
2368,-18.15408232445293
2369,-14.618950664431622
2370,-12.453926163049047
2371,-7.802387446255786
2372,20.345439511483093
2373,21.460109813558073
2374,26.608140567840493
2375,16.724323278066205
2376,31.41825268696465
2377,10.311753640080639
2378,15.854551152162593
2379,27.96901620631021
2380,4.544999625889247
2381,-24.43400926112374
2382,1770.3833008689983
2383,12.074992481790517
2384,15.700963625309445
2385,-2.0173136095406647
2386,43.54969917736981
2387,-19.807435609943617
2388,49.971444646898064
2389,-18.56594398259871
2390,36.88236971379572
2391,29.24555413591697
2392,53.031847193735146
2393,20.179252603518353
2394,19.258556236683656
2395,23.26064188934756
2396,1137.9789753184177
2397,28.64386312274713
2398,-12.641446743441414
2399,45.70553125420525
2400,23.78580929789373
2401,-8.493580961088938
2402,-0.9206507746352912
2403,-8.417237229513162
2404,32.38305042746077
2405,-5.297834898108242
2406,36.54251651443686
2407,36.29863373589838
2408,-27.012548324481763
2409,-5.072471184230032
2410,10.219626492994536
2411,-19.292325876408945
2412,0.368410313292749
2413,43.47368495287993
2414,30.91609653711236
2415,8.445881650917435
2416,26.815320864956156
2417,30.40685192277397
2418,34.32741031536948
2419,-5.353940627444828
2420,47.56861876625773
2421,37.93316125629488
2422,25.005448326685155
2423,13.42991989751706
2424,-3.3304294194648705
2425,10.894910435606398
2426,5.644741853637036
2427,83.23689452748228
2428,30.108301603528282
2429,11.928377456614108
2430,10.63990031711829
2431,35.053496630408205
2432,11.312179721796532
2433,50.5956488987286
2434,44.3876143095449
2435,50.77641905743633
2436,3.2875228762580164
2437,1.7953728654313466
2438,-12.135503352842953
2439,-35.613362549565956
2440,32.04978082419614
2441,-31.604233459327112
2442,51.101909791042274
2443,-5.732600051193842
2444,36.57077798799756
2445,-8.59733875824741
2446,15.639607008597064
2447,-21.057280578377224
2448,36.31271082125419
2449,24.205717889597192
2450,51.679907148429606
2451,49.10683399796051
2452,34.28614959309249
2453,12.272046304942677
2454,-22.61749946319744
2455,62.37615131175146
2456,-0.8687367030414421
2457,43.91432039978911
2458,66.21953317748094
2459,-1.3109098814830418
2460,25.968452830054748
2461,-23.73647211476638
2462,10.702772073220117
2463,43.76936816362681
2464,16.70134232298634
2465,44.03666289193847
2466,-16.40249346614499
2467,-35.66982161076243
2468,-11.277145679626386
2469,60.32606246362151
2470,41.48331597782259
2471,15.957520229581085
2472,33.71448825049817
2473,26.052766138414945
2474,14.685735371606029
2475,25.7567606326462
2476,56.635077046466755
2477,27.615992509214802
2478,45.035650900229875
2479,-6.873451984284372
2480,-23.04491707342735
2481,-29.35953244114254
2482,28.46917481734614
2483,24.268953475270006
2484,47.595010881020464
2485,40.69029163417831
2486,14.550792234256395
2487,7.288764808809304
2488,28.80763163411466
2489,20.14992215314179
2490,1.8254119725460711
2491,7.460580664741848
2492,45.09026942603201
2493,6.423995118554117
2494,60.22520200216322
2495,30.44253256200281
2496,63.842415774417645
2497,15.902940659442585
2498,-26.693926427932958
2499,3.6252380633849626
2500,38.648708102678654
2501,17.001280526121526
2502,61.777395890417694
2503,58.70448781720077
2504,42.345510597820095
2505,19.35717304826946
2506,34.30117885982975
2507,40.3293059872622
2508,24.704329469938873
2509,17.760804745757564
2510,8.661337916403426
2511,2.837335940311128
2512,20.436446683662666
2513,53.803732462118255
2514,37.41709561761467
2515,3.244176282235564
2516,-25.92270794575436
2517,-23.987965972627713
2518,17.768595507865538
2519,-2.854185147800635
2520,5.846805518702219
2521,52.0039318553784
2522,24.61527949837225
2523,20.306743970656385
2524,4.762712393780134
2525,-35.714257917942824
2526,-19.88576509225647
2527,-21.534060248102598
2528,16.477169577913415
2529,-21.45457890895559
2530,74.32303922401724
2531,5.328904681687412
2532,44.519405912870766
2533,31.891066784844288
2534,45.97828235305259
2535,15.280368907878486
2536,23.091249936480878
2537,22.09016238868062
2538,37.485824932597914
2539,-15.69417506978619
2540,40.215527040441884
2541,38.22112183008666
2542,39.673972041373865
2543,18.568184330904362
2544,-14.283480311712154
2545,12.279517325912856
2546,7.894815643110647
2547,-11.29706927642399
2548,32.88188857266773
2549,6.589923284117361
2550,22.177570399590163
2551,7.202914539275902
2552,-33.167015080498324
2553,-9.440556719257032
2554,62.03783547412486
2555,-28.77605059190372
2556,-16.44017937731897
2557,53.4958403307119
2558,9.204915349031495
2559,64.56921461589067
2560,18.130006307468623
2561,-11.471948289417284
2562,-2.904307921109691
2563,-30.153405726117974
2564,-20.669767623061027
2565,-17.00214893362309
2566,3.2273984756637617
2567,25.833547300687247
2568,-32.42019355977077
2569,-4.193690188396204
2570,-8.986429237054757
2571,-37.37133748653229
2572,-30.75623150688495
2573,0.013645478814986234
2574,-41.095410862402424
2575,19.7477153393015
2576,79.97608754708419
2577,108.44582530410338
2578,-19.591644203510732
2579,15.54153475384284
2580,21.570022324691998
2581,12.58212260910323
2582,37.637854053753166
2583,23.717969899996092
2584,-0.4233973481731539
2585,18.748599517298686
2586,51.979415387146474
2587,12.77654758387736
2588,10.616284204484899
2589,83.6951800043054
2590,-2.2286524004673467
2591,30.96968912218731
2592,16.793876955653598
2593,26.03243381591284
2594,36.36343164061746
2595,-30.343489193093156
2596,-8.830499082528057
2597,11.144780165952142
2598,23.550109886519206
2599,-15.300057818724255
2600,4.1848899635091925
2601,6.856184680487033
2602,-21.117438189883238
2603,47.38803028321552
2604,-16.795400663312385
2605,-8.033544537847156
2606,37.661173745593665
2607,24.826797352292914
2608,10.539197083469261
2609,18.186787605533087
2610,-39.496416442829535
2611,2.1952434646287173
2612,-2.8040212958303172
2613,8.535397347639368
2614,-3.9629094387455055
2615,39.68190764241046
2616,16.467731759434056
2617,8.034680223812245
2618,4.114331129104826
2619,19.90549287269606
2620,-8.63927134381484
2621,21.39140869910757
2622,46.37138092520993
2623,39.30621809206018
2624,-16.48804908472958
2625,0.036498644673926606
2626,11.9944998369036
2627,12.382891596158785
2628,47.01417062674991
2629,15.565491895316473
2630,21.535292820995753
2631,8.582264195542784
2632,-7.26080116972058
2633,-8.557091539829344
2634,-16.135917230854922
2635,-8.62456785781469
2636,18.254879509625066
2637,19.48257884101529
2638,22.197692505480468
2639,36.545103276586126
2640,34.869218665570855
2641,-33.01632013547165
2642,-16.347940250801095
2643,20.6616131245209
2644,-0.6890170068820112
2645,6.736670742478843
2646,4.016290429236086
2647,-28.534706050330435
2648,17.792990907849443
2649,-10.16326594133195
2650,25.60731137486965
2651,-29.44464551029072
2652,25.905505906229266
2653,-23.931973769176928
2654,8.117652024572088
2655,-14.760559687860514
2656,1.7918692782201546
2657,-14.66504628968304
2658,-23.657251559398155
2659,-4.14396826504548
2660,9.89703573103786
2661,19.328106891915176
2662,24.491403897857722
2663,9.717943120755862
2664,16.072846830277573
2665,18.130288768435268
2666,7.2194616288913736
2667,32.33333447377433
2668,18.604458932020048
2669,-13.7029156232108
2670,-24.25637567927199
2671,8.959872152435892
2672,-40.728362379275616
2673,16.833204754596398
2674,3.743346978640581
2675,-6.295316504008511
2676,-4.001796779368021
2677,10.774673467399595
2678,26.345316038765986
2679,16.285664702766308
2680,23.70886603660345
2681,1.638167567807912
2682,36.77530954535625
2683,-7.116319716404462
2684,-5.268524360429396
2685,-21.961233962117014
2686,16.68745006714364
2687,34.57759659005685
2688,-21.222836645971107
2689,-0.7317163835134011
2690,-7.310899186899803
2691,20.718516830058245
2692,-46.361672800208616
2693,80.83863661258158
2694,15.858949219503018
2695,-21.863874048546002
2696,-11.752496284908347
2697,-21.44833553063352
2698,-32.57315549261427
2699,1.5053361965171845
2700,-27.189752224868663
2701,54.66359221486575
2702,-26.826375720048624
2703,140.30499503475264
2704,-12.033554456312174
2705,-42.31553703439885
2706,-17.058235677157015
2707,15.883143710410913
2708,120.49544265366413
2709,-46.640145884497876
2710,-18.528059030728087
2711,28.385020358495474
2712,-5.296901216525583
2713,4.566692807282685
2714,44.24657816021194
2715,-32.54988039822718
2716,-31.849832935639164
2717,-29.30256770169303
2718,-29.212740870978315
2719,-2.7574973401939857
2720,40.137171740071615
2721,-6.079805298935007
2722,12.646786925583058
2723,42.6601945108414
2724,-7.755482485273603
2725,-8.515440283932705
2726,-6.603959184640111
2727,55.05823536790865
2728,-22.65068664953622
2729,-1.2328180662081039
2730,21.364471644876172
2731,8.186719816358014
2732,-31.681154686303124
2733,-27.83879160954003
2734,-10.982965118072848
2735,-24.2041049578527
2736,9.548324985658802
2737,26.750770104940326
2738,36.56785846065761
2739,-11.930982935843495
2740,12.743411128596257
2741,151.16505670671313
2742,-7.020350701490123
2743,183.54528381456672
2744,8.365805347712723
2745,-44.854347771814396
2746,262.67991884584876
2747,-23.05217267995645
2748,7.475277162099253
2749,-24.065369287425433
2750,180.85057612354572
2751,-15.104561760133784
2752,-4.2491742165894735
2753,100.93718278723487
2754,-17.167295314496208
2755,-14.341651373389098
2756,21.234602647375585
2757,3.15075165156766
2758,-24.579069875627944
2759,21.96692677634219
2760,11.199843201976016
2761,-19.11181674398197
2762,-31.37256380444223
2763,-19.7998177394144
2764,8.262877397783676
2765,15.824402187594078
2766,143.5277021220443
2767,18.586098323149272
2768,-25.176960053091044
2769,42.56287367792459
2770,1.4449578381321402
2771,8.032443886549316
2772,9.779468484953156
2773,8.228002243309305
2774,-41.60849320907477
2775,6.268333515062743
2776,14.902253154099672
2777,-2.5714756383077813
2778,-3.509316963869317
2779,23.765924274593623
2780,21.836351700627503
2781,27.04931403962038
2782,44.428989758043244
2783,-32.046292377476085
2784,-18.920999470648198
2785,16.1732944483134
2786,2182.1146937363123
2787,28.076818796179296
2788,-11.121170404337988
2789,2626.866222890632
2790,-23.09167503668423
2791,-17.074481443783554
2792,15.589182432373601
2793,5.229747270086648
2794,-6.107635345163608
2795,-14.34186030569468
2796,-17.392219292252143
2797,69.60794080612769
2798,-12.824266138214831
2799,1564.053038709202
2800,11.695043503533732
2801,14.770140500473513
2802,-11.242847626750063
2803,-23.5334220906337
2804,8.625497734536594
2805,-15.366365221502456
2806,-3.760773732028703
2807,31.1344962892027
2808,-21.16394359344104
2809,51.40744249744704
2810,-48.05348324827886
2811,7.0979162746872575
2812,-16.622081607355092
2813,-8.42373385463253
2814,45.22551594442348
2815,-36.559499621862834
2816,-1.9372858608168002
2817,4.4060863069987874
2818,7.60586017975173
2819,-36.33931960588779
2820,36.719914229205884
2821,-8.871595038532504
2822,-12.651724825076123
2823,-7.6616369833056055
2824,-25.233787425568742
2825,44.48392302575666
2826,30.28461712503779
2827,-18.155307954154274
2828,-55.814110092150166
2829,5.280339401370163
2830,-2.658119912062169
2831,-36.72488687486622
2832,-39.40762717525033
2833,-5.540883447262004
2834,-6.26670491313412
2835,31.542574198729984
2836,-30.24688194360214
2837,3.919673458176966
2838,-9.494455677793283
2839,-18.26900444898645
2840,-23.21370746610065
2841,20.300790022820298
2842,-14.485705670055438
2843,-26.249008316528368
2844,-25.546849472429663
2845,-24.42170931214148
2846,-39.672810289703
2847,-12.8603372809933
2848,-18.428451361806673
2849,13.233610202353674
2850,-16.895634983578837
2851,0.422514072063386
2852,-11.035841867395696
2853,-38.013386804349885
2854,6.66794708687933
2855,25.943961675339978
2856,14.72868845637781
2857,-0.5596603383596488
2858,33.5077082320734
2859,7.203733753090887
2860,-2.726071455661632
2861,39.73089993794565
2862,-31.89089256029687
2863,3585.944299824457
2864,18.608473489274708
2865,16.020018739954534
2866,-59.12172235079348
2867,-48.69845230641378
2868,39.398219392363764
2869,18.092371224197706
2870,-4.0085956632524145
2871,44.78336134525222
2872,-13.313450025645452
2873,33.77149427844854
2874,-24.271711352226028
2875,-18.208968145143054
2876,-52.139210518603015
2877,-10.299397566658072
2878,-5.032978682652278
2879,-19.88690258235804
2880,2431.5954956780506
2881,13.305870773792329
2882,-30.477781601604583
2883,3493.184662413213
2884,23.175209473047218
2885,-27.713729845534182
2886,-26.52722726787247
2887,-51.43814676440244
2888,-17.15352686673544
2889,9.104405438925369
2890,15.244102343109674
2891,-27.042451136627058
2892,-8.280875711006487
2893,-34.32026387483352
2894,-30.95613011402775
2895,28.066043880115323
2896,117.24913301807214
2897,92.38341180833444
2898,-13.884762083079096
2899,-39.5636501208212
2900,-12.208197771283366
2901,-16.801602846646794
2902,31.862231270285513
2903,-23.572248641452695
2904,-29.688969655021886
2905,-28.420222485902194
2906,186.19060004492934
2907,-21.7729570591867
2908,-20.570944220953614
2909,-18.477626058741258
2910,-18.008167857051497
2911,-29.872129335648857
2912,0.7225464255849232
2913,36.327289005909336
2914,6.64435793483166
2915,29.02498965163598
2916,-4.572579975521414
2917,-10.633606712666875
2918,53.37593986046029
2919,-0.8708290491738069
2920,-7.242463325435402
2921,-19.427255687643033
2922,-12.732024980655154
2923,461.7934276377532
2924,9.309017459348809
2925,-23.247153009822874
2926,26.491970231975564
2927,18.0216217468391
2928,-4.54555705433048
2929,-7.07545453220434
2930,-0.13039499184798586
2931,19.733435066566123
2932,236.2092663952238
2933,4.504459933947437
2934,-26.720800582917484
2935,373.02875260565804
2936,-7.194025237524279
2937,-20.344589495105232
2938,17.439005758798967
2939,40.22840227968836
2940,-22.115150930147557
2941,-13.253481994528691
2942,19.049103816835004
2943,-12.36130014154184
2944,20.760521584802728
2945,-5.297274568667625
2946,28.503954784550142
2947,-14.09466675801999
2948,3.221853292646429
2949,-16.14264247173748
2950,19.191700675140684
2951,7.401378160439371
2952,25.302101037712262
2953,-17.419446196265383
2954,-0.06048048314804788
2955,-7.608363712615308
2956,13.117265103131096
2957,1657.3423858868907
2958,-33.83672765810011
2959,17.271497547992798
2960,-13.771731843257108
2961,5.067265909039634
2962,4.7469458592355736
2963,1082.3610254449375
2964,-26.469128273156294
2965,-28.31720080566081
2966,950.7515066299933
2967,4.4343578535808135
2968,33.073688343282996
2969,5.463765276651557
2970,4.507330612551613
2971,-4.419997052147991
2972,-16.550296344732388
2973,-0.19437303383826077
2974,-11.189682362049666
2975,-22.668092899680993
2976,-21.89940663150943
2977,-39.6380537192286
2978,-20.23843010855581
2979,33.01580736260704
2980,9.000608523106791
2981,33.146894562180705
2982,18.157856905955686
2983,6.034740956228283
2984,-13.790590921920142
2985,-19.609031936665794
2986,-25.371667926526634
2987,5.4785748327416
2988,25.002624497463692
2989,5.565921669106643
2990,53.52485618549035
2991,-4.109094174785483
2992,-4.96213092791843
2993,-2.1572747893629014
2994,-2.9853146056760664
2995,-23.587971852362905
2996,-55.49335539817664
2997,12.810194585920591
2998,27.973669177008677
2999,11.213188953146073
3000,-13.90296971750442
3001,-0.9004095501319753
3002,21.212841888988365
3003,-17.422308153798852
3004,0.016989517800446663
3005,-33.23858491100659
3006,11.042482418673714
3007,-11.761334850852734
3008,18.613674270648094
3009,27.74204217893438
3010,-8.589683522521689
3011,13.2725614432089
3012,-7.534840257862953
3013,-40.107462000486855
3014,-2.9933319309922695
3015,-20.404092148321432
3016,-12.96643635298868
3017,-16.91008619371175
3018,25.4074157266921
3019,26.211877450403993
3020,-22.591731775742637
3021,-12.551106578829739
3022,11.04175923372226
3023,17.22198634014232
3024,-7.628216755295341
3025,11.737146981896913
3026,27.880823542885743
3027,23.36128434704963
3028,43.96818669328483
3029,22.918256797603092
3030,-13.299464545963176
3031,-6.300902998534831
3032,24.270249983984467
3033,17.07205821853642
3034,36.95152712378733
3035,33.73162117893726
3036,-9.184548827029353
3037,-0.5010774997417045
3038,-16.235225861078455
3039,-2.7051724610208723
3040,-21.454567099439792
3041,14.15198214210725
3042,2.193149628218812
3043,0.9082194939349151
3044,28.782759591375967
3045,-29.863411013540407
3046,-15.02980139084324
3047,21.069948116120347
3048,-25.034939134658877
3049,-2.250282076537509
3050,3.4387614345609165
3051,-12.367496637377442
3052,-8.445766266800277
3053,3.1549737830276854
3054,9.341932149119579
3055,-3.9478874961766266
3056,-9.630350173366828
3057,11.351249045716905
3058,21.596382625865868
3059,-25.423056651019913
3060,13.798525300192615
3061,6.429758122309714
3062,-19.205494787280237
3063,-28.834332484810965
3064,-6.8321834961209404
3065,-18.261700277889624
3066,0.6695439091307236
3067,-40.550218654916016
3068,7.63020622034724
3069,-11.598418120853005
3070,2.9184628969697854
3071,-66.76306222446081
3072,6.564431107524619
3073,0.7674128848792208
3074,9.307117180177208
3075,-2.0742149634634472
3076,29.534615107309588
3077,29.669446146950495
3078,-18.16425609729538
3079,-34.010225424734024
3080,-12.865342533343892
3081,8.500330189706013
3082,33.53717758878872
3083,4.384089083493976
3084,20.55176163718819
3085,6.349123152077894
3086,-18.648113459955503
3087,17.572491867019945
3088,-6.99058836531659
3089,-1.9094565181649301
3090,4.036783070092049
3091,15.548760064782517
3092,-1.0483792393678613
3093,20.077545725537423
3094,31.893676459631518
3095,0.15826896565243942
3096,26.710432545944997
3097,-23.401220427514453
3098,34.08174566326483
3099,-29.869590483138616
3100,33.331023701718635
3101,27.392958500292973
3102,26.256365967735885
3103,49.47210990552645
3104,-22.439436292120867
3105,-42.740182241234585
3106,10.880764751260486
3107,-38.95370594818642
3108,12.179458589011219
3109,-9.963348509320689
3110,12.642943717176834
3111,16.248616164732876
3112,2.4743121845071983
3113,-55.19368558043646
3114,-10.098862388258944
3115,15.946338300272735
3116,-8.002565226285697
3117,28.14211546449323
3118,10.53004047843617
3119,13.45169111501588
3120,-18.577333737844818
3121,7.753822526788838
3122,-17.18537797391007
3123,-0.05138016698187897
3124,-23.309133160999245
3125,12.903779857823807
3126,17.221822201639796
3127,15.353307116519375
3128,-18.748638637784317
3129,16.73653834836928
3130,-12.334921964896694
3131,-18.836254233911546
3132,-5.997437610152005
3133,-28.502074240008447
3134,137.15866011516616
3135,-22.183878132014136
3136,29.63328163481878
3137,-1.4725573299554995
3138,-20.087875911002335
3139,-27.495768771049562
3140,-12.655690768801804
3141,-17.16731759902163
3142,15.444735403962028
3143,20.154714476964603
3144,16.531344819751833
3145,-25.405118676364474
3146,-23.90351064290845
3147,-17.731756749472844
3148,35.910771771090744
3149,-13.404305958253126
3150,-28.796803845061795
3151,7.272559606159945
3152,-70.86555372862017
3153,-47.80892491113385
3154,-27.009905830621797
3155,-12.38065168003741
3156,-49.6079910433837
3157,-1.9328475809316146
3158,-10.464888714358999
3159,-29.794894579569352
3160,59.000186427125925
3161,22.929687341994505
3162,-72.51102113650091
3163,-32.151884067976106
3164,-28.148564918232076
3165,-26.700416672952947
3166,98.99870421869619
3167,-32.260583022988904
3168,-16.843964053226735
3169,12.86564038584335
3170,-35.32179333791539
3171,-34.408618715401026
3172,-25.342093175565317
3173,-15.188022934406888
3174,31.044616568996695
3175,-40.37007715580494
3176,107.77937495255256
3177,-60.02211556952404
3178,104.21106572222965
3179,19.77250934455759
3180,88.25346860955436
3181,27.641413059279056
3182,41.59836365581245
3183,-17.079338090547616
3184,-3.7206306674107523
3185,-7.159458611134596
3186,-9.550827115451845
3187,25.82664390322976
3188,0.14739581793376288
3189,231.19854588488528
3190,-16.10567856635086
3191,-15.80921037699919
3192,-38.8255630189072
3193,-73.706227909999
3194,236.30066230375002
3195,27.553200071946375
3196,0.822306081271627
3197,14.068078088366764
3198,21.428777752949287
3199,34.75268459442137
3200,-21.921914488402926
3201,38.51317266401794
3202,11.384008036663325
3203,-23.650498252305148
3204,187.91593454649683
3205,-7.0287560375045075
3206,19.712131489310945
3207,-4.859122575634736
3208,-42.75053593666227
3209,22.07783474367851
3210,47.48775339144471
3211,2.898496019881769
3212,10.96808324092418
3213,6.50693273055262
3214,-19.843720310244045
3215,-6.517059189563625
3216,15.335089206982818
3217,59.35338435489407
3218,-12.06212955911122
3219,-26.55377903980672
3220,-0.43517906387216243
3221,-20.61862531339232
3222,16.2256888566759
3223,-1.1954107686983448
3224,-17.298361925975115
3225,-11.293868445447423
3226,-17.00194150957835
3227,-61.098243676390204
3228,-37.35178090399105
3229,-28.12554512542821
3230,10.329326455957542
3231,27.316835652548676
3232,-32.989199469880624
3233,-29.543522143144635
3234,52.349134040706595
3235,-18.158445485770663
3236,2.002279066343881
3237,17.07298243095638
3238,46.40838342813823
3239,20.621705690271337
3240,26.320427520440596
3241,10.027747869101674
3242,11.041460867324176
3243,78.10525730991515
3244,27.731687182165622
3245,-11.100028455311055
3246,-18.950048212161313
3247,14.177138494205508
3248,16.719163689675142
3249,-18.921112989647334
3250,-39.15266487455603
3251,-10.28316494765835
3252,7.554779986429992
3253,14.731155581915889
3254,22.694599072994365
3255,11.820462478473324
3256,100.67879026916452
3257,-38.27491564063089
3258,-4.0397415103714
3259,-10.648504182472294
3260,30.110504526766626
3261,29.60145350172108
3262,-13.980399792284146
3263,44.75186524094948
3264,-77.92701731998679
3265,-24.44824263855545
3266,-27.542052551657484
3267,2.592603746422469
3268,20.036467632072036
3269,-5.9134698268055885
3270,-6.0548357914235424
3271,16.882053975379897
3272,-44.142878140607515
3273,-22.966826777146288
3274,0.17970281975748748
3275,3.587896052107446
3276,-58.51145218748123
3277,2805.1045786031027
3278,35.04413405955448
3279,-21.678346641348504
3280,-23.669635493193816
3281,-11.562027140146675
3282,-9.977325718753683
3283,-22.669314532294386
3284,-10.896621635978342
3285,2.8978784275020004
3286,-14.744233069576403
3287,-24.281168798060968
3288,1034.5269903109024
3289,15.984706749309506
3290,67.1346995560265
3291,1630.2457080981017
3292,-21.090315171490438
3293,2238.5811940090634
3294,6.11192924735392
3295,16.8185940552103
3296,-28.97645953902687
3297,-14.181255869560161
3298,-22.71768046342894
3299,-62.25990402979516
3300,34.06803637887931
3301,-19.080877735402048
3302,9.452928706884748
3303,-18.462348705042118
3304,-17.083336164834975
3305,30.400425671025673
3306,-23.511488081887556
3307,14.94849455165894
3308,-21.588345144777
3309,38.69106287376252
3310,-45.84824125505907
3311,-6.242505718752881
3312,24.504499048696836
3313,-22.44856392956681
3314,-19.249808463717066
3315,-19.076877809022157
3316,-33.3863186035233
3317,-47.11655606306933
3318,-24.206569419967302
3319,6.906708595803046
3320,-1.614959572370509
3321,-2.8787755557820134
3322,-30.66261942569019
3323,-31.555285959156485
3324,-13.608999859460248
3325,-28.644138398795384
3326,-73.34302385956616
3327,5.0664005818882885
3328,-28.530137538976952
3329,-7.9052216327566995
3330,-9.291038724002476
3331,36.07386164651755
3332,-30.588308464321052
3333,-55.06674730819699
3334,0.22940270777703375
3335,-9.156922603317518
3336,-32.47628837597413
3337,-26.721834950703048
3338,-29.84052718853183
3339,-27.018883687862775
3340,34.69398141811367
3341,56.051583137416664
3342,-12.47170521070791
3343,8.209288005905492
3344,28.596381494266144
3345,-33.751102084354976
3346,-34.11278306649027
3347,-6.201467420876838
3348,-21.14410605272672
3349,14.314656887665183
3350,-31.47470057779301
3351,-4.461061340552568
3352,17.78527433715047
3353,-23.409378132178823
3354,-13.112938948043315
3355,9.926683697884272
3356,14.317931070955755
3357,-13.4211328278545
3358,-35.30437643924012
3359,28.71188344996241
3360,-21.791445563906727
3361,10.937235629325976
3362,-15.741798563918373
3363,12.310181222280839
3364,-32.977320964894595
3365,8.348594948157405
3366,-19.305669137650675
3367,1620.6336398997812
3368,34.381691771544304
3369,-65.27464026573645
3370,-30.096310800833088
3371,-25.009629787097033
3372,22.605455479438564
3373,39.323009742123624
3374,-32.441294039280926
3375,-27.584320732919572
3376,-76.79424371688916
3377,4.725077597265248
3378,3833.634867958577
3379,-11.212757756020963
3380,9.304564032610244
3381,13.283955942700743
3382,-15.033769213692821
3383,7.84078538947108
3384,-37.21362108455022
3385,-22.075664747850645
3386,19.057606823050264
3387,-3.068758191927742
3388,30.038904512739347
3389,55.12092160811648
3390,-14.168239652511744
3391,5.299058033326467
3392,-41.26021238863509
3393,2504.395246438739
3394,-12.544052304515603
3395,26.173546795445397
3396,41.70564350048114
3397,2981.0470561033867
3398,-41.87292332784376
3399,-14.79453194712228
3400,-35.54721973669245
3401,136.7844206005891
3402,-31.93826627631102
3403,-2.2166478812733033
3404,22.0423260651501
3405,-49.98355849945927
3406,-7.5745045180977755
3407,-0.3826279227835485
3408,-28.21940381674495
3409,17.23039740127042
3410,-22.869217433575564
3411,-54.38715174187269
3412,-66.32265916931155
3413,-83.0983175714442
3414,188.73510726329883
3415,-31.175343154099558
3416,-0.6932945836844127
3417,54.82828852491237
3418,4.906039856807418
3419,14.924279823789728
3420,-26.48050901214257
3421,-26.432391296770696
3422,-12.231479156741493
3423,-35.92458315270783
3424,-31.282897852731317
3425,-16.964918926966575
3426,27.262564610213946
3427,-28.07544323147342
3428,-2.670299573579811
3429,150.96244096166134
3430,-22.626542582437004
3431,-5.207189366313159
3432,-22.783979295220412
3433,-4.562195254843012
3434,-4.780268204134217
3435,497.76458862816673
3436,-5.370551789456371
3437,11.706442266811926
3438,11.694726299846977
3439,0.8424237117732432
3440,19.61578493635336
3441,-6.696333064232732
3442,20.624968453764815
3443,-39.87319124970339
3444,18.327745021534493
3445,-15.479161975793765
3446,5.45468833158386
3447,12.10941315047149
3448,42.27594455934338
3449,62.58395455712339
3450,-6.13705280257912
3451,22.08410686315848
3452,144.6442972799381
3453,14.565316437332825
3454,-23.543297900645662
3455,-32.29480957567497
3456,-22.16323033129921
3457,-3.4172235986354735
3458,-28.626021002497232
3459,-45.571613317799965
3460,443.77136590743
3461,-27.24708694010257
3462,-32.632819557951244
3463,18.108875495023558
3464,17.080440699377288
3465,12.13092390759239
3466,-10.502432505447516
3467,25.285240198140276
3468,-30.143890697652758
3469,-32.49573617465534
3470,-3.7712353323235703
3471,-14.438460504625937
3472,-30.953520167159176
3473,-2.890133228719101
3474,-1.3573823154756397
3475,1.4387572638987294
3476,49.81635757288271
3477,-30.144054985063285
3478,39.97731479208047
3479,-20.87162130203975
3480,-48.48611236545229
3481,-0.46945459568230774
3482,-4.913884469400301
3483,21.07681261869713
3484,-45.447675422580055
3485,-6.163154440991704
3486,-10.869006637827425
3487,-18.888941864195353
3488,14.34274003474372
3489,14.434472686089467
3490,1.4893089095244534
3491,0.4923858279687252
3492,-35.31118271597227
3493,-16.62017616935018
3494,3.1861243559567782
3495,8.748850013138465
3496,-11.943810821894218
3497,-0.2834073135553581
3498,23.60257318195194
3499,-22.46738806347512
3500,9.436901371967913
3501,4.649739734561187
3502,-4.389834376180282
3503,11.049465243049553
3504,2.9313279049713827
3505,-54.800990937050734
3506,-32.27678117958528
3507,-32.35472327018831
3508,1649.528680359931
3509,-25.569706304616737
3510,1427.40498309673
3511,482.73704836894984
3512,0.0011809387934036408
3513,1330.6188004579578
3514,-6.464021414001088
3515,2.4341743591754152
3516,-52.54565589914531
3517,11.10769275964224
3518,-21.645600937728112
3519,1.6179625981133086
3520,-19.15709299895922
3521,-48.57121886125719
3522,-29.416308345433585
3523,-2.1947014886625666
3524,24.948885011116193
3525,-8.052558065323097
3526,4.911229583291025
3527,-33.10968106384646
3528,-30.285049575096515
3529,32.1668704396137
3530,16.425147554424985
3531,12.613913113334284
3532,43.728278802422956
3533,-44.97700249733584
3534,-10.055090567832174
3535,33.82321453962602
3536,-42.615709752791
3537,3.2524768655448284
3538,-32.19782343434793
3539,-7.136079630613409
3540,-4.68653791995127
3541,-24.857392168141764
3542,-19.335405021953143
3543,49.89371385946673
3544,-5.390391464766026
3545,-54.83991660688796
3546,15.796111463669625
3547,7.064025902566861
3548,28.06544329180047
3549,-46.3263054162255
3550,30.817476352719567
3551,-32.78927230657582
3552,-2.0469461287239596
3553,14.392242485577682
3554,-23.282754100830367
3555,-54.83779644154789
3556,-25.16426922099962
3557,17.178627859901205
3558,-13.220072930686385
3559,-18.74407463811744
3560,15.945310551449698
3561,29.09133594657658
3562,-4.884232659769744
3563,23.418323083672515
3564,14.002186561464711
3565,27.686529187130095
3566,-60.93244722186058
3567,-49.630950077109
3568,-14.100620245307013
3569,42.00784382271596
3570,-27.159374391856126
3571,-23.951463696480737
3572,15.06637484320235
3573,46.8460533799253
3574,21.98585995476122
3575,31.40323314435608
3576,18.90549593696294
3577,13.97895189962222
3578,-10.19201527646078
3579,-3.3327009298398806
3580,26.59598854135169
3581,-32.877785563475236
3582,-7.0779912198942725
3583,-48.76559816315626
3584,31.514001532495282
3585,11.982613032156273
3586,-2.8957339900644
3587,14.515138008715851
3588,2.042047998694059
3589,21.852148618635482
3590,-36.096031904631765
3591,3.4388110371785032
3592,16.641015270378507
3593,19.711027632019203
3594,-18.639073740306777
3595,-12.9119239797609
3596,35.48383434783575
3597,26.720207144782133
3598,-4.5542741405321365
3599,-20.60277132179838
3600,-15.15442107771441
3601,-5.371152908629327
3602,-11.934727881166936
3603,-17.59824876906884
3604,18.398099361168295
3605,-21.768523314288664
3606,-22.098757768427
3607,-17.34692953991705
3608,-48.8870062313003
3609,2.2278864504737825
3610,-32.48952490989405
3611,-42.25289330154738
3612,25.003495763689617
3613,-60.21132157854854
3614,-37.00927798330083
3615,-16.725713097188553
3616,0.8600442062496327
3617,-2.1017390037583468
3618,-19.861892839792013
3619,-29.769359665230162
3620,-19.513453159100997
3621,2.262675543061917
3622,-14.208033195955053
3623,-38.70881668903484
3624,-22.48616716179057
3625,-39.30365152155783
3626,9.538434082124603
3627,-68.94851478183699
3628,7.2789544588598645
3629,4.360295505850154
3630,0.6199057755615627
3631,14.041016873695558
3632,-5.405769108693001
3633,-27.75121364122422
3634,22.517087554759165
3635,-38.8543181578656
3636,-12.827129378176238
3637,-25.35072705318199
3638,-21.16383691495563
3639,40.6902732421162
3640,17.519098296078475
3641,14.24476934367113
3642,9.9484579021699
3643,-28.760790131673225
3644,-41.18667159008111
3645,-14.092115643134342
3646,-11.317975871447786
3647,-38.88458207810584
3648,-8.280725416874795
3649,14.587062386850757
3650,-26.703033758494577
3651,-11.657556734633985
3652,-16.457166856642708
3653,-25.759530212952946
3654,-23.271392485141313
3655,13.484005540737595
3656,20.076847885879484
3657,-25.905724224226667
3658,-2.0382106830897158
3659,-49.05076575648568
3660,-42.7129279339724
3661,-19.276249813489848
3662,13.770530019074016
3663,5.032294008620532
3664,4.646906646574628
3665,-9.127605742631374
3666,17.751967428641237
3667,-6.525234480259421
3668,-15.005391033682777
3669,47.82656710716119
3670,63.059871383442214
3671,-13.825119415951022
3672,-41.95102765991631
3673,8.128349914959415
3674,-14.174384840593284
3675,-37.07683405135759
3676,-30.38653214923334
3677,28.934806006788385
3678,-1.7513814113524617
3679,-45.08351443899705
3680,18.207655247935186
3681,-42.11693100530854
3682,-41.67707347270555
3683,-10.949669293881627
3684,20.392573734172085
3685,-55.840024406453516
3686,44.48727669372245
3687,33.362285438644825
3688,43.79375611925205
3689,56.469854875510556
3690,15.2597751874391
3691,16.772877897292567
3692,-30.438504656843257
3693,-37.41061892725359
3694,18.551593954841216
3695,40.166178798229744
3696,-3.006937822873496
3697,4.287433684987683
3698,-11.721049013598858
3699,-43.130221032994406
3700,49.68591833174938
3701,-29.24328522938047
3702,8.293029087646673
3703,-35.33504959060787
3704,-16.420516064836164
3705,-67.25724755249004
3706,10.670482206463475
3707,8.167530115399657
3708,-19.177744002170876
3709,-9.98227239919921
3710,-18.08473985960704
3711,46.52199666378465
3712,-30.757842052983314
3713,-40.86769252031039
3714,-16.504781437778348
3715,-22.572880508915482
3716,-54.62439210426411
3717,23.885392755706643
3718,79.81509703799419
3719,-27.337466526226642
3720,-54.63836358185882
3721,-28.413939165809033
3722,12.908172402570841
3723,-37.175641660038245
3724,44.8725295672684
3725,-19.896414317096834
3726,-63.1440072761769
3727,-83.1326108689617
3728,-27.086584394448145
3729,-45.35970244196536
3730,-33.73525958436486
3731,70.6439079317407
3732,79.27528852363201
3733,-40.5795329389531
3734,14.726976125278245
3735,51.68454210683469
3736,-35.13739265265888
3737,77.95196312311404
3738,12.221472516488404
3739,40.57038953333445
3740,-25.337468147769506
3741,-65.86079659093602
3742,192.23223611241514
3743,-36.932742493656654
3744,1.5621130075930765
3745,1.5208947572205815
3746,9.033538707434182
3747,47.056922393857654
3748,28.669430066850552
3749,-7.34228271593399
3750,-5.543992827588383
3751,2.674700023361787
3752,-21.440350579736837
3753,17.84087891993773
3754,-12.905157622682118
3755,-15.910534307823418
3756,-0.7888819696942306
3757,-18.301872371952065
3758,0.08470469689137161
3759,-48.60302017484177
3760,7.356271519879456
3761,-19.23671255886034
3762,84.75543291483606
3763,10.174684894416934
3764,22.58192860514793
3765,-25.371383527130057
3766,33.550679189634295
3767,0.6764574751609302
3768,104.61659523861566
3769,104.7057341693577
3770,11.283343333496418
3771,28.241667189491036
3772,-5.862326728147636
3773,15.772417630167766
3774,35.381800682563835
3775,-14.542631017642009
3776,14.77906460363669
3777,-18.595953191154308
3778,-7.841547742033853
3779,291.4516578815022
3780,-4.181635759762145
3781,19.276638205040104
3782,38.131648278059515
3783,102.63521604217084
3784,-36.15888274607968
3785,22.810535470019975
3786,5.535353411180374
3787,3.8012090689864095
3788,-46.540633571732776
3789,-52.92532044954381
3790,-11.235757889954648
3791,0.7152209279495878
3792,218.28523478107235
3793,-31.98839385410661
3794,0.5786517181138464
3795,40.22701446297671
3796,74.081075393455
3797,-51.19516797809077
3798,-50.10202280471639
3799,-10.716253734949191
3800,-67.85443719913013
3801,1.7365865387763364
3802,29.2855718990207
3803,26.48441381935283
3804,-51.28051876635289
3805,-9.6908457454565
3806,-13.558883695714094
3807,4.7030360958661745
3808,23.398843951339966
3809,-54.522840402384084
3810,-14.186336823084318
3811,-4.377481131956927
3812,-34.64477231900867
3813,69.10949890533534
3814,-39.876210125490054
3815,26.819549340904885
3816,10.687079298474714
3817,-31.80053638942345
3818,45.93554835585562
3819,43.655034182090354
3820,-52.908661518123644
3821,7.491462188139806
3822,55.85443390884575
3823,-33.79269656281034
3824,-35.985814150750834
3825,-17.369388250949306
3826,-67.73657840022005
3827,-8.000536871071425
3828,55.306107411339674
3829,-38.90946357813464
3830,-31.633292467438416
3831,-26.779276081998013
3832,50.67666729833158
3833,26.22354934369805
3834,25.022274065632477
3835,-8.30599132265128
3836,13.490150984389128
3837,-11.968953261004422
3838,-18.253484652993947
3839,-6.254763424541764
3840,40.95968990092727
3841,124.84064882301331
3842,-40.750954341694104
3843,26.374237288361055
3844,19.30275677903208
3845,1.656663153468216
3846,7.017664912436345
3847,-22.887389839351933
3848,-16.552291218930407
3849,30.74377143171416
3850,6.9871083328922765
3851,43.59566977446482
3852,12.39436384369887
3853,29.360345338940032
3854,14.159058844753051
3855,1049.937364757723
3856,65.9188479296098
3857,-19.89601329616618
3858,-21.013031320416623
3859,-5.605766492463097
3860,1.8949832074589565
3861,2374.5585447141684
3862,-36.66159654342807
3863,53.47320531217447
3864,86.54836687533002
3865,-40.274163215337616
3866,-34.04907530318379
3867,32.59286095674332
3868,-23.242467515149905
3869,-31.971476670820785
3870,13.547507176585032
3871,16.406144435737218
3872,1.240299947517208
3873,-59.369722550378334
3874,-19.480214077707423
3875,-34.26401991172411
3876,1999.2295038822824
3877,-28.603880854538254
3878,11.466753077459792
3879,16.917378319498045
3880,-11.374212524077826
3881,19.76112737813595
3882,-13.49828575209078
3883,-34.384134286198794
3884,24.396011552743218
3885,13.765919564859928
3886,2012.2723869890078
3887,-68.45112385490162
3888,-5.2095722085126965
3889,15.986811716343897
3890,15.889162748901441
3891,-40.433772724954345
3892,-28.746210592589
3893,-63.33930590786577
3894,-38.952614130229925
3895,42.57108160861736
3896,27.207283739014787
3897,-38.410280712284795
3898,-14.698834857643774
3899,-20.396749153890532
3900,-9.969247411548771
3901,-22.106799015454023
3902,-68.46997414094184
3903,-50.85162234669924
3904,28.159092048274424
3905,-51.85864180746274
3906,-18.87302881638786
3907,15.016758303130217
3908,100.26658371590051
3909,8.221792577240699
3910,32.88763555444974
3911,32.883167462683446
3912,-17.564255855531115
3913,0.25967541286193097
3914,-35.27044945044289
3915,-20.666685497906037
3916,-25.790273989861156
3917,-31.53031317812846
3918,89.36064077602755
3919,-14.596637517681835
3920,10.21906000002857
3921,-27.203855710465824
3922,4.2830201265471075
3923,59.12733720078409
3924,-56.99174606435327
3925,-71.13395369235184
3926,14.79931915309573
3927,-45.17259093947657
3928,-47.06010156535239
3929,-54.6708790586327
3930,-19.2185219404574
3931,-59.72525738755244
3932,-63.077840279860915
3933,-6.278967715316334
3934,2236.981846914235
3935,3150.25446309285
3936,-27.313953188049958
3937,30.350279490509152
3938,-7.379442944621957
3939,62.82586118710432
3940,41.18336628812207
3941,-54.14850430777586
3942,18.39188438019655
3943,-38.110064335835524
3944,3074.595938844615
3945,17.23179730128992
3946,47.80972923148179
3947,2.8018073053588424
3948,-40.78530807665836
3949,2808.2090823114627
3950,-15.85238892257712
3951,-16.896020679084685
3952,-11.12540741799556
3953,-30.38931295214305
3954,-42.72691645618428
3955,-32.48718477714517
3956,-67.51245550985414
3957,16.50966386867925
3958,-10.487437659460674
3959,-46.096218929513434
3960,-61.17684218809989
3961,73.45105972125056
3962,-5.71497755690222
3963,58.69526393675247
3964,-28.767751014491203
3965,-66.67164838879472
3966,40.55976696687696
3967,8.079712339063363
3968,-3.372064041822867
3969,-35.43245949681964
3970,-54.73475083463767
3971,14.181180182428434
3972,-17.599262994191008
3973,-18.96145442807849
3974,32.09327081293302
3975,-15.830316107440858
3976,14.5013042096007
3977,-45.69699917939602
3978,-58.270454557672586
3979,-70.21037976282642
3980,-18.055729927982135
3981,-69.54258763521247
3982,-37.44192000873414
3983,201.0827987950473
3984,54.5265340455852
3985,6.460796055371624
3986,-15.04219511484586
3987,-18.28507192607109
3988,-23.960390228963455
3989,13.266607429234316
3990,112.90143353973224
3991,-10.766139812457062
3992,-43.814164552777804
3993,-18.24110192154354
3994,-45.05435132458971
3995,-28.052774917666973
3996,1.6863174711894828
3997,-42.908107352041206
3998,8.405367972461903
3999,6.223627620963491
4000,78.39551001583023
4001,-49.68705866762631
4002,-46.31413096536422
4003,-59.66026210289099
4004,-4.482886357087459
4005,61.223104964101395
4006,-55.8019066313013
4007,4.706642341458483
4008,-12.327293096639323
4009,-17.898650323046596
4010,1.016421763955151
4011,-31.414589563014083
4012,16.85859158692951
4013,-16.671222108857435
4014,14.746820653567493
4015,5.279311121545547
4016,-17.37787914887503
4017,-17.985927112439832
4018,-20.969856513008047
4019,-12.549395730701583
4020,535.8542964361449
4021,25.138191850050728
4022,31.688623422524643
4023,5.203551692496319
4024,0.0907778590254722
4025,26.355759611155293
4026,4.765267973833986
4027,-28.476240119241417
4028,-40.08172045959483
4029,48.00968432788934
4030,73.51011685275778
4031,-12.127128540586988
4032,-37.11431585113625
4033,-9.160616841238117
4034,18.192992823398246
4035,7.176605348317871
4036,-14.412936581498968
4037,-18.62543359943382
4038,-89.13071660065137
4039,12.900687398981496
4040,203.7100008976988
4041,-25.65012625625605
4042,-18.829654375413888
4043,28.66653255308822
4044,-5.9119369594989095
4045,-37.32596526396289
4046,72.87993319512158
4047,-7.666843044085908
4048,-30.402845117918083
4049,191.558248590382
4050,-49.07730338215375
4051,26.19497269387985
4052,21.266928563648094
4053,-68.9829450463127
4054,42.49433013052392
4055,195.35273595967433
4056,-38.79719790693961
4057,-23.724645400500187
4058,15.944413409250675
4059,-50.39018070704039
4060,20.91401330574541
4061,-34.67337557465621
4062,55.06206416837948
4063,-29.91854704688972
4064,9.436744688624714
4065,-15.970891349289154
4066,-19.15242535858497
4067,-14.782241975592427
4068,1103.4521021860992
4069,1494.5831401209302
4070,-49.62398419643352
4071,18.443879720691413
4072,5.561866471275977
4073,1.5805308873859687
4074,46.41997797444362
4075,-49.63194441971081
4076,-2.3776296417536074
4077,-2.231000478567772
4078,-25.61099381875065
4079,7.157186947410992
4080,-9.580331976076863
4081,-37.662491758136476
4082,-33.73772624101607
4083,-2.5726455101185763
4084,-11.352584522220404
4085,12.123603799091725
4086,25.474032412143764
4087,6.486881622301759
4088,-14.90096666510643
4089,44.892677719546114
4090,778.7471851993081
4091,-55.22115420502093
4092,959.2854140759205
4093,-28.835502781160393
4094,-28.888375604262343
4095,-31.535667090121727
4096,18.370480834033778
4097,-1.8362454661913787
4098,2.753388354624505
4099,-30.99269952388648
4100,29.574852805728145
4101,37.43686006545654
4102,-32.92919618553187
4103,55.14613386059837
4104,-18.05675380130444
4105,53.998792915092594
4106,0.8004735321240517
4107,-32.809125741311725
4108,29.378487286120638
4109,-5.859751703417736
4110,-0.3742667065143479
4111,38.45917435254351
4112,-36.293162490836345
4113,11.126279152779986
4114,-63.505614900234114
4115,-4.802303931280896
4116,35.39520222882207
4117,36.70482929141161
4118,0.3125974022682598
4119,-29.766528028325858
4120,27.273610296058298
4121,9.521089046841666
4122,-37.47715194398631
4123,12.332061969434505
4124,0.35616114449808833
4125,-7.3002476649971655
4126,8.82835795126703
4127,77.10396810705132
4128,-31.714823516593476
4129,-3.730157229355619
4130,-34.504546017187174
4131,36.48788752932818
4132,-1.942829166308691
4133,-27.71269792105013
4134,17.184469981513026
4135,-2.146581801479911
4136,-27.02905493832369
4137,14.704674668212093
4138,55.89884191814476
4139,-55.25792356514517
4140,-28.329124991815355
4141,-61.80036978502981
4142,15.31576005248873
4143,-55.931449136636495
4144,-2.9205498177663003
4145,19.355911647697173
4146,-22.918517151017646
4147,-27.032459889025723
4148,-40.41688620089975
4149,-23.399241143427737
4150,-31.063463907123214
4151,-8.63781286548879
4152,4.110718164866924
4153,-31.39902526720757
4154,-2.6593166791153138
4155,-27.741790075156935
4156,-58.41694898992876
4157,-43.47058458449917
4158,33.81917160348405
4159,38.17301959741798
4160,22.21651702235991
4161,-13.228178284143063
4162,15.276298855759453
4163,-0.3193348142590864
4164,-31.128391897051095
4165,-7.9500543082558295
4166,-9.352334896034264
4167,42.68694975725185
4168,-22.16028758155276
4169,33.307740104972716
4170,23.88036699026222
4171,47.240575933857855
4172,56.76781786918275
4173,6.8650737308499785
4174,-2.931445411222775
4175,-31.755145879224365
4176,54.03506531955028
4177,-62.702531479370826
4178,25.562650811120896
4179,-32.88028162024779
4180,-12.971475145358724
4181,59.9963104307874
4182,-22.55239443092058
4183,11.81438270574025
4184,-26.037810196986975
4185,37.12237541921122
4186,-28.259994135108307
4187,8.044248066558659
4188,3.375700131302821
4189,4.067287885847442
4190,-23.458779360629613
4191,-18.3505077778168
4192,-15.471386195505616
4193,-31.08389297142086
4194,-64.62660226431666
4195,48.062271817960834
4196,73.12690336385285
4197,-36.17046072280326
4198,15.972963914532237
4199,-28.447237002599856
4200,-42.69437084016953
4201,10.68860556640611
4202,-42.37837836754297
4203,56.12958044524893
4204,21.33437224730526
4205,25.732255817332884
4206,-46.72264342374286
4207,-11.331300976025858
4208,6.120850117057763
4209,23.642113778294394
4210,18.451683189220155
4211,-37.39018562353633
4212,12.366924809741661
4213,15.007979025040736
4214,10.724332629934715
4215,-26.767647737896333
4216,-22.110720462293195
4217,-38.6879177934589
4218,-67.03788493873165
4219,29.82112892711681
4220,-25.993513042193605
4221,-15.15135514234182
4222,-41.90221401318836
4223,-48.1710043082627
4224,-12.915341830417837
4225,17.042157730124426
4226,-48.75171104453185
4227,-81.4494974147726
4228,17.07080006809965
4229,-10.201848872595875
4230,0.8318608671833871
4231,8.254314462422336
4232,28.40017844645141
4233,39.86745562004468
4234,-47.633620111230876
4235,-17.059789294087338
4236,-33.45746213957526
4237,30.695804556278382
4238,17.44994702615834
4239,-14.540874665609081
4240,63.28465098379879
4241,-59.507802776103965
4242,13.120283611593877
4243,-23.417758549893783
4244,-38.616106037145165
4245,-38.1920315906896
4246,-25.19938534287912
4247,-53.84924473605708
4248,26.081515651633847
4249,-13.90336757597914
4250,-69.79306577269088
4251,36.46872132047669
4252,4.362856172513851
4253,-20.803038466575536
4254,-1.106622220079167
4255,-14.434727059578186
4256,-18.92972556962912
4257,46.22367735803919
4258,14.68336525652997
4259,57.26603152407448
4260,-34.69088449791101
4261,-3.905232549842026
4262,31.120282180006903
4263,-4.741217483451159
4264,12.552295178377406
4265,29.313527769281073
4266,29.378267384341065
4267,34.12830720096521
4268,34.7943794718598
4269,-11.210051374476087
4270,18.013957241045198
4271,-28.743955883612934
4272,0.6374218122295403
4273,-13.95454212792783
4274,-14.557417579893198
4275,39.39589559737846
4276,36.71259622636132
4277,9.559209544728326
4278,-16.995059257982973
4279,67.4998661298385
4280,-0.7113732664156842
4281,-18.728716453320516
4282,-21.08371414884946
4283,-3.5764386107748365
4284,-20.5783850964501
4285,31.232417054954766
4286,-42.20647148054088
4287,0.7197620520364936
4288,0.9716461810388992
4289,15.153387474595903
4290,-14.342970871668903
4291,7.904067899504533
4292,32.3891866867819
4293,-9.6614720266331
4294,47.61737450364195
4295,40.57314159874752
4296,-12.749277919200814
4297,-11.651762184972512
4298,-5.045579243088952
4299,-8.696582348772132
4300,-43.01405524954739
4301,20.52465606143841
4302,44.949731531341044
4303,-7.010020214096535
4304,41.1819879962643
4305,34.656471334695716
4306,-8.220488056649955
4307,-52.858821551287484
4308,47.73263236966074
4309,-17.94333074857576
4310,15.538508230331686
4311,-8.173118654947913
4312,-32.28456691064877
4313,23.65565320618882
4314,19.785809054345748
4315,20.074341793812213
4316,0.16009249635540357
4317,-29.680159530564687
4318,22.825775893416438
4319,-57.64741106716682
4320,11.389897445359793
4321,66.89905988830876
4322,-4.579056493252388
4323,30.570328174619135
4324,-47.974813978627985
4325,-3.9692788979704403
4326,42.031015473253234
4327,21.72107293203918
4328,59.04314419566197
4329,-9.70716676882408
4330,-29.74035240027711
4331,5.752966907016379
4332,18.086711756836976
4333,9.140521599161168
4334,-21.118336230888524
4335,-90.44115140030803
4336,-19.457681512772474
4337,30.61636680654744
4338,-18.42299559693233
4339,24.568124144914204
4340,-30.927310574786723
4341,6.089935175178823
4342,-7.595226088144557
4343,41.422606938766556
4344,-7.375208593821625
4345,-9.176437194537968
4346,9.76617021989874
4347,14.723143440361024
4348,-51.948556742499484
4349,-4.248043417550683
4350,14.395225556953765
4351,-5.749279001615861
4352,-5.900272219001714
4353,56.80966011861179
4354,40.97886093496802
4355,-28.620391498983146
4356,21.841160960910255
4357,-3.9655587129868124
4358,-42.74123216701613
4359,50.2609040728946
4360,-7.549265177161388
4361,21.14478264977538
4362,-20.32144983935509
4363,-21.809876298549504
4364,-42.423370351395455
4365,-14.328659426673084
4366,18.002205244693744
4367,19.147204650547977
4368,-16.919810656176374
4369,11.61200048191634
4370,25.016700551729688
4371,16.123557453301324
4372,-47.73044120682999
4373,114.15709264513995
4374,-18.672344585370197
4375,20.159197042844212
4376,123.854415955403
4377,-0.100262730813931
4378,-26.803581830026324
4379,-24.602069572591283
4380,6.1902152367812135
4381,-14.754823822285132
4382,3.806569060868391
4383,82.69618947810311
4384,-21.186119872869178
4385,56.34450645435943
4386,-52.487982933070874
4387,-21.58046408093768
4388,-0.8943331042893092
4389,-18.543139839178764
4390,-5.273646338981948
4391,-19.136529910368687
4392,-50.6803730776927
4393,50.0605283096458
4394,30.262043695517445
4395,42.92745095123754
4396,-3.7590390433188645
4397,-5.989222969339842
4398,-3.3799140981998335
4399,-4.416895758161431
4400,-33.0793071539614
4401,-20.75350306021692
4402,-27.517562106762135
4403,-38.56122875455926
4404,19.63146408058065
4405,-99.31207597109443
4406,-31.744261024875904
4407,-15.039335792350258
4408,-11.007521038396469
4409,6.925763774366963
4410,131.50058350531262
4411,176.9009479039352
4412,-38.23301148707929
4413,-30.713364782595185
4414,-17.060405137871697
4415,-13.251212351173905
4416,-14.156011010151097
4417,48.22999597503763
4418,-69.29817522153203
4419,128.0123106327467
4420,-33.39830699758833
4421,-53.289416394478316
4422,10.253968936878174
4423,26.93091224154549
4424,-27.326584221665094
4425,-38.47038590610071
4426,85.68330876780354
4427,-7.286141496333997
4428,-49.729753876119666
4429,-35.17397781338898
4430,1.4555213476335211
4431,-27.587339444120623
4432,-26.879902813758925
4433,37.39966053261315
4434,-20.561860529092392
4435,-13.682810733933458
4436,42.7715924325935
4437,-29.3664426002588
4438,-67.2626982842861
4439,4.190149383865823
4440,-76.81041574444333
4441,77.85564200206885
4442,-46.9893364667282
4443,14.29753070230138
4444,160.4108112583848
4445,-32.009112064462606
4446,-88.04213875139033
4447,-28.079444597698732
4448,22.376841056224123
4449,-19.926469386669375
4450,-0.549855012743258
4451,85.88853788458528
4452,-7.8538961926619635
4453,-18.88563521890096
4454,-17.905212876951076
4455,-55.09189032522966
4456,-60.6888613427169
4457,-4.400286594014567
4458,43.96108816246473
4459,-30.096923818133995
4460,16.29096613413777
4461,82.45176276001179
4462,-0.9803915382792994
4463,18.671019793254295
4464,43.932052101702915
4465,-3.478172664029053
4466,7.159028549068843
4467,-3.461598604933677
4468,-50.58326885683859
4469,202.65948469158744
4470,-49.53164092500368
4471,-34.893872190645574
4472,35.98829332326672
4473,50.38781297888748
4474,0.9801050927754176
4475,46.24043895607425
4476,88.42764662333225
4477,-39.02161329865083
4478,14.6265712169395
4479,-101.019310693308
4480,-25.968085479482944
4481,40.74134848113575
4482,132.23480109013184
4483,-11.39905363742713
4484,-24.68541095401745
4485,-34.6098204848792
4486,-20.181331337795307
4487,5.538208537847808
4488,-24.86436923964255
4489,9.071435612090184
4490,14.074319513529435
4491,-90.06748001932786
4492,-145.8874621820735
4493,17.003655924826525
4494,5.013622576145394
4495,33.454986472886276
4496,73.7894001728326
4497,-9.031566724826241
4498,96.51477360301716
4499,21.709059222952174
4500,92.1960137484749
4501,22.67278661744324
4502,11.299867098063622
4503,64.49211359940155
4504,-8.222554567439232
4505,-0.14876754709388962
4506,-62.84960826098321
4507,19.813170513558873
4508,-100.8744137778852
4509,41.60513747924276
4510,-4.927641075559528
4511,6.579775358523996
4512,258.3982269326029
4513,-47.20927460598826
4514,-60.32881842863956
4515,-21.657133555405657
4516,-11.16656341152401
4517,74.99959739238537
4518,65.71198727309296
4519,198.57724720307309
4520,21.028557885202257
4521,160.87590147646438
4522,-23.16064421469421
4523,27.78021026847199
4524,-26.833536364081745
4525,28.912931258944628
4526,0.3220278412800113
4527,-31.242332875335954
4528,-18.37671954992412
4529,61.42263601569461
4530,-24.809870284038205
4531,31.27927232995982
4532,-28.997796314258842
4533,-59.60771763584783
4534,260.64848387260173
4535,133.25885905023088
4536,-34.18364301301229
4537,-53.50872307534511
4538,44.961819103246825
4539,269.9092937103804
4540,105.72890320168426
4541,23.864452095835492
4542,-0.37839408546037134
4543,7.603808019970039
4544,6.018563607529913
4545,47.10487912758095
4546,19.278154873515774
4547,174.05070078685117
4548,38.17383100202559
4549,53.86107222238245
4550,48.51059985002234
4551,-7.095990318292998
4552,32.16126544389768
4553,5.973958519284459
4554,-4.600455058422767
4555,224.04088819907722
4556,284.39561852351255
4557,-28.430229141234285
4558,-155.76664274437678
4559,60.182535278792315
4560,-48.779848588233385
4561,45.81149104198729
4562,-8.517046535481981
4563,178.9011891032475
4564,28.469500150046933
4565,-19.0321403383085
4566,-12.408428989780703
4567,35.6055367412719
4568,-9.520346950704962
4569,12.529169103180926
4570,-0.632866270354576
4571,27.8429704268931
4572,218.29742835589346
4573,90.94808226473731
4574,346.9106254469026
4575,-36.69494891762972
4576,-6.1007101352217745
4577,-29.669949429879047
4578,14.211453287742732
4579,8.862628378927027
4580,12.750781540135954
4581,5.340880326713865
4582,24.65158954925495
4583,19.16543294239798
4584,10.606676585404259
4585,1.2864554445373315
4586,17.109434849782623
4587,16.2422428205364
4588,-34.18505450613673
4589,18.613874725964237
4590,-58.3156826775919
4591,-35.96822763009143
4592,27.26677642717688
4593,-6.189823057938241
4594,40.54209687915468
4595,0.04853032581856809
4596,48.73487836190216
4597,16.345030258098284
4598,-26.993614572329427
4599,-5.505490568277075
4600,26.313382310649907
4601,54.40715874714509
4602,49.05690561922968
4603,10.618173885028583
4604,90.03948947912795
4605,3.8367680206886305
4606,10.660275963682977
4607,7.553950554387761
4608,49.031895237123706
4609,53.69331577386015
4610,-8.54204990741232
4611,-6.841894778933231
4612,-22.941515990344676
4613,-19.615440838529686
4614,-58.566021556805204
4615,-13.370853582599224
4616,26.603647076842808
4617,48.45232244398155
4618,103.60153643463008
4619,5.454497632001903
4620,-40.099408709583834
4621,-42.68874200273337
4622,0.3373811540396332
4623,30.094834706435883
4624,54.19595432095004
4625,-31.319573073706046
4626,-1.101401256420516
4627,-12.7543458049377
4628,25.468222953946096
4629,44.23772384083341
4630,-18.833001185828905
4631,-17.262710061408775
4632,-72.10401096792432
4633,-31.63934110466183
4634,-25.520990118610392
4635,-67.0208816150699
4636,26.036819812514295
4637,48.43139343746902
4638,-7.809525304973221
4639,-18.009892047314807
4640,-1.2248394816440396
4641,-22.879127291690246
4642,1.143351883233322
4643,22.51247002969111
4644,-12.152772600372316
4645,-26.97781940106706
4646,113.26501391031991
4647,74.5548735685408
4648,60.960599118613544
4649,-26.88098701559972
4650,-47.58536005173239
4651,0.6879180471028405
4652,26.20465885761158
4653,74.3053553806981
4654,1.7935380949615265
4655,40.69563268160172
4656,43.41884586995115
4657,27.419903379025225
4658,52.89880277941816
4659,-67.88617945220247
4660,-26.689345451220483
4661,1.5838717427221312
4662,-3.000302087043039
4663,-15.964792546764407
4664,-70.10125938060472
4665,-6.315373236473803
4666,39.01112889429268
4667,-12.582083459759602
4668,2.3274936440925913
4669,8.534385606930066
4670,-100.51839010822931
4671,-8.199309977061787
4672,-37.01868877459817
4673,-14.514738623029714
4674,-0.4583107302877565
4675,-6.419826561459075
4676,-29.845527606696585
4677,-2.1565710580835358
4678,10.56609099738764
4679,-0.8426553129288621
4680,5.6870392040636375
4681,-13.80196231832069
4682,24.58414919109454
4683,-49.07247945014827
4684,116.06690916005547
4685,57.41818318882159
4686,56.2191021404506
4687,7.261276184322313
4688,31.081380594897787
4689,3.857157454325346
4690,21.654896300919646
4691,-10.923819748059849
4692,-10.70822761785896
4693,-13.779396041076978
4694,21.166352380473953
4695,-0.9780540706908809
4696,-10.630649765175093
4697,-23.657913281824626
4698,33.69569924806432
4699,-56.23400093317469
4700,-24.830874638177328
4701,46.99071536763046
4702,39.12451671992978
4703,-46.96505941658504
4704,-12.384134266341611
4705,7.141004637633294
4706,29.867995461946354
4707,3.1335635050845028
4708,-3.798933223098075
4709,-16.565007444438777
4710,1.7796925803530712
4711,-2.055094497519505
4712,-19.254631192369708
4713,19.18168841010676
4714,11.826614001986194
4715,5.085396891979151
4716,46.66614992408226
4717,9.455154767790091
4718,65.50421114177709
4719,17.92506972100837
4720,14.660395179683437
4721,40.32024461365004
4722,72.13775246910708
4723,24.40205379213585
4724,-45.64781259354418
4725,-35.363060004123106
4726,71.95285149989174
4727,59.548326890871245
4728,105.2097345889306
4729,38.589039998164345
4730,44.59944836440702
4731,10.726055986216004
4732,3.19239039941192
4733,-73.32854572999995
4734,56.125018040610186
4735,13.188169968226333
4736,22.863136388671364
4737,37.49815102016326
4738,29.207044219274014
4739,-20.373948731386044
4740,0.06107738329761503
4741,-13.590541871212224
4742,-14.95503873189842
4743,-76.9932811653253
4744,-14.76303454979766
4745,-18.077723215838503
4746,-3.336031854297339
4747,3.294580724188755
4748,2.0237658922713635
4749,1940.730082058114
4750,-19.489307326658455
4751,4.298480038769618
4752,-35.93744966011443
4753,-57.563227431675195
4754,12.09557381919658
4755,27.25111725635302
4756,-7.75424744891361
4757,-10.671761559552522
4758,7.97365682497383
4759,62.091729599313666
4760,2556.1726146303617
4761,-81.63954333075151
4762,-0.1706599069107213
4763,4.2342817127942
4764,0.6279539171311015
4765,-39.81711632962615
4766,21.698418795804333
4767,-49.88342447507849
4768,-13.187205582146234
4769,-39.38495840768949
4770,89.84019576951064
4771,2356.603308936902
4772,29.903820368541226
4773,1348.5910674835475
4774,1065.56780436953
4775,-21.879344697945676
4776,-51.641223927964965
4777,-7.936887547498145
4778,50.68914584530674
4779,13.320433435601633
4780,-19.617091812681203
4781,-9.872285731363966
4782,0.63821588932894
4783,-47.047525697676825
4784,1040.9623989430654
4785,-17.2453506372142
4786,37.86563168296193
4787,-9.021604826148582
4788,-25.617894016188778
4789,1.3545915569039622
4790,2.905725837620686
4791,68.87545972003129
4792,1798.4361633699225
4793,16.540639250779094
4794,-20.35467643312301
4795,2925.6045543705454
4796,-57.771845936240304
4797,2.3759650386968545
4798,-35.36652582661481
4799,-11.264434618988112
4800,-10.46336156715656
4801,11.68794263985506
4802,89.33892868393367
4803,3.4893639900134232
4804,5.244827111912521
4805,49.832650401386346
4806,-27.236152423062187
4807,4.513948775814562
4808,-1.8307623741258894
4809,-22.345400834769457
4810,-23.21263116498171
4811,24.500010166559697
4812,37.282440128147215
4813,-13.31321693633791
4814,4.1763075630751985
4815,0.3248413080693311
4816,-17.27201320646784
4817,-14.882284920726562
4818,18.675469672691914
4819,-71.10654558161471
4820,-25.657125365167268
4821,21.426621221305616
4822,14.886093315991552
4823,44.775369750254164
4824,2768.3285715648467
4825,42.046970234875076
4826,-22.292088785276228
4827,4.833037740328699
4828,41.451022077117145
4829,4.90834752613582
4830,17.877122493761227
4831,-20.13741506486422
4832,1381.5861249895727
4833,-106.96525863876391
4834,20.774887016814425
4835,10.630307254645018
4836,22.132425395544303
4837,40.49812725031402
4838,-15.47229138544386
4839,6.232027907091442
4840,29.901643859786297
4841,-5.982344415888363
4842,14.876915559423171
4843,-17.14112108491703
4844,50.34225353909017
4845,1298.2307443476072
4846,-14.518826390813892
4847,-23.57067448238582
4848,4.088643553362296
4849,27.365171489386405
4850,-9.466956550483864
4851,8.256891396031286
4852,-35.734732878273384
4853,32.52399957474345
4854,-14.292929632986727
4855,43.585534554370746
4856,52.69442019008087
4857,-14.406217814472129
4858,1.5587178281793825
4859,-16.01128725331838
4860,31.555916705629908
4861,-18.233691528264245
4862,-27.62122748288248
4863,28.33087417964721
4864,20.499057262889405
4865,-94.86526518182626
4866,-13.73659411004786
4867,-47.25309352935475
4868,-34.44014348529455
4869,-12.669203229620301
4870,-10.408861221043708
4871,-25.08189944147724
4872,-23.765972656401665
4873,-54.675084672761095
4874,-38.01613933082567
4875,-35.51417427862639
4876,28.474514472527336
4877,11.307083734302594
4878,12.256873834589399
4879,-5.739872594574969
4880,-9.747926341125392
4881,-7.181801003698652
4882,73.05536855405524
4883,-32.2744471594554
4884,16.964706967796335
4885,112.15024762367159
4886,-89.07281108254321
4887,48.19360852553708
4888,-21.524608431291135
4889,5.09604061471417
4890,11.59232793964216
4891,53.61740048103462
4892,78.74979720512113
4893,-29.285153665822683
4894,2.337715509768344
4895,43.00080492344814
4896,-53.40979834345955
4897,33.81075163071911
4898,11.533178265746713
4899,-24.08328124840731
4900,-140.06521218116788
4901,4.236923466886296
4902,12.836518255165778
4903,-21.081328268926107
4904,3.524144401306607
4905,-49.66112833532387
4906,-57.364877530517624
4907,-2.794093363078666
4908,-35.72055436908298
4909,-34.928330166339315
4910,-17.206525218089716
4911,-22.059446214580056
4912,22.3320633491559
4913,-59.85102671345131
4914,-3.898462217055396
4915,-13.74074670422273
4916,-14.5663841456319
4917,-22.27413472830235
4918,-17.63948489430915
4919,-27.322373604747476
4920,13.351924126556849
4921,-22.96971934813022
4922,78.36347236126107
4923,-31.723568369202887
4924,-42.44534055661135
4925,33.89017416567847
4926,-14.461192721291951
4927,-4.430968663547688
4928,35.67155081791047
4929,-23.11048393515987
4930,160.11380277055292
4931,-25.406499663342537
4932,-65.40156261150113
4933,-65.54367852938381
4934,20.755530527717372
4935,-42.13817117753299
4936,-46.24405538167087
4937,-13.151460142121707
4938,1.8014444679897395
4939,23.17323338536458
4940,28.02466357566444
4941,-33.896787001766846
4942,-12.501744848326993
4943,-10.009302721399386
4944,-17.904121819432312
4945,1.0477091984045899
4946,-34.87970734659226
4947,21.49918538980925
4948,-24.815202095957638
4949,-20.44118435955705
4950,-19.17711989492205
4951,-22.09688535217942
4952,33.41279451040879
4953,4.951515966534934
4954,-23.06332898351051
4955,5.240542870989451
4956,-34.31417447781528
4957,5.209335872391037
4958,13.441303066535852
4959,-37.48346134256192
4960,-37.181111434780526
4961,28.449479468178478
4962,10.310265800513108
4963,10.790104628660998
4964,-35.98782179803164
4965,19.074525934300226
4966,3.5612332003570444
4967,-38.10633006785586
4968,-3.5645025062145805
4969,47.57080138628126
4970,32.86872065564236
4971,-49.78756875188798
4972,1.5197625518913398
4973,-49.13712946981905
4974,-47.84302290979961
4975,-4.179853582872745
4976,-20.77666637543971
4977,-62.90900972900457
4978,14.997681526102504
4979,3602.71628931586
4980,-36.37872321465698
4981,3921.6895215041045
4982,8.936880107449717
4983,24.5787879228685
4984,-3.4337473358005823
4985,3859.068722792048
4986,-2.388106490273181
4987,1.7423881978085873
4988,-64.34270100435842
4989,9.72431695006965
4990,-3.600934103554586
4991,-55.701520109409536
4992,-20.474415727208118
4993,22.917405299933503
4994,-5.050103479207337
4995,-16.752112723517364
4996,-67.96133362279835
4997,-18.01806271943611
4998,-15.669882194630503
4999,-21.55827851363383
5000,49.04051783472684
5001,-6.316962979297585
5002,-6.980746668702544
5003,2972.194044949361
5004,3.8499446379166073
5005,55.52582317144948
5006,2595.4805832991146
5007,38.54509014422743
5008,31.445793437329108
5009,-27.06322361578436
5010,29.632071581384224
5011,38.56313645138306
5012,52.559491642246584
5013,-24.51035297384113
5014,2049.9626889747997
5015,1.0733246831531034
5016,33.34868171956141
5017,-32.302329808723734
5018,-1.9394354357057892
5019,-56.50515198407887
5020,29.583039099381168
5021,7.654546252471427
5022,33.51948034274208
5023,-55.91587207600838
5024,19.052500602054216
5025,0.42273152688947846
5026,-20.170473155974328
5027,46.45633231777042
5028,6.288318864240786
5029,11.162282817468501
5030,-46.479136998484826
5031,18.774274496190497
5032,20.721016416286442
5033,2996.727880766653
5034,-2.327925569386956
5035,68.68481226233847
5036,-17.166597631253637
5037,-9.424664899288487
5038,-10.564225164309377
5039,26.329757314051957
5040,30.929310395383006
5041,-7.299217490386631
5042,-18.190951651198525
5043,-7.740538329813539
5044,28.85544260588009
5045,24.963208917499784
5046,-50.391252571226694
5047,39.498604685435815
5048,57.72042452277064
5049,2.831012119619359
5050,51.90003738737633
5051,-10.678417058998825
5052,-7.5194289595823065
5053,2932.020911022106
5054,-9.710590821997954
5055,6.61354459396123
5056,10.892852195103636
5057,10.32227516164322
5058,55.995014022509565
5059,-1.286142420244417
5060,3.3467058287534286
5061,3631.1748336512555
5062,-28.801346780201605
5063,-94.81117368373617
5064,59.78684779431927
5065,3.572251450946105
5066,41.958167658578795
5067,-19.090988134835136
5068,16.35612666163276
5069,4.83412760476218
5070,-47.879964850068255
5071,-47.74649234767558
5072,2.5764058415612254
5073,39.712610839889194
5074,63.937388447567685
5075,-27.23167126468322
5076,-18.50517370040094
5077,19.04190718295511
5078,-36.07527906533077
5079,-21.892001617057822
5080,1828.6808509022908
5081,2558.4005929179984
5082,16.300931983657687
5083,4.884568095830396
5084,-25.44898261829993
5085,-8.662332635964574
5086,-49.61291449021436
5087,-38.74637360813336
5088,-70.00556218423944
5089,-29.370522876266214
5090,-55.700219749633895
5091,-25.373090232001097
5092,41.07085316857527
5093,1.304801107426762
5094,52.62294783463376
5095,-10.362508475462334
5096,-39.68728931866688
5097,-36.465095850382106
5098,32.330944567403236
5099,-6.052515574849657
5100,-10.384869105090331
5101,-23.702047032035743
5102,-34.769862155336774
5103,10.76430057171774
5104,-49.25864058169632
5105,24.855306205597195
5106,-60.73079717461784
5107,-2.7056453148149444
5108,9.049738865728997
5109,-74.75867683734697
5110,133.78776931059133
5111,-18.07566449137333
5112,-13.68836456338967
5113,103.05915452483353
5114,-23.44481269081583
5115,-7.566238431356865
5116,14.183636396116874
5117,-37.36191512998442
5118,12.833602199998822
5119,147.49179180780294
5120,-5.5610400818442045
5121,230.20851116372825
5122,-62.12971410596247
5123,-44.70875861987519
5124,-13.456190679057045
5125,-13.57572535038124
5126,-5.2477196876932695
5127,3.748735343221945
5128,-3.5727922369808027
5129,-54.345601789185544
5130,0.16005540831324794
5131,111.53051323917882
5132,-45.24629161719299
5133,-8.515325235663354
5134,-76.51871276663263
5135,-55.49356111397122
5136,-8.734071074410771
5137,3.60984286474347
5138,-30.633111391018666
5139,7.4697015075922835
5140,48.41566180540251
5141,-53.689248316757734
5142,-28.311421410711937
5143,13.300460484131598
5144,-9.82994288873325
5145,-47.00052941664688
5146,-14.317460313277245
5147,-5.792763553714529
5148,-24.21538794801861
5149,18.802484025852333
5150,68.48799299273941
5151,38.82248174679649
5152,-42.57821259581227
5153,-56.1637087232127
5154,127.23382791766215
5155,-3.3184345367752357
5156,-53.80773147753708
5157,-40.53274370557458
5158,-27.99533186712518
5159,-13.38619641532221
5160,-47.8333321918549
5161,-9.400138064234824
5162,180.11983765657266
5163,-50.620581100004976
5164,-40.50947114670823
5165,-92.03612501675224
5166,29.820249919728756
5167,-17.859231057187593
5168,203.61397614002968
5169,-7.031008203671242
5170,38.53443482480326
5171,8.408731505146001
5172,-26.143487499133364
5173,3.4947899245316023
5174,-13.894735346909556
5175,-20.1927250172537
5176,-0.7153216910210958
5177,42.693237590433476
5178,-24.297116552517913
5179,82.57735430678467
5180,-4.2357778372745685
5181,-15.021804083878344
5182,-14.367084904773428
5183,202.94063456576376
5184,-7.274903176833391
5185,-100.60698143196015
5186,-38.83709603288454
5187,92.80964877774747
5188,-12.570856065024415
5189,-0.18188809502309766
5190,-1.5019425481893833
5191,-13.049341317741579
5192,-14.438172021577273
5193,-30.854748283485442
5194,20.96324813214559
5195,17.521208925193548
5196,-82.57114964007778
5197,-20.44177959839032
5198,-5.51290041968047
5199,21.64394391405488
5200,-1.100539942966492
5201,-17.006588634462453
5202,540.3150327354513
5203,358.3011478970842
5204,-22.000983516385254
5205,-78.94345927105806
5206,7.445463430085198
5207,-25.241136912055516
5208,29.171125623132077
5209,7.6037543024185155
5210,-8.739537027719422
5211,-24.856656185350367
5212,-9.899208336076029
5213,13.141599662420461
5214,2.4690728925313508
5215,-18.067269359511684
5216,-33.398775410916606
5217,46.58318661830174
5218,4.850328478880343
5219,-9.627380024309254
5220,-62.71398759212874
5221,37.05135315007685
5222,46.36239243344451
5223,32.51938832485607
5224,34.808725316788326
5225,-37.822294115925594
5226,157.11703788704793
5227,-39.19510697933
5228,-83.07304291721354
5229,-18.22877530114981
5230,-29.91958622902252
5231,217.52532675021004
5232,558.5196678043332
5233,16.665817884700058
5234,28.19968927247297
5235,61.59882766596374
5236,-25.29249732223274
5237,50.023162044822676
5238,196.9046366996334
5239,-33.28545580464982
5240,-19.994779940581118
5241,-10.788464995666097
5242,21.434664967082877
5243,-66.77858027448201
5244,11.133034424225954
5245,-15.758501647305827
5246,-20.963593128178267
5247,-30.249637962861634
5248,0.17493398212960898
5249,-54.31062587141769
5250,-49.04722636433274
5251,3.9552805361864145
5252,-28.67432414924702
5253,-7.2923432206811185
5254,570.2268251433468
5255,19.993894281062914
5256,1.6542469479237383
5257,-22.43303685835952
5258,79.91600213511714
5259,5.425601397788753
5260,0.8946441798365115
5261,15.303137750153294
5262,91.05460437073059
5263,-9.235461261588988
5264,0.14825780836520863
5265,-0.40132191430994624
5266,47.49703123906646
5267,-7.749679375898374
5268,-13.087685262760388
5269,248.38145732067966
5270,-39.115645772750206
5271,16.165368003234757
5272,18.491068410193066
5273,3.1534195417238564
5274,40.91769470583155
5275,23.096556418102384
5276,32.88673009384077
5277,2.353970556196728
5278,27.955694638664756
5279,159.61761975030268
5280,14.451569837134556
5281,13.149505929919943
5282,4.036809985485121
5283,-16.065863448738746
5284,-1.349328937061145
5285,-11.9179089541528
5286,33.57832100239837
5287,29.99024623924749
5288,-3.938122072730806
5289,28.352710668084793
5290,-28.181294294871215
5291,-44.979293274073946
5292,-26.583210222995483
5293,21.696354712772827
5294,-4.511954026684691
5295,-2.618609271272355
5296,20.079385136875782
5297,27.0275176025338
5298,-77.13804081767427
5299,-21.141251009620355
5300,28.42637268769126
5301,2.492443368589811
5302,498.9388635095958
5303,42.56434085605789
5304,-21.19522037346612
5305,-32.19377041127003
5306,-28.506116506971956
5307,5.2616491307526445
5308,8.497094890535728
5309,51.57119274106182
5310,54.63812987452249
5311,22.561857389497717
5312,48.59637035400027
5313,-10.826119201964808
5314,-30.216136618703338
5315,-20.951878584429103
5316,-9.406185827881181
5317,-13.513884351308242
5318,-37.770344280349654
5319,-6.611469671193852
5320,12.57238403625471
5321,-16.629982599955532
5322,4.097078247762958
5323,-75.91709794293197
5324,-32.868445160960725
5325,-24.176374210556467
5326,-6.190691491580402
5327,7.8952329171716045
5328,31.69784337645196
5329,-2.935558212389701
5330,-42.35659028165028
5331,6.5489045664077
5332,-35.69205152113636
5333,-16.536089948708494
5334,3.269046329088617
5335,-42.08992523931132
5336,76.84242111180167
5337,2053.560025463986
5338,1.4370328047203245
5339,39.44782116673066
5340,1774.1596039585936
5341,-22.85173114140057
5342,-9.264345795470895
5343,-36.620090131794804
5344,-45.94681114039064
5345,12.293078084626963
5346,-0.34435322207966124
5347,30.63521060775467
5348,26.081072618292524
5349,22.923743837058755
5350,26.08059828044388
5351,-28.503913417822794
5352,-14.337812311791737
5353,-3.545882060367674
5354,3.122387281701833
5355,3.5903008951374815
5356,0.08597872400436302
5357,-25.56113750942729
5358,-30.83284792274076
5359,-9.604161059335624
5360,-4.815716043344757
5361,-52.14657813198023
5362,-6.027810772290053
5363,-32.311221509840784
5364,-13.500395488964266
5365,53.47070340037794
5366,15.723140839306748
5367,-26.495991029221678
5368,-13.5827051510541
5369,16.691949614583837
5370,1488.6362673948818
5371,60.19225163512343
5372,-11.588640772058952
5373,-8.195575152990429
5374,-4.992924362729205
5375,17.390501934996188
5376,1339.638062318546
5377,-24.279198853882185
5378,-4.688594817400329
5379,291.3285189456578
5380,17.048838705043366
5381,-5.56181147196331
5382,34.303417183970225
5383,-12.164968801986575
5384,1239.2282969308528
5385,-19.515719780178777
5386,-58.260721686907765
5387,-77.65433135402236
5388,-41.32071101737542
5389,49.51265005196576
5390,1482.6426297588432
5391,-1.1779143014943756
5392,4.950955084737288
5393,-8.204006091794788
5394,35.430090674566316
5395,-44.0768739386153
5396,-28.35753867245659
5397,5.226041606891826
5398,-25.68053862758297
5399,976.6178244484636
5400,504.0742391713972
5401,-77.65195723315748
5402,3.040846708571671
5403,-16.84395361529974
5404,-23.305465740865706
5405,9.721780944320628
5406,-37.63076633490889
5407,9.229199753093255
5408,-36.536733250022756
5409,35.96525631047883
5410,1.3555535217831078
5411,36.09553658307327
5412,16.103500789893253
5413,-0.8071250259445364
5414,3.29407800240061
5415,-45.686003306404224
5416,-18.12650230880744
5417,-59.04926691859489
5418,752.272050351788
5419,-15.2008621715337
5420,-45.7893048791608
5421,-15.913550675547306
5422,8.455598821638397
5423,1274.691145164015
5424,2.8313690532613123
5425,21.668251357952016
5426,17.31576762481827
5427,45.47938305350443
5428,-28.234900926682066
5429,10.221648990426011
5430,-34.76032642932834
5431,-8.614482823118323
5432,-10.287545487325481
5433,42.27128558724206
5434,-40.836752500516475
5435,-27.292675639005587
5436,-52.39750739509717
5437,3.377389259339445
5438,42.56266989847687
5439,38.08569215094232
5440,11.019131124601365
5441,15.740654255382644
5442,-17.574663394914808
5443,-2.637310822986578
5444,8.056504244296285
5445,0.4993446124465919
5446,19.316108262710152
5447,-42.05962364778704
5448,23.42310248213488
5449,-95.47688455076295
5450,24.40606473181528
5451,-2.276026743759502
5452,-31.065725335043872
5453,-24.25867507438428
5454,2.0702789617571113
5455,-43.12715554509409
5456,-22.265093243033768
5457,63.45367964333225
5458,-6.946270333408648
5459,53.306380728613895
5460,8.909522228430596
5461,-33.528042963644474
5462,-64.86421141989163
5463,9.628954686983462
5464,54.6557630715207
5465,-13.231495355820414
5466,-16.18162069798707
5467,-21.939299006847513
5468,-10.285637880966021
5469,2.558998975267407
5470,28.688174628475803
5471,-15.982297854987323
5472,-19.298685409039628
5473,-20.866909297337436
5474,39.86553057507147
5475,17.379673910201152
5476,-24.407191080972872
5477,-23.683774127796433
5478,-57.59339634671843
5479,-14.815912425393734
5480,26.471741798688374
5481,23.014820423676237
5482,28.36364651042392
5483,-45.24760308524595
5484,0.8093536346995478
5485,-57.258696678187725
5486,-14.37223746292247
5487,28.717341367121325
5488,-0.8741807060108684
5489,5.796458587505192
5490,39.38021211494655
5491,-32.25288672217429
5492,66.99820962929849
5493,20.976217323029992
5494,-14.045319830994544
5495,56.646371708019764
5496,20.522348574847594
5497,-19.151554734818824
5498,22.99760901362648
5499,-7.82503061553124
5500,-18.465510397066566
5501,5.255395378898513
5502,43.37082740349023
5503,2.7504850022367506
5504,-16.548758267951087
5505,-33.164103550576094
5506,-2.9676632585252136
5507,-55.893502585932445
5508,-37.25007436719577
5509,-51.041247567083296
5510,68.36994182852413
5511,19.948253162784297
5512,-2.4893634207983695
5513,10.857605267074092
5514,-29.456472206821125
5515,-34.20982621901202
5516,16.424681779354767
5517,27.065373971739493
5518,34.83248708195602
5519,31.803628537524865
5520,-36.0260449912791
5521,-2.7272497981699004
5522,-12.789949960786352
5523,-14.11150910582873
5524,39.9737083495052
5525,18.094689970013935
5526,60.40350788381248
5527,11.04691787175345
5528,-0.3144880565773178
5529,-41.37609580348087
5530,-22.437922168939018
5531,-16.64666427358621
5532,39.95545134739528
5533,-23.622981705251853
5534,49.6589664939877
5535,-49.46050582392352
5536,40.070506764849696
5537,29.625350755031846
5538,21.86239960671202
5539,50.10872822046657
5540,-48.05364604867774
5541,-2.847359712821003
5542,-21.093008398148918
5543,-46.83448633410449
5544,-29.909975259883176
5545,-0.9195700865842866
5546,44.02199761840827
5547,-50.155884502097585
5548,-7.288562305170984
5549,-19.109557169278624
5550,9.922646782753752
5551,-23.154375952463347
5552,24.31629934994558
5553,-20.17659729338154
5554,-31.99485055328612
5555,2.782335455655634
5556,14.45374105510555
5557,22.54396157757075
5558,22.728021521835515
5559,1.9606428163112568
5560,19.710645847636812
5561,18.202041221429216
5562,96.55408083360632
5563,-12.446773458342726
5564,-48.39393093339525
5565,-62.59599097810976
5566,-13.515368595729583
5567,-24.423471107855896
5568,26.06597884968227
5569,-32.229938218939644
5570,71.91408474133156
5571,-29.71868205624802
5572,-36.291213790179334
5573,-41.3528029133383
5574,-25.275098204023855
5575,65.65547278543988
5576,18.535180849546855
5577,28.493758873756107
5578,18.745090285723435
5579,10.147020011935837
5580,-45.51466277220121
5581,11.44788554117607
5582,-41.19724388766348
5583,-11.55901049754538
5584,56.482884029808446
5585,32.929605047368675
5586,44.23750179150275
5587,5.850969890279195
5588,-21.16131423848183
5589,-20.47022711340012
5590,19.830202257863824
5591,-69.16074274686918
5592,-40.50633778590984
5593,-3.297982571596684
5594,34.67719376542895
5595,19.564913937936243
5596,-0.5736968893297032
5597,-8.922651168226402
5598,-22.973238285971313
5599,-42.87489482791218
5600,-78.48695519431328
5601,-33.62375330202968
5602,33.70665786900881
5603,34.46765054250779
5604,-15.637827175276641
5605,44.76388710997754
5606,-1.1281161258276313
5607,8.13901381628228
5608,-22.21206997572819
5609,31.054718865728667
5610,19.248756182693825
5611,40.66841465721897
5612,-23.2721867698176
5613,-9.302966531121633
5614,42.507324416618836
5615,-4.22757377770499
5616,39.971761642086705
5617,27.890349012294706
5618,58.80481701191837
5619,12.58201684332117
5620,41.13120482180549
5621,-14.84940468859061
5622,5.069553984242141
5623,28.93327813457271
5624,20.673463084229653
5625,-49.86484870603115
5626,13.104694773741066
5627,-1.9198127333664488
5628,-4.955459037320459
5629,55.505745594882455
5630,-26.728610816642522
5631,31.232397710435457
5632,4.703538273812526
5633,-5.842457537948178
5634,8.480454885172456
5635,20.131284125161834
5636,11.892825020535547
5637,-40.686181077100464
5638,11.298715579350734
5639,-36.379881045589364
5640,-4.960995252060101
5641,39.42777899778705
5642,43.33209071607091
5643,34.48924093890534
5644,0.589363901309433
5645,9.889812450727085
5646,9.140975392737609
5647,-12.614793855268232
5648,9.832219791943821
5649,16.894925005644765
5650,-19.82036964930139
5651,9.253626515784362
5652,-22.75821555577675
5653,-23.58597950722936
5654,-9.724586363428578
5655,-11.28747781313023
5656,-54.64287863729384
5657,9.74222058134233
5658,-19.366463300222854
5659,11.627261409261656
5660,17.21379062013443
5661,-32.02172424765369
5662,-53.02036712162721
5663,38.03917508274388
5664,-15.895134844811281
5665,27.383216010926002
5666,21.992577897820624
5667,-81.57239620902445
5668,1.1078373376949955
5669,-47.82952311218936
5670,-1.32654173595283
5671,-19.207383641346276
5672,-25.59307101350003
5673,28.234364945194148
5674,-0.7422645205081011
5675,7.911913352767499
5676,-23.160552838648478
5677,-16.089390208084055
5678,129.14847621069575
5679,-10.135439372248584
5680,-15.410332229725839
5681,43.205061461667285
5682,1.349541547529853
5683,-56.45743409020783
5684,-16.56782297848403
5685,-20.27338888473789
5686,-12.018347598196137
5687,-29.423013959177403
5688,38.186346535888426
5689,-0.9228964241214896
5690,5.777843532098444
5691,19.602864924385745
5692,29.990802235099792
5693,-62.14010672132593
5694,55.94511290515777
5695,-22.896407096333682
5696,22.728854212434314
5697,-1.6855811624148203
5698,12.445342932090796
5699,0.22657225078265242
5700,-3.898367732458759
5701,-28.575401348160007
5702,-23.759189560750535
5703,-36.35129997807146
5704,-31.95366462273595
5705,-23.80922252872893
5706,-36.34878102522266
5707,-36.614221445998915
5708,-43.6505807348526
5709,57.324928195219925
5710,11.808371885701149
5711,-8.354360984573496
5712,-14.0017228503972
5713,16.669130957923187
5714,-35.78317030435051
5715,-5.016251926502356
5716,22.62074012117847
5717,-18.259359676699624
5718,20.77184100232732
5719,-68.45668831967959
5720,-28.810774144573365
5721,-10.528057298916842
5722,-27.92354928511522
5723,23.48181375131969
5724,-12.518019840086993
5725,-23.739020045245944
5726,14.7465002155644
5727,46.83179547490376
5728,-38.45528551169439
5729,-4.0733669605124945
5730,-19.875613152541938
5731,-0.652076626047787
5732,30.65321922359778
5733,41.561223435684624
5734,-11.443655072380722
5735,14.867442360400496
5736,-6.035226451960398
5737,-16.996036597536218
5738,-5.519332223646437
5739,-14.755575358175285
5740,-6.857289765595091
5741,21.90327243796855
5742,-55.984571493359034
5743,-67.9345550400754
5744,-11.759684445235557
5745,-12.880703004288783
5746,-7.1605975939987445
5747,-46.23184545913404
5748,10.418635301480919
5749,21.27252960461415
5750,-49.320145936332445
5751,46.51349123648471
5752,-8.579893918020964
5753,-3.7187006019212916
5754,9.84751091731308
5755,18.64217542787447
5756,-9.176902872313498
5757,-15.088249914939347
5758,-93.84135070141662
5759,-20.056704142822205
5760,18.66699275769858
5761,49.512172057816166
5762,-0.969834031956097
5763,-32.71277451134977
5764,-4.543278271557561
5765,-29.30509033294242
5766,13.848532817660896
5767,-10.230841386021694
5768,-15.17393889952475
5769,-50.17927978434235
5770,-22.303369065834865
5771,-19.075745501239517
5772,3.823104848052509
5773,-28.167945126754013
5774,-22.62787490909553
5775,-59.6193129392637
5776,-1.2631119657045744
5777,9.018985612520083
5778,-75.24677178049595
5779,4.793916239093882
5780,-37.24377035975797
5781,-13.922789120703705
5782,-20.091419666979
5783,-45.3441492524889
5784,-18.55004633073918
5785,-1.956939119874832
5786,-26.85499181371818
5787,-15.170968803862387
5788,2.7496234720181363
5789,-41.4020967984984
5790,-14.136090655241553
5791,86.76115591924028
5792,3.996024097950297
5793,-19.91701516145573
5794,-26.070901654491074
5795,-38.15070198832324
5796,46.67961781311628
5797,-28.071793203339418
5798,-1.1006048110364048
5799,26.456548198036437
5800,28.81611015168621
5801,-17.822251254341545
5802,-1.125352483105793
5803,-23.718788714216707
5804,-45.99127186134442
5805,3.1598616334134704
5806,-10.99856234872101
5807,32.83632716295325
5808,-10.863266978035433
5809,-2.7843925570809134
5810,-14.240133321982405
5811,-16.782566425302555
5812,33.08387313752323
5813,-74.74390442827053
5814,-19.319186321010086
5815,-19.545102666038154
5816,-42.78652691333169
5817,-10.641841109702241
5818,9.222385718310875
5819,20.383201569336478
5820,-1.4669445227962399
5821,-0.8679920428671792
5822,13.9950161883427
5823,49.01426314029226
5824,42.609812974905644
5825,-30.813373426296288
5826,-18.162661355479457
5827,-13.800533306476822
5828,-29.444827662904935
5829,-9.151254287366676
5830,-35.45539626127357
5831,13.35333527748585
5832,6.91130719554581
5833,18.437637542318292
5834,52.20472112998614
5835,-11.318801507677684
5836,7.600941996669789
5837,-39.84588956458685
5838,58.15394099794474
5839,-13.257588222622843
5840,31.179812230915516
5841,-2.1633599022704857
5842,6.059779370798616
5843,-11.746012634393239
5844,17.677689811142052
5845,-3.014490453122093
5846,23.348306294205912
5847,9.825802074093048
5848,60.82624551066464
5849,-6.7698022248319205
5850,39.621580792075434
5851,-12.545524669373869
5852,9.961643049257376
5853,-23.15552471500292
5854,13.139847150532777
5855,14.870062636989001
5856,-13.190980161592549
5857,-28.426988545407575
5858,13.535497058860276
5859,45.343586409760455
5860,7.932433121436439
5861,30.923397920615457
5862,29.679290966569994
5863,-32.52188490615735
5864,7.051831328080723
5865,6.3738018256495295
5866,-65.57687669518268
5867,-12.339514630957673
5868,-20.519649791891617
5869,2.195169654279148
5870,15.295267898909824
5871,-8.438644016015367
5872,-24.069929815372184
5873,-42.97398416260396
5874,17.75914256002655
5875,-2.38878709433164
5876,21.346604047314422
5877,-38.99115273431415
5878,-40.468848596487994
5879,43.31386538441772
5880,8.766903257142971
5881,27.058257023553615
5882,95.1718503309971
5883,39.84894060939468
5884,17.415986401459513
5885,40.354539434564174
5886,-22.638296311979225
5887,33.02408888492436
5888,-45.598028524991044
5889,-12.085486812427497
5890,8.869261920376417
5891,8.126323953267821
5892,-5.243153154292486
5893,25.259303378734483
5894,1.6095490656660942
5895,3.0973238101601694
5896,19.329566085301213
5897,94.10203800617808
5898,12.254313246890177
5899,16.335339550889902
5900,-43.71636405311629
5901,-51.1342174118279
5902,20.16888085325724
5903,3.2622798134259625
5904,-4.5927937682456275
5905,1.9568745972116943
5906,1.7475441791332145
5907,1.1486284247117595
5908,62.98849027210336
5909,-45.973266931554114
5910,-47.609519646360546
5911,-23.619594063467993
5912,-65.07459204096403
5913,-15.1120166793215
5914,-1.6971828432380462
5915,2.0928397044937626
5916,0.12144072744249712
5917,23.95738516410153
5918,48.04566006705504
5919,-5.146884574790022
5920,-20.432718747144015
5921,-41.95776765510245
5922,-9.127031511576433
5923,-25.728367556191408
5924,100.42366385970777
5925,-50.36240991422735
5926,-37.708178373114485
5927,121.29785282092453
5928,-10.31728458540367
5929,2.361476960752711
5930,-40.29253190391454
5931,20.294898918434072
5932,-3.510883347925578
5933,24.247493552124276
5934,75.3956118938265
5935,-24.848997461606196
5936,30.58865316531118
5937,-15.187484521886333
5938,148.554007653392
5939,27.30003368060753
5940,-26.00696208656
5941,48.4841858089558
5942,-16.434007965246764
5943,-22.86315866117669
5944,35.39417540286591
5945,42.89517482934581
5946,18.83644083712461
5947,12.613182294452486
5948,-20.1001706955608
5949,-17.45620998298736
5950,-8.982898919847244
5951,23.859662317407803
5952,21.068910020853007
5953,-44.58913759100961
5954,192.46707046342598
5955,-27.2626256471706
5956,27.783382707543606
5957,-30.153508054453887
5958,148.8929839358229
5959,-37.124269025339295
5960,10.63861569679976
5961,3.9275785798855267
5962,-6.536846755069071
5963,32.63613827207995
5964,-5.436455923124058
5965,17.734565812490388
5966,81.92110535656361
5967,-14.169336266814092
5968,10.426019458873398
5969,-7.5901294871163785
5970,-5.894972565350514
5971,-29.276845092080926
5972,75.62746825743001
5973,11.600969775552457
5974,95.6712837116805
5975,0.8115235196741324
5976,29.665527844011155
5977,-21.577963608582444
5978,20.590563910342908
5979,245.15985671261674
5980,-65.57925970965181
5981,-12.797415888554632
5982,11.229156033295702
5983,15.112779360089906
5984,-2.0014969674899703
5985,5.126578103767969
5986,6.02005844579859
5987,299.4492408490484
5988,142.00739917977288
5989,39.139100800104195
5990,20.359047608884747
5991,28.39080206266123
5992,6.379863759354365
5993,1.669844972918348
5994,26.34048252503181
5995,-9.27832468954903
5996,-52.30045503196113
5997,18.098931885424534
5998,-8.769429056627516
5999,-33.61409826428805
6000,31.275155866653947
6001,6.869632651261881
6002,9.748386444431013
6003,135.44155005422604
6004,4.906106413057799
6005,43.439995111721665
6006,17.695740138954637
6007,121.70947809928361
6008,15.555432583662789
6009,-25.10669426614087
6010,137.88372457639022
6011,239.90892256245672
6012,-13.681019112932589
6013,8.83936031860862
6014,31.72602771304758
6015,90.9090785245136
6016,261.02832240668613
6017,162.6277425783178
6018,-46.13954425230535
6019,7.666131313979477
6020,18.32294986301745
6021,319.7535179580131
6022,-4.493228022998416
6023,23.44978941054555
6024,50.23199984073803
6025,0.4328418664891913
6026,14.440843413843059
6027,11.22631646721387
6028,6.757232890316665
6029,-26.783502240836704
6030,75.02950686431761
6031,-4.973800791074233
6032,-25.450521845498308
6033,-38.60769503538936
6034,20.71585711882634
6035,1.1467687065033374
6036,-9.349186045942815
6037,17.40187654609955
6038,24.34817985162863
6039,-3.233230870881819
6040,44.153822051548666
6041,13.771047434458374
6042,62.64609055571038
6043,2.7861603086278777
6044,2.42405357655052
6045,73.13702834497822
6046,1.1623405003084812
6047,45.50405352203983
6048,0.8725823994486177
6049,73.28345447032854
6050,199.75963007008124
6051,9.832528573708721
6052,-28.449441767470397
6053,2.6335420292394076
6054,-18.34499770951507
6055,-12.772158492368632
6056,37.674419283341706
6057,-7.801895616840106
6058,33.77265286740372
6059,-60.87795579079286
6060,50.809597968577684
6061,-9.017998570278834
6062,-28.477516047058835
6063,38.17493036596067
6064,6.349639390030781
6065,13.947091168919751
6066,105.49870496897515
6067,0.2875748016028723
6068,1.8431109297681658
6069,31.46160539588414
6070,19.895303224787895
6071,-18.54033464190932
6072,19.429276952176426
6073,49.62115564590782
6074,-20.437791057625
6075,-1.3976494507323949
6076,31.752173520016566
6077,21.996452903057936
6078,15.420727049231036
6079,29.764002370157048
6080,11.161093884016296
6081,-6.250819717287072
6082,-6.816381325963576
6083,-33.684227500875146
6084,9.404757478822127
6085,-18.91388870706713
6086,-9.96591945254567
6087,-32.01198008292237
6088,-13.724267517163561
6089,-37.61001386380028
6090,43.92047652690444
6091,-70.1825906863111
6092,12.388859883446933
6093,2.130848802527069
6094,-4.201476063755493
6095,-23.67385548314393
6096,-17.49512342075468
6097,-16.613510319952717
6098,1116.5740175007918
6099,-18.717455553578567
6100,20.765101526356137
6101,11.508459962064492
6102,-0.6967332938219926
6103,30.85632999904565
6104,17.994108141964272
6105,-19.09533807012506
6106,-11.65833858953458
6107,1.3732862308827336
6108,-30.512878042328616
6109,2169.7084757972702
6110,2343.767081479069
6111,13.091170335056383
6112,6.968244669622074
6113,0.7247241384746772
6114,14.44278822562794
6115,114.86190542696616
6116,10.18197516906882
6117,-26.288227372560932
6118,-8.161944718729025
6119,16.756729055193674
6120,46.78575402943982
6121,1050.3095086445705
6122,17.649588642894575
6123,-29.11957689573415
6124,1.312441762228488
6125,34.105514071253594
6126,17.141506647879943
6127,58.47069395433432
6128,20.774079868870484
6129,-9.434723997113828
6130,16.87831318596321
6131,17.72448009453832
6132,55.57407753423956
6133,-1.0596892860268312
6134,1.8406210243597698
6135,-53.51451834771439
6136,-11.458068112328554
6137,-40.90269738791921
6138,1490.0136397257402
6139,35.138871573904616
6140,5.604046526390185
6141,11.860344305837927
6142,3.82737238723179
6143,81.85597287337656
6144,12.334720280862328
6145,-5.371035867524498
6146,923.2895556994943
6147,43.836154500387885
6148,-39.43468316093141
6149,-2.096906923861276
6150,6.444824497301184
6151,2.155206797808141
6152,23.685290361783704
6153,68.3915094398327
6154,10.258951812251382
6155,20.149111624008142
6156,9.444025343252875
6157,59.10879200870911
6158,-33.24903039746403
6159,-2.02389693457976
6160,30.12090517639606
6161,33.282318857062954
6162,-15.420528695560165
6163,-44.178156012006774
6164,-52.818068466941604
6165,10.048477724961174
6166,31.302281157623447
6167,-29.658676664116264
6168,-12.627947313368075
6169,-31.827242248565902
6170,-19.093139615868445
6171,-34.382109959320395
6172,0.3780086055583851
6173,-5.439215640364267
6174,-5.799339284021855
6175,0.29997544328534786
6176,-15.51002232354982
6177,3.635429831455262
6178,-21.59846568436766
6179,-67.04130490608222
6180,3.748797306735426
6181,80.75921170160207
6182,-8.504388657220915
6183,-11.586378121087044
6184,59.16470075412275
6185,9.716187713929862
6186,-22.742024349620657
6187,-25.45697622108633
6188,-29.540514997634936
6189,-61.54005103408786
6190,20.00916761097787
6191,-67.98583284776103
6192,-6.278775434632365
6193,30.579620003987166
6194,-0.29388023392976237
6195,-4.760173391696092
6196,-31.085724467058775
6197,56.63183379077272
6198,66.34465773046814
6199,72.86395579054133
6200,-16.460362266792025
6201,-54.28305497019222
6202,-10.598039260146784
6203,-17.167886193325295
6204,-31.930169194151738
6205,-40.43102247003781
6206,-47.72080077397495
6207,-10.057194159384856
6208,-0.8611838951884963
6209,40.90702071509538
6210,58.242178571447454
6211,-35.79385790090951
6212,24.28893713516033
6213,-5.116649166858565
6214,-29.223905232282895
6215,-44.48196247018185
6216,-19.32104967685877
6217,-7.668754081399129
6218,64.35232626768615
6219,-32.52909342128256
6220,-0.09088404383818016
6221,-11.161098099874529
6222,-7.254509955020133
6223,3.543820003138677
6224,-28.981128557061744
6225,-47.720175256886115
6226,12.004435356833369
6227,77.30937517690609
6228,-34.528446122080275
6229,43.69636007650633
6230,-7.975011720632303
6231,-23.189184181910655
6232,35.99140662735635
6233,-9.965118308956171
6234,12.455355575986623
6235,-15.850562809261682
6236,-13.386115779827968
6237,-28.642538812862846
6238,1619.693422830488
6239,-15.396417917892506
6240,7.76845026398977
6241,-18.62454082599406
6242,-69.47667420851064
6243,2.0156671491661413
6244,43.256350714740634
6245,-25.779738241762423
6246,2014.9759362044565
6247,93.96434374940317
6248,37.37056815012707
6249,-35.621854310067384
6250,-18.806812812946077
6251,22.429055248435358
6252,30.466859283902917
6253,-4.404655309861951
6254,74.7314885914948
6255,-10.92102964156696
6256,2301.003341139631
6257,-69.84043979065379
6258,27.139390401169468
6259,31.164926003165945
6260,-18.049279745840202
6261,-8.016027461922391
6262,9.790643106418294
6263,3402.0379153346607
6264,48.5690124833814
6265,14.056096007785097
6266,-20.721154900585653
6267,12.449549482467319
6268,10.132700090525553
6269,-29.291205467915866
6270,2.6162518342886116
6271,7.657343535284042
6272,-32.417804130857654
6273,24.020891720103677
6274,2326.690188823154
6275,7.7284408546711845
6276,5.918545690508395
6277,-36.38936342732372
6278,-0.8322945164671225
6279,60.98979293918613
6280,-5.609618736864796
6281,32.82857152661153
6282,13.256221062011953
6283,32.96805141788694
6284,3456.345302395514
6285,0.8133491789652041
6286,36.74268010990665
6287,-29.881202681336298
6288,-13.63896325488686
6289,-2.340445198184142
6290,1.3840166883869855
6291,-20.147659188590943
6292,140.7507191720412
6293,-23.983390671504758
6294,-26.918728019728626
6295,103.21385878966753
6296,-43.585961268751795
6297,-49.573660633111764
6298,11.61876516734462
6299,-47.199397893169255
6300,25.06133213742383
6301,26.17840281445724
6302,89.45724626599628
6303,5.746838970979958
6304,-59.288043131233444
6305,-0.5939634799803741
6306,-34.748037103011605
6307,6.838143245483572
6308,-9.901224198346306
6309,-31.226585793766922
6310,-16.012843328696384
6311,-19.757465901121414
6312,-41.00935270869689
6313,5.8960875392783905
6314,-45.45996896741875
6315,-3.084298382027974
6316,-17.65959131373397
6317,11.707174649882447
6318,-16.215211503432975
6319,-19.090091876208042
6320,-22.063264895853415
6321,128.149216741077
6322,11.94098981634719
6323,15.08001519303053
6324,-61.027142862229375
6325,-28.216021645028867
6326,-23.655665412659154
6327,-60.57385387027123
6328,-30.064664088036814
6329,-20.7392575462437
6330,-16.82069537004402
6331,1.5880775770201225
6332,41.43668704823934
6333,-19.73748333099558
6334,19.157877552602827
6335,2.769947877259675
6336,-47.57368732256817
6337,-29.453038975832236
6338,131.1465437222715
6339,134.54804290014175
6340,168.6907382968636
6341,8.097079718936193
6342,17.823819259685365
6343,-18.566768871577736
6344,-18.866354165734613
6345,0.011508293004872883
6346,13.235287658914483
6347,43.249852346180994
6348,-11.878049963280752
6349,9.400633676700565
6350,-13.852541910135791
6351,23.33591057505693
6352,307.64462252347045
6353,5.488842924877709
6354,6.933688384524835
6355,186.97213655621428
6356,17.14693976863057
6357,62.85800593904734
6358,-10.631574775649327
6359,-37.25240096722694
6360,27.412346400165895
6361,-15.814486028664113
6362,31.608895327415052
6363,11.242262612170059
6364,-12.074578521127918
6365,3.2010617428308734
6366,31.151429434396544
6367,-42.012477008408986
6368,11.646449079408214
6369,15.342097707040175
6370,-4.579328025242539
6371,3.0989519260551575
6372,3.079735666457765
6373,1.7496391470229682
6374,22.75217965918968
6375,22.332347509014692
6376,-9.571283380232778
6377,16.745346995062782
6378,13.984851997012093
6379,19.82131120768126
6380,2.9736184673151342
6381,1.9535545764248639
6382,47.1901288215562
6383,7.552562237348013
6384,1.0822981707411259
6385,1.3867597280842006
6386,-6.120873203060889
6387,-32.29324890676384
6388,-36.094520453150416
6389,449.1325580623951
6390,16.78528118431773
6391,134.96882430757643
6392,158.10701424046306
6393,-1.215888961518985
6394,-45.11779963123531
6395,-6.282880130168486
6396,38.6814134504847
6397,59.46048157695988
6398,90.85818587294405
6399,25.783417680613024
6400,-7.4268802532863205
6401,2.3514453961719894
6402,53.168593187047826
6403,-14.539585933401291
6404,3.953739648986165
6405,-19.914505782601275
6406,-59.8830345343064
6407,392.15335929783765
6408,1.3525012938565695
6409,-35.50317361935368
6410,22.685938861378887
6411,1059.3852253107245
6412,-19.980058796221464
6413,0.6626259361174078
6414,-11.949830905172334
6415,-13.423615386214536
6416,39.9624357488718
6417,-39.61094438413911
6418,2.30447869300356
6419,-20.592165850187577
6420,1676.2805182685752
6421,2.8296205403206898
6422,1078.1799297572343
6423,590.2449411043033
6424,-21.190712655290504
6425,-34.30772568996469
6426,-35.89701400336339
6427,66.21602454499305
6428,79.34079141922004
6429,-3.9091118300044982
6430,16.93242977968107
6431,32.62155638274799
6432,876.4456385284814
6433,51.02020300119692
6434,-32.35969394758215
6435,13.378103860017795
6436,-45.720870949038165
6437,-20.13224441314535
6438,-9.932270298907305
6439,8.544007316460998
6440,-35.337883957061
6441,-41.63196788757646
6442,19.014185120447554
6443,21.041532695534745
6444,-9.892362671261587
6445,3.8366999496105336
6446,13.012840475461473
6447,9.332508751276734
6448,-48.57751494680499
6449,-15.843804500496013
6450,3.994582014238958
6451,-10.420216856636081
6452,14.768253419191645
6453,21.661595782418345
6454,36.42178627596247
6455,-6.581045749790505
6456,11.976672310237923
6457,-13.081050729546803
6458,17.090126126264252
6459,16.264628547559845
6460,5.9191908195969205
6461,15.326192307562266
6462,14.026974855223248
6463,6.189093065635042
6464,-17.568725452842138
6465,-10.22708595683278
6466,-14.20229935024652
6467,6.146432394229443
6468,1541.8668791062878
6469,30.583868673818863
6470,-61.310438667523435
6471,-11.161697365001103
6472,-4.9827681537670685
6473,-5.889738523494088
6474,10.966462132663935
6475,14.405965470325448
6476,-26.90549613026625
6477,6.555644117072042
6478,57.39832229083251
6479,29.29261569922108
6480,55.29613386228537
6481,17.099638896401963
6482,-6.213069152448703
6483,-32.41935921901109
6484,12.969916554946032
6485,-8.691713870123756
6486,-0.3871572238485612
6487,7.462680784072262
6488,51.944688143081585
6489,-18.70583397515452
6490,-26.53504275081611
6491,-0.43720490208237095
6492,-21.58997808683707
6493,-1.0994645610180953
6494,-34.50250396735721
6495,0.5773546245672563
6496,93.44264641053115
6497,24.138308465650557
6498,28.67678893285346
6499,17.40335975110311
6500,-41.44710351634712
6501,-26.121358367351327
6502,-18.25871996757696
6503,-2.1415255898571957
6504,28.20938413102492
6505,12.557751572824209
6506,-46.127829952875665
6507,35.421561875230424
6508,27.8398176980372
6509,-30.01128091232895
6510,18.307638463419142
6511,40.04769664741147
6512,39.809841162647324
6513,-7.24607365397064
6514,-18.19844856874485
6515,-48.27003917919965
6516,-2.236502232609304
6517,22.854381745997383
6518,20.351276724883444
6519,38.369342603285155
6520,12.124976581560347
6521,30.61145983288963
6522,24.84856853054168
6523,-7.158928008376691
6524,-7.826421510138935
6525,0.6258969534269099
6526,33.34725002292876
6527,13.060957930087405
6528,-39.802899700399145
6529,13.709908111540422
6530,15.023789376702705
6531,-16.218069508708076
6532,-30.58234487484622
6533,35.25421533384052
6534,1.152489101466621
6535,33.27869055763866
6536,40.57120038516775
6537,-0.5229177385153108
6538,-8.933279635223592
6539,-2.0888383362634926
6540,6.052764100019644
6541,46.97443568199551
6542,-18.145971562653827
6543,14.372547243027391
6544,57.00144702022107
6545,9.220291745859747
6546,-8.973011901830553
6547,10.532754822564591
6548,-28.694935060051627
6549,156.12691461762316
6550,27.544692447206454
6551,20.32707770317812
6552,-8.460397115464275
6553,0.05609862998047532
6554,17.69087688439643
6555,-20.720003323456574
6556,0.5641735278906594
6557,-12.815906754647521
6558,13.306123682347895
6559,43.22325544735188
6560,7.4903058768923785
6561,6.18410790313748
6562,-19.706878191099243
6563,-39.3883845347004
6564,5.579650003180468
6565,-32.86744891203168
6566,26.753355838564744
6567,26.238055160572827
6568,8.522862107561608
6569,42.5529944920314
6570,14.161454470999484
6571,31.99828945490013
6572,-24.43936082543096
6573,38.50110148519905
6574,-11.454846008158846
6575,26.30502527575323
6576,-8.912413129478928
6577,35.40107159079588
6578,-0.7646612609967391
6579,-46.120901758793586
6580,-5.771692134932927
6581,18.40327895818083
6582,5.839645031368121
6583,-3.1791767240068225
6584,40.66444297790391
6585,-2.0783158355474782
6586,-24.662824361889484
6587,22.78445692609035
6588,23.35388079859151
6589,11.997411629190488
6590,51.78585672246161
6591,-49.41070434822853
6592,-20.09889201904486
6593,-27.683424056118348
6594,-24.342849910717966
6595,21.45404475517102
6596,-12.698668056517313
6597,-2.0554286971211937
6598,9.71777688502349
6599,32.81843949197864
6600,28.971726057287174
6601,20.15391031197863
6602,-77.35154870671317
6603,-1.3253415780086328
6604,5.851199596839642
6605,19.049819215203875
6606,27.521224461335898
6607,-12.841651989822843
6608,-8.3755972706496
6609,-16.773096595358787
6610,74.61741826272942
6611,58.08467607599388
6612,-38.12324431454386
6613,-65.0034246871277
6614,21.269432317407578
6615,-34.47259549153495
6616,-37.567852517718244
6617,-34.78566041106097
6618,-67.26193352225204
6619,-80.91741054594522
6620,17.827284804820106
6621,5.360516007504387
6622,127.67967712377327
6623,42.71063020238327
6624,-12.94390498201627
6625,-34.94306379725679
6626,17.424161997613655
6627,26.62872923728619
6628,-10.184325534638397
6629,4.170069227008163
6630,-32.60733142705123
6631,-14.160194844081872
6632,-18.611358603131855
6633,-36.52232330701225
6634,-8.969967245857646
6635,13.778988449339721
6636,16.195996818014976
6637,28.278962714822836
6638,-33.52704766910788
6639,1.9065346563002308
6640,-2.0282802261111073
6641,-14.438369206792814
6642,-41.70979123139167
6643,15.445835573431104
6644,-30.080435829887485
6645,-9.493882482950454
6646,10.293027131383162
6647,46.16665907761793
6648,26.34833002385739
6649,11.728446904393998
6650,4.101730499978913
6651,-12.272177249896963
6652,-6.9170589932437565
6653,8.09457377073376
6654,-13.689688859514682
6655,-19.203241584711925
6656,-18.414130265996455
6657,-29.19840570003347
6658,13.785902890766128
6659,-5.59101490602233
6660,-4.794852797268852
6661,-0.16746815438973783
6662,11.437595528917512
6663,15.450356179587736
6664,40.80004008306984
6665,-34.27104339395175
6666,-14.549617109592901
6667,36.669188568644714
6668,33.971201045296944
6669,-3.6011922774480283
6670,31.63728277922371
6671,19.34269012143797
6672,14.838993295311525
6673,-22.912103880498528
6674,-33.18334035759769
6675,5.77655850573715
6676,-30.000005404725833
6677,-37.5194989645265
6678,8.728260955224805
6679,-22.157383095429033
6680,-17.822125376276603
6681,2.8945214118762834
6682,1.4463215690401938
6683,-20.726510669533077
6684,-16.593963846237315
6685,15.565259409593203
6686,0.10874964814079391
6687,9.127891538619437
6688,29.67342113512556
6689,34.2420063438978
6690,8.896580702047068
6691,-35.569874789471534
6692,-43.38451720039661
6693,-5.566258924728501
6694,9.681532576156847
6695,-3.4532898006025263
6696,-2.384358920872714
6697,-10.99073962540551
6698,-35.10851326157755
6699,-23.996790204290512
6700,-11.450665946462777
6701,-18.889865569632185
6702,32.91669959597117
6703,18.105166545995466
6704,10.935543099989438
6705,53.557855220371565
6706,31.49431044563051
6707,20.757857082668693
6708,-21.69276346133767
6709,14.556243082476314
6710,-49.17190051739667
6711,-9.855162099166883
6712,-87.28741776651663
6713,-41.90815206869498
6714,-22.580360354237733
6715,-21.489447761722808
6716,25.882710331651634
6717,-36.14978477947894
6718,-33.94927177928496
6719,7.580649207184273
6720,-7.9663587756287555
6721,158.27349217216494
6722,19.12009107778899
6723,19.3690127353876
6724,-41.20238078665714
6725,31.334675160700137
6726,14.60005694679933
6727,-23.21287954587377
6728,-18.842304379751752
6729,22.722173134685782
6730,-9.605922235686009
6731,24.93872621820872
6732,-13.036400260489152
6733,-15.55250257575375
6734,-51.62829467228698
6735,112.81787649953296
6736,34.11548714113702
6737,21.64772289250079
6738,-10.18342482530312
6739,72.91455373244033
6740,-8.595949457676127
6741,12.284102424913591
6742,121.8528411661353
6743,8.1784082063633
6744,9.708406236870879
6745,21.050968169680484
6746,-18.254550032490727
6747,4.851318007040177
6748,1.3063111872842796
6749,-4.951673899130952
6750,-6.36706800199233
6751,-1.8401779995329548
6752,17.6816643869331
6753,-4.823685070099472
6754,-10.081508316826103
6755,-56.27937200426356
6756,53.250107185476644
6757,-15.31214231499176
6758,18.062851440293898
6759,-12.626211680071194
6760,41.16871525890652
6761,146.0711874562679
6762,-6.575394305956145
6763,-33.62971598850141
6764,-12.196203275504317
6765,7.306661318289358
6766,-30.55149794559305
6767,-29.14087517010389
6768,176.38012926315582
6769,46.058245554316535
6770,-10.640180983281432
6771,0.5125779175146974
6772,148.27361632116572
6773,-34.16046657007957
6774,4.5718948721003585
6775,31.921227992261738
6776,14.815449712639044
6777,-30.56412280278895
6778,-13.231001906311135
6779,120.01258162997445
6780,-0.19953307125241793
6781,-53.62989568958226
6782,117.16245304140446
6783,-33.786595425415676
6784,-27.360039037136097
6785,-49.3145835318219
6786,-34.65119330691625
6787,188.63920754865686
6788,-35.575836491380734
6789,-0.029492904173892498
6790,-11.121164551968803
6791,-21.053563143886628
6792,-41.09497763501877
6793,96.43543116077151
6794,-29.86180594800218
6795,45.558993923623824
6796,-40.504198035232896
6797,-39.86631294587054
6798,40.923635435824316
6799,93.07426801229124
6800,13.474355916714782
6801,-33.01111811973899
6802,31.096059580286628
6803,4.1299550685855095
6804,140.61447056957147
6805,136.09246418958998
6806,103.56105591826193
6807,10.059584695739296
6808,-1.3063921165754593
6809,-9.337892252759147
6810,-8.7920011550029
6811,-7.09712345939176
6812,4.166961762977579
6813,222.7684914160179
6814,-23.78330795065576
6815,21.807136282871966
6816,124.74780011904795
6817,260.76405534319275
6818,6.096533950289398
6819,-68.08876857478981
6820,-3.455129892755373
6821,60.19492171724467
6822,450.12952201243075
6823,-9.317651821481888
6824,-23.540748095961312
6825,76.00248760194864
6826,27.024171390792148
6827,10.448272136315758
6828,193.2176379202144
6829,27.366079837374564
6830,131.66722783954808
6831,-0.8634387026116883
6832,23.07299098152918
6833,-12.687636089958204
6834,75.48841889319095
6835,24.289121865729104
6836,126.9013147159547
6837,194.4626748445912
6838,15.829240107079254
6839,1.993649914302928
6840,26.65984197903092
6841,-14.556167153672952
6842,-10.179832533102164
6843,-4.482273778100712
6844,20.67776466545023
6845,0.6460087157971159
6846,14.791862155537913
6847,-12.428401802639065
6848,260.99266310372013
6849,-5.2571987078936075
6850,-32.769491550986736
6851,323.1126167913534
6852,-46.20303733411439
6853,6.843845485101838
6854,61.994140513626014
6855,77.62437645604876
6856,168.34991838269136
6857,52.16886336645283
6858,21.178527919885134
6859,-54.6129783558624
6860,23.203567337206493
6861,15.686128190546615
6862,-16.788514983426793
6863,57.2703598408041
6864,-37.46385580870555
6865,-6.86589603756736
6866,-43.58130353533034
6867,-14.25108801667971
6868,-11.549155676894742
6869,114.84229240569306
6870,71.978942479072
6871,88.46656683983153
6872,-50.128661178083824
6873,-46.676866414240926
6874,71.72837860080963
6875,-17.62699966216342
6876,0.390669963930506
6877,-30.023781933976203
6878,36.765434999411085
6879,42.15442244893408
6880,-16.47713997358602
6881,3.037316298785157
6882,10.409547271549243
6883,-22.79465339511483
6884,-8.345852795493883
6885,144.90409298242812
6886,2.1228100041259026
6887,12.428516199218429
6888,-11.39678448255686
6889,-6.858660699952253
6890,9.388896049020765
6891,25.456573327403337
6892,25.70449142343488
6893,108.43708851291342
6894,24.969469907901154
6895,-12.71140673258897
6896,62.640904331645565
6897,-11.07885868039454
6898,-6.067734207181843
6899,48.28543555600111
6900,95.2513126625052
6901,12.364885128302653
6902,8.14198805405617
6903,-12.595013905336899
6904,-1.4345293215382782
6905,36.22330822534387
6906,33.805936658730175
6907,89.96448245103836
6908,-32.60904958686499
6909,-41.342290950623344
6910,-10.560585944189455
6911,9.411674226293691
6912,-18.62584920780111
6913,-18.4617117464185
6914,149.1406047604231
6915,-25.077228546329813
6916,-18.232620280947636
6917,36.296370497377126
6918,11.843397819263537
6919,57.191204117441686
6920,21.627364862244008
6921,47.8020883305765
6922,2641.764649967025
6923,-15.171367863977046
6924,-6.532295096875131
6925,-10.704397349887628
6926,2396.613417306167
6927,156.2078761029102
6928,15.060591883371153
6929,-9.248796486907686
6930,-0.6497609208752024
6931,12.154572166603351
6932,34.26841541139526
6933,-20.23728341824441
6934,44.15240392269462
6935,-20.262205641834193
6936,9.930770304852366
6937,-34.15310623875673
6938,-11.947281278651992
6939,-19.607603114744073
6940,8.445485388609313
6941,4.4132144627841825
6942,-18.21754099242999
6943,75.9588480042847
6944,-1.8114301594184354
6945,-23.833134730358218
6946,-20.126902604723462
6947,-7.766285580022021
6948,104.45402513700543
6949,-1.4959781238815566
6950,18.87188409622709
6951,15.356407652212628
6952,785.5371816291399
6953,978.7877936785134
6954,-13.538363884485385
6955,1587.1777334079634
6956,2.5978409053997993
6957,-28.705842762616847
6958,118.82477933724422
6959,70.12544757967075
6960,11.300919454644337
6961,-31.277154295023657
6962,-30.201659112574227
6963,-7.911602109018297
6964,97.67986785656097
6965,12.373975752578659
6966,43.19498876329693
6967,-7.509017759545863
6968,4.675034279991735
6969,54.20176242056888
6970,18.832571557339435
6971,136.83175335802932
6972,20.088389129570288
6973,6.249284448686311
6974,-4.392706828525284
6975,-29.191027582267672
6976,157.55027727592977
6977,14.772432639386004
6978,5.1983747272864065
6979,-90.5443125173739
6980,-7.0923783173209
6981,-38.316341569755075
6982,-10.820543362133371
6983,-12.529871913382792
6984,305.63476147107866
6985,9.752099064490046
6986,-87.9237574173801
6987,-35.474434336897225
6988,-21.685041235647283
6989,-10.290500376499317
6990,-37.08625115888946
6991,-43.69086527066025
6992,-12.120276784461915
6993,-46.101503133907975
6994,37.60639149426963
6995,27.176109974884948
6996,-37.809042270614874
6997,-15.638689765398354
6998,-63.87088063438872
6999,-29.48739994280644
7000,2.9936208266096713
7001,-4.034858841590484
7002,-60.16176744315651
7003,2.3983806074282867
7004,-28.6803111135035
7005,86.46309492615654
7006,-4.60414471813111
7007,-7.1896645490025435
7008,-27.0055372275118
7009,43.3090234378359
7010,-31.72021369452002
7011,224.49138413523474
7012,-40.7002675409451
7013,-16.62122418197479
7014,-12.440571916274301
7015,3.3255332223987395
7016,37.038425716200145
7017,-32.08831981269916
7018,119.92803989370435
7019,-28.870432068485194
7020,149.1533087345333
7021,-4.670341193538398
7022,80.39970233775149
7023,-5.66215667163825
7024,-9.724085504539381
7025,28.09841471694776
7026,35.35385617130558
7027,-14.948640846370253
7028,-33.07243979894859
7029,29.201392608499347
7030,-34.764732847023716
7031,170.6310105535901
7032,36.66068487961348
7033,-40.61721006488158
7034,2078.231091981382
7035,9.736280327595132
7036,9.189839092479616
7037,-6.991203630980252
7038,1.8030363196052122
7039,-14.810873584922163
7040,-13.413878338529209
7041,-11.663966816832747
7042,27.707652778496488
7043,-79.83513788664945
7044,-46.09458917378152
7045,12.773936482244281
7046,101.2650362331093
7047,3.027040538916218
7048,4394.721508280701
7049,35.815154224064045
7050,-1.7098900804329915
7051,1858.8005088851735
7052,15.41895922206784
7053,-28.114980238753567
7054,16.92023508687417
7055,174.26159627745065
7056,-14.66585313713486
7057,6.7306936616807675
7058,3158.886374587582
7059,29.768185376478815
7060,50.84436690639874
7061,29.025217061560202
7062,209.35019128884173
7063,30.588097766017395
7064,-50.50421582617674
7065,-36.270081202426745
7066,80.67032559944136
7067,18.604559505948284
7068,-7.984532762110668
7069,-0.6844364670730627
7070,-13.169315458700481
7071,0.34573508018607413
7072,-86.39285496139581
7073,-39.733546586842586
7074,-5.505647974733321
7075,16.196902270143745
7076,-12.160600567222296
7077,-13.707234909097892
7078,-20.349738012281342
7079,-12.686175883000189
7080,-32.20837871854845
7081,-25.275517025601197
7082,98.72266497871107
7083,1451.7421917240542
7084,52.07124444635565
7085,-6.023020910869718
7086,-14.301038389845019
7087,-43.93181360405385
7088,-39.1601269570973
7089,11.359068325867625
7090,-18.06762256836661
7091,-16.283616267753928
7092,-77.9916586474423
7093,-44.097396424985114
7094,150.72829616288905
7095,-34.99585032106709
7096,6.975406086771052
7097,14.219168130850736
7098,-29.455964089529665
7099,-24.086402930021812
7100,-28.361183125094293
7101,141.43966823269668
7102,-0.803548682615336
7103,-5.7904098092801775
7104,174.95438310809004
7105,130.0801940761484
7106,129.13067117194103
7107,218.83138396423365
7108,-83.81512061696228
7109,-25.004680294422165
7110,165.54579060710645
7111,-38.08255698847676
7112,-66.64543772613496
7113,-49.954551645499315
7114,-26.947347416319964
7115,18.512944221985066
7116,157.66144230634734
7117,-13.382132183728103
7118,-5.415359657145011
7119,-31.18784846115748
7120,17.474080701273433
7121,-41.3072969198523
7122,69.8504457990053
7123,2.050677137135814
7124,-32.23065924033684
7125,-31.34898349287466
7126,65.1948340790461
7127,-2.493844881621115
7128,-8.519249795274355
7129,27.471819875098888
7130,116.7099483706078
7131,-2.9121414436392925
7132,-7.606957328519606
7133,56.55934056103454
7134,42.37585988943293
7135,26.286634446338844
7136,-28.992146952344164
7137,-8.231977365938448
7138,-6.531727876229098
7139,-16.638415361634472
7140,-13.969320281840481
7141,14.129828587013652
7142,98.68378376839514
7143,10.605853445501722
7144,-27.85417708487862
7145,-27.677310155367444
7146,120.86643692794982
7147,-13.258638787939951
7148,-36.0282327626984
7149,142.12294496844407
7150,-8.681506686544544
7151,2.3774373498307995
7152,64.30677480833852
7153,1.9357301687879414
7154,-35.79830645705699
7155,-17.014012012703397
7156,291.64512324055676
7157,95.16530777341819
7158,4.1094163055428155
7159,11.528434865449213
7160,-3.094297771441404
7161,25.82201456188958
7162,-38.478490650083096
7163,31.095329970952175
7164,-4.645430938714171
7165,-24.810273741286785
7166,555.4418185944181
7167,18.143363419209134
7168,0.5454505256538411
7169,162.34499938270588
7170,37.32502553925126
7171,20.875392071380908
7172,-26.500680118044208
7173,445.7925325314819
7174,16.060169898850916
7175,118.44760861612912
7176,20.231383120947566
7177,-21.704284274261404
7178,-14.684353933387989
7179,-15.817587929616955
7180,-20.338063007995167
7181,-22.916676353804057
7182,51.471372264364746
7183,14.551387092725136
7184,-36.39141737068176
7185,-33.22118853986655
7186,3.027970413233966
7187,7.237771646150144
7188,13.889225692134332
7189,-32.25876378282164
7190,3.457630451036408
7191,-19.666070330795343
7192,68.05183266803458
7193,32.23508941054132
7194,1477.9623959366793
7195,16.037429222909896
7196,-18.14008906400801
7197,126.94247769324457
7198,-6.545561045263618
7199,-2.4508163216789782
7200,-21.99313003700245
7201,-30.17479926516902
7202,-15.050921917372847
7203,0.7500362652672408
7204,-14.07511053222182
7205,17.74816972218703
7206,170.40777386297677
7207,14.529086574690034
7208,5.178462078093688
7209,-37.58763087181921
7210,184.4702545570531
7211,20.939839050558092
7212,10.07107328435486
7213,-24.817210653430486
7214,-63.56212826349773
7215,156.18279290113023
7216,100.64050647260767
7217,-0.5829727026590774
7218,-9.117815039418318
7219,9.038016990462616
7220,937.1952910316552
7221,6.648110511899411
7222,1608.4698486028171
7223,77.37500183310645
7224,1486.0796331115957
7225,1.3359373531044056
7226,1559.9600093373926
7227,-14.748247209282049
7228,-46.80749901536347
7229,-1.1083202791750395
7230,-8.25192214812968
7231,-3.3417023470741682
7232,77.00573527014824
7233,-9.994674906427754
7234,-6.801945674336466
7235,44.84774063750525
7236,-42.68230551657832
7237,-29.819042598767034
7238,20.559400228954363
7239,57.24532960070823
7240,24.19828867035532
7241,2.058956471376078
7242,39.795302313071346
7243,33.86127853533544
7244,24.092189073083016
7245,4.0624824060616405
7246,29.98587765940299
7247,-10.271394311852717
7248,156.6345937865771
7249,-6.989079312349865
7250,5.136402217831694
7251,56.221794507762056
7252,44.33889850114864
7253,40.495228389011466
7254,-28.181607005745086
7255,-35.76850307412669
7256,5.776279332816088
7257,10.626810464616753
7258,-25.974108895257835
7259,2.2787732398829945
7260,147.24482695470806
7261,17.454796132343184
7262,-36.00341293224796
7263,-20.556155887991487
7264,91.65732555213467
7265,59.17488995058194
7266,-12.776822944892373
7267,-20.718030407168946
7268,1.2048325315847137
7269,5.047811732077093
7270,-11.257769076394453
7271,-15.674654347469492
7272,8.145466360489245
7273,74.83534013079603
7274,24.811631573110844
7275,-38.36829984593218
7276,5.577234739690908
7277,-36.521640868362674
7278,122.0879082996351
7279,-13.823146278463213
7280,-29.949425670731962
7281,8.54933165882214
7282,-28.816741230484972
7283,-45.39519559135049
7284,13.52713814031485
7285,-28.165310686021705
7286,11.901417321572325
7287,32.94888079400037
7288,24.825477495448688
7289,-7.539033581223791
7290,3.426639390653378
7291,4.827787372614701
7292,18.973349182093457
7293,-24.90180776613247
7294,-18.315902925303206
7295,-34.19838242887797
7296,-70.68993638219894
7297,-1.8174091218884172
7298,38.97330851811205
7299,-9.509773384417613
7300,10.50584997581678
7301,18.195659662599745
7302,-33.68110455490474
7303,2.679571145512895
7304,123.65063703076302
7305,3.6845283482080475
7306,14.38898243427617
7307,-6.743636779863017
7308,15.111946071175328
7309,148.22647219991867
7310,25.34883639509118
7311,22.285840453899606
7312,-28.99468675520881
7313,-8.529426145815073
7314,-14.734653471805167
7315,8.093155774109057
7316,2.0983525343188987
7317,-26.64606625685797
7318,5.243147589986101
7319,-15.543664804510655
7320,-9.522640556699592
7321,143.75465939282614
7322,118.73457519148698
7323,0.2703220432802027
7324,12.68084934699634
7325,1.620159755852697
7326,201.75462904009322
7327,43.13330742130563
7328,27.870282150973303
7329,33.62901214308626
7330,39.97482613358242
7331,-25.537384049108688
7332,1.860495678664158
7333,-39.903617347995144
7334,7.74849821564878
7335,-6.9218041599567925
7336,5.680574249663287
7337,28.768055856006885
7338,-67.73717545437208
7339,23.43275045682862
7340,-4.65842969069903
7341,29.745102209661034
7342,-4.970738017862963
7343,-14.77427261649148
7344,78.9472257185959
7345,125.90253273002514
7346,125.64023067764555
7347,-3.1605194172747773
7348,4.081227921775948
7349,-15.103905939660919
7350,-35.03076841735959
7351,85.43095559259314
7352,17.747738921038817
7353,-31.878358879362885
7354,-29.443891754665437
7355,-13.61990309468218
7356,3.948902733123006
7357,3.842384185508706
7358,-14.681438998121244
7359,-12.290307678900156
7360,-47.32764380393886
7361,-6.481725109531801
7362,18.890501834280393
7363,361.15644981365756
7364,80.16173434977415
7365,-12.537331683672924
7366,-18.433253498359377
7367,-8.075489290501437
7368,54.207312136969435
7369,92.05404064227506
7370,21.597190814081856
7371,20.35995352551628
7372,-13.098308578427535
7373,15.876511646224714
7374,38.61886337330553
7375,-16.005002445602464
7376,-9.861011431621563
7377,-1.2741700215821368
7378,-21.80873927887685
7379,20.591554265146865
7380,-17.62403210379164
7381,10.342703216804473
7382,-26.984866023214003
7383,-40.564586908311334
7384,225.4552650016748
7385,-11.314084097237355
7386,-13.603748915337363
7387,-21.912568843757718
7388,-20.778651022872246
7389,-93.33314364057043
7390,41.943021858798055
7391,-17.427177549490885
7392,-12.596801198089139
7393,-14.380108424110716
7394,-7.1083098141506085
7395,53.16566196897503
7396,59.00731629633742
7397,-3.901228556327446
7398,-9.088683340000117
7399,-84.37951779057025
7400,-41.14675493259498
7401,-26.460285772005925
7402,7.187321675328022
7403,3.06065752733069
7404,-46.87988008445024
7405,-0.22531527711949195
7406,4.276702417956308
7407,-62.20255961491703
7408,-20.83612253441455
7409,113.39621382394901
7410,59.806208424636345
7411,-14.561826961498703
7412,5.91590624021957
7413,-29.950061248987602
7414,56.596116887199734
7415,33.344007264517046
7416,-3.9983970574162697
7417,-18.30693863753511
7418,-13.694503972575127
7419,-3.353980168147892
7420,56.4271625983865
7421,8.379409766449832
7422,8.579872836586816
7423,8.865042795238416
7424,-23.92843245830887
7425,-46.20884487744113
7426,34.6574507694776
7427,20.45992808909956
7428,50.33585197764425
7429,-37.01789843207367
7430,10.552580267564558
7431,14.027643983573167
7432,-7.800886916735024
7433,38.63731462934929
7434,4.566960905278783
7435,10.307433888143258
7436,34.89733760197678
7437,-9.802802123119093
7438,1.8132033262284395
7439,2.0868073435862016
7440,12.113314168830101
7441,8.60082213413299
7442,19.9116272189424
7443,-42.70205719845189
7444,12.268201181285484
7445,26.398970370275496
7446,5.077982591999941
7447,16.084080715056746
7448,-7.567391974293891
7449,-22.94733338791844
7450,-10.325027490945295
7451,17.622543513254637
7452,-22.51088423716508
7453,10.034640123128412
7454,4.103859323440453
7455,-41.98875649677655
7456,7.986906169150053
7457,2.104832362408125
7458,-10.650376098297578
7459,28.174836008182915
7460,-7.833566151216758
7461,10.075957078121583
7462,-2.764892877610002
7463,-0.892952921910485
7464,-16.601449377079348
7465,-30.39873040607926
7466,-4.1936807204519155
7467,18.23758188418203
7468,-16.050809974315506
7469,-2.8215414105708376
7470,48.519563979695015
7471,-17.965936575718693
7472,10.620777314331697
7473,-18.60251621214733
7474,4.925236349708136
7475,38.55087132634097
7476,5.901074199079254
7477,0.19239079016987404
7478,28.1233619448491
7479,18.91337486732569
7480,-2.383878718998588
7481,8.685656006312634
7482,-33.44289158714084
7483,-6.922779440205311
7484,-1.4606524504058243
7485,-1.5592622285647408
7486,9.252305909871758
7487,0.5186160150717996
7488,35.31015315038609
7489,-15.433181299889256
7490,72.43834514337767
7491,-39.9462393586163
7492,-13.665508648190958
7493,-6.436424935401021
7494,-13.484610304383615
7495,-13.210799104829256
7496,-1.20410861933086
7497,197.27376357941768
7498,91.77764789475654
7499,-9.010179520796918
7500,3.570193787362591
7501,124.57084712869042
7502,-14.856284316481329
7503,-3.1346722262787097
7504,-7.02115497885864
7505,45.537569494928476
7506,-6.76186155010565
7507,28.469087054742044
7508,-9.409709062642499
7509,18.5495827532819
7510,-6.642128038972729
7511,25.202407613420924
7512,-28.699981245804985
7513,-3.6473131434521022
7514,-32.43334358900925
7515,31.01852956843535
7516,-20.794179341579117
7517,-26.67321752573921
7518,-3.2313859926156354
7519,-54.703979884606646
7520,-17.347174626049913
7521,20.476454772751122
7522,22.755241747645357
7523,123.70099487804046
7524,-49.427157341209345
7525,-25.441004566107544
7526,-5.533612632459175
7527,10.128898404253178
7528,12.104243414443971
7529,53.25419031999905
7530,44.580400419721464
7531,22.219328011499268
7532,-29.528976895431207
7533,-11.553412779271802
7534,48.66816894213945
7535,21.72487605379586
7536,-3.3106543087666367
7537,40.7164846350002
7538,-17.22740253854129
7539,-8.720392051643529
7540,238.9677932439954
7541,-26.496646953220143
7542,-2.9157377012739616
7543,13.448033868464549
7544,-38.3314172842175
7545,34.9566201942113
7546,-1.7882393040008395
7547,9.325946525782875
7548,291.0840015021187
7549,7.274218866469731
7550,29.144859574726766
7551,106.27343050362936
7552,39.47163062387798
7553,7.854483794529159
7554,29.29353062542073
7555,-7.343134807647502
7556,-38.65664925955458
7557,-10.968077448243626
7558,7.996237273947308
7559,2.0680626381119964
7560,397.2514628029218
7561,-4.532292250403337
7562,57.73034903090021
7563,48.02311306668075
7564,112.09652019501175
7565,-3.108329984500905
7566,52.947742402301124
7567,3.5098252186434635
7568,6.243532772497083
7569,-21.612475493582146
7570,-24.833773296537892
7571,43.78022172310633
7572,38.28249801176613
7573,2.0224068233983843
7574,-1.3590556477384865
7575,-3.0255112773987776
7576,-28.043697758974638
7577,214.24036653992508
7578,-33.59078490905241
7579,-22.572718997226097
7580,37.142256762935574
7581,65.09497926347416
7582,9.784198354041045
7583,-0.23272461043271875
7584,140.21158677412515
7585,-24.048609904348204
7586,97.32632027691281
7587,-2.6237063102445006
7588,11.626945965360598
7589,-11.998063762947758
7590,31.109000868128454
7591,-4.5526979108481385
7592,-21.81577025233039
7593,0.3409807887536971
7594,18.895745302163125
7595,-59.75146759337043
7596,-26.52150809780806
7597,-33.18527162491986
7598,-2.7811590025457775
7599,28.074176707255937
7600,7.434519246974176
7601,-8.226627899052467
7602,-11.713356307994509
7603,36.11130786389299
7604,-2.4966106410201334
7605,-1.3221668377304852
7606,29.94519699535487
7607,-13.901756420549944
7608,-8.338213777147608
7609,30.987518266415563
7610,2.3900304591103207
7611,18.437577268496668
7612,5.6540127042798645
7613,-26.63339025918345
7614,14.96703240561807
7615,91.94623933651943
7616,-4.472244115368348
7617,-19.71055298691096
7618,-0.5799343610511869
7619,38.373330618520555
7620,13.883256808537375
7621,17.834020289782288
7622,65.53543638201523
7623,42.82069829550534
7624,48.50704421525307
7625,18.003598887871824
7626,87.83066314788175
7627,2.7613916690082334
7628,-3.3232188593624414
7629,27.293650796612933
7630,-11.989995827914669
7631,2.627260724517825
7632,76.15921120553338
7633,-0.4381085757603742
7634,-14.669546881080656
7635,31.235453272665865
7636,-12.683187331514915
7637,-21.02567621915484
7638,40.7767143735654
7639,-2.865040819756125
7640,-13.39224143498491
7641,3.7325763432921306
7642,-47.812483985671115
7643,4.690417884786825
7644,6.000838157046111
7645,15.29073707921015
7646,25.299139429055007
7647,22.170504898135817
7648,-26.08434924264089
7649,2740.6098564554613
7650,-30.469414573603892
7651,2552.381641322564
7652,-8.198495982990082
7653,32.93451636231794
7654,-3.416125268857897
7655,-10.49247232749552
7656,1.1626890905314227
7657,-3.3013562477568215
7658,3.509089617805742
7659,4.520969893755009
7660,-13.116665950688066
7661,39.460230374823
7662,18.160569817794528
7663,-2.070092871788475
7664,16.008076115638403
7665,-7.538174743877676
7666,-5.613314020793041
7667,35.773676409066184
7668,-7.161202862465039
7669,-26.81698184973046
7670,14.748479502182143
7671,31.02435079084335
7672,9.734092120137532
7673,1828.2744134298343
7674,37.25993295027481
7675,-7.0438466893048925
7676,-0.46765517953981117
7677,7.613748611221652
7678,49.95755028521307
7679,31.57014216104237
7680,-4.138048088008269
7681,16.25827040500725
7682,2314.164065896996
7683,-41.85725508519251
7684,-0.38552617763676267
7685,-11.510562322519796
7686,-5.918183363038075
7687,-19.985212844970043
7688,-5.378134625348828
7689,-6.965248865278298
7690,25.473550255440056
7691,-15.32577963741133
7692,1358.9684799362687
7693,-8.586761317937302
7694,-18.11955657474303
7695,4.663881277424231
7696,-12.215231956330413
7697,33.452528008693946
7698,15.538223863344484
7699,37.60456258414539
7700,66.66699073423607
7701,4.432301274051369
7702,-3.900203273933961
7703,12.160821627800757
7704,-9.19893091981477
7705,-44.04342148338909
7706,-11.330847640509077
7707,35.86389576853157
7708,-17.36839516541425
7709,-44.29258819836205
7710,-2.855326063831157
7711,-4.2521334500895875
7712,-7.895612395663079
7713,-16.83160348455737
7714,-1.2269399776667456
7715,-23.79638058188751
7716,48.498284209032846
7717,-25.44795585577163
7718,19.573761640097466
7719,17.830640249052824
7720,20.968609970126035
7721,-12.419272067170077
7722,-16.62820932679667
7723,4.506755010483964
7724,-13.888906021229829
7725,3.851779083203944
7726,13.00729964670176
7727,-8.218272981835092
7728,-2.47742765285512
7729,-51.53604681918075
7730,37.98363061897557
7731,-6.520661385363304
7732,-0.7088329445890764
7733,-42.7031779648398
7734,-5.379128752148183
7735,-2.8632832143927445
7736,-2.7188772723581636
7737,-34.61842507222824
7738,-1.8914659891386023
7739,-24.51248837906592
7740,-30.775169412200533
7741,-23.986562326262025
7742,36.34588758446442
7743,-22.529459684933265
7744,-5.5486753871628665
7745,4.069582092862468
7746,-0.5514554896776218
7747,-5.9721771306443046
7748,53.965042157438276
7749,-3.918100298153952
7750,-22.23642691856673
7751,26.58631117602766
7752,3.0976889200223425
7753,-21.02441078638936
7754,-37.80317452043298
7755,7.5526872110101735
7756,23.787824122091145
7757,32.34434962898564
7758,22.087229824181428
7759,-36.121177798758545
7760,-27.682208306931493
7761,-7.876718506560508
7762,54.19890473483156
7763,6.5527973599180385
7764,-22.247392111906613
7765,2874.6570615772303
7766,13.816046013916438
7767,-49.34953919992402
7768,52.524439497336616
7769,5.485914527944843
7770,22.499023419015227
7771,-28.276078563053765
7772,26.59115034218005
7773,-8.676929464372591
7774,24.203442036552957
7775,3141.1400516755725
7776,2072.404983316514
7777,5.313845182145691
7778,-36.79370198991152
7779,-10.986969761039
7780,-9.0340130422533
7781,-11.136948001556526
7782,37.02935210376832
7783,-5.003706560405071
7784,22.838671445220946
7785,-2.9657895811744908
7786,23.626105026589553
7787,12.231058758321588
7788,13.532335197770813
7789,-28.031051067158053
7790,5.107634501851308
7791,32.357072209438655
7792,-31.078717685294627
7793,-18.944634451373524
7794,3.8514186814708466
7795,14.42368175426283
7796,-51.07335824384676
7797,-11.732537782344323
7798,-7.452085195829859
7799,-40.1880031007011
7800,-0.9881611357248232
7801,-11.726190174611752
7802,48.805897448949274
7803,12.414447751477397
7804,-27.65779391209086
7805,4438.769069008586
7806,-20.810684206546362
7807,-31.12214774770613
7808,0.06045246087477807
7809,30.303917101080003
7810,3469.682591642763
7811,18.039907813092423
7812,-22.877100433398148
7813,1.5125458414542408
7814,3.519688326102923
7815,-21.374778540277582
7816,-25.543286759218837
7817,82.95359112529616
7818,-81.66004445532147
7819,-28.223307170677437
7820,-8.13478295870793
7821,8.91245685233747
7822,-9.307525933021871
7823,-18.66791735380629
7824,41.09585770374209
7825,-25.068837426485437
7826,-7.351177514941192
7827,-48.189694447580145
7828,-6.66534343164674
7829,175.0801561894538
7830,-29.220551369954983
7831,174.26442188924304
7832,56.45424670954465
7833,8.3370365441966
7834,28.74855421036223
7835,-28.52609722325294
7836,4.477719209974147
7837,-44.989578348015975
7838,-40.59050735995253
7839,2.41382632760822
7840,176.58728365360628
7841,15.928548463016789
7842,-5.432412809424839
7843,-41.59250656451662
7844,-21.753773739564203
7845,-10.55568934536921
7846,139.02543962726583
7847,29.676259455266848
7848,-38.290756228782676
7849,-30.380441488786822
7850,-28.181398940624923
7851,15.970817356458465
7852,-7.415957103694296
7853,-17.059941490907974
7854,-26.861887890567807
7855,-41.080785931332706
7856,-23.157125302650734
7857,1.677837476293142
7858,64.1884015362647
7859,0.7104907001669503
7860,33.06545522963606
7861,-25.346863886472512
7862,27.434178530951257
7863,410.4878954162073
7864,39.60483241293947
7865,4.007974928037548
7866,-12.02098226397063
7867,-1.160674822829641
7868,20.322177053743285
7869,-8.563479883168
7870,-1.0439066634610796
7871,520.026862524283
7872,-21.589409431277353
7873,18.666702752834233
7874,-10.56635532988657
7875,19.097882220154958
7876,8.63516198275451
7877,-9.54116585509076
7878,-20.63643546157936
7879,-10.784969079565357
7880,9.578520489934583
7881,334.86996006456695
7882,7.144952570303182
7883,-17.466394164549257
7884,-43.76746735409524
7885,9.748813093172757
7886,21.903009957451353
7887,1.4521927169899413
7888,-19.257772977706942
7889,21.60223827316307
7890,449.9569470013272
7891,-22.336437170581938
7892,10.498629073112035
7893,-7.93502423804356
7894,-9.345075385951226
7895,-3.0015793022759567
7896,7.3604482545153616
7897,7.917883841405519
7898,31.186486387540853
7899,-9.723175764882896
7900,32.56921709733158
7901,-13.189783984311468
7902,-4.5628627628036185
7903,34.203203021080725
7904,-4.1650357664697
7905,29.69498244599687
7906,-29.993376059276564
7907,52.38261358161314
7908,57.80123639780897
7909,32.66836453575782
7910,-10.960253675793666
7911,107.54707330966812
7912,34.90333184695585
7913,940.9384786747319
7914,-52.676822140916066
7915,11.457644909305252
7916,7.019046627724762
7917,-3.958008085830862
7918,-24.49093421308516
7919,29.756728046101877
7920,485.08739628389463
7921,-34.56740443144188
7922,-6.393105261924589
7923,-0.025884618664214543
7924,7.930328279178511
7925,40.52044863512932
7926,15.459363057567401
7927,19.731859747034186
7928,-0.7073552028263208
7929,12.845953490492725
7930,-15.23098459484413
7931,36.4617545998985
7932,42.678704261806985
7933,14.285113467954503
7934,-2.45301611551038
7935,8.75795005772708
7936,-13.787601850705165
7937,13.316553204594108
7938,13.083195870516231
7939,10.19919056691095
7940,-29.41006089020538
7941,12.819107856943347
7942,-28.625903264911507
7943,36.564610432711184
7944,28.44107084100155
7945,4.381150284727234
7946,-25.059376689412368
7947,-20.949318408564103
7948,-29.46541741604657
7949,11.460548098863008
7950,1665.8107486208596
7951,1654.4966339519692
7952,-13.838023459317803
7953,-18.889817768281283
7954,-20.018526906581137
7955,-8.641843478197536
7956,-10.142475305126588
7957,-6.862649715676284
7958,12.356261543381862
7959,4.4264353277498785
7960,6.299314063951485
7961,-1.979450705404993
7962,22.814511222426567
7963,-32.14846401562814
7964,52.03215733308621
7965,-2.036242138851911
7966,1050.9059030785716
7967,-7.078393683094035
7968,14.453646113247665
7969,-13.295222013027406
7970,38.39413954191642
7971,-3.580710393037208
7972,12.977917976957677
7973,-21.931153521712922
7974,-45.13762883462217
7975,6.379885360462538
7976,24.557548807760394
7977,50.7076340055281
7978,6.402491775454898
7979,-9.419295582613529
7980,9.16974615794041
7981,25.18795563994689
7982,-17.258389420075154
7983,-53.691005548701305
7984,43.13141422787461
7985,56.07078442825349
7986,34.01252676215347
7987,-48.64102810395118
7988,8.64359298393751
7989,-0.8625867554414981
7990,11.928313357765482
7991,-23.055849063841173
7992,-15.127060419065913
7993,-6.561499336415572
7994,25.04527102935561
7995,-5.836343489771359
7996,-7.320630288239464
7997,14.748966598858338
7998,4.2868321467641834
7999,28.780161549932707
8000,-2.463451517251876
8001,19.532345317538535
8002,-27.599334140774992
8003,42.54880957092413
8004,4.799300934234552
8005,5.9772085528742736
8006,47.21230454927785
8007,13.247696581427046
8008,26.424172348121466
8009,0.9777672802968027
8010,11.250376456960112
8011,-22.76004604649045
8012,8.647901351120062
8013,10.133439434324721
8014,-28.012059250102972
8015,10.958583224061869
8016,-37.90472278916557
8017,-20.17670437937071
8018,-3.804664459768425
8019,7.186849194785097
8020,31.552240337535885
8021,-32.15974536759119
8022,17.71619775530725
8023,0.13450088248803382
8024,5.017807354377901
8025,54.075176626342405
8026,-11.905706193391332
8027,21.99012987497343
8028,-16.50770159554721
8029,29.329112406068433
8030,30.89209970951429
8031,-4.691165185490149
8032,-27.040467371215634
8033,-0.23767816882288173
8034,-16.118619456299363
8035,-6.281788843728322
8036,9.789752155688838
8037,-19.00743955908404
8038,8.442987600279494
8039,17.14191024504896
8040,-16.031114041712108
8041,-12.484670624017383
8042,15.427843302574463
8043,-7.501862538483849
8044,11.530276323779432
8045,29.77875326881398
8046,-17.036071147468235
8047,4.214870439483455
8048,35.69608243084808
8049,-12.491724742413375
8050,-22.225651021688982
8051,25.05889109067269
8052,35.81753941109333
8053,21.87589341887988
8054,-0.24549325745891792
8055,-18.977363774635513
8056,14.816638822928955
8057,39.331344295631304
8058,6.827212807774117
8059,32.860316638412435
8060,3.115093927489191
8061,38.58991261284827
8062,15.578360416873483
8063,-33.99326221136844
8064,-0.29981715025283506
8065,5.57602763284028
8066,3.850197694739194
8067,50.41561012515132
8068,2.9291519868247136
8069,26.59542322099828
8070,64.44904997387374
8071,-42.34027533586163
8072,29.377610899654325
8073,-18.90880914689518
8074,33.35257537147744
8075,6.9483488449141575
8076,66.45006856664762
8077,8.534509309073655
8078,-24.80790556811467
8079,3.4709122726090484
8080,-6.0503038467156
8081,-1.7740092594705956
8082,0.06302188762813898
8083,-29.768804517853305
8084,-27.416268563898235
8085,-47.50577601284264
8086,16.72271790591502
8087,8.582825662243756
8088,29.52125504829845
8089,10.782394931741038
8090,-4.470948464295681
8091,-9.424324163367004
8092,-8.557253600947725
8093,-10.792579303808097
8094,-3.2351194495283124
8095,2.237126943553207
8096,-40.327655368106726
8097,-42.074831686358415
8098,13.560668089876778
8099,2.664245646124634
8100,4.330582214213621
8101,8.990031083596733
8102,-12.509394948764715
8103,8.089556675573618
8104,-22.81815812068634
8105,53.60276994121371
8106,-1.6094886022539825
8107,34.87639892835891
8108,15.663138520986458
8109,-31.02730621493175
8110,-2.8044357814684773
8111,2.548086187786083
8112,-6.846412928108663
8113,-27.96040720728164
8114,-5.723313567641739
8115,-43.31430821936417
8116,21.480368601324002
8117,-14.44538986214711
8118,-12.633989008468227
8119,-19.56784472608947
8120,-19.693654137291865
8121,-16.25238206407345
8122,4.935894095390061
8123,-25.709191454466016
8124,-0.20000146843624123
8125,-3.0524252739899964
8126,9.133248550463271
8127,-25.21256159901494
8128,21.15269761970075
8129,4.5832964673068375
8130,39.76796221727635
8131,-5.924366567849127
8132,5.375608403419136
8133,53.12762585594937
8134,17.52171683261364
8135,29.45762253872337
8136,-7.598799039949114
8137,16.865773103515675
8138,-5.195602714236671
8139,21.576871251973444
8140,12.843651289742077
8141,-32.37206555584289
8142,26.960072306609934
8143,-41.96482742819578
8144,-24.350243930760733
8145,-25.352548680737122
8146,-3.116222330447812
8147,-54.086696530554626
8148,-4.228439547373888
8149,-4.174646680968586
8150,1.2884566036825404
8151,3.766375533439785
8152,-12.0374000062669
8153,49.12424668647244
8154,-19.508016026714223
8155,-15.763998486687854
8156,-18.594508702617198
8157,-19.2958473548613
8158,-4.578963033949734
8159,9.719125730454941
8160,21.226248287130442
8161,48.518844683799685
8162,-40.47817521065894
8163,-19.18351987988445
8164,9.17309152257836
8165,-49.86615335804937
8166,-80.29359702207344
8167,98.55596365711916
8168,-11.183040778004425
8169,-54.037609693390955
8170,-41.96554477627523
8171,1.547164388872659
8172,-33.6993662925962
8173,10.786263153654176
8174,-6.44275595313384
8175,-28.781041418856923
8176,-26.65313549022475
8177,-10.508359889361294
8178,3.094880015534102
8179,-4.3032808755318825
8180,45.68296400044865
8181,-28.53322900125203
8182,-9.546820537770685
8183,-42.37660706017234
8184,-18.469141235257787
8185,-50.400903941343465
8186,4.903533401319578
8187,-5.225828932637128
8188,39.04282222957421
8189,-19.135531570833898
8190,-32.76706882529758
8191,-49.22586368205166
8192,-17.301965925131142
8193,-21.334786975332953
8194,0.13801251506294676
8195,-28.063841540993756
8196,-22.964377978430996
8197,41.43792465442854
8198,-15.08210107406974
8199,29.353476088505516
8200,-2.587297124877047
8201,-17.22331534530086
8202,31.987629756786035
8203,-20.79538804543308
8204,-27.308353512341306
8205,-36.76931352464563
8206,-23.729270563058
8207,117.47404704102567
8208,139.74833392368973
8209,12.022838710417204
8210,-1.6143570961038378
8211,-37.453960425715074
8212,-44.060069410082725
8213,-13.311500483602828
8214,10.25433355951531
8215,-23.573632212419902
8216,-27.56585269448859
8217,-38.59065923747881
8218,-18.66257181975626
8219,-43.96442383514225
8220,25.234453786680643
8221,-37.39026435362333
8222,-64.34008194645074
8223,9.47070963832379
8224,158.13586354132175
8225,8.901426832789532
8226,25.693496717245566
8227,1.692005066146507
8228,-46.59382412543848
8229,-16.066246442542536
8230,138.08231333728602
8231,-38.287720914696756
8232,-56.033830393067596
8233,-2.5011907732015572
8234,-11.93572163662025
8235,-65.70515294202278
8236,-26.637668415281716
8237,19.020046973933916
8238,57.93651164445352
8239,-29.71603404749205
8240,48.66864888649849
8241,-30.072092317052146
8242,308.9331646213339
8243,17.427374687460446
8244,-19.112598268353274
8245,153.51450603924658
8246,82.7121485582098
8247,-10.650437459159903
8248,157.37882523558568
8249,237.70819058866618
8250,-33.648215512291905
8251,-73.97787230694271
8252,26.866174934305985
8253,-50.32462655816409
8254,-1.5616154912270943
8255,-40.343484180663516
8256,-6.865879618091434
8257,-88.43614485937255
8258,71.16354155773074
8259,109.35347677728055
8260,16.25049766789268
8261,15.996055204248965
8262,43.96537217329344
8263,18.653263498036278
8264,12.638948693427238
8265,-8.367495851459218
8266,-54.680154805158786
8267,-9.946862173596884
8268,43.89861659177825
8269,-22.397272481571356
8270,-20.172018644209864
8271,14.483236985155404
8272,9.241842991123193
8273,15.816323723567479
8274,-28.63366020900127
8275,-24.001761845482427
8276,-14.232148918000668
8277,-21.276433445943972
8278,27.754579171014747
8279,4.253581159088846
8280,-13.012307918973384
8281,3.769528148435704
8282,-14.73570346084481
8283,-6.651788264103274
8284,-34.52958702367376
8285,5.783426963528264
8286,-3.988156474901153
8287,8.079107188031251
8288,24.643292916060727
8289,-63.75364226983357
8290,37.023259238943666
8291,52.30422339582433
8292,-16.612782393305174
8293,-6.281125643337724
8294,-22.09897761475839
8295,-42.64493381357165
8296,30.633977631728897
8297,2.147363444924572
8298,-14.585631589676112
8299,34.713572598572426
8300,-20.637211060811502
8301,17.197563147214872
8302,-36.14594451720324
8303,202.64728273561633
8304,-21.367215075192156
8305,-36.851787801703985
8306,13.179683741972408
8307,-12.484037390229524
8308,-11.815585295390264
8309,-13.928365518715395
8310,8.281006935304816
8311,-31.929565719363417
8312,-48.38426455443112
8313,-65.07327949207692
8314,-69.07534092880795
8315,-31.758199381526886
8316,-27.466154978303486
8317,-21.147612247620778
8318,1.2669897319321066
8319,21.05670611675183
8320,-19.083889198759728
8321,-17.205002431988852
8322,-11.52019243376764
8323,-16.519940925636384
8324,-23.25855325510924
8325,21.75763957463343
8326,-46.11809262889408
8327,-1.42459385681245
8328,14.253904811152552
8329,3.273285911120965
8330,10.534796042671793
8331,-21.953426333785863
8332,-43.23531817794457
8333,-12.003478819942295
8334,-35.13110794324333
8335,-8.939008528060832
8336,-28.875181196469065
8337,-27.345029324768696
8338,-1.6637068304257951
8339,-21.89401224371087
8340,1674.3767273684539
8341,82.52553720568338
8342,8.06070041242507
8343,9.426688015056868
8344,-14.651586606535133
8345,-23.391662518796572
8346,1897.8029050737894
8347,-2.917310869603938
8348,-21.279838466662618
8349,13.673212810541067
8350,15.68744914805264
8351,-46.826553510369955
8352,-41.36102418225415
8353,960.2699285936923
8354,25.793712489782568
8355,6.647288355269104
8356,-33.23717023625351
8357,-9.985813657202698
8358,1632.8125740760331
8359,-37.53124668478912
8360,-34.27678644526346
8361,44.86284050123308
8362,3.372256859370154
8363,-19.53996802494104
8364,26.544336572489733
8365,-20.90242115791532
8366,-39.032166256614936
8367,-2.420032693892068
8368,-47.40837153244295
8369,30.770498781913936
8370,-37.13288215929793
8371,-12.76972332389272
8372,-15.408152110087677
8373,-52.79238562149843
8374,2.8904412185373403
8375,-55.18081805569914
8376,22.741768574319792
8377,-14.15744446675398
8378,-25.36878156261681
8379,-32.62393622686675
8380,64.45662142999728
8381,-28.061994393172547
8382,69.76690063143968
8383,62.8505325118205
8384,-30.285175571875392
8385,-26.103126593367413
8386,51.699615707140005
8387,-31.889524745385735
8388,-23.613511421232793
8389,-29.37461989742159
8390,27.82641106654799
8391,-17.183338629557362
8392,-36.718640221764
8393,-6.362337685716916
8394,-52.475771783280486
8395,32.11699243072738
8396,-30.662140978703455
8397,-20.0853948654729
8398,9.371574195106902
8399,8.63344139099749
8400,-19.992128999396506
8401,-37.62507489276664
8402,-47.258347978680995
8403,-8.577964103694377
8404,-51.33984842023887
8405,0.8803282939751398
8406,2580.6853260205653
8407,28.91330325305874
8408,-32.377699015766176
8409,-15.338821923672107
8410,-35.2015344617079
8411,-12.064509776335655
8412,-21.252324122577384
8413,-11.460501177106593
8414,2570.9324224047623
8415,-23.692615371851026
8416,-2.1066762326460804
8417,8.2597321506259
8418,-27.02669060778951
8419,-10.75049804167702
8420,-14.429483107435153
8421,-58.579699299584625
8422,1.7680876916720791
8423,85.82807888770621
8424,-42.31096373774138
8425,45.49525577178092
8426,-15.81776941555664
8427,-12.928872670134055
8428,44.694797653538394
8429,-58.26642837918914
8430,-44.62977793628112
8431,-34.94610170939871
8432,-20.47343191908366
8433,-2.8661219531689426
8434,-4.185367368653175
8435,6.035996956637156
8436,49.469834004838496
8437,8.166541889803149
8438,3491.302923649446
8439,0.6902070553784654
8440,-43.74596053355837
8441,-50.06560024725328
8442,-60.382287097525726
8443,2152.189531895624
8444,-45.65373135641257
8445,-32.443999672651124
8446,-25.867326532264237
8447,-15.44615952057245
8448,-33.315765635534156
8449,130.03724631464658
8450,-50.77497581878233
8451,-0.767587377339261
8452,-20.83031789107833
8453,-41.098038346290245
8454,-11.485881681746015
8455,-64.06495633107119
8456,31.606353030412087
8457,131.81993933272759
8458,23.27924090309108
8459,172.00542220555238
8460,6.965083904409575
8461,-47.9342725333748
8462,5.641851342281477
8463,-16.31773154935732
8464,-22.161661366104617
8465,-42.730564902115596
8466,-72.4883366912965
8467,83.1093229880867
8468,-44.584917023805126
8469,-34.804796068884464
8470,-21.793211237722723
8471,-24.53391067046241
8472,-39.88557985169357
8473,-45.74945180905913
8474,23.778127545984706
8475,-46.75591855715046
8476,-8.034483404136317
8477,-10.649232678473396
8478,-47.62200745298464
8479,-29.43992372520109
8480,-48.32189391502599
8481,-16.436451964317435
8482,-22.960385234307957
8483,24.461507142479114
8484,-13.399509409900034
8485,-11.802333686788963
8486,-16.379458338528195
8487,56.92138416037443
8488,-30.67711825077898
8489,-37.0299424241804
8490,-0.4537368617369495
8491,19.38870326834233
8492,34.30985632690739
8493,-1.8313249487969756
8494,5.105356816968211
8495,-20.290192295766566
8496,-52.84496893482466
8497,-24.9813896917128
8498,-61.254219010446356
8499,-6.9890339882771
8500,-32.57964795556668
8501,-13.070534043886795
8502,-41.58784600145422
8503,-45.177685713883456
8504,-35.979437562727234
8505,-18.349314015578685
8506,-24.021338605588603
8507,3.3152358889365274
8508,-12.361821116523046
8509,2.2023024186337636
8510,-32.75780755068235
8511,362.00338370569887
8512,27.013485224412268
8513,-22.95934605455394
8514,395.6803552386615
8515,159.0478226237638
8516,-35.373562025269045
8517,-9.156926868116393
8518,-1.7023711029335828
8519,-20.50836439674277
8520,-4.192768460990926
8521,-49.070831551336575
8522,-10.007416457672512
8523,140.52922131398347
8524,12.013593666003011
8525,-17.342839015831416
8526,8.029732507219222
8527,-15.712755418407141
8528,-15.236479500390061
8529,-51.25177194660831
8530,-41.702108097294435
8531,-5.002635898085423
8532,28.215684079663664
8533,-28.80477573293809
8534,-18.59061706239831
8535,725.1376271603408
8536,-4.157961127523691
8537,72.22260539954175
8538,-36.697584617894655
8539,-15.82389263679061
8540,-4.641189039958391
8541,-43.200267790131015
8542,-39.22462301264151
8543,-3.214994583309476
8544,-31.720755387538
8545,-9.158556490275672
8546,-31.03069000741005
8547,-20.238811388840396
8548,9.262402151430557
8549,30.746258626939202
8550,213.3450889673607
8551,-29.223484602973322
8552,-17.393217530237088
8553,-30.79889531348457
8554,-26.890716597405564
8555,-15.806837278703412
8556,1443.3771505315485
8557,19.70286262229674
8558,-21.131822433382688
8559,-9.219225684428444
8560,6.113701099783121
8561,-3.6335963398154334
8562,-22.02501160447479
8563,1226.4232084459484
8564,0.38887693969262926
8565,-22.516826386530546
8566,-19.897062351624804
8567,24.80625822286164
8568,34.093363751415936
8569,-23.84223014538795
8570,-38.94445687420643
8571,-11.487205903338861
8572,-26.261568000866824
8573,-30.863533540463045
8574,-11.616680902453702
8575,-39.39143750001602
8576,-1.8912800107767396
8577,-32.286885523833156
8578,-57.4285837318269
8579,40.4229979004302
8580,-0.5382947895494326
8581,11.846545789393957
8582,-27.59307835979677
8583,-9.600402052439499
8584,-17.093035786348118
8585,-48.292963192412536
8586,14.958431745132824
8587,-21.331325229514114
8588,-22.280429249802715
8589,-39.13963425694789
8590,18.747795670722436
8591,-5.739656699267634
8592,-41.55202845622427
8593,-20.07935306859455
8594,13.683938561921568
8595,3.4459326238616583
8596,12.726776846143146
8597,-45.012404978208956
8598,-9.701007190602084
8599,-21.07765778005247
8600,-25.122950435689383
8601,16.814086850852448
8602,-25.244774141548994
8603,28.421599067249904
8604,-33.44334161503712
8605,-43.17065172504973
8606,36.95876151231518
8607,-27.121536437499437
8608,-25.93424021090319
8609,14.583177232133753
8610,-33.133419025236925
8611,-20.17884721641075
8612,-10.635910862891542
8613,5.823291360981649
8614,-8.071261891916159
8615,-12.505976246100289
8616,-21.80763008736634
8617,-46.862554927183076
8618,0.33703900169703616
8619,-16.06414044893988
8620,-15.198505863869869
8621,-10.432618808244975
8622,-40.402430894472225
8623,11.596798318908455
8624,5.465442906634117
8625,-47.82175315445884
8626,-26.181692377783854
8627,12.52864996968188
8628,-43.12249065879036
8629,-48.57889056257692
8630,-16.7166573479321
8631,171.6663691755093
8632,-17.628950222928786
8633,-32.56686063730994
8634,-14.493269445149252
8635,-51.6465771221657
8636,36.87296471173978
8637,18.616049598873193
8638,-31.393426444283456
8639,41.59642560812975
8640,-38.770669774681586
8641,-3.621724808186336
8642,8.188659979665402
8643,-3.8152773937212032
8644,-20.34260959405791
8645,-7.4273523951921305
8646,-34.86729533267181
8647,-6.784783922758791
8648,-16.1796304632026
8649,-17.579198173265574
8650,-21.45642895876278
8651,20.646890945842753
8652,20.803658835225864
8653,14.563675027143542
8654,-32.96353328740542
8655,-15.44813045566994
8656,1.059495092325207
8657,-18.184173315070197
8658,-35.55765984843364
8659,31.580517747335122
8660,8.496218281641504
8661,142.03535404063072
8662,-30.767124163018572
8663,55.11719605038906
8664,-36.464194858412064
8665,-50.82674201769385
8666,-29.94980610277384
8667,-11.119995755925736
8668,31.657317874400647
8669,-29.80003080115845
8670,-27.356537334685292
8671,-25.965537391831226
8672,10.647670433061407
8673,-48.47468318925562
8674,-24.324289036618573
8675,-45.13468352217303
8676,82.93795801880086
8677,-4.385636255486254
8678,18.02150804388998
8679,-43.659794491637165
8680,-13.85150957143982
8681,57.2546992436902
8682,-46.81759823281944
8683,-3.280690994236444
8684,-14.211841737729621
8685,3.386393084796289
8686,-32.87065347643756
8687,-55.665000976353035
8688,-8.43352216781662
8689,-39.85961834374759
8690,-15.753665837511505
8691,-18.105173350713237
8692,-28.206144785385227
8693,43.790704408917364
8694,14.158583190709027
8695,26.481001472475807
8696,1.749949409808714
8697,-31.650385568008012
8698,-30.809490010347126
8699,-22.77619497184157
8700,-22.714299648763323
8701,-9.568130738397699
8702,0.822026641427648
8703,-4.355606818921565
8704,5.632378614189335
8705,-15.293968395459352
8706,-28.374071066760756
8707,10.739452842011957
8708,13.141474433526724
8709,-46.881159303518906
8710,-19.457717854407612
8711,-28.188736216944854
8712,-35.734013274055194
8713,-29.15250956602413
8714,-53.260231064321324
8715,-13.147553587062056
8716,-6.4139923818660876
8717,47.483085866849244
8718,31.22913014784386
8719,15.973044832668908
8720,34.68769025885483
8721,48.55111519817124
8722,9.236268460736262
8723,-26.40112521811387
8724,-2.3520491966891086
8725,12.892014435982595
8726,-41.88393122853642
8727,6.99159458304279
8728,24.901061019178186
8729,-16.972409382731293
8730,26.11542787799065
8731,36.795870917595394
8732,-1.180994225978516
8733,20.34137870145681
8734,30.67100990454147
8735,32.048332803300546
8736,0.23331390740319335
8737,-15.30706594136538
8738,38.37185405441708
8739,-16.342406184643124
8740,63.06035489580601
8741,22.79290362857671
8742,-37.598680071896915
8743,5.611193502654999
8744,13.620794355305211
8745,48.952353167212536
8746,-41.40028705270989
8747,5.342528358629423
8748,32.520837857073616
8749,18.692687541609473
8750,29.704895689848556
8751,-17.220831436363596
8752,48.04477983346592
8753,32.22326010212354
8754,14.774799195307676
8755,-2.275402219122654
8756,11.551834576875848
8757,51.06759872788201
8758,38.205913792667445
8759,2.7181561072523905
8760,17.358129090044645
8761,-14.73904216328308
8762,-6.142585800993949
8763,33.434550527475565
8764,-5.985421836992835
8765,-5.651665280030272
8766,-48.40851674363086
8767,22.715986424436448
8768,69.22992940622042
8769,-56.165816501999466
8770,-27.704773792110622
8771,11.066612534689185
8772,-14.443953226246201
8773,14.28196354638964
8774,2.713167811354758
8775,-23.621815386747038
8776,6.703397738683911
8777,-0.010285983299418433
8778,159.24695249489184
8779,-31.00122076068424
8780,-53.815946940615824
8781,-8.493798376305747
8782,69.80851439131509
8783,142.08544999459315
8784,15.267869941330368
8785,2.1209761843740864
8786,2.6759478301672956
8787,20.89962776080521
8788,-37.978464434735606
8789,21.932571576231027
8790,67.52230624090427
8791,105.27011051157928
8792,-0.6006556333931385
8793,-13.987991264013317
8794,-47.28760149519436
8795,33.69167388367502
8796,20.911236325587954
8797,-36.74408692327099
8798,-0.19656684598383123
8799,-26.870880079864897
8800,8.021909982389303
8801,-22.015690810309643
8802,-59.275282038040665
8803,-29.079265724921918
8804,-11.610983155566736
8805,11.076196677691591
8806,10.015948116367994
8807,31.441875843531253
8808,41.51297184249949
8809,18.794346332499273
8810,-14.445716574629948
8811,27.18101236675903
8812,79.00538538809909
8813,182.36983286803925
8814,21.388495456248794
8815,-0.867873030849637
8816,25.565453187725726
8817,48.31389960694246
8818,25.05786224201474
8819,243.5445857306126
8820,29.934659067635188
8821,-10.261083625738074
8822,144.96643644216056
8823,86.0188901534492
8824,10.352291726754679
8825,51.53597634608682
8826,42.226065092640376
8827,-22.067758499740727
8828,-37.23908417397171
8829,35.1473602913606
8830,84.41703341628019
8831,-6.976959132306156
8832,32.46772487936998
8833,50.701716289777906
8834,275.76938440206834
8835,28.11931356992232
8836,288.45209065837753
8837,39.76640201943266
8838,32.46825610612683
8839,8.932445199401165
8840,40.424465458213945
8841,-8.612087156176159
8842,36.874905031504156
8843,-26.559146994150687
8844,-19.324333671499268
8845,-48.94788768092099
8846,-29.154774368759284
8847,13.714422836321294
8848,6.403115965725945
8849,0.9806768716735448
8850,-1.1656690736243291
8851,18.216477101517743
8852,26.11765331363975
8853,61.53059567060538
8854,156.347070074701
8855,-9.908058902314806
8856,20.30678966475163
8857,0.07093980901549202
8858,16.014816026665496
8859,-8.100155720534154
8860,-7.450972727132751
8861,50.49404531546526
8862,-14.976158601983556
8863,25.56100014664701
8864,-61.23883812511212
8865,-36.41941217944824
8866,2.5650254806734907
8867,35.969900619479986
8868,43.02082923925669
8869,12.037841012993987
8870,37.40334424542493
8871,37.38569809670681
8872,18.580919993527466
8873,11.904339889724582
8874,27.114092574858187
8875,-23.87351260019539
8876,52.64034701457841
8877,10.292105678811488
8878,67.43742296291148
8879,1.278030899878388
8880,-37.970360053293255
8881,10.82234103714557
8882,44.76018582933831
8883,13.831411645491883
8884,-17.91552653871755
8885,-21.299827598750362
8886,-17.524455844252984
8887,-31.142368913147074
8888,129.46452054035805
8889,3.083990781445813
8890,-61.22409990390005
8891,-13.235774624203906
8892,7.279357550569735
8893,17.836858753716125
8894,0.6287083210568909
8895,2.402698476958882
8896,-14.394619668834665
8897,-46.4215257427929
8898,32.455349179668595
8899,-42.90196812722082
8900,4.688356413291132
8901,-25.00881839714439
8902,16.068028584732648
8903,27.44035857978125
8904,-16.048999491484018
8905,8.095969298232497
8906,3.35917557428607
8907,-20.3827653871678
8908,-8.519440824398814
8909,80.93758256561382
8910,36.75302836634799
8911,-25.367644970039002
8912,-9.92950820101639
8913,17.60348332237319
8914,7.645943906676251
8915,603.0498442156404
8916,-34.865370720770265
8917,67.41269017158848
8918,-27.38766486794875
8919,6.477385351443921
8920,28.41126270664314
8921,16.06159739924469
8922,4.540795951591562
8923,18.936027907631132
8924,24.66745019997596
8925,2375.0367765798796
8926,31.231679502026573
8927,-8.69784816115849
8928,38.69838395625326
8929,8.600520417140913
8930,2882.644288733158
8931,13.452447135635744
8932,1.099186138760217
8933,29.811520354421063
8934,16.49521069457834
8935,9.63370853891886
8936,-3.5985745959852906
8937,1781.3232738247457
8938,38.00080893566769
8939,-14.730731832113072
8940,-7.587970830452235
8941,12.123629436892202
8942,-29.242818583326375
8943,-10.963952307432223
8944,37.8353961141138
8945,35.27206682842493
8946,14.777859686689926
8947,13.688958627824277
8948,-27.879134697655097
8949,12.276121682084025
8950,7.46446110606977
8951,41.805418447665296
8952,6.26305307288284
8953,12.602413968121589
8954,-40.019123671059766
8955,13.203909228848456
8956,-14.879127343398387
8957,11.12401642471422
8958,18.258608012524697
8959,-33.56030683073745
8960,-4.0550309797899615
8961,-3.054390786993629
8962,-0.026040508966453046
8963,-8.418646048271924
8964,30.26597707015045
8965,-52.321021063328665
8966,9.971464818854962
8967,4.207678542624215
8968,-44.53858849359151
8969,-59.7891275306937
8970,8.829344704920317
8971,3.410531989831341
8972,68.89166326843409
8973,16.485922430167104
8974,0.95002351168187
8975,62.97147226127316
8976,-20.817220194896656
8977,-4.163573506922219
8978,-25.312181469353582
8979,-44.99073574057835
8980,-26.152338120582108
8981,10.17288782107915
8982,22.441010009504375
8983,55.96273645835201
8984,-3.5913927724748405
8985,17.527191701837015
8986,21.592508925095355
8987,19.914343999314266
8988,-60.36195763310162
8989,13.654657445522393
8990,7.581548433725565
8991,43.40486215261133
8992,17.524561071853473
8993,-2.3766431314132888
8994,3303.279685047742
8995,3973.0417142254178
8996,-7.381977807452785
8997,14.943050813223788
8998,-7.445645700315772
8999,36.98114926433707
9000,-51.7785169756613
9001,51.3418689361825
9002,-2.3178887564725486
9003,37.775345674224695
9004,-31.570828263274187
9005,16.797969318011337
9006,-18.629121754853628
9007,7.995271947228581
9008,9.854306787791643
9009,36.23191804543521
9010,41.18690904235117
9011,-50.441184581483235
9012,-19.2620414714035
9013,-14.01201703816016
9014,1114.5905455050056
9015,23.442824016676184
9016,-17.838342246775547
9017,-1.9694314502782575
9018,2987.4716793599655
9019,5.472828928167516
9020,-37.08308282328387
9021,-42.78330700990622
9022,-11.731341940487567
9023,38.87266173487199
9024,-10.439263199137969
9025,48.27859195974481
9026,23.079445413309028
9027,0.5048989562900772
9028,-39.295137776651835
9029,164.44685717313192
9030,-19.24369204917982
9031,-38.96130517581263
9032,3.279272787784926
9033,32.03486766951877
9034,-18.463037248903802
9035,1.022348933462311
9036,155.53143888717668
9037,-36.03125682712665
9038,-4.7132351284048895
9039,-6.5391409014358715
9040,7.468287365025795
9041,-10.74379811632351
9042,109.42450417788336
9043,-16.619348379673696
9044,-27.072718651387042
9045,-15.923873177329519
9046,-39.34064026844792
9047,-39.06672165489187
9048,-45.59933705172255
9049,-46.85453177563593
9050,24.13056131427577
9051,0.7088145129616805
9052,41.93373108667888
9053,-6.99765952545264
9054,-47.5860563333249
9055,-19.1841566493898
9056,20.954614200486983
9057,-13.718421247814142
9058,-35.34054355282078
9059,24.31884980178265
9060,198.6564497648683
9061,-45.465320621242775
9062,-24.895300062417
9063,433.4656439626259
9064,-2.6384337659398227
9065,-21.62102944452736
9066,42.63127378606436
9067,16.137240132890284
9068,11.730828141727706
9069,-13.74726934059963
9070,-10.700744403500515
9071,-32.01988285362366
9072,5.108478392402333
9073,19.653663848769238
9074,34.52314378168554
9075,-18.364418373511967
9076,60.75573234626753
9077,-20.062258563138563
9078,26.227867753217495
9079,4.057990809608931
9080,-23.519463476433693
9081,-22.02759668465341
9082,36.903359426998385
9083,368.74452451833247
9084,26.305800586458393
9085,6.099111233681391
9086,34.705799277062994
9087,14.650929377749165
9088,2.867878373637197
9089,-0.7116208771002306
9090,141.3206909702086
9091,33.32870545914923
9092,3.431086555760089
9093,-6.437156554541197
9094,43.82120341349763
9095,494.39258135471016
9096,23.86593626812427
9097,4.311185840723404
9098,4.429505298817041
9099,51.51496754477486
9100,35.63754092521285
9101,18.279196832730108
9102,-14.848655350401103
9103,25.802751819038495
9104,14.721885258114497
9105,17.726282534498235
9106,3.5553360416206985
9107,15.634704006955165
9108,10.226377134357023
9109,5.677823657653889
9110,3.574988777729118
9111,-34.093745874973
9112,1860.1962881475822
9113,2.0562763758752354
9114,19.813344728117816
9115,1.9944175440812941
9116,-27.690645520476245
9117,4.291381452955868
9118,-10.612325111978414
9119,22.68445790332308
9120,-12.461021445000227
9121,-9.94375628288796
9122,-6.589018709717394
9123,-27.4916681705836
9124,-43.05420020138721
9125,-29.92334388689003
9126,-9.047520769369626
9127,-18.19858698618291
9128,29.92745186412191
9129,811.8304118290032
9130,21.46845694541403
9131,1.3698130583407107
9132,-31.363602824000843
9133,-2.8599437370742393
9134,10.085424837988711
9135,-33.35414319867606
9136,0.9175325382025719
9137,10.908747848245326
9138,37.24024762863136
9139,-37.96846824337674
9140,5.409065331743953
9141,1614.7974111449578
9142,-20.3358699967662
9143,24.668901882838558
9144,1197.4730709522212
9145,-11.948994941618267
9146,23.4155995520573
9147,-16.607546511976288
9148,13.831008742921089
9149,-40.78737066536225
9150,18.63849443710057
9151,18.430287024160133
9152,13.903807531432825
9153,19.474560579125686
9154,-0.5699819273530835
9155,-7.55647847472661
9156,9.88132656131085
9157,18.439630328822712
9158,30.88374611615765
9159,-29.58944689699957
9160,-41.282801559904804
9161,-25.82742177410531
9162,5.369528302475331
9163,-18.964433475590432
9164,2.7506242387751456
9165,27.667223636244323
9166,1.2452300716668958
9167,-10.12087920962869
9168,-1.6105110535444211
9169,58.535192495852066
9170,55.953408018695505
9171,-12.2032940853152
9172,-18.6462802153279
9173,27.341517073179308
9174,35.67227105742468
9175,6.235663569177369
9176,13.212031900787743
9177,-22.326143484469547
9178,51.291254428799974
9179,45.28632914813369
9180,-15.589815432055708
9181,-10.285900184377184
9182,30.60935379185463
9183,3.722115190546205
9184,10.310984159370662
9185,12.4517472905558
9186,23.153316966428754
9187,9.180797274984172
9188,9.748818864035485
9189,-0.3547293257693198
9190,-40.92079127350183
9191,13.991113670470387
9192,31.143482731997768
9193,18.13450013412774
9194,25.261679282772675
9195,11.127661141933288
9196,7.683970055902357
9197,7.885789315297053
9198,31.765570316237604
9199,43.78837752490762
9200,-14.787360726511054
9201,-11.67209710934084
9202,-11.560876468596618
9203,26.192306822216565
9204,1.5163745589904707
9205,9.793547416831288
9206,-2.6923519456673333
9207,-11.575890365065803
9208,28.295973016200456
9209,-36.555509141391646
9210,4.961870431893601
9211,-26.971361128349038
9212,-0.33663962738243924
9213,33.299288759984314
9214,26.812985204853565
9215,-54.7290096426863
9216,3.700927518884008
9217,28.401537288791637
9218,-46.738758113388734
9219,35.354339011053064
9220,-6.5719308920812765
9221,17.998451290706832
9222,-0.28891890554503163
9223,21.83474364096704
9224,-41.39678085025124
9225,1.1791454471523366
9226,-3.5542704550604896
9227,18.01439242987403
9228,-8.835284705309654
9229,2.485342796538113
9230,3.4876911211143238
9231,-23.422428078265845
9232,-4.403941757900384
9233,-0.3942318665533193
9234,46.046530850750294
9235,-36.334971326711745
9236,-23.68891991596532
9237,-0.438003946679018
9238,13.628344553873003
9239,34.722621628166124
9240,15.572047417859622
9241,12.54885495753338
9242,-5.100109050340464
9243,53.43727536659706
9244,-43.48451480599035
9245,17.11285492124252
9246,-19.228681170538927
9247,10.376855451694567
9248,-0.862149248641245
9249,28.717225013120206
9250,-31.506713675053042
9251,-2.1309483957985123
9252,-10.400558954721163
9253,15.324737959948813
9254,-30.586761989053706
9255,9.7454769307149
9256,4.966153219330444
9257,33.724657517372634
9258,-43.63825741757231
9259,-7.45404649840183
9260,31.040587965325933
9261,-53.800545994309196
9262,37.082780998658244
9263,9.219163491983892
9264,4.865898015076986
9265,14.645360674737688
9266,-2.0600602869643154
9267,-8.417958457814791
9268,-44.27986023817234
9269,30.913266469741387
9270,-12.58119932991994
9271,-13.462745130448774
9272,6.83610031074663
9273,1.0993296601890705
9274,23.092135520182424
9275,14.123983109652702
9276,32.14226993040174
9277,-3.7845671085009442
9278,-10.950366975291914
9279,-17.001128607223343
9280,-5.7583729793323
9281,-6.505191886286532
9282,5.781446663577299
9283,-10.004080278345171
9284,1.2807952425321076
9285,-28.806570361161242
9286,28.859795960683233
9287,38.541814709773135
9288,16.642216012547
9289,14.545799254434872
9290,27.79990145738821
9291,-22.244220267849265
9292,11.876668653694132
9293,45.97419686781808
9294,29.87164323112147
9295,12.402388060919222
9296,-24.11960606769876
9297,50.67992043425973
9298,-0.8348002141840638
9299,11.969090160505658
9300,22.267545543078864
9301,17.278936110879453
9302,45.4388866778087
9303,17.003389890030807
9304,55.94896731934327
9305,34.367377611595494
9306,4.542891464672401
9307,19.311669193061412
9308,52.203542602523584
9309,52.570494657256205
9310,26.688303326138925
9311,7.444350654033386
9312,21.462748800779952
9313,12.771403954172762
9314,18.380020511909603
9315,0.10359784023199836
9316,17.505747067472626
9317,0.9373815045383012
9318,5.7849422388800775
9319,5.131021190808717
9320,69.05941402448094
9321,4.439064111704425
9322,28.686251694652256
9323,12.150345240513651
9324,11.421174380385224
9325,14.600908426857984
9326,-42.65246125235742
9327,25.28211283398387
9328,69.5362697617953
9329,25.489108098985046
9330,50.52114679105763
9331,38.14305001928948
9332,-27.960601265126222
9333,-3.8228141131422646
9334,36.592037231234286
9335,-18.843262063525486
9336,-21.054487878432603
9337,13.265646686152408
9338,-9.33651055423234
9339,-6.896916601487824
9340,-3.6053717875219533
9341,32.10000490244731
9342,38.69252630102095
9343,-2.2200618462605064
9344,-16.363863464088986
9345,54.5275905901283
9346,34.04346133977948
9347,-26.03979353396084
9348,3.538577196930035
9349,56.5231584294922
9350,169.03842435685345
9351,22.653143426831853
9352,30.4830454028271
9353,30.511503561483327
9354,-13.036868149101252
9355,107.04247132482448
9356,-2.753422131267776
9357,65.15983540076245
9358,-4.423428615684308
9359,-13.43956984008522
9360,-23.191849507472746
9361,30.396151285794204
9362,17.77376615157187
9363,1.715909301396259
9364,22.711676289470446
9365,36.59001677621259
9366,59.94182949538055
9367,25.138989290233855
9368,20.409736661868077
9369,22.631176777780432
9370,-24.828205506104915
9371,60.132298872782954
9372,27.05732526662647
9373,-29.384615694358935
9374,-0.12709027927750327
9375,-17.98438074129278
9376,-10.81929434790851
9377,60.686735373018436
9378,57.835295457563376
9379,51.65648138348466
9380,17.810025493963092
9381,173.09794999643586
9382,29.316843196947957
9383,5.998339082228966
9384,14.552791098027605
9385,-27.012304658128464
9386,19.095651765515232
9387,17.82905729169872
9388,15.506169188611956
9389,-15.441601377445856
9390,3.306739565822987
9391,-29.312678977886954
9392,-5.051941550325296
9393,2.925361169760059
9394,27.939213783297664
9395,12.252064047926844
9396,20.891129994021785
9397,19.998844954875427
9398,112.01766079096632
9399,5.939114687569038
9400,303.9760962585283
9401,-7.568585679254838
9402,7.788750165915921
9403,-15.597931179513893
9404,71.16153769940627
9405,-2.0784811032236163
9406,-19.90689325238457
9407,-2.158798393801831
9408,25.118265504082565
9409,48.30222740879407
9410,14.923579157843278
9411,30.79528768414028
9412,47.6644127687631
9413,-14.596156445613751
9414,22.330950863329736
9415,19.284053433682033
9416,3.5640576733141884
9417,213.9911338023329
9418,9.63912862355398
9419,128.05216543371785
9420,27.714545864084286
9421,-5.125407454684826
9422,109.67948108177325
9423,127.15826488127377
9424,21.515612055085423
9425,10.106935116961388
9426,52.341052322994365
9427,23.545334606091313
9428,236.0143731270636
9429,46.12758888709807
9430,-5.760073739084319
9431,37.06558143881891
9432,28.19010714393913
9433,45.7883491039268
9434,-5.734299281902352
9435,13.817718990615734
9436,32.52000964137997
9437,-23.063022405722883
9438,2.7957458042873142
9439,56.58276183471028
9440,-15.582137354906813
9441,-4.47406780964441
9442,24.017945090604893
9443,23.39430115502867
9444,-29.174709306420176
9445,-4.262436126592469
9446,28.98013904334131
9447,9.69243540077995
9448,25.327289178738592
9449,-2.727747350374173
9450,13.405111246299171
9451,10.1822798098667
9452,1.48282506188621
9453,34.322641039061644
9454,55.24811222609745
9455,49.23971966036301
9456,18.85028790101054
9457,23.640196606658446
9458,3.8279553926798116
9459,24.331037899569907
9460,41.1004121307371
9461,103.3078359491573
9462,98.80265037845216
9463,10.008391438759773
9464,6.716041837398123
9465,17.780775656190933
9466,14.171446867133056
9467,5.769497379772126
9468,28.508914334399766
9469,-15.187434331042567
9470,31.48115469374089
9471,9.1789967981002
9472,2.9983782251461832
9473,42.0853267303078
9474,-23.712249396262074
9475,10.235899371405687
9476,4.804109986608559
9477,61.895533648142305
9478,-8.55395156462614
9479,33.41238521802413
9480,-15.567198645370134
9481,11.108378084606464
9482,-2.5062806924729273
9483,11.248443015682504
9484,2112.540143512353
9485,42.12377663662952
9486,19.03889860093435
9487,19.508589484976586
9488,23.850060017561034
9489,3.684484844036376
9490,2343.6862754558897
9491,29.880131191190976
9492,1752.867059720504
9493,-28.01420186553758
9494,3.2744716381566974
9495,5.623908420512798
9496,2.793083190250222
9497,31.244083315151165
9498,26.829172531953887
9499,18.52228795012393
9500,11.712257428597006
9501,30.061467886679274
9502,1.429822526799235
9503,54.87123509502647
9504,2.9582045429439248
9505,9.525427868455992
9506,61.78301848211565
9507,35.26897656242383
9508,50.186559277075844
9509,-3.6904898902226293
9510,17.919894577112373
9511,34.193618866881465
9512,80.730994268154
9513,-3.3955684003459368
9514,15.104259207939815
9515,68.49911902726282
9516,2393.898759763563
9517,6.060122949150873
9518,-0.33760468319169945
9519,-21.324384123353717
9520,23.371138195798746
9521,101.03308197782984
9522,17.604146918497364
9523,-10.251127161622115
9524,-4.353319425229543
9525,22.217362444671657
9526,60.79279790510776
9527,-47.71906200340262
9528,65.36460443830128
9529,0.37658863210192806
9530,-10.215947846371165
9531,10.931480560852037
9532,57.31683429572206
9533,13.092824551990194
9534,-39.022759545076745
9535,-10.387220536078111
9536,-37.691547520379736
9537,-14.4335967469693
9538,4.676793261285312
9539,-33.09118853352256
9540,27.400893531040975
9541,-38.831766272553004
9542,5.0761162299584655
9543,-2.2545123450044002
9544,34.60389076020128
9545,-32.523709422443154
9546,22.46715190130201
9547,2.3987615837686604
9548,60.54202344180355
9549,67.5203555441656
9550,-30.20088038603027
9551,31.71478939095352
9552,66.06782658200433
9553,-12.646742165739191
9554,84.88105434717083
9555,-17.277997093950866
9556,-7.19273914881046
9557,-15.301173180418978
9558,-1.7817097606968204
9559,94.66792671956742
9560,-9.402538504107305
9561,-16.392564446826867
9562,-2.3757844983935
9563,3043.3053334108927
9564,24.49096460825872
9565,27.601708825649016
9566,3.7513137752764933
9567,4.606513817170061
9568,39.36266086774763
9569,31.636598246986125
9570,-25.807011186215
9571,37.44871757948773
9572,4.3260135067062535
9573,3303.9478548227744
9574,-2.9212390729708346
9575,-0.8927328373259726
9576,-2.1528076168963963
9577,3233.0968191867473
9578,-33.85729657862765
9579,-22.142919604369006
9580,5.417912129806872
9581,0.2878105347526585
9582,33.70033793521342
9583,22.462630838553302
9584,17.669620497262233
9585,26.518693018598345
9586,17.030408526137432
9587,11.013407495369385
9588,3205.6629584372095
9589,47.91741023476735
9590,-14.712766521158741
9591,-16.917174241587432
9592,-4.0724534422231
9593,-11.02393160751955
9594,51.568648019627226
9595,19.92097111614956
9596,-47.472096353776344
9597,14.670675064137285
9598,18.894978551216624
9599,79.41133524653264
9600,-17.08106060903338
9601,12.462283503514321
9602,-27.215563997426138
9603,63.744036701805186
9604,-19.64094034698136
9605,49.22608513823665
9606,43.943371653564036
9607,-23.423045660801897
9608,15.632647301786783
9609,-16.00504951150664
9610,-19.986807353411443
9611,-0.048375279593784626
9612,-9.152555182017643
9613,-28.563759509307083
9614,-11.723175519825503
9615,15.633851282430665
9616,1.9558484818306496
9617,9.588161422861432
9618,-18.07626937693039
9619,120.65809838206471
9620,-1.8221088400550443
9621,-3.587533149589035
9622,98.6918344900976
9623,-27.252511351744353
9624,-20.864615187776188
9625,48.01855840777114
9626,7.135017427353745
9627,-2.862885890909439
9628,-6.760169960894274
9629,125.96560591758197
9630,-3.3731504839941664
9631,12.429821951618067
9632,2.437387458161126
9633,-13.256978673546712
9634,-21.63643298843987
9635,-12.903854893917554
9636,48.886632791610836
9637,17.575121462711277
9638,-28.680763183568068
9639,-24.32149931386126
9640,149.3308331819337
9641,-1.371332020320125
9642,-0.735651986481102
9643,-12.457766427277512
9644,32.42374352427231
9645,410.04101521331654
9646,328.7844657770965
9647,9.293277609190639
9648,-7.6054497491854605
9649,-1.8633257078877676
9650,21.460028389588242
9651,-14.612991734687547
9652,62.09779771914674
9653,-2.9987346634846617
9654,17.83544749890887
9655,66.02547951436911
9656,59.38257654508686
9657,17.891208113596125
9658,75.37825964948041
9659,40.551597460007315
9660,10.317877165686234
9661,347.17937918064405
9662,-1.0035943304944297
9663,12.913423867873483
9664,2.3633361394497996
9665,25.512372626350817
9666,40.1298611820917
9667,395.82572453854357
9668,10.651397424411279
9669,13.847378569140716
9670,0.6162023903241973
9671,-12.110420880474571
9672,1.0557528674888346
9673,15.018282458827144
9674,-9.224946817810306
9675,21.113234597151326
9676,44.10658847274212
9677,20.650074280911973
9678,33.91634650799361
9679,43.18263425341819
9680,8.301433560311047
9681,5.166128244985387
9682,7.3865684488440735
9683,47.19388048837715
9684,10.636259912180272
9685,29.63102302201114
9686,48.95910211100643
9687,-16.142903505204984
9688,16.76069698420009
9689,1193.574901930302
9690,19.176218075653136
9691,13.379290949369196
9692,6.731364041678901
9693,922.1830562881079
9694,1.8717988963704073
9695,-11.922170210133395
9696,20.583449831977852
9697,12.8156761812063
9698,43.56053450762927
9699,1570.8047551268464
9700,-4.555345034104882
9701,42.2810870382076
9702,14.389728390837888
9703,-0.19842987854472938
9704,-2.2475692023918796
9705,-12.60702847146333
9706,31.007800746214134
9707,31.794498000582912
9708,17.84709680733104
9709,-9.591973459550239
9710,4.855146533682806
9711,-5.905428579606614
9712,-18.424334119029453
9713,-9.804875902915526
9714,21.89008729632864
9715,7.091091193252701
9716,12.752740696937643
9717,-24.59557574803072
9718,22.461904532907287
9719,30.621653393573922
9720,-18.942448192437105
9721,36.21746394957249
9722,21.34500779360047
9723,6.250542206615435
9724,-15.181585913707266
9725,953.998574897109
9726,30.22959772627413
9727,-10.041371609091861
9728,26.82360319555206
9729,-0.6625298636830408
9730,24.554047489971712
9731,11.964478244845921
9732,-13.264457171259743
9733,-6.898376395042185
9734,50.42922668689824
9735,5.7548881285145015
9736,5.171583698989416
9737,25.938121268273562
9738,40.96185650935541
9739,34.18973113164958
9740,-2.8275247397498475
9741,11.221928935420678
9742,43.76206948401346
9743,7.105270746527559
9744,32.38237269621415
9745,12.111050093397708
9746,28.613351334167067
9747,37.569074879098885
9748,7.429222918295686
9749,-16.279992864259448
9750,-2.637809796534924
9751,5.459061275288761
9752,54.35503268126517
9753,-8.488338593111209
9754,19.36915560581954
9755,-6.92241557909891
9756,42.08558818804671
9757,-18.9620360866894
9758,8.460960006895888
9759,6.474348386135304
9760,-8.374786331388059
9761,16.880071132525398
9762,33.69224392033323
9763,30.92377596312997
9764,58.211374459072765
9765,41.315423723018014
9766,21.59017449637964
9767,27.862628732245284
9768,-3.6460840397750545
9769,-23.259651828714006
9770,-15.181710263384176
9771,41.30043028879327
9772,45.77869982631817
9773,-6.171358421660329
9774,9.351282899287497
9775,-7.54992717594709
9776,30.670322796963596
9777,16.83649725471598
9778,4.2286679387193615
9779,52.28583484463244
9780,14.085070716942386
9781,-2.863532349891102
9782,45.187564085656405
9783,-20.005790332848214
9784,57.30797327709845
9785,2.345410941756363
9786,4.661615448203499
9787,46.60892263607906
9788,15.999003906007687
9789,37.20446084629075
9790,9.498562608268386
9791,35.30379375819827
9792,-46.861810715990295
9793,15.117345168070035
9794,32.37628814765941
9795,28.130586169996615
9796,-7.934213250195327
9797,-6.823161116566013
9798,18.812114815961365
9799,47.28123089138341
9800,46.98914685284002
9801,-16.9329742064916
9802,24.77599253163665
9803,-1.701900424168258
9804,46.84895407333066
9805,-6.274084840854329
9806,8.055434971926587
9807,35.96283977165499
9808,38.425396215774256
9809,35.35944790812222
9810,0.7920188800235977
9811,21.320719146477526
9812,25.168873657699987
9813,-14.693454910721165
9814,-25.98747758895079
9815,8.324744283946679
9816,-38.75744707947056
9817,-2.668101451266388
9818,9.026483105991211
9819,-35.93264140747092
9820,34.45208164840402
9821,115.10249723632111
9822,19.955747114383424
9823,13.270203402015333
9824,13.096484244660456
9825,-1.0552637332180268
9826,69.11237278063165
9827,33.11828783793055
9828,37.69412665403217
9829,-24.102158192895025
9830,-0.7148078916302083
9831,19.842091013971665
9832,-21.561120756568563
9833,9.264844912922051
9834,17.566107023630938
9835,12.1164659486464
9836,9.500976101310954
9837,2.6678511309835145
9838,5.559487211359418
9839,15.979647364087672
9840,20.945930866979875
9841,16.024252276833767
9842,10.10010159219312
9843,-51.616710105312286
9844,25.845519814905984
9845,19.54948962380636
9846,-39.950339426211166
9847,11.021926795530057
9848,60.18949048282605
9849,11.773072990627725
9850,14.304931793858248
9851,-25.193679087111356
9852,31.430752901139385
9853,1.2112379594871427
9854,-46.637369847815826
9855,-4.41220896192177
9856,52.91618245959014
9857,-3.424535825169741
9858,-19.736134904959663
9859,72.7033999510099
9860,15.286941091037097
9861,5.733873313601272
9862,7.761256593559999
9863,-4.439784170907835
9864,12.189865738327939
9865,50.591462377596315
9866,17.571887099766123
9867,-21.4597637088496
9868,4.71200775702237
9869,-1.0584130140634116
9870,-1.2349947317825283
9871,54.995689608868254
9872,35.529674659688865
9873,-12.055214762511156
9874,17.182303902124954
9875,25.033555002151502
9876,43.483534896639846
9877,-9.888727267016016
9878,-21.18809159146179
9879,-5.95800568685101
9880,2.535480599308528
9881,-13.599046370728892
9882,-10.082539364023631
9883,-42.47865034940964
9884,14.182189603144014
9885,-7.028904721063249
9886,8.818997479874362
9887,-77.93673527023932
9888,-42.814065047901074
9889,11.886708949327279
9890,-19.2051607793399
9891,-27.506362808928948
9892,-30.45049111578917
9893,18.933740296910575
9894,-39.06446981696106
9895,27.815671445516806
9896,-69.56529278977743
9897,-23.160554488307206
9898,20.115967876004813
9899,27.258767211217386
9900,49.15282096897846
9901,-33.7799339375261
9902,7.244199491400401
9903,-58.157401513944855
9904,-22.774670980092303
9905,71.10486370861167
9906,-4.588377693001412
9907,-6.819128725452501
9908,-1.5635534643973443
9909,-62.23172058043712
9910,-52.48327406089357
9911,-18.082481820114324
9912,100.92782221518003
9913,-54.53961651503652
9914,-64.84611320896269
9915,-9.561226538248278
9916,-13.293290363236821
9917,-70.28904162448282
9918,-54.07124579551958
9919,-30.9951045956145
9920,-5.344547679276182
9921,-8.517748544692964
9922,-7.826018202546109
9923,62.22852490856785
9924,-56.21160598052166
9925,-5.300638022607387
9926,-34.07348350123106
9927,-4.27848758912684
9928,-20.69334194757625
9929,18.090055534600072
9930,-27.30091039008763
9931,-33.50879159343631
9932,18.10733281311856
9933,-36.94926566129845
9934,10.891868189349914
9935,-13.538775892323542
9936,-38.056444482567166
9937,-40.15548085618676
9938,209.19633263794466
9939,160.43808457015686
9940,-24.948582630936265
9941,223.09492568982668
9942,150.01096809322306
9943,-44.45996167448639
9944,-3.038636195755423
9945,21.054607266239074
9946,21.57779428013386
9947,-45.782907795288516
9948,-36.76923394430731
9949,-22.893699314467234
9950,73.50525315498327
9951,-8.937691553933497
9952,4.696659438299072
9953,-42.86778853357678
9954,10.329638105997937
9955,-59.449764391563015
9956,7.632756100506718
9957,6.203363120384118
9958,-54.64694150665003
9959,-71.12323067814938
9960,17.97883330571165
9961,111.45429620564119
9962,-28.615993315736894
9963,-13.123450060292292
9964,-29.845395615273382
9965,-50.59273627296002
9966,57.26319834617246
9967,-13.977072051960064
9968,1718.9172624590474
9969,15.193549900685333
9970,-11.280819892974904
9971,-46.01820234982559
9972,-39.76065842044904
9973,-23.37725257293743
9974,9.868349519800503
9975,-1.9189554793521992
9976,-51.68987216623878
9977,16.66194732166554
9978,7.2955194954559985
9979,1086.9495222134447
9980,-44.07288537641677
9981,8.797632295548155
9982,-61.92917934812308
9983,-17.477805531084037
9984,-62.08525080411679
9985,4.131457361192375
9986,-43.950771352381274
9987,-15.444832002965292
9988,23.52720032800598
9989,-51.61336950551655
9990,-74.82022211913974
9991,-77.63124709928005
9992,18.740076028541505
9993,-67.79363692650611
9994,-34.77763586659257
9995,10.433178308987046
9996,-66.70308090314364
9997,11.19113398696939
9998,-43.911600723283875
9999,9.319510609935861
10000,-18.047506944417947
10001,-68.99374048977938
10002,1.7970900310009554
10003,-53.969748257460815
10004,3.3864668357932715
10005,-24.085740761266443
10006,-11.958550873746987
10007,-25.482299013046152
10008,-51.418342070683174
10009,26.41508736358884
10010,-26.41320381003637
10011,10.31691837264566
10012,-9.502431098554311
10013,9.337315885003534
10014,2556.685753297134
10015,-36.62199171720416
10016,-28.195712380734257
10017,3.6264980411740737
10018,-68.21296034906055
10019,-26.07312642550354
10020,-21.910131990080565
10021,-64.56333945446355
10022,-74.63407684857961
10023,33.569467194283575
10024,-3.6384589088185493
10025,-14.192908758391958
10026,-25.139201417542573
10027,-35.218428607435264
10028,2949.2229456760715
10029,-67.14409165928387
10030,21.325516879671166
10031,-49.18075545716216
10032,105.43060747088498
10033,-34.749266527689635
10034,-30.516682239249555
10035,-73.90687956603506
10036,-56.37925856313067
10037,-24.92561255449167
10038,-58.948834224589156
10039,-62.141755757025585
10040,-60.64434010412308
10041,-76.36440818959323
10042,115.7276122605561
10043,-68.60901673425556
10044,-43.75343797527545
10045,-54.86838604460929
10046,-19.022348771814443
10047,-26.408679221193218
10048,27.87016033647597
10049,-59.546442180464076
10050,15.838828833404161
10051,249.52377787055184
10052,-39.65892956701358
10053,-9.511948192966692
10054,-17.323144157579634
10055,-18.899175627599845
10056,-40.37397170155446
10057,-46.293603882230435
10058,-11.913763298132707
10059,-70.79247432200171
10060,-54.4923983858809
10061,-32.15857441747398
10062,-0.24621602482739746
10063,5.153707846193676
10064,33.06613900035714
10065,0.3749830960901477
10066,-32.972547171413716
10067,6.190707128934768
10068,-30.5640010968716
10069,250.9257973122163
10070,-5.415848379143327
10071,-25.56090308877655
10072,-4.765040921901203
10073,-40.426948949881286
10074,5.145897270644475
10075,-11.610839674615661
10076,-49.7893922792637
10077,-30.663919775487393
10078,-55.41388895511222
10079,1335.570545335666
10080,-71.97385471971313
10081,-42.391654231481645
10082,-38.399828140997975
10083,-79.37441178819319
10084,-41.48331552904026
10085,2.6298363555995863
10086,-51.810480337634665
10087,1729.8289435602558
10088,-51.36530777772055
10089,19.875361855667865
10090,-47.73964855260294
10091,3.1627895416602954
10092,-21.08589630247662
10093,-5.943912926163591
10094,16.553846666664803
10095,-64.85574217507892
10096,11.669675241321045
10097,-25.824148924719616
10098,21.056480734729313
10099,-3.5587141793992885
10100,-16.89882530534024
10101,-67.19348473661111
10102,8.652900705775203
10103,-38.64583482308314
10104,29.652755476554677
10105,-4.022917470927901
10106,-52.58216655092682
10107,-4.488181610637831
10108,-0.11818854788344169
10109,-5.452843182895386
10110,-28.10585017126362
10111,-10.638962938152709
10112,-33.105733254561024
10113,-19.92134888887481
10114,-2.0932539083895634
10115,-65.92203815584264
10116,-56.90166031345748
10117,-11.985681098030113
10118,13.697143602446431
10119,-44.659806369443935
10120,-30.709478356924457
10121,-32.65983365814582
10122,10.721922775359275
10123,14.92004306586643
10124,-17.119325979882248
10125,-60.22230414369175
10126,-11.769751576817605
10127,-35.80322891261958
10128,-59.60999679315986
10129,-27.906633729398884
10130,-57.34299208506217
10131,-19.00141079249689
10132,11.566764315199677
10133,9.451945008742001
10134,-27.333253607914124
10135,-49.14520181260517
10136,-49.47282053211479
10137,-23.57672957749245
10138,-17.379042190157115
10139,-44.936372035615825
10140,-1.3893244482131237
10141,-28.850132912925538
10142,8.181123824740652
10143,-41.634066492828275
10144,-25.868478781946102
10145,10.682921205561172
10146,-73.8024200863332
10147,-26.655087677337356
10148,20.102580098016077
10149,-79.049728537737
10150,-52.73755568685896
10151,-2.165787209638225
10152,-43.18357975454199
10153,-70.66410377269034
10154,30.541235301998608
10155,1.470677268050835
10156,9.450278131824774
10157,7.073269894580676
10158,-29.90509745650207
10159,8.513202098737032
10160,29.132857760674835
10161,-47.225855745665775
10162,-15.49139113057688
10163,4.388382310386724
10164,11.246570243558153
10165,-40.57849966799336
10166,-37.1475181013511
10167,56.86137300309692
10168,27.818417096136514
10169,17.289928014630046
10170,34.16085064864621
10171,12.95593184194307
10172,35.41615752600562
10173,-3.7930895119155466
10174,-4.494311167136928
10175,291.1622834517772
10176,-50.0585054793411
10177,21.94243247407398
10178,-34.16065545919893
10179,38.55314073545055
10180,49.699890077054455
10181,21.930873185277374
10182,28.84671209123325
10183,-1.0808435417927313
10184,18.811329872815016
10185,27.440418197116784
10186,42.21345987519234
10187,36.74267266132816
10188,-7.592177016480548
10189,31.34153669501445
10190,17.853167179490438
10191,-7.878708020724623
10192,-9.384706767632046
10193,5.000899223960872
10194,7.620037001587434
10195,33.07465127268962
10196,14.706997705759445
10197,12.169307278508825
10198,10.691681087768842
10199,-22.033892815171548
10200,15.15434362234965
10201,11.556370148290576
10202,9.046126864617811
10203,-22.609547764551117
10204,26.508053813926775
10205,59.855365750582976
10206,47.83511883478995
10207,52.63705661669132
10208,-19.73711177848015
10209,24.22828502866529
10210,-10.68076576883584
10211,26.287239686744282
10212,-0.9564091568327981
10213,-19.817528683729257
10214,46.52189186618478
10215,34.57435699097643
10216,7.5096239616839995
10217,44.36329129916556
10218,17.32665791784642
10219,32.42040635274488
10220,-20.35030159385787
10221,0.6457178839721323
10222,-3.630289028356053
10223,40.4508417726326
10224,35.222003006993376
10225,12.445672245566968
10226,20.242078019447696
10227,61.248296350576304
10228,294.4792716955464
10229,26.08561122785821
10230,-10.81847410918067
10231,-9.973996940561541
10232,1.7716460432069
10233,9.074550076807519
10234,221.73137350959033
10235,10.156016165730243
10236,-14.976661079767098
10237,2.277007581206874
10238,0.7155934836774236
10239,17.392509783151215
10240,-2.917336660397261
10241,-6.393864307596729
10242,24.07169739189948
10243,190.8050956625063
10244,276.28973082716107
10245,23.33772590549
10246,5.684152587878195
10247,38.34250957557377
10248,42.08135150198436
10249,-34.334750690245265
10250,-9.421347455536235
10251,62.888352917306705
10252,270.553259534711
10253,50.488352732545934
10254,-44.40181261450078
10255,123.24351046556859
10256,47.8057835352139
10257,-3.3981249569088448
10258,66.02425899250274
10259,14.474168122040123
10260,117.99686731043676
10261,58.180023728400926
10262,18.684712135000716
10263,163.67318443591842
10264,-37.202370664768246
10265,-5.786006056125366
10266,47.689252554095354
10267,-20.84757941098234
10268,-16.196164454977755
10269,38.660464682356434
10270,-17.979426713603942
10271,20.44060596822457
10272,19.88173283619867
10273,66.27500920191416
10274,-25.252257686281204
10275,40.23150349063956
10276,54.131193013501786
10277,-10.339647158758034
10278,33.24196825480697
10279,47.684188212432936
10280,-46.08512600725421
10281,-5.115810776212612
10282,47.60300274508366
10283,42.63923522613161
10284,-22.249173370932034
10285,156.12894627513714
10286,-12.260126459558087
10287,-18.00747494500991
10288,19.70956915008554
10289,13.79234495806875
10290,31.81596412310123
10291,47.59000334331757
10292,-9.984024426301985
10293,-43.22576443726286
10294,28.869063472712
10295,24.53232188129746
10296,13.533935553049506
10297,-15.886630104067457
10298,22.841040234745265
10299,23.597238849032035
10300,-0.8118040857730762
10301,-33.1579762536711
10302,17.41532067869177
10303,8.982665896509722
10304,215.18149322542504
10305,22.72615792061049
10306,2.1178869710022568
10307,23.445840050286165
10308,-8.3115709582611
10309,30.494005163419487
10310,127.71997786004599
10311,-17.043633297392162
10312,24.365568409139925
10313,32.09530186310945
10314,94.02656483151479
10315,13.929913357303999
10316,267.9734727507053
10317,22.038339009276086
10318,-0.8299545457202697
10319,106.46760317092088
10320,-10.832853778710707
10321,19.658930423664106
10322,10.12819770866274
10323,39.42140437820099
10324,50.77576659862234
10325,-27.295041498983018
10326,242.007062519874
10327,30.60127552950066
10328,45.955159488442035
10329,19.33368720778257
10330,27.076046729700607
10331,15.219929921989838
10332,51.15104843356323
10333,1.6359392752997692
10334,266.59406866521164
10335,-9.652459442159895
10336,70.63163197480516
10337,239.56986859907164
10338,1.7542229168785894
10339,19.35088910755936
10340,37.489835015256816
10341,130.0374645483822
10342,-39.9480552857185
10343,13.615207614592638
10344,41.84018929572565
10345,25.851429091655113
10346,29.939500359674362
10347,2.44351103008524
10348,65.14337775262227
10349,50.83654016443339
10350,16.73821005882781
10351,407.05870928573165
10352,25.064188364481446
10353,6.024548263445681
10354,-23.692568598031066
10355,27.681713451320334
10356,29.146896278454946
10357,0.07824788364160895
10358,-10.036165218062642
10359,19.876265382787366
10360,326.5537453381006
10361,214.87263065140533
10362,-31.705650625122622
10363,82.73717189864635
10364,20.06715172265648
10365,-5.910930260530435
10366,-23.633128435981327
10367,17.49885704776425
10368,45.32337097377352
10369,139.98715393951247
10370,32.64962564725239
10371,42.14738972278687
10372,151.97683450424637
10373,18.084705746161127
10374,7.980348378219361
10375,-5.401983439410465
10376,84.69547760962217
10377,32.619910581021315
10378,53.80955291431161
10379,-15.827348083914671
10380,-13.765440008301141
10381,49.450885656414485
10382,-49.746212860107626
10383,-30.0506360121363
10384,79.38736196443392
10385,8.246914179671947
10386,42.57813935079156
10387,-4.845735742855119
10388,13.949395687099695
10389,113.88819629541396
10390,5.0026667177012385
10391,24.6370112432048
10392,45.517561883571624
10393,-30.684372214314784
10394,30.293404226292527
10395,31.450402193860157
10396,11.798575694806637
10397,42.21060310347043
10398,24.794686120659453
10399,32.70563019202662
10400,-45.861069623071266
10401,-3.653237704217325
10402,9.714559540845322
10403,-19.273055226544052
10404,5.760243483115296
10405,22.965671226398104
10406,40.194942668978754
10407,7.561733962865176
10408,0.8230145957817427
10409,5.508872277424167
10410,27.949073318597144
10411,-1.1017630808765517
10412,37.035947456611225
10413,53.37066641272774
10414,-2.6085920162510874
10415,-13.474739255351082
10416,56.48220085832148
10417,40.20812785002533
10418,38.52739462172702
10419,12.26709233864242
10420,18.03206876550193
10421,-5.951094203740396
10422,267.7777986731232
10423,5.02294796102241
10424,41.014087242916176
10425,131.13972983484604
10426,34.18210517894234
10427,14.204374358942793
10428,20.745963437276767
10429,14.969121605843092
10430,22.694567028813907
10431,51.095918458086764
10432,42.70835813858779
10433,2533.2069729921122
10434,24.492595209771856
10435,34.62448703925276
10436,80.88881996473144
10437,-0.7312266865951784
10438,-6.3555261253799245
10439,41.950184795246486
10440,57.285422404467425
10441,81.48113866648035
10442,29.776309482879476
10443,42.52049329973235
10444,23.988036149545547
10445,33.463577188242525
10446,55.24415724890841
10447,64.41388470838255
10448,33.40231102319049
10449,45.863066729923666
10450,27.182856380557
10451,0.3987526060242885
10452,-24.2264873213828
10453,30.943383659273444
10454,46.16484993819827
10455,-3.836632721043742
10456,3027.305462928219
10457,-7.022795283023989
10458,66.90320169277264
10459,-12.845903060456514
10460,16.44999069112691
10461,18.469234411161402
10462,12.6262406207356
10463,2236.878733706253
10464,1000.3408308665214
10465,33.6948690647633
10466,43.775703448626
10467,2658.6217249253837
10468,23.12140548578284
10469,269.5271851258416
10470,-26.545878129039643
10471,0.6525917889088788
10472,-8.410113608719847
10473,70.19103357762941
10474,-7.77319053468738
10475,23.371994400447445
10476,11.109073994856786
10477,-25.85929996042517
10478,43.127813866755304
10479,2181.532651215928
10480,5.0279499580522184
10481,74.28932367291497
10482,3.5476348241062112
10483,14.160830473336041
10484,-51.240894206353154
10485,50.7742612775823
10486,3.8951657255228653
10487,29.97206104100099
10488,16.232171969551374
10489,92.79273687665368
10490,6.526463027245882
10491,50.480765230565595
10492,-0.8912388482889853
10493,-9.14222363299217
10494,9.307750681140433
10495,19.5293026288417
10496,5.648646535124392
10497,2.1678529953914634
10498,-24.172340972018368
10499,-11.713573014013981
10500,-2.8512021869244393
10501,274.2566016126031
10502,24.03400604486379
10503,-6.446283712503572
10504,25.903502965907858
10505,2.7469284504643454
10506,-2.9322981234776577
10507,41.02133852896824
10508,4.049533160755274
10509,1.9555082873677847
10510,50.63092228468736
10511,-7.255674918400423
10512,-39.46628675752019
10513,-25.01824963912626
10514,-62.323617742041854
10515,-35.709828845206694
10516,0.32353095798355014
10517,15.956592983524068
10518,-16.88092363461523
10519,35.371515497168005
10520,-22.34779796113059
10521,-35.72004703732157
10522,-9.663486114347172
10523,1.550222523627582
10524,51.95920835973902
10525,29.169782446530533
10526,-1.4670777867762723
10527,7.056717737622257
10528,85.27544629436767
10529,30.073197718030517
10530,-5.3065513736659184
10531,-22.784297335232374
10532,-2.6093751422814577
10533,-27.107664996048776
10534,54.7147874110802
10535,-7.50813976104066
10536,-12.840185181513249
10537,-31.466235609492962
10538,-26.487434437834843
10539,24.774067200675148
10540,77.1977963522626
10541,280.35766669329814
10542,-49.773373555605495
10543,-6.181675213611349
10544,10.37939878898272
10545,33.918163482285195
10546,55.62495532635137
10547,8.978750753882991
10548,-28.167462228480822
10549,-51.523976653027
10550,-21.615935253835495
10551,-34.88692164413245
10552,5.766014678713162
10553,3.0791477756114602
10554,63.32692115402699
10555,5.081124718516271
10556,-31.205001362689508
10557,93.1929466222648
10558,44.75116598590101
10559,42.08893464484217
10560,40.121107872336914
10561,-3.819630002482029
10562,36.137815831691334
10563,-31.642062070936
10564,-19.890618795918265
10565,1955.0681648210816
10566,-4.428475776014778
10567,50.42622261897299
10568,10.892353934660328
10569,4107.9884218535935
10570,20.645394980720393
10571,46.40495352064133
10572,3052.2922998337162
10573,3508.6167570583393
10574,-50.217112787976
10575,-6.022730556504889
10576,-4.179676577079604
10577,11.455117943959912
10578,-11.071975321099558
10579,17.064670390145853
10580,9.590358857813762
10581,9.506106394948397
10582,-39.0520197911248
10583,-66.68976875701225
10584,23.458405685592062
10585,66.80673787656707
10586,4591.155505043598
10587,38.97179635329346
10588,6.759464229933471
10589,-2.288531358156625
10590,-1.4847595323872227
10591,-38.157302285568754
10592,-25.226914764578716
10593,-4.1648886403614185
10594,23.56854331574849
10595,30.37190504935913
10596,33.10527248219232
10597,31.066487388863937
10598,-2.900722350699759
10599,50.801088432708056
10600,-28.578029570812497
10601,-41.55826225022418
10602,-24.518328336304258
10603,55.5780030200633
10604,5.802269482575888
10605,42.32669249676023
10606,12.852585498752141
10607,31.08901783058988
10608,40.45684008363144
10609,39.092280030456536
10610,3393.8672336521226
10611,50.2397707649455
10612,-4.376597506801005
10613,54.790934715344946
10614,8.497025652126169
10615,-47.437387716818684
10616,10.35318826416141
10617,27.92535938169892
10618,-48.62642803663844
10619,9.547946484152611
10620,1.8806544132259972
10621,54.65401325357335
10622,-37.89858811241074
10623,75.76082930522483
10624,35.36077654156747
10625,45.52770503566625
10626,-8.30675117444116
10627,-4.007056806470793
10628,6.972188149800779
10629,38.29964386261956
10630,-39.765186397201
10631,1.3348240592734584
10632,-5.937831485573817
10633,5.436771654547982
10634,63.22583176018645
10635,-30.29888072109521
10636,34.161916335636775
10637,-19.29411622822294
10638,-14.061123863549795
10639,11.10762801932502
10640,-47.89602529652645
10641,-1.2613310110351676
10642,9.289234802013759
10643,168.97128417019925
10644,-18.00488024432896
10645,6.55929558737769
10646,-36.83425517237489
10647,129.41219281822188
10648,-35.54638903946633
10649,-55.89078908008802
10650,-35.96219552975348
10651,50.43559178388806
10652,-0.7988057193035019
10653,-37.76542903048901
10654,-37.780004041850056
10655,-57.566324595359866
10656,-20.32385651870448
10657,-21.747537428908508
10658,-13.187130300960156
10659,-10.242551457464096
10660,22.022099655322588
10661,11.934447382458856
10662,91.30404376357771
10663,-32.57415864067253
10664,8.725437898637296
10665,-13.273208852590784
10666,-1.837411732232475
10667,-14.209421426958023
10668,-5.539891072480032
10669,-0.3896340920418595
10670,159.6157786408629
10671,197.49099780867047
10672,0.3824292312327202
10673,10.1651857828248
10674,-5.0262185055181945
10675,-37.499443191166314
10676,-12.959356181613217
10677,-31.811587047295923
10678,-4.266953753230091
10679,95.30854754508135
10680,18.388229485708813
10681,-26.983389392636347
10682,24.51200895181703
10683,15.532878140368947
10684,27.42018385758386
10685,38.80008099813804
10686,48.03262176552909
10687,273.8110887377752
10688,8.159371572276065
10689,28.00009718319077
10690,25.609419350722597
10691,10.409222335632329
10692,52.00312970598851
10693,-22.71159005752674
10694,53.157808278949844
10695,36.431460451052814
10696,15.485090140976297
10697,23.59824808756968
10698,1.0254969706709147
10699,61.35202043409204
10700,-13.330243390851187
10701,59.23264851943978
10702,10.608744708130857
10703,68.5881702824413
10704,20.118272741877597
10705,7.145861473474007
10706,11.382600866127483
10707,42.900896784860635
10708,-26.586742349898948
10709,14.275157498744267
10710,453.4816827806147
10711,24.312110121781945
10712,-3.507131019880674
10713,396.3580451624235
10714,450.81196858180465
10715,4.060158547718572
10716,22.64942357798389
10717,-23.983077853442914
10718,-15.953992877087934
10719,-2.5321691118363816
10720,39.61290948459134
10721,28.749824947822965
10722,35.53854291702947
10723,39.5008675481037
10724,4.083722043075625
10725,26.056919494007747
10726,30.062544016002036
10727,-4.8093714834853
10728,7.173137101880812
10729,19.145184966244997
10730,572.139398895959
10731,59.05556956939259
10732,-18.166678944899758
10733,-1.196425355566511
10734,-7.473763744364568
10735,24.457831131100797
10736,49.41136289302844
10737,54.68193260018384
10738,22.22128763868498
10739,40.07270349160351
10740,-0.8917404610808006
10741,22.086340764829608
10742,40.51814124250185
10743,228.67520716049165
10744,39.0054481457427
10745,-8.309155107592375
10746,-4.945731516284731
10747,402.7901693556662
10748,51.255537396256436
10749,49.262915214134956
10750,953.1492183359351
10751,-8.522526403878196
10752,22.783995338577018
10753,-18.720981644146427
10754,-26.930518981467507
10755,27.452042128659656
10756,32.453509820863516
10757,0.300830564974639
10758,-3.9593210764880524
10759,-31.37452522412584
10760,-31.433713499843044
10761,46.09328006110207
10762,-8.611543651700053
10763,-1.926337731921187
10764,11.276645603316915
10765,46.054394393312876
10766,9.82995679554999
10767,-13.608079822684324
10768,-22.652897206485868
10769,1516.6639469291915
10770,18.458108594757352
10771,1563.90835684485
10772,14.000139009851946
10773,9.112809412026103
10774,3.7438573966884334
10775,22.559493973863326
10776,9.815236462808208
10777,-9.242421652394789
10778,25.836008449895065
10779,10.730856087756784
10780,3.2082936365852035
10781,-5.029861541721644
10782,-6.751407429774638
10783,34.58511746664854
10784,14.885639615630428
10785,32.28535734173085
10786,-39.55713148607354
10787,-4.398210467757622
10788,29.092698548408766
10789,9.301442301604062
10790,-28.55164939178932
10791,-2.897537430368928
10792,-11.553091667305843
10793,5.668428653995122
10794,40.00974081690119
10795,6.385198232742319
10796,23.374762802961495
10797,12.110328875602406
10798,48.19746369882306
10799,19.48168144488251
10800,25.014186570618783
10801,-16.444838646197468
10802,16.027974368262893
10803,1154.4460157307162
10804,37.33467463727321
10805,-21.75760990523208
10806,882.2912051182846
10807,-32.31571161407853
10808,27.91986214964935
10809,24.691112386985886
10810,-3.4455647391873256
10811,3.063179284487177
10812,3.7280275819147803
10813,1773.7292327519237
10814,44.958296740208375
10815,19.881666870160075
10816,-7.99121943192052
10817,33.57668968661708
10818,-2.896669247905521
10819,6.257105851598091
10820,48.52363269602431
10821,276.35766415064273
10822,42.38577670664823
10823,-4.20776431935159
10824,34.28823429393392
10825,10.345328901043779
10826,-28.642941383585715
10827,8.147624887096384
10828,2.020665067691354
10829,16.394885649614626
10830,32.00079084037928
10831,8.960796591163536
10832,18.24022691192539
10833,53.606774339813846
10834,2.993597548681066
10835,-5.354524163965614
10836,25.21010965909421
10837,68.2962909696171
10838,32.26511212430959
10839,-25.07312118923098
10840,58.13459605859226
10841,20.555222255469932
10842,38.31622037715408
10843,14.742325291022006
10844,10.80922694738964
10845,-2.172167714159471
10846,3.9457627935622384
10847,-30.735490058805972
10848,35.46430553340531
10849,32.639010041813236
10850,39.652573671503106
10851,26.7962476139862
10852,56.23392233893196
10853,31.9031730963829
10854,36.44496422749007
10855,1.1710675281306422
10856,17.252431279775564
10857,-2.9682167964933157
10858,7.854268522929445
10859,-2.080812910997878
10860,3.506611813162799
10861,-5.084146325235913
10862,28.996942680611415
10863,61.241784938788875
10864,49.17573769566198
10865,35.1422586769175
10866,-44.437542614744395
10867,61.26382711500344
10868,47.04170598718895
10869,14.716305207563348
10870,32.51401286808335
10871,-11.004903386874517
10872,-50.13905134370321
10873,-12.352746029736899
10874,1.5475099834660782
10875,-11.799773805552896
10876,69.01511884403376
10877,39.16201669494901
10878,9.97696316151957
10879,20.328947580244776
10880,27.40256301218323
10881,-9.055072766426107
10882,-24.4468689197248
10883,9.610083820842412
10884,21.937177967299714
10885,51.72366511302283
10886,33.16046646858646
10887,17.804322212768394
10888,-36.65985493644312
10889,16.679081867859963
10890,9.915777802375544
10891,5.596113984784978
10892,6.749335344447545
10893,-28.19449471023446
10894,60.737342962320255
10895,47.04489943546376
10896,5.415202196791583
10897,23.146418011203632
10898,20.95841066851432
10899,-15.039536200559333
10900,-27.544930520047096
10901,-14.025286562365515
10902,3.9539235758576083
10903,-1.2123412687170756
10904,10.609325831660549
10905,54.455425742690075
10906,-7.001998949338095
10907,11.524959506742363
10908,45.777750052712435
10909,25.380313686117134
10910,24.73033552548167
10911,18.67556845126156
10912,25.37161711784356
10913,-30.82342493482539
10914,13.523548279444235
10915,8.494890136719114
10916,18.54354742669546
10917,49.28036904420592
10918,7.076935527345164
10919,2.596818246342991
10920,48.865654195916996
10921,51.06986600744901
10922,-26.06720874080029
10923,34.99506050152851
10924,28.701138778265
10925,0.3807712085481185
10926,11.755535825793999
10927,-10.110707837527436
10928,-8.368096874821212
10929,19.68141534111661
10930,17.678437740019987
10931,38.114424913875084
10932,41.65013027272312
10933,-34.139867512571676
10934,33.70796390085945
10935,-7.650490105716521
10936,26.041289686082422
10937,-2.9822813195478375
10938,8.938044129906437
10939,-36.02297456215887
10940,30.636041738778303
10941,61.85116281187684
10942,29.034304349953047
10943,22.046255632293665
10944,-36.7403626261024
10945,13.245125447344602
10946,-4.562452245489425
10947,-10.966418922067973
10948,-30.11631476497319
10949,35.01642956212101
10950,9.226431362295735
10951,3.768083052271365
10952,-16.43266765701599
10953,31.963787436641585
10954,42.83400430677188
10955,24.777161711441583
10956,36.197795195914026
10957,45.39460982733631
10958,32.66173582913551
10959,60.76585425922997
10960,9.45703578136414
10961,12.624968949958614
10962,12.909397938794015
10963,273.56527468422513
10964,-12.470785710706409
10965,-0.4082636722404729
10966,-8.94918960843983
10967,43.1245447518547
10968,-37.242812038920555
10969,19.389671032864626
10970,-40.070999932753516
10971,0.9393109835506337
10972,-12.583210689825478
10973,29.216309110408417
10974,50.362719498201386
10975,35.71658977979314
10976,23.777019271644896
10977,-7.326344830569617
10978,18.69956031383755
10979,24.11447930095435
10980,17.7741366719636
10981,10.677039873389823
10982,-15.192224258584965
10983,0.39676909594081167
10984,5.859547540252144
10985,54.9505665336167
10986,17.983882647288365
10987,-19.863063269892585
10988,2.065427284743137
10989,28.45736144424364
10990,-47.836159173668854
10991,22.68548383499509
10992,6.505165412197719
10993,44.69272589353817
10994,30.96849552177598
10995,-16.87392513901372
10996,14.286829901652688
10997,-13.550667308047899
10998,16.479784816780505
10999,57.50092159141875
11000,78.286766060177
11001,-2.912084890521747
11002,294.16814838273484
11003,17.810732458121336
11004,-6.072945721689976
11005,-5.158089171544532
11006,-54.76964685901523
11007,-38.39271059696875
11008,9.716731164477949
11009,13.983539382801322
11010,62.046832602714325
11011,15.456492034235662
11012,72.39965507959357
11013,-3.9342806235741747
11014,-14.800786670334709
11015,3.140092424890085
11016,-0.19002735911970348
11017,3.5828675278623052
11018,-0.5178954448671291
11019,82.034134639219
11020,16.31976422165476
11021,-32.1382307892757
11022,26.597817951749267
11023,38.06992069974771
11024,1.6651692613039089
11025,-3.9942909660149866
11026,-5.1562473969961005
11027,12.888924028761032
11028,-14.113792226928382
11029,-14.61462323859977
11030,30.754182249284376
11031,35.419450307614376
11032,-12.498786612892907
11033,-27.27101189893083
11034,-26.807732068175135
11035,-22.29831480570902
11036,-13.120624994697472
11037,-9.722259887037602
11038,-23.732946541122296
11039,-19.524976001341578
11040,1.5517308653554949
11041,37.06613279956675
11042,-23.88054969192904
11043,8.729685463614743
11044,10.735041629805188
11045,-27.872270869745954
11046,21.44903746312211
11047,-6.2113162590333815
11048,17.52533700561132
11049,-11.342496206854683
11050,13.716987531715134
11051,-7.006323928683024
11052,7.44929428041678
11053,38.89498329240373
11054,6.6215348734330775
11055,22.690288290909585
11056,11.504990525442814
11057,-6.448621767800134
11058,-26.53672253305806
11059,8.622154589031403
11060,-0.2927162032502224
11061,-64.1817263354178
11062,5.647572795494639
11063,-21.39930970244196
11064,-15.284363757299317
11065,-6.491900547959489
11066,-43.67511913271776
11067,-35.11199384794603
11068,17.91686134815727
11069,21.568892117492467
11070,7.030636403206458
11071,-33.29833766349349
11072,-18.220465294270788
11073,-10.365205387653397
11074,-3.5834103798660735
11075,6.725743101128884
11076,-3.9378180638841727
11077,-37.82418107933572
11078,24.222020664313533
11079,-39.08380129060611
11080,-4.10510594604154
11081,-19.482245248558208
11082,8.638373417095757
11083,40.267956206459296
11084,-1.8960556445963874
11085,-1.9186459150395194
11086,-2.7745743946472317
11087,-8.81206066149668
11088,1.8075385515439564
11089,79.27875197358082
11090,4.559472667666071
11091,-23.244660574399354
11092,153.90954306626182
11093,-38.34861763460621
11094,-24.464259937243362
11095,14.418988310764313
11096,116.13994341379086
11097,-26.33222635714842
11098,15.646790168161193
11099,26.28947464180476
11100,113.54447377795736
11101,1.3624364552816104
11102,97.25048032427438
11103,28.040813866049522
11104,130.95889727504994
11105,-35.18024021406077
11106,1.8050630505651881
11107,-14.013718446001313
11108,-31.614172680758692
11109,22.90061904016127
11110,-25.384621526943242
11111,144.15809903311805
11112,-23.15982750351744
11113,11.432698570445304
11114,14.578100785464144
11115,2.1461824853672127
11116,-9.659345621120657
11117,277.1609588737468
11118,-49.11007569281916
11119,-1.555376250760574
11120,3.901092249282449
11121,-40.785180053733264
11122,-31.784713530978443
11123,16.47956592317682
11124,33.461072287218514
11125,181.4527131787736
11126,-17.13849979151638
11127,29.733106788895874
11128,19.476348958288877
11129,-19.64504882905559
11130,13.174757732655898
11131,10.911499532925887
11132,51.93692617784583
11133,-37.137319177062516
11134,10.570474116676777
11135,-11.237325695038471
11136,-11.89996355783908
11137,34.153240802813045
11138,-24.042425787143195
11139,-11.892713515341647
11140,-24.180228160084788
11141,-30.496035073609413
11142,-43.19343876013004
11143,36.146272430119275
11144,-6.542143471085282
11145,-16.45683579756706
11146,5.700254607847519
11147,30.471000501363967
11148,-20.883683046486844
11149,7.330913483575529
11150,-24.94357491728936
11151,10.91802819649778
11152,3.418723511673889
11153,-26.26232805016317
11154,-11.326215127225183
11155,-20.844100897102685
11156,25.74019128298648
11157,18.710304830753643
11158,-54.39040237337196
11159,7.952444834540934
11160,10.289688287633531
11161,26.199406252371904
11162,32.921820872514225
11163,7.442524860970906
11164,1.1202578678568642
11165,-12.028985937238573
11166,-39.14765640706454
11167,1892.4581576213536
11168,-18.67493500012901
11169,-21.057819096744133
11170,10.303625995703626
11171,15.938830729884625
11172,968.6947085231691
11173,-7.850466975098797
11174,-3.071408585589012
11175,-1.3298480724134478
11176,19.293905717367355
11177,-3.260712740159711
11178,-24.30028500996098
11179,9.666987057018652
11180,6.197669782766511
11181,-31.70174502898299
11182,10.776046806477936
11183,-24.451689668730445
11184,-1.8949467987279363
11185,-14.534402119205133
11186,-7.362371252250661
11187,11.813935794649176
11188,-8.99448864085386
11189,-5.157026626832881
11190,-7.756738116477017
11191,-12.048537913729582
11192,0.37725110502930903
11193,-13.546465291357968
11194,10.553308591534822
11195,18.495020523531256
11196,-0.5210539490377784
11197,1575.5498900993127
11198,-17.31446242191261
11199,-26.528114526827757
11200,26.70650022853895
11201,24.950821195932804
11202,-35.71922730572964
11203,-26.60229396269036
11204,-20.88688316127098
11205,56.651561970013375
11206,-38.81997041583276
11207,-11.980902387331874
11208,1.5550744341967828
11209,-12.010760070920881
11210,18.15491659021517
11211,84.6162346371361
11212,4.455265170021185
11213,-2.248276834214998
11214,1.4989626066639872
11215,-34.36943249386392
11216,-53.03029625753896
11217,-49.74905392645967
11218,-6.560619793007703
11219,-13.51312926790905
11220,-32.633536380303646
11221,-23.958255421148174
11222,-18.299105001573764
11223,-6.889346215600099
11224,-55.74127241979084
11225,8.18716652722486
11226,-23.088126542545147
11227,-19.502485373078763
11228,-4.741138806252835
11229,-30.265063494308798
11230,-4.556392773138953
11231,-29.903877363947238
11232,16.19749407950836
11233,-66.48263368059926
11234,7.103007593905637
11235,-11.68012387254992
11236,-41.33272778712318
11237,-18.024487769701082
11238,-24.106015791150377
11239,13.686358626886943
11240,-28.35502241160851
11241,-9.719108944362446
11242,15.905260257862647
11243,8.539514826273937
11244,23.105174458186113
11245,-43.55069104579109
11246,22.65269625820599
11247,14.050931276360188
11248,30.361122798958867
11249,6.414685690822068
11250,1789.9581029721494
11251,12.59952416506475
11252,-11.458177450234444
11253,-56.14381408034448
11254,3318.917561509022
11255,-13.672508083647656
11256,-32.44556208813042
11257,20.46281259309598
11258,2.0048223455060707
11259,2.6626075329638255
11260,11.622755243275662
11261,-13.789578253488905
11262,-31.57051739212468
11263,2170.998011134387
11264,-25.168948120509476
11265,-8.61948726242398
11266,-11.397218239084609
11267,-13.808035548056488
11268,-30.334563954757094
11269,-53.74589441005259
11270,1.2567447458804963
11271,106.39983074233065
11272,-24.140277081174695
11273,-40.77616593146474
11274,-25.93603389824988
11275,-3.162719912420215
11276,130.99923571464151
11277,-33.898601251305514
11278,-7.750996959842809
11279,-30.145927088922583
11280,13.272335893720506
11281,-26.575123604762332
11282,-47.724569095693276
11283,144.9326819974502
11284,-17.638169287371156
11285,-55.566639874592376
11286,-22.802138769148307
11287,-35.09335632491814
11288,-45.180831069764146
11289,8.255997275842049
11290,1.960997328388828
11291,0.33552354194072365
11292,10.839631685058926
11293,-18.819328811796858
11294,330.58815806501434
11295,-23.689054178254516
11296,22.78133070520151
11297,-15.8971923685762
11298,-10.211271568362413
11299,0.07748643090454976
11300,-38.21948695419086
11301,2.0672649694784084
11302,-3.303223074776369
11303,20.80249879116135
11304,12.752538044756498
11305,-20.486110917706974
11306,-25.664070055818577
11307,27.2311084884284
11308,9.07691777869097
11309,-7.7553478976179235
11310,-4.110827619127491
11311,330.78439112894563
11312,-8.49791256852221
11313,-12.790488408847487
11314,-23.439026061726842
11315,-10.252778564874895
11316,23.316016698804493
11317,-10.149121810864479
11318,5.413082214413613
11319,-16.374932439451975
11320,253.33002001917254
11321,6.949089342367287
11322,23.22614817101623
11323,-27.071273898915287
11324,14.446186908934028
11325,-24.94447634874981
11326,13.311501554161929
11327,5.159428854374681
11328,-13.71153793406885
11329,-7.050287036484221
11330,-29.041174019999765
11331,-50.14853279316613
11332,-21.856259965242693
11333,3.5321244326892796
11334,-7.644394449703668
11335,-0.6481376133065524
11336,1344.9206213333405
11337,-33.16303041975694
11338,754.2159283474801
11339,-2.364922129895909
11340,1374.4580588800552
11341,-41.33882546509965
11342,-25.959046263248062
11343,-36.20368704624108
11344,-27.681908692201482
11345,-4.696781968577952
11346,3.0827413766501905
11347,-1.2028301489067204
11348,2.9218141002999687
11349,1.95590706121817
11350,3.099466975402173
11351,-6.9956290359842015
11352,-8.2558514644006
11353,-23.195525170552024
11354,-34.97446377730889
11355,-31.903952050681674
11356,-32.16812215093619
11357,-28.604201673016497
11358,8.685103036792349
11359,-24.316112612544394
11360,-31.927739401920995
11361,1.04850893442444
11362,-6.695939007256662
11363,-36.73725947865211
11364,12.011577912559133
11365,6.596347335295569
11366,-15.769208534513055
11367,13.2878918081711
11368,-2.3449175659981805
11369,38.320127012375266
11370,-24.265451183310354
11371,-27.354820475322605
11372,-25.689349815897508
11373,-29.442444559813786
11374,11.485166293812469
11375,-7.338405241655053
11376,-3.428094279922405
11377,10.48977144867058
11378,1.1011347612489644
11379,-18.66364384840113
11380,-24.067683909018164
11381,2.272993081916084
11382,-13.002420097690873
11383,-3.3999266678059996
11384,-7.650300781476638
11385,13.41092946337849
11386,-8.886559586085667
11387,5.221108926417934
11388,6.726997904735889
11389,38.308690841623914
11390,37.01623488727884
11391,-68.73210885642456
11392,22.041472771986115
11393,6.039705444614576
11394,15.701577405453147
11395,0.2035354853276985
11396,-6.554570899178223
11397,-40.232408105357045
11398,13.049857792169703
11399,23.7381781974162
11400,-11.359131825458952
11401,11.943980889537151
11402,-4.589907503971212
11403,-14.855312076895075
11404,-20.11818283527618
11405,7.978898586458406
11406,35.8212048708369
11407,-33.32271292338172
11408,-26.946123888004514
11409,2.876740007538615
11410,-6.513336141712102
11411,-6.1983259262997095
11412,-4.784307817664747
11413,12.278095204351139
11414,-7.4489149718650225
11415,-30.80593091434819
11416,-16.28300754689245
11417,-6.554284460073461
11418,-27.643373473254094
11419,0.12881610025975476
11420,7.91214395984602
11421,-4.226046700492887
11422,16.156404958133084
11423,-19.19222853067732
11424,-25.191462093860657
11425,-58.1700444383544
11426,-1.847664049925065
11427,-50.18732089058701
11428,-23.000878201043882
11429,-10.79815804204857
11430,-1.3027580273057495
11431,-8.528855956637152
11432,7.433716256447283
11433,-6.947163387746173
11434,-12.530130292419585
11435,-2.7207730980233293
11436,-23.349151539157354
11437,-10.991407163369338
11438,-66.27824473677074
11439,-10.816641354346359
11440,-27.58432839359488
11441,13.295296168202189
11442,-18.693908606076583
11443,-17.931985514338116
11444,-6.6749670003693495
11445,-7.5893565654074
11446,0.024795916343720137
11447,-29.221469988027373
11448,-4.870946027267458
11449,6.383024589047899
11450,-19.617844499411184
11451,-3.7785622048393464
11452,-48.36752546292116
11453,4.131734349938611
11454,15.606011172439622
11455,12.515193655167124
11456,-8.807893353036029
11457,-16.15396738131505
11458,-26.82680642926949
11459,-11.609845781733497
11460,-6.7726942292660155
11461,-15.206558981470515
11462,13.955946774276335
11463,-23.704561010390016
11464,-4.835576149001476
11465,5.447986744366624
11466,-8.760984729660812
11467,7.631105273297024
11468,-6.48341622700876
11469,-42.17418937043478
11470,23.67538763258817
11471,9.847036603603364
11472,-41.22302935320149
11473,-19.960653181994367
11474,10.872433252347214
11475,5.486092848236339
11476,38.563244967186655
11477,41.03663255665972
11478,19.32559773374397
11479,-19.28872491303604
11480,-52.09111426464886
11481,-6.842588806888472
11482,-8.528934411833596
11483,-15.277394717920089
11484,0.7788152019074985
11485,38.908179254218915
11486,4.581151062330122
11487,43.56860350396677
11488,8.926069564517078
11489,2.032579074365458
11490,-48.098841820451575
11491,-24.429020108448448
11492,4.289055789716052
11493,44.6588364037543
11494,56.56038321807178
11495,-3.113255357107491
11496,-6.934557522169577
11497,-0.5168177929048028
11498,1.3200133485749745
11499,-30.81534041881924
11500,-54.05073808854127
11501,-34.083106579176864
11502,-37.958776963552175
11503,10.575745978204743
11504,-20.657453658588047
11505,70.74217120043872
11506,-21.58425894901557
11507,-10.268387034599932
11508,-34.503670177161574
11509,-13.593653979532228
11510,-35.32710184618143
11511,-52.593908135760564
11512,114.14134307208408
11513,-21.547757993753656
11514,-3.652174833048363
11515,-19.968777017223807
11516,31.56420355479525
11517,14.823565969740063
11518,25.14818599813214
11519,26.210977591583983
11520,-12.215649308117172
11521,-18.23747215837421
11522,-21.212038907494552
11523,-65.94058899454436
11524,-65.52690267817934
11525,-52.03290701790329
11526,-27.54930144278611
11527,-63.77952549109833
11528,-4.955039727997864
11529,-3.6684067799821207
11530,10.95164276456574
11531,-16.016728019028086
11532,58.864573521963095
11533,10.159900671625692
11534,-27.02093422593324
11535,43.58140391179063
11536,46.478217067352816
11537,17.487625060671107
11538,29.72039996706829
11539,-18.137316759037972
11540,-23.4930059888056
11541,-40.3654064741584
11542,-16.080524491177286
11543,13.437712867505635
11544,-71.60871304800355
11545,134.53747309823646
11546,8.170482853464073
11547,10.039662360927572
11548,94.8651183675309
11549,32.26839076975874
11550,156.19777379003378
11551,54.312077419277514
11552,-7.0430806030191135
11553,-44.97659731576494
11554,-8.158758831616773
11555,39.68038335803375
11556,-14.098519117577297
11557,1.9013078698123351
11558,-37.08184506878492
11559,-8.062874393184252
11560,14.171203627676373
11561,42.12579856729541
11562,23.72042230384259
11563,9.308522993291874
11564,-27.472426428456608
11565,223.24622520962552
11566,37.280011576296104
11567,5.710014579256509
11568,4.103616364101747
11569,-24.67276653100459
11570,21.05593113457707
11571,94.70489817973481
11572,-44.2783811652942
11573,-18.107444688343328
11574,3.3208961442257916
11575,24.4403559749732
11576,-75.13732817294797
11577,3.3703478930015294
11578,12.04570272242647
11579,-0.02227645308744286
11580,30.985946080434285
11581,-28.211979443304692
11582,-49.61047633484102
11583,26.173918349135985
11584,-42.48632910585125
11585,13.83636461058834
11586,-11.500980633968652
11587,30.94129064108223
11588,-63.76799577584594
11589,-4.154216341765988
11590,12.765798998441682
11591,33.62533378128058
11592,33.815502468395515
11593,9.522967224796034
11594,-31.60597451691867
11595,-13.776193163286528
11596,5.6429802970530005
11597,31.429920800267745
11598,-20.915513011563583
11599,-57.486176993807824
11600,-17.71368058676949
11601,946.3980758998495
11602,9.645430812320612
11603,-44.679795817019375
11604,2278.9854056766867
11605,30.419559397798736
11606,21.144713936339368
11607,-8.619545535939714
11608,4.1333215422285505
11609,-15.87713251445036
11610,8.619968684754994
11611,-13.191139381004632
11612,9.452671476175382
11613,2.3461496318715263
11614,-25.52341191832995
11615,-5.900200469035653
11616,-22.344925846679594
11617,17.35771269648793
11618,-22.273589703205978
11619,-6.133053736850648
11620,-3.931572418305926
11621,-21.25452627133415
11622,-10.406974187503039
11623,-8.774045257783357
11624,-49.94577878025428
11625,14.866375078204921
11626,2353.8894074555415
11627,3.97527063582222
11628,-33.60306474293491
11629,-1.3007367565063106
11630,-47.0394817862505
11631,42.0919780656563
11632,-25.657096420624917
11633,-37.68815572045927
11634,-7.1423621245717115
11635,-5.2448599929311115
11636,-0.2921853624368822
11637,-54.46885800842015
11638,3.449959791767334
11639,-31.018597254978182
11640,-36.764178512009174
11641,-25.50099972471748
11642,-67.33242282759298
11643,-15.449303457433096
11644,26.116566272640664
11645,-2.628240911484859
11646,-22.42530387004812
11647,-5.199151117601097
11648,6.488041710350906
11649,-65.3245413138996
11650,-45.5346343829465
11651,-33.61367423441235
11652,-23.366037629382667
11653,-26.822300268916145
11654,-13.693431464955424
11655,33.52826776686294
11656,-15.715169790957319
11657,-2.065355569367931
11658,14.943836732797052
11659,30.332317419790208
11660,26.360937091693263
11661,-17.95222308367567
11662,-48.00869830684491
11663,-5.215891210152755
11664,1.3859336836375533
11665,-63.16472073902781
11666,-45.01491785830759
11667,9.073900365825743
11668,-3.762357937734997
11669,7.035060492948155
11670,10.26064160896157
11671,2107.3535450121162
11672,-30.170140135074142
11673,-28.124238824996503
11674,-50.70758942207181
11675,3.486358333937403
11676,-18.01014137503745
11677,38.13228345585357
11678,29.505595886485956
11679,-15.575170047184507
11680,-44.48267628175034
11681,2937.118035071435
11682,36.61220587792241
11683,-24.550061806194485
11684,25.530519188090334
11685,-10.96848741580191
11686,-70.86089402321818
11687,-51.71207976668723
11688,4.473530851317776
11689,-27.976576607123796
11690,-49.37329364281256
11691,28.617466974703664
11692,-25.330268944305736
11693,3524.872799751005
11694,-17.872230581018954
11695,2.496650754157457
11696,41.98331356157893
11697,-17.569933258928103
11698,134.94528689424484
11699,122.03460283218877
11700,-40.06768313494708
11701,-11.662238509632367
11702,-7.2209384198833675
11703,-28.144106997648386
11704,-45.31589623967134
11705,-35.7735617850308
11706,-38.88041830620326
11707,-57.37164265633327
11708,-32.71684756177172
11709,127.51290744848387
11710,26.64200280323057
11711,-31.52786131503307
11712,-26.454675908750083
11713,-21.09501416955913
11714,-55.697073739196874
11715,-14.997186470450195
11716,-50.73795671314438
11717,13.633388359349127
11718,-17.374554800552545
11719,-60.957123160108374
11720,-11.90065088373565
11721,-19.183871659904078
11722,-3.8632732072167926
11723,-65.56437394740382
11724,-3.7736950218687326
11725,465.12157695391727
11726,0.6187448142913041
11727,35.69249514039042
11728,-24.63148072844914
11729,27.76676075773003
11730,-21.284736714326776
11731,-4.148970490134211
11732,-29.64268337746534
11733,1.8876648510846508
11734,-6.645325486949751
11735,14.712884518421667
11736,24.913097635509263
11737,-9.183691975314446
11738,-18.6799628726325
11739,-35.7253657411101
11740,165.5909534687673
11741,-8.87421245786058
11742,-4.346791689710344
11743,-26.76535031365514
11744,-29.738583163230096
11745,4.541792856227993
11746,27.008622690560937
11747,-9.899718069269717
11748,13.328870301160581
11749,-33.28918047643419
11750,31.88953897352873
11751,8.00460487608872
11752,308.8965898183736
11753,28.873152427720992
11754,-18.63435173857249
11755,30.485513748805452
11756,6.3783281048701355
11757,-14.606548346275346
11758,1231.2677211271146
11759,-8.42953108694055
11760,-20.407686776420725
11761,-23.55519182519945
11762,-8.121247630510915
11763,-21.164976087947828
11764,-43.71030435719779
11765,-18.800555709552796
11766,-22.237203793612302
11767,0.27083582674676876
11768,-36.21017777196085
11769,-21.618860914627483
11770,-31.638838718622743
11771,-12.108246416784482
11772,1231.7158151656683
11773,1.9470716633536043
11774,-27.88082655034716
11775,3.818436397869668
11776,11.062556349919802
11777,6.964906813266758
11778,-16.280436299921476
11779,-58.81944553556911
11780,0.9083995879573905
11781,31.975825278020476
11782,1451.7047848655334
11783,-24.746465863749044
11784,0.42267908556482325
11785,-47.130629986991046
11786,-50.828023743338
11787,-40.203234364172765
11788,1.3404640254837545
11789,-37.904029626047624
11790,-24.572899246668634
11791,-13.725023415392876
11792,-32.03438100957725
11793,-1.851704022213866
11794,-3.7102467266735317
11795,-19.025574866609823
11796,-3.6430163934570103
11797,-41.3010150486433
11798,-17.874304383652657
11799,-7.06606685010626
11800,4.827176609869959
11801,-34.4707159472915
11802,-41.15423900439807
11803,-15.05776112751741
11804,-2.0236026141043837
11805,-37.850082530570766
11806,7.083342168659918
11807,28.1122795388998
11808,42.469778594595844
11809,5.588891663324134
11810,37.99673741207364
11811,-11.019935276488468
11812,-15.609825542262456
11813,28.756506073462738
11814,-5.2143539769069704
11815,21.394422274650996
11816,4.037936335349023
11817,22.189914570611098
11818,9.121443318854162
11819,-25.438929854527053
11820,-22.023110759297687
11821,-4.1803142790513235
11822,-38.53214602113962
11823,25.363290710112622
11824,41.753834897516775
11825,8.670324661372852
11826,-0.39772328488042774
11827,-42.24222165489075
11828,-13.754784498856935
11829,-64.15824927764979
11830,16.95004547025685
11831,21.2015684650682
11832,-22.100170658585192
11833,-23.78453924010116
11834,-38.96010683383336
11835,24.678949341692753
11836,-26.824831508533897
11837,16.968241910320433
11838,-23.905201581495284
11839,-54.7651122134562
11840,-9.691490252946778
11841,16.35264353463549
11842,-13.998056437774771
11843,-44.939844651540476
11844,-1.1402505715732119
11845,17.226146277188427
11846,-42.70437503022314
11847,-2.564533438607725
11848,28.30179234340636
11849,-24.97164017283321
11850,-6.499409486030878
11851,-26.176415607561445
11852,30.82829881642247
11853,-14.177449242364105
11854,-23.829247726714648
11855,-17.954843180653953
11856,-53.34564101296328
11857,-66.67874674635186
11858,-9.878376072666974
11859,-27.197211143241113
11860,-32.71726243499621
11861,-26.198631800864625
11862,2.2337436436927405
11863,-56.634997599560684
11864,-27.378259385289404
11865,16.495029792617892
11866,25.18396710676588
11867,-22.67003366231942
11868,6.110307425401601
11869,22.946996024005728
11870,13.885771182966923
11871,1.4332997944541361
11872,-15.167893316716125
11873,0.9903642086640048
11874,-5.622062879099289
11875,44.30045554105227
11876,-28.82314950887288
11877,-6.791610945686585
11878,-43.68489603954405
11879,11.353887609195823
11880,-29.49534928471811
11881,-22.926239861369176
11882,-30.787194237778927
11883,-7.64687097162188
11884,-0.36307601244965326
11885,-25.326916532874982
11886,-36.267056445758264
11887,6.977225222415527
11888,-10.084112958664285
11889,-18.837332585830943
11890,-3.7269565725411624
11891,-6.450911518736078
11892,21.262611477367305
11893,-5.557562483424547
11894,-2.831207852554307
11895,3.271209428448401
11896,13.565284109607088
11897,-13.911505219434538
11898,-0.7659413807619941
