y_pred,y_test,community_area,date
64.45966941359312,502,76,2026-02-07
1199.9579986724193,2403,76,2025-05-15
10.340323722837553,1,77,2026-02-07
683.5438525794318,1445,76,2025-11-14
7.9542165358659815,1,77,2026-02-13
29.68921317755165,5,77,2026-04-14
528.8129039422205,1872,76,2026-04-14
23.976316131146078,9,77,2025-11-14
0.0,1,77,2025-05-15
100.20182854372058,862,76,2026-02-13
10.138275264620844,0,53,2026-04-14
0.0,0,51,2025-11-14
0.0,0,54,2025-05-15
0.0,0,54,2025-11-14
0.0,0,52,2026-04-14
0.0,0,52,2025-05-15
0.0,0,55,2025-11-14
0.0,0,55,2025-05-15
0.0,0,55,2026-02-13
0.0,0,54,2026-04-14
0.0,0,55,2026-04-14
16.64315156301815,0,53,2026-02-07
0.0,0,52,2026-02-13
0.0,0,52,2025-11-14
0.0,0,53,2026-02-13
0.0,0,55,2026-02-07
0.0,0,51,2026-04-14
7.8564214942996955,0,53,2025-11-14
1480.9939569378319,1111,76,2025-06-29
157.43715129774966,1234,76,2025-11-21
0.0,1,77,2025-06-29
116.46628566955755,1461,76,2025-02-27
0.0,2,77,2025-06-20
0.0,5,77,2025-02-27
0.0,3,77,2026-03-18
2.665005625267341,1,77,2025-11-21
1423.856764737654,1933,76,2025-06-20
281.54363242761667,1342,76,2026-03-18
0.0,0,52,2026-03-18
0.0,0,51,2025-06-20
0.0,0,51,2025-06-29
0.0,0,51,2026-03-18
0.0,0,55,2025-02-27
0.0,0,54,2025-06-20
8.593917457494996,0,53,2025-06-29
0.0,0,51,2025-11-21
0.0,0,55,2025-11-21
0.0,0,54,2025-02-27
0.0,0,54,2025-06-29
0.0,0,54,2025-11-21
0.3252952417412729,0,77,2025-07-19
32.65886243828588,8,77,2025-08-06
101.09055288342148,1019,76,2025-07-19
0.0,2,77,2025-04-15
2234.0848495499163,1625,76,2025-04-15
349.51821390875494,1522,76,2025-08-06
8.737963987099022,1,77,2025-08-30
92.47213757223032,920,76,2025-08-30
0.0,0,54,2025-07-19
0.0,0,55,2025-04-15
0.0,0,51,2025-07-19
0.0,0,55,2025-08-30
0.0,0,54,2025-08-06
0.0,0,54,2025-08-30
8.532823497520681,0,53,2025-04-15
0.0,0,52,2025-08-30
0.0,0,51,2025-08-06
19.464406782622717,0,53,2025-08-06
0.0,0,52,2025-04-15
1242.3093949889706,2359,76,2025-05-06
93.05441572702095,1800,76,2025-07-31
0.0,5,77,2026-02-02
0.0,6,77,2025-05-06
902.9876168758204,1388,76,2026-02-02
0.0,4,77,2026-02-27
253.36935349366,933,76,2026-02-27
2.241086232338489,11,77,2025-07-31
0.0,0,54,2025-07-31
0.0,0,52,2026-02-02
14.902266952500327,0,53,2026-02-02
0.0,0,54,2025-05-06
0.0,0,51,2025-07-31
0.0,0,51,2025-05-06
0.0,0,52,2025-05-06
0.0,0,55,2025-05-06
0.0,0,54,2026-02-27
8.096000962384252,0,53,2025-05-06
0.0,0,52,2025-07-31
0.0,3,77,2026-03-10
267.58603759812024,1440,76,2026-03-10
0.0,2,77,2026-04-30
0.0,3,77,2025-08-12
936.4606823881671,1970,76,2026-04-30
15.642845417559954,0,77,2025-10-16
93.50319183920055,2140,76,2025-10-16
1639.8908693526757,1809,76,2025-08-12
0.0,6,77,2025-11-18
1038.774507889629,2007,76,2025-11-04
35.589056709134034,3,77,2025-11-04
528.4179160292197,1635,76,2025-11-18
0.0,0,52,2025-11-18
14.53861453759825,0,54,2025-08-12
0.0,0,54,2025-11-04
9.741483855229973,0,53,2025-11-04
16.49128947543052,0,55,2025-08-12
0.0,0,52,2026-04-30
7.888121229097905,0,53,2025-10-16
0.0,0,51,2025-11-04
0.0,0,55,2025-11-18
0.0,0,52,2026-03-10
13.113542786712443,0,53,2026-03-10
0.0,0,51,2026-04-30
0.0,0,51,2025-10-16
14.90172140442688,0,51,2025-08-12
0.0,0,54,2025-11-18
0.0,0,52,2025-10-16
10.919772604226225,0,53,2025-11-18
0.0,0,55,2025-10-16
464.1507251686321,1458,76,2025-02-09
0.0,6,77,2025-12-18
268.41529720825974,874,76,2025-02-07
20.735343833123423,2,77,2025-11-05
229.74814710122646,930,76,2025-12-18
361.52701447356685,6,77,2025-11-24
735.0897507158746,1609,76,2025-03-11
15.62471947682188,12,77,2025-03-12
0.0,1,77,2025-03-11
1.1092598709076213,0,77,2025-02-07
774.1367005204279,1920,76,2025-11-05
843.8728308779345,1560,76,2025-03-12
9.571350571069985,0,77,2025-02-09
1406.3177366548566,685,76,2025-11-24
0.0,0,54,2025-02-09
0.0,0,52,2025-12-18
0.5757158334347139,0,54,2025-02-07
0.0,0,52,2025-03-12
0.0,0,51,2025-03-12
0.0,0,55,2025-03-11
0.0,0,52,2025-02-07
2.96656846170076,0,53,2025-03-12
0.0,0,52,2025-03-11
0.0,0,55,2025-02-09
0.0,0,54,2025-11-05
0.0,0,54,2025-12-18
0.0,0,55,2025-11-24
0.0,0,54,2025-03-12
0.0,0,54,2025-11-24
6.439400739629946,0,53,2025-02-07
0.0,0,51,2025-03-11
0.0,0,55,2025-11-05
7.056205172608642,0,53,2025-11-05
0.0,0,51,2025-02-07
11.066801908340167,0,53,2025-03-11
8.984434257348084,2,77,2025-06-27
0.0,5,77,2026-01-13
314.0303677102388,611,76,2026-01-10
426.895164613431,1713,76,2025-06-27
0.0,1,77,2026-01-10
456.16854964079596,1057,76,2026-01-13
0.0,0,54,2026-01-10
0.0,0,55,2026-01-13
0.0,0,55,2025-06-27
17.630836914294406,0,53,2026-01-10
0.0,0,51,2026-01-10
0.0,0,54,2025-06-27
0.0,0,51,2026-01-13
0.0,0,54,2026-01-13
0.0,0,55,2026-01-10
27.077053613464003,200,76,2025-12-25
286.07476914601045,1259,76,2025-03-21
429.1640991640527,1229,76,2025-09-27
0.0,5,77,2025-09-27
13.07808843883521,2,77,2025-07-12
467.120465573047,1102,76,2025-07-12
0.0,0,77,2025-12-25
0.0,0,77,2025-03-21
7.621860818319959,0,53,2025-09-27
6.778992596993021,0,51,2025-03-21
10.961123288973283,0,53,2025-12-25
7.370899329621906,0,52,2025-03-21
0.0,0,51,2025-07-12
0.0,0,51,2025-12-25
10.412474433448907,0,53,2025-03-21
0.0,0,54,2025-07-12
8.92939423084097,0,53,2025-07-12
7.9096277486374476,6,77,2025-08-13
0.0,8,77,2025-04-02
2385.1495550221816,2047,76,2025-10-21
702.8858464099216,1762,76,2025-08-13
753.1759276375005,1083,76,2025-01-23
2.683611956508642,0,77,2025-01-11
30.789090547916842,1,77,2025-09-11
244.07357903656077,2084,76,2025-04-02
0.0,6,77,2025-01-23
358.85961366113315,452,76,2025-01-11
336.8733675627225,1940,76,2025-09-11
0.0,2,77,2025-10-21
8.795266835518149,1,51,2025-08-13
42.024898898390326,0,55,2025-04-02
0.0,0,54,2025-10-21
0.0,0,55,2025-10-21
0.0,0,52,2025-10-21
38.98656011689481,0,51,2025-04-02
30.851727357975832,0,55,2025-09-11
0.0,0,54,2025-01-23
0.0,0,51,2025-10-21
3.918498083058921,0,54,2025-01-11
12.423445158235594,0,52,2025-08-13
12.361787092289262,0,53,2025-04-02
0.9048139368591706,0,51,2025-01-11
474.6862166296862,1593,76,2025-07-10
22.26774698202253,1,77,2026-01-19
236.46250087865303,1329,76,2026-01-19
0.0,6,77,2025-07-10
17.962979051693907,0,53,2025-07-10
10.033654342254763,0,55,2025-07-10
20.796440372102325,0,53,2026-01-19
0.0,0,54,2026-01-19
0.0,0,52,2026-01-19
0.0,0,51,2026-01-19
0.0,10,77,2025-07-25
10.214598608379006,1,77,2026-03-24
997.2049813058617,2304,76,2025-09-22
1400.7841080987237,1112,76,2026-03-24
0.0,5,77,2025-06-23
657.2420809691107,2726,76,2025-06-23
1248.505942943335,1391,76,2025-07-25
6.519560011840355,2,77,2025-09-22
0.0,0,51,2026-03-24
0.0,0,52,2025-06-23
3.2703816826738716,0,55,2026-03-24
0.0,0,52,2026-03-24
3.479996198049861,0,54,2026-03-24
8.809627121059762,0,53,2025-06-23
0.0,0,54,2025-09-22
0.0,0,52,2025-07-25
0.0,0,51,2025-07-25
855.1797299210915,1,53,2025-07-25
39.73463550675085,3,77,2025-08-24
107.47092080476739,2572,76,2025-11-30
0.0,8,77,2026-03-11
398.52104830028793,1311,76,2025-08-24
0.0,2,77,2025-11-08
142.35957347195261,904,76,2025-11-08
6.985072481446338,0,77,2025-11-30
438.0416170141715,1772,76,2026-03-11
0.0,0,55,2025-11-30
0.0,0,52,2026-03-11
0.0,0,52,2025-08-24
0.0,0,54,2025-11-08
0.0,0,51,2025-11-30
0.0,0,51,2025-11-08
0.0,0,52,2025-11-30
0.0,0,54,2025-11-30
0.0,0,51,2025-08-24
0.0,0,55,2026-03-11
0.0,0,52,2025-11-08
0.0,0,55,2025-11-08
12.340746028026317,0,53,2026-03-11
0.0,11,77,2025-03-04
703.1412072004407,1734,76,2025-03-04
0.0,4,77,2025-02-24
754.8140443135737,1943,76,2025-02-24
0.0,0,51,2025-02-24
0.0,0,54,2025-02-24
88.6401607780444,0,52,2025-03-04
0.0,0,52,2025-02-24
12.144783585867472,0,53,2025-02-24
106.5894817227097,0,54,2025-03-04
0.0,0,55,2025-02-24
101.82198765841417,0,55,2025-03-04
3.4248087665703935,1,77,2025-07-14
3.4245847411872887,5,77,2025-01-14
26.492220986880824,1,77,2025-06-01
703.098421956088,878,76,2025-07-01
629.0509918026318,789,76,2025-07-02
21.900568737574844,0,77,2025-11-27
793.9972582706773,2608,76,2025-07-14
116.1291937110814,474,76,2025-11-27
370.7112637142435,1236,76,2025-01-14
9.328739855255066,4,77,2025-09-10
140.0336403555787,1811,76,2025-06-01
4.349505371507178,5,77,2025-07-02
792.9002100063051,2119,76,2025-09-10
2.7531559625668507,3,77,2025-07-01
0.0,0,55,2025-07-02
0.0,0,51,2025-07-14
0.0,0,52,2025-01-14
0.0,0,54,2025-01-14
2.860617630569166,0,52,2025-07-01
16.137782009754204,0,53,2025-01-14
0.0,0,51,2025-06-01
0.0,0,55,2025-07-14
0.0,0,51,2025-07-01
0.0,0,51,2025-09-10
7.6719443975185015,0,53,2025-06-01
11.04864357055385,0,53,2025-11-27
0.0,0,52,2025-07-14
0.0,0,54,2025-09-10
0.0,0,55,2025-09-10
0.0,0,52,2025-06-01
0.0,0,54,2025-07-14
0.0,0,54,2025-07-01
0.0,0,55,2025-06-01
156.68771414220032,1618,76,2026-04-16
5.5569536679518166,4,77,2025-05-24
2.7813293403300605,13,77,2025-12-04
585.5691080429642,1614,76,2025-12-04
1167.45041266908,1972,76,2025-03-10
3.618092075999826,5,77,2025-03-10
0.0,12,77,2026-04-16
108.11824129729709,843,76,2025-05-24
7.75205265068405,0,51,2025-12-04
0.0,0,52,2026-04-16
0.0,0,55,2026-04-16
19.181962801897214,0,55,2025-12-04
0.0,0,51,2025-05-24
0.0,0,51,2025-03-10
0.0,0,52,2025-05-24
5.8133387487846875,0,53,2026-04-16
0.0,0,51,2026-04-16
0.0,0,55,2025-03-10
0.0,0,52,2025-03-10
0.0,0,54,2025-03-10
8.156062039698952,0,53,2025-12-04
729.0105075862812,1033,76,2025-12-14
0.0,0,77,2026-04-26
1499.2497859471757,1089,76,2025-01-15
0.0,0,77,2026-02-01
2186.1223423226415,1534,76,2025-09-03
1381.3955576289857,1176,76,2026-02-01
48.79983005646204,0,77,2025-09-07
0.0,1,77,2025-09-03
45.23076117317077,0,77,2025-12-14
69.2218811230403,1707,76,2026-04-26
531.6414692117238,2458,76,2025-09-07
0.0,4,77,2025-01-15
9.38752884978102,0,55,2026-02-01
0.6744349561732292,0,52,2025-01-15
1.588279740664916,0,55,2025-01-15
13.356036607825416,0,53,2025-01-15
11.815878815597927,0,53,2025-12-14
9.470596848812036,0,54,2026-02-01
0.0,0,52,2025-09-03
0.0,0,51,2026-04-26
0.0,0,55,2025-09-03
0.0,0,55,2026-04-26
0.0,0,51,2025-09-03
5.34604726485675,0,52,2026-02-01
0.0,0,55,2025-12-14
6.727951000545858,0,53,2025-09-07
6.072458913172497,0,26,2025-11-14
269.7441245238275,1164,28,2026-02-13
10.626568574991566,0,26,2025-05-15
6.348076894784853,0,30,2026-04-14
10.98603777283634,0,29,2026-02-13
12.37275015794583,0,30,2026-02-13
9.092425067052346,0,30,2025-11-14
14.782390520261146,0,30,2025-05-15
9.170499746456045,0,29,2025-11-14
4.965880011865494,0,29,2026-04-14
3.5099631191254446,0,27,2026-04-14
4.041616517943709,0,26,2026-04-14
628.3930964771989,1109,28,2025-11-14
174.13713504877995,1617,28,2026-04-14
10.656117414131202,0,26,2026-02-07
10.64004408767427,0,27,2026-02-07
218.5658917739359,648,28,2026-02-07
20.49330818989418,0,35,2025-11-14
7.254054655635343,0,31,2026-02-13
2010.410152042025,1069,32,2026-02-07
12.012336253570126,0,31,2025-05-15
8.918785082283662,0,35,2026-04-14
7.787754422755185,7,35,2026-02-13
2013.2702155477064,2050,32,2026-02-13
5.016119611603074,2,34,2026-04-14
9.386445519586218,0,31,2025-11-14
2119.426286321704,2511,32,2026-04-14
5.625384709676453,252,33,2026-04-14
18.080286472625218,2,35,2025-05-15
0.0,0,27,2026-03-18
278.3301777222972,1368,28,2025-02-27
0.7961923448655313,0,30,2026-03-18
8.365350642839758,0,29,2025-06-29
1.986395513395891,0,27,2025-02-27
212.86006991890713,1829,28,2026-03-18
6.374721738389582,0,29,2025-11-21
6.201188335509485,0,30,2025-11-21
8.247963797428184,0,30,2025-06-20
2.6772859282556993,0,29,2025-02-27
4.87009027541437,0,27,2025-11-21
359.17620955783207,1268,28,2025-11-21
2.7589594788374683,0,30,2025-02-27
0.0,0,26,2026-03-18
4.50699550445654,0,26,2025-11-21
505.47704595050845,301,28,2025-06-29
4.7612427697839905,0,27,2025-06-20
6.538415547882153,0,27,2025-06-29
9.760248029092125,0,30,2025-06-29
6.813778938948218,0,29,2025-06-20
0.19313489251389626,0,29,2026-03-18
2498.6148223067826,800,32,2025-06-29
2.6529081559820185,0,31,2025-02-27
6.049729469442681,1,34,2025-11-21
8.391902795172584,677,33,2025-06-20
2584.000442312011,2535,32,2025-06-20
15.452536370982713,4,35,2025-06-20
7.591879603973439,0,34,2025-06-29
2.877680815083721,7,34,2026-03-18
10.68891793953189,144,33,2025-06-29
9.237501244437368,0,31,2025-06-29
7.447233789681576,0,31,2025-06-20
1611.1803389363038,1981,32,2025-11-21
5.8670918738783655,2,34,2025-06-20
6.5888803469400585,0,30,2025-07-19
1.5287398839449935,0,29,2025-04-15
13.191089876058754,0,30,2025-08-30
2.7501575362516206,0,30,2025-04-15
799.4295434122846,581,28,2025-07-19
7.468028225132244,0,27,2025-07-19
16.184553787942605,0,30,2025-08-06
7.884983372897111,0,27,2025-08-30
1857.9472974388925,2496,32,2025-04-15
1.2473709960585921,3,34,2025-04-15
35.8265850460536,1,35,2025-07-19
2727.232462142702,2667,32,2025-08-06
8.192701772733585,16,34,2025-08-30
8.586084833589595,4,34,2025-07-19
2511.59507856086,1461,32,2025-08-30
7.794039639391897,1,35,2025-04-15
439.40188287961973,1322,28,2025-07-31
13.207855755358025,0,30,2025-05-06
0.29178651093883445,0,27,2026-02-27
8.512213025972798,0,27,2025-05-06
3.3011111638932675,0,27,2026-02-02
0.3285588785213349,0,26,2026-02-27
2.6722731447790835,0,26,2026-02-02
273.47410239239093,1475,28,2025-05-06
0.0,0,29,2025-07-31
3.3440997439041382,0,29,2026-02-02
133.9704777874173,1142,28,2026-02-02
10.934285276606317,4,35,2026-02-02
2171.1546339328243,2537,32,2025-07-31
8.570286603216132,136,33,2026-02-02
1922.8545225925254,2087,32,2026-02-27
0.8053595188020779,2,31,2026-02-27
1896.499492875422,3241,32,2025-05-06
19.00372725975201,0,29,2025-10-16
575.6743691463038,1509,28,2025-10-16
15.442523907559575,0,26,2025-10-16
10.27200437576495,0,30,2025-08-12
3.0665395689963617,0,27,2025-11-04
1.6973983822493608,0,30,2025-11-18
298.30763105925075,1864,28,2026-04-30
288.1959443967901,1524,28,2025-08-12
5.925780648154628,0,29,2025-11-04
244.9725530290022,1527,28,2025-11-04
6.96697821571064,0,26,2026-03-10
17.834966240089003,0,30,2025-10-16
169.88759740140614,1747,28,2025-11-18
7.392266398349761,0,30,2025-11-04
3.0433849105678092,0,27,2026-04-30
4.295993250054849,0,29,2026-04-30
2.7805544522011303,0,26,2026-04-30
5.48450736062145,0,30,2026-04-30
18.24975197124739,0,27,2025-10-16
4.2649216978038424,0,31,2025-11-04
2.7546752884724413,0,34,2025-11-18
9.014598336692586,4,34,2026-03-10
2.989777287520397,563,33,2025-11-18
8.928811636535656,638,33,2026-03-10
7.5249402494450095,2,34,2025-08-12
8.43965760488021,3,35,2025-11-18
21.086881991267944,2,34,2025-10-16
0.09898871193998104,0,31,2025-11-18
7.407513935648765,1,34,2025-11-04
12.400881931162019,0,29,2025-02-07
13.388651673764613,0,26,2025-11-24
0.7710336780970124,0,30,2025-12-18
3.2311324832042914,0,26,2025-03-11
13.021731810321256,0,30,2025-02-07
360.5339403023172,971,28,2025-11-24
17.240258743558655,0,29,2025-02-09
1.969564292527238,0,30,2025-11-05
286.09152503524894,120,28,2025-02-09
16.757209711169153,0,30,2025-02-09
10.171442467914773,0,27,2025-02-07
0.0,0,27,2025-11-05
430.3077990204757,1540,28,2025-11-05
387.51504667596737,791,28,2025-02-07
7.305003090820961,0,29,2025-03-11
9.26175978337227,0,30,2025-03-11
16.95887292134003,0,27,2025-02-09
17.24269615682212,0,29,2025-03-12
2.9657404225121695,0,27,2025-03-11
270.5574319281599,1408,28,2025-03-11
14.084783359840742,0,30,2025-11-24
22.41396580095757,168,33,2025-11-24
2105.573919922328,3109,32,2025-12-18
4.971395303637422,0,34,2025-03-11
18.83143903873885,0,34,2025-11-24
2129.6166719413272,2498,32,2025-03-12
8.151200627577765,5,35,2025-12-18
1741.6478052824518,1416,32,2025-02-07
8.552938719125251,2,35,2025-11-05
2361.4041746321222,1744,32,2025-11-24
0.914813623275279,0,31,2025-12-18
20.838907877247237,156,33,2025-02-09
1772.617736715679,2438,32,2025-03-11
19.018442484285742,0,34,2025-02-09
227.1942493839783,547,28,2026-01-10
5.513528431548764,0,26,2026-01-10
8.002736863964358,0,26,2026-01-13
14.853872479339103,0,29,2025-06-27
6.0048066369442665,0,27,2026-01-10
20.75138771858414,3,35,2025-06-27
9.29002718998322,0,31,2026-01-13
6.937062336900738,0,31,2026-01-10
13.152898237579308,142,33,2026-01-13
11.736657251163649,0,34,2026-01-13
1926.178719860509,1010,32,2026-01-10
11.180196281041518,189,33,2026-01-10
1895.785927181954,2103,32,2025-06-27
21.44169108573692,0,27,2025-09-27
331.53986306989145,81,28,2025-12-25
7.1823853365882115,0,29,2025-12-25
1048.116912164854,512,28,2025-07-12
19.79063642534942,0,30,2025-09-27
12.664153590096788,0,29,2025-03-21
7.0003247678465215,0,30,2025-07-12
7.837706094918929,0,29,2025-07-12
8.065126040568117,0,27,2025-07-12
504.8997946532447,735,28,2025-09-27
15.003845237192337,0,30,2025-03-21
1295.099586045628,174,32,2025-12-25
6.409237840066922,5,34,2025-12-25
9.70507229924793,0,31,2025-03-21
17.293790014119935,303,33,2025-07-12
21.0681580425247,3,35,2025-09-27
19.382756330156397,0,29,2025-09-11
13.251786617484726,0,30,2025-08-13
0.0,0,27,2025-10-21
0.0,0,30,2025-10-21
17.376736052156616,0,27,2025-09-11
667.1517806586712,1397,28,2025-08-13
6.4025740089687275,0,29,2025-04-02
266.9713388352779,1584,28,2025-04-02
15.444077428275676,0,29,2025-01-11
0.0,0,26,2025-10-21
12.731878272443993,0,27,2025-08-13
337.63015006226294,246,28,2025-01-11
0.0,0,29,2025-10-21
15.52519269657185,0,27,2025-01-11
8.895343548432194,0,26,2025-01-23
371.38414737268783,1716,28,2025-10-21
18.021454576791783,0,26,2025-09-11
18.23549027767605,0,30,2025-09-11
2.9962652233427747,539,33,2025-10-21
15.646720330645024,0,31,2025-08-13
15.904948572505859,0,35,2025-01-23
17.566154530938405,477,33,2025-08-13
17.93653452453995,0,34,2025-01-11
1974.1561929206505,2254,32,2025-01-23
6.6951055280724745,0,31,2025-04-02
15.386214113806389,912,33,2025-09-11
2433.187702096288,2477,32,2025-08-13
9.590155949997396,0,31,2025-01-23
27.598149394611738,4,35,2025-08-13
14.001389075161697,0,34,2025-08-13
21.26162392851083,3,35,2025-09-11
13.4273924024898,0,27,2026-01-19
12.785356605731494,0,29,2026-01-19
173.35285680568208,778,28,2026-01-19
12.812242962934263,0,30,2025-07-10
19.58338357172279,171,33,2026-01-19
11.267734812661402,1,31,2025-07-10
1485.2681543113197,1177,32,2026-01-19
2147.092093701043,2569,32,2025-07-10
11.78911069859096,308,33,2025-07-10
8.326880491284314,0,27,2025-09-22
508.059643855089,1230,28,2025-06-23
855.1516243652039,0,27,2025-07-25
7.615688944598219,0,27,2025-06-23
855.1746959356059,0,30,2025-07-25
14.646018787777663,0,30,2026-03-24
11.507455446935026,0,30,2025-09-22
12.820765817446741,0,27,2026-03-24
855.161477191177,0,26,2025-07-25
10.954860117358493,0,30,2025-06-23
7.542868246303399,0,26,2025-06-23
854.9329789302448,2185,32,2025-07-25
15.318954979677969,3,34,2026-03-24
10.706911656515302,615,33,2025-06-23
21.607387734062527,0,35,2026-03-24
1420.6601599115547,1920,32,2025-09-22
523.4619147658846,278,28,2025-08-24
281.10313234714636,632,28,2025-11-08
0.0,0,27,2026-03-11
174.2797712018479,1757,28,2026-03-11
0.0,0,30,2026-03-11
0.0,0,26,2025-11-08
11.415480677925672,0,29,2025-08-24
0.9654703566420721,0,29,2025-11-08
10.25477718776844,0,27,2025-11-30
9.568909938575374,0,27,2025-08-24
9.647089369302265,0,26,2025-11-30
0.0,0,27,2025-11-08
1.6512850850102723,12,34,2026-03-11
1607.1837365192941,916,32,2025-11-30
18.312642017498234,0,35,2025-11-30
8.88457416922401,1,35,2025-11-08
5.737726540275503,2,35,2026-03-11
10.846944181548778,0,31,2025-08-24
0.86947123084731,0,31,2025-11-08
2.8888090739012284,0,26,2025-03-04
9.930854797188644,0,30,2025-02-24
334.7566743964173,830,28,2025-02-24
8.442791724729275,0,26,2025-02-24
4.021446004026984,0,29,2025-03-04
10.189500870216477,0,29,2025-02-24
5.071936900506927,0,30,2025-03-04
9.469082859070497,0,27,2025-02-24
9.807810391517847,0,35,2025-03-04
4.598494137000557,0,31,2025-03-04
19.546160629984016,1,35,2025-02-24
5.758220667045137,1,34,2025-03-04
11.929025018494059,0,27,2025-07-02
546.6972835171591,203,28,2025-11-27
14.728326817033505,0,30,2025-07-02
13.160660570224906,0,27,2025-07-14
11.276865219946771,0,29,2025-06-01
12.233592563041782,0,30,2025-06-01
14.32621956096483,0,29,2025-07-02
11.051785766759338,0,27,2025-11-27
4.4945077987875806,0,27,2025-01-14
9.58544325255528,0,27,2025-06-01
12.39489251635814,0,29,2025-11-27
11.788154253253154,0,30,2025-11-27
701.4018742389753,1611,28,2025-09-10
14.112305644899465,0,26,2025-07-14
9.545983649116579,0,29,2025-07-01
7.550608911351574,0,26,2025-07-01
12.837452823132097,0,26,2025-07-02
88.24396287132458,1323,28,2025-01-14
5.982780259647939,0,27,2025-07-01
566.6115907113881,1126,28,2025-07-02
15.073914841177725,0,29,2025-09-10
12.47669997025244,0,31,2025-07-02
8.990953096733747,0,35,2025-01-14
5.631682406206778,195,33,2025-07-01
1374.7601318136753,575,32,2025-11-27
9.931837864527381,6,35,2025-07-01
12.324231052126308,177,33,2025-07-02
13.98415122011572,41,33,2025-11-27
8.34918741695877,0,34,2025-01-14
1933.525199337764,2101,32,2025-07-14
11.2382065812388,0,31,2025-07-14
18.41729233778284,4,35,2025-07-02
8.020053886721286,105,33,2025-01-14
1358.0394036453702,2031,32,2025-01-14
5.42956076421072,0,34,2025-07-01
12.043745312684138,1518,33,2025-06-01
0.0,0,26,2026-04-16
13.218978556413646,0,30,2025-05-24
7.6968040758376475,0,26,2025-03-10
202.14756809398204,1994,28,2025-12-04
0.8888783795822945,0,29,2026-04-16
10.09452805212787,0,27,2025-05-24
12.955800007461988,0,30,2025-03-10
10.858285894281437,0,27,2025-12-04
12.86312675484237,0,30,2025-12-04
13.184657049303482,0,29,2025-12-04
9.533331988133469,0,26,2025-12-04
1.9707708996119635,0,30,2026-04-16
16.429981776681686,0,35,2025-12-04
11.891820425203989,512,33,2025-12-04
22.366600141548375,2,35,2025-05-24
11.645217191056105,0,31,2025-12-04
13.048044811823914,2,35,2025-03-10
4.3780298754644065,264,33,2026-04-16
11.802150560467027,1,34,2025-12-04
8.736074882461935,116,33,2025-03-10
568.216775651621,1311,28,2025-09-03
13.86850728824075,0,30,2026-02-01
5.447130603882712,0,27,2025-01-15
176.72080164817567,1426,28,2025-01-15
5.3977496597754,0,30,2025-01-15
11.4732670739606,0,26,2025-12-14
0.80921271527356,0,30,2025-09-03
13.664992491351,0,26,2026-02-01
10.122774512433182,0,29,2026-04-26
0.0,0,26,2025-09-03
154.26613816575954,585,28,2025-12-14
7.917392768123179,0,27,2026-04-26
5.7011821451973645,0,29,2025-01-15
9.537979980839353,0,29,2025-09-07
7.82403654626485,0,26,2025-09-07
7.525681220835935,0,27,2025-09-07
428.8295163053639,349,28,2025-09-07
10.084040560758893,0,30,2025-09-07
11.0496666316929,0,27,2025-12-14
11.22120994588235,0,30,2026-04-26
5.945305352367242,234,33,2025-09-03
14.907434038310754,0,31,2026-02-01
1128.2381234012828,1230,32,2025-12-14
15.366724675596075,0,35,2025-12-14
14.587524963624318,0,35,2026-04-26
8.614153945101165,0,31,2026-04-26
12.145627779654163,202,33,2025-12-14
1095.9486496690085,1082,32,2025-09-07
23.007344437856943,0,35,2026-02-01
12.747414238412887,1,35,2025-01-15
5.539760672880561,0,23,2025-05-15
60.614610260895724,5,24,2025-05-15
0.0,0,21,2026-04-14
2.2573643031029604,0,23,2026-04-14
2.0206169462679924,0,25,2025-11-14
23.856346832119385,2,22,2025-11-14
105.29919291984059,8,24,2025-11-14
0.18060275632726075,0,23,2025-11-14
14.596855501099029,2,22,2025-05-15
5.85280859471743,0,25,2026-02-07
7.607235125589,0,22,2026-04-14
7.253528264400316,0,25,2026-02-13
0.0,0,13,2026-02-07
0.0,0,12,2026-02-13
0.0,0,13,2025-11-14
53.44733370992536,0,15,2026-04-14
0.0,0,11,2025-11-14
0.0,0,15,2026-02-07
11.97572002229495,0,11,2026-02-13
10.242638909146848,0,14,2026-02-13
29.10805519690173,0,13,2026-04-14
33.52579631935794,0,11,2025-05-15
0.0,0,15,2025-11-14
0.0,0,12,2025-11-14
4.125858101960787,0,12,2025-05-15
23.590556383990574,0,15,2026-02-13
27.157812675605825,0,15,2025-05-15
63.55961755446874,0,11,2026-04-14
88.8615646156327,1,24,2025-06-29
0.0,0,21,2026-03-18
10.567113952676095,0,22,2025-11-21
5.67845713988163,0,22,2026-03-18
1.4151645801220383,0,23,2025-06-20
0.0,2,21,2025-06-20
0.0,0,25,2025-02-27
10.506506288145161,0,22,2025-02-27
3.2498175364864323,0,23,2025-06-29
44.55786342597131,5,24,2025-02-27
0.0,0,14,2025-02-27
9.151396262689985,0,12,2025-06-20
0.0,0,15,2026-03-18
0.0,0,12,2026-03-18
0.0,0,13,2025-02-27
0.0,0,11,2025-02-27
0.0,0,11,2026-03-18
0.0,0,21,2025-04-15
167.8366429070913,5,24,2025-07-19
93.4819494706225,8,24,2025-08-06
77.48952197948024,3,24,2025-08-30
0.0,0,25,2025-04-15
0.0,0,21,2025-08-30
3.2341806339719454,0,23,2025-07-19
7.957309966718768,0,23,2025-08-06
0.0,0,23,2025-04-15
0.0,0,13,2025-08-06
0.0,0,11,2025-07-19
0.0,0,14,2025-08-06
0.0,0,15,2025-07-19
0.0,0,13,2025-08-30
24.919761474753457,0,13,2025-04-15
44.43217371551443,0,14,2025-04-15
105.77012683542729,0,12,2025-04-15
0.0,0,12,2025-08-30
0.0,0,11,2025-08-30
0.0,0,15,2025-08-06
0.0,0,15,2025-08-30
0.0,0,25,2026-02-02
29.277570754511686,11,24,2026-02-27
0.0,0,23,2025-07-31
3.13958894638246,0,22,2026-02-02
0.0,0,21,2026-02-02
1.2596773396407315,0,23,2026-02-02
0.0,0,13,2026-02-27
0.2727223447384688,0,13,2026-02-02
4.812838022710082,0,14,2026-02-02
0.40080988092714165,0,11,2025-05-06
0.0,0,11,2026-02-27
0.0,1,15,2025-07-31
0.0,0,14,2026-02-27
22.547578207620163,0,12,2026-02-02
0.0,0,12,2025-07-31
0.0,0,13,2025-05-06
0.0,0,15,2025-05-06
0.0,0,14,2025-05-06
31.21013542797077,0,15,2026-02-02
0.0,0,21,2025-11-04
20.614691731701512,2,24,2025-11-04
0.0,1,22,2025-11-18
0.0,0,21,2025-11-18
9.745435982354593,0,25,2025-10-16
0.0,0,23,2025-11-04
8.532363621038186,0,23,2025-10-16
0.0,0,25,2025-11-04
54.15808465045867,5,24,2026-04-30
14.365657843878296,0,22,2026-04-30
1.0072179690453567,0,21,2026-03-10
4.705970993888187,0,23,2026-03-10
17.936310846606077,2,22,2025-08-12
1.652041281954368,0,21,2025-08-12
15.35566971612296,7,24,2025-11-18
35.36024992300484,0,12,2025-08-12
0.0,0,12,2025-10-16
0.0,0,12,2025-11-04
0.0,0,14,2026-04-30
81.72686860059586,0,11,2025-08-12
0.0,0,13,2025-11-04
22.440626976938276,0,15,2026-04-30
0.0,0,11,2025-11-18
0.0,0,11,2025-10-16
0.0,0,12,2025-11-18
28.735388167023743,0,11,2026-04-30
70.17397678789564,0,15,2025-08-12
0.0,0,15,2026-03-10
0.0,0,14,2025-11-04
0.0,0,15,2025-11-18
0.0,2,12,2026-03-10
0.0,0,15,2025-10-16
52.529175575349825,0,24,2025-02-09
11.01433203710289,0,21,2025-02-09
14.135167630234932,0,23,2025-02-09
0.0,0,21,2025-03-11
0.0,0,25,2025-11-05
0.0,0,22,2025-11-05
55.630874399343774,3,24,2025-11-05
0.0,0,23,2025-11-05
0.0,0,22,2025-03-12
0.0,0,23,2025-03-11
6.026426121220183,0,25,2025-02-07
0.0,0,21,2025-02-07
4.80374241162589,0,23,2025-02-07
36.24202671629591,12,24,2025-12-18
0.0,0,21,2025-03-12
0.0,0,21,2025-11-05
9.756148290906324,0,23,2025-11-24
0.0,0,21,2025-12-18
7.6992360479293325,0,23,2025-03-12
0.0,0,11,2025-02-09
0.0,0,14,2025-02-09
540.2173348647034,0,11,2025-11-24
0.0,0,14,2025-03-11
0.0,0,14,2025-11-05
0.0,0,11,2025-12-18
0.0,0,13,2025-03-11
0.0,0,13,2025-03-12
0.0,0,11,2025-11-05
0.0,0,11,2025-03-12
402.20944351293804,0,13,2025-11-24
0.0,0,15,2025-02-07
0.0,0,12,2025-02-09
489.0428454268714,0,12,2025-11-24
0.0,0,11,2025-02-07
0.0,0,13,2025-02-09
0.0,0,15,2025-11-05
0.0,0,14,2025-03-12
0.0,0,12,2025-03-11
0.0,0,15,2025-03-11
40.51588529830225,9,24,2026-01-10
11.88832315926517,0,25,2025-06-27
3.778310770148778,0,21,2025-06-27
35.13626091065584,1,24,2026-01-13
0.6418354756790023,0,25,2026-01-13
39.26767968366158,3,22,2025-06-27
0.0,0,13,2025-06-27
0.0,0,15,2026-01-13
0.0,0,12,2025-06-27
0.0,0,15,2026-01-10
0.0,0,14,2025-06-27
0.0,0,11,2026-01-13
12.630968132616033,0,22,2025-03-21
51.937418403683026,4,24,2025-03-21
219.2291655131122,9,24,2025-07-12
24.611982608382633,0,22,2025-09-27
34.16601524434483,0,24,2025-12-25
9.98501902918504,0,25,2025-07-12
0.0,0,25,2025-12-25
12.719048552498265,0,23,2025-09-27
0.0,0,21,2025-12-25
0.0,0,21,2025-03-21
0.0,0,22,2025-12-25
0.0,0,23,2025-12-25
0.0,0,14,2025-03-21
0.0,0,11,2025-12-25
0.0,0,15,2025-12-25
0.0,0,15,2025-03-21
0.0,0,13,2025-03-21
0.0,0,12,2025-09-27
0.0,0,13,2025-12-25
0.0,0,15,2025-07-12
0.0,0,14,2025-09-27
0.0,0,11,2025-07-12
0.0,0,13,2025-09-27
7.509363157025263,1,11,2025-09-27
0.0,0,12,2025-12-25
4.165840918124488,0,23,2025-08-13
18.389397701020826,0,22,2025-09-11
2.5321671147218296,0,21,2025-09-11
124.59418459294366,1,24,2025-08-13
23.012015266630286,0,22,2025-01-11
3.031346585888471,0,21,2025-01-23
53.416610688085186,9,24,2025-10-21
10.77784600676695,0,25,2025-01-11
0.0,0,21,2025-08-13
10.14037617245934,0,21,2025-01-11
12.520311425867618,0,23,2025-01-11
0.0,0,23,2025-10-21
60.98512563941777,0,24,2025-01-11
0.0,0,25,2025-10-21
50.73372091496601,1,24,2025-04-02
2.1439810097524514,0,23,2025-04-02
11.502416855314394,0,23,2025-09-11
0.0,0,11,2025-04-02
0.0,0,11,2025-01-23
18.278348015622655,0,14,2025-10-21
0.0,4,12,2025-01-23
0.0,0,13,2025-08-13
0.0,0,13,2025-10-21
0.0,0,15,2025-01-23
0.0,0,15,2025-08-13
0.0,0,14,2025-08-13
0.0,0,12,2025-01-11
10.071632599117905,0,14,2025-09-11
77.38616798811503,0,12,2025-10-21
0.0,1,12,2025-04-02
0.0,0,15,2025-04-02
1.632527076628051,0,15,2025-09-11
0.0,0,14,2025-01-23
5.44348219734151,0,25,2025-07-10
9.490602095855039,0,23,2026-01-19
4.812024682339356,0,23,2025-07-10
0.0,0,12,2025-07-10
0.0,0,13,2025-07-10
0.0,0,14,2025-07-10
2.3328316484727765,0,11,2026-01-19
87.52159292850159,3,24,2025-06-23
78.14134935979695,1,24,2025-09-22
0.0,0,21,2025-06-23
6.022276145608885,0,25,2026-03-24
0.0,0,21,2026-03-24
6.686192065030525,0,25,2025-09-22
849.7476445812836,0,24,2025-07-25
853.9397839122478,0,21,2025-07-25
855.019805595369,0,25,2025-07-25
5.473343898768576,0,25,2025-06-23
855.0888369930735,0,23,2025-07-25
8.15169531496629,0,22,2026-03-24
22.488824921278905,1,22,2025-06-23
0.0,0,12,2025-09-22
0.0,0,13,2025-07-25
0.0,0,13,2025-09-22
15.74652807572211,0,15,2025-07-25
3.2608375900375535,0,15,2026-03-24
0.0,0,13,2026-03-24
0.0,0,14,2025-09-22
0.0,0,12,2026-03-24
0.0,0,15,2025-09-22
0.0,0,23,2026-03-11
0.0,0,25,2025-11-08
2.45223080688298,0,21,2025-08-24
14.493908195378125,0,22,2025-11-30
25.013191622797564,6,24,2026-03-11
0.0,0,21,2026-03-11
3.607008534067546,0,22,2025-11-08
41.02886678846666,14,24,2025-11-08
0.0,0,15,2025-11-30
0.0,0,12,2026-03-11
0.0,0,13,2026-03-11
0.0,0,12,2025-11-08
0.0,0,15,2025-08-24
0.0,0,13,2025-11-30
1.9786846428259253,0,15,2026-03-11
0.0,0,11,2025-08-24
0.0,0,12,2025-11-30
0.0,0,13,2025-11-08
0.0,0,11,2025-11-08
4.60869615594018,0,11,2026-03-11
0.0,0,14,2026-03-11
0.0,0,14,2025-11-30
0.0,0,15,2025-11-08
38.94494164192425,2,24,2025-03-04
0.0,0,21,2025-03-04
0.4822594442075996,0,21,2025-02-24
53.26160954585143,0,24,2025-02-24
0.26165900934472575,0,25,2025-03-04
1.1867825952590465,1,23,2025-03-04
0.0,0,14,2025-03-04
13.858155077538655,0,15,2025-03-04
128.31200944691076,7,24,2025-09-10
2.7589095309844254,0,23,2025-01-14
20.548178636481794,0,25,2025-07-14
18.261765719596752,0,22,2025-07-14
10.556814619674284,0,25,2025-07-02
5.850314366247133,0,23,2025-06-01
6.004919535131762,0,25,2025-11-27
1.5326761912896671,0,22,2025-01-14
1.9399580776997567,0,21,2025-07-02
11.603887830793298,3,24,2025-01-14
0.6367633892364637,0,21,2025-01-14
3.2502988718705836,0,23,2025-11-27
1.2627902986441484,0,21,2025-09-10
1.1869180789659737,0,21,2025-07-14
8.099218452703667,0,23,2025-07-14
0.0,0,21,2025-07-01
58.58334722964395,5,24,2025-06-01
7.7912579921733,0,23,2025-07-02
36.62284222923413,0,22,2025-09-10
7.988612273141712,0,14,2025-11-27
4.627339597699915,0,15,2025-07-14
0.0,0,11,2025-01-14
0.0,0,11,2025-09-10
0.0,0,12,2025-11-27
8.428415571616938,0,11,2025-07-14
0.0,0,13,2025-07-02
5.668091309471464,0,13,2025-11-27
0.0,0,12,2025-07-14
0.0,0,15,2025-06-01
0.0,0,13,2025-07-01
0.0,0,11,2025-07-02
0.0,0,14,2025-09-10
0.0,0,11,2025-06-01
3.795877515392334,0,14,2025-06-01
3.886799201801878,0,15,2025-07-01
0.0,0,11,2025-11-27
0.0,0,12,2025-07-01
0.0,0,13,2025-09-10
3.715598857515971,0,22,2025-03-10
10.235141370499505,0,25,2025-12-04
5.821026234683146,0,22,2025-12-04
7.594545556255056,0,25,2025-05-24
30.61444832860218,29,24,2025-12-04
0.0,0,25,2026-04-16
55.50340292720866,9,24,2026-04-16
5.377045166732188,0,23,2025-05-24
3.9056870536381894,0,23,2025-12-04
27.006428600860175,0,22,2025-05-24
90.5821526937376,2,24,2025-05-24
0.0,0,14,2025-05-24
0.0,0,13,2026-04-16
0.0,0,15,2026-04-16
0.0,0,11,2025-12-04
0.0,0,11,2025-05-24
0.0,0,11,2026-04-16
0.0,0,13,2025-05-24
27.790084756948502,2,24,2025-01-15
5.680357894342379,0,25,2025-12-14
0.0,0,21,2025-12-14
0.8917370457183864,0,21,2025-09-07
0.0,0,22,2025-12-14
39.82260558369617,18,24,2026-04-26
0.0,0,21,2025-01-15
6.1551049313465,0,23,2025-12-14
11.682920934845399,0,23,2026-02-01
5.195617251943432,0,25,2025-09-07
65.86551293625998,3,24,2025-09-07
0.0,0,21,2025-09-03
13.923534585437366,17,24,2025-12-14
22.487807994513375,0,22,2025-09-03
9.417438901039773,0,21,2026-02-01
0.0,0,13,2026-04-26
0.0,0,13,2025-01-15
0.0,0,13,2025-12-14
33.65987206700353,0,15,2026-02-01
35.417752134793034,0,11,2025-01-15
41.93633845411794,0,11,2026-02-01
34.464131231173944,0,12,2025-09-03
0.0,0,15,2026-04-26
0.0,0,14,2025-12-14
0.0,0,11,2026-04-26
5.4521899178428015,349,33,2026-02-13
2450.6803117550144,3028,32,2025-05-15
11.406431257228135,420,33,2025-05-15
12.589300294781552,172,33,2025-11-14
10.219445879524017,1,34,2025-11-14
11.233895832216803,0,31,2026-02-07
2061.48869108157,1963,32,2025-11-14
14.425274668048743,290,33,2026-02-07
17.709998784764565,5,35,2026-02-07
4.478388679540529,0,31,2026-04-14
11.64904318638176,0,34,2025-05-15
14.169740033768988,5,34,2026-02-07
6.208261131503832,7,34,2026-02-13
0.003092676197340438,0,18,2025-11-14
39.10243597475805,0,19,2026-04-14
103.63494074357416,0,17,2025-05-15
0.0,0,19,2026-02-07
12.9837923517087,0,16,2026-02-13
12.493752827154495,3,35,2025-11-21
8.703333169865473,2,35,2025-02-27
3.825665293461469,309,33,2026-03-18
2463.3653027949617,2791,32,2026-03-18
4.530108919926562,196,33,2025-02-27
19.135286019023425,1,35,2025-06-29
0.7550098293149574,0,31,2026-03-18
5.324878050459816,0,31,2025-11-21
7.646519390839501,4,35,2026-03-18
6.674137065427601,241,33,2025-11-21
2265.830983619222,2437,32,2025-02-27
3.470749317822495,0,34,2025-02-27
0.0,0,19,2026-03-18
0.0,0,20,2025-02-27
0.0,0,17,2025-02-27
0.0,0,20,2025-06-20
0.0,0,18,2025-11-21
0.0,0,16,2025-06-29
42.88964739583892,0,19,2025-06-29
0.0,0,16,2025-02-27
157.77156317333686,0,17,2025-06-29
0.0,0,17,2025-11-21
0.7437474106041293,0,31,2025-04-15
16.236450987443845,1,35,2025-08-30
20.618614787902004,373,33,2025-08-06
18.302045227990845,2,34,2025-08-06
12.612905934766147,0,31,2025-07-19
9.52293903123288,298,33,2025-08-30
29.237110407372626,1,35,2025-08-06
1850.1733128022072,1526,32,2025-07-19
9.949950065467775,0,31,2025-08-30
17.88478896183554,1,31,2025-08-06
18.27735239901355,474,33,2025-07-19
2.1137139417815973,212,33,2025-04-15
0.0,0,18,2025-08-06
0.0,0,16,2025-07-19
2.264980070994042,0,20,2025-07-19
0.0,0,17,2025-08-30
0.0,0,18,2025-07-19
222.91735180629348,0,18,2025-04-15
0.0,0,34,2025-07-31
3.034293102007183,7,35,2026-02-27
7.881167297878449,2,34,2026-02-02
0.0,0,31,2025-07-31
8.087291463915705,1267,33,2025-05-06
8.121521997770685,0,34,2025-05-06
6.673465172523365,1,35,2025-07-31
3.9520684502796826,0,31,2026-02-02
0.6201291298503548,2,34,2026-02-27
8.921141010879595,0,31,2025-05-06
1482.7019198533242,1734,32,2026-02-02
11.876453877212725,6,35,2025-05-06
0.0,521,33,2025-07-31
1.0942679022160178,323,33,2026-02-27
0.0,0,19,2025-07-31
0.0,1,16,2025-07-31
83.28518144841158,0,17,2026-02-02
0.0,0,18,2026-02-27
0.0,0,16,2026-02-27
0.06937008942345813,0,19,2025-05-06
2396.618846246427,2812,32,2026-03-10
14.508926428818228,4,35,2025-08-12
2381.6315393391437,2483,32,2025-08-12
2136.3184991949597,3132,32,2025-11-18
7.140103765230478,356,33,2026-04-30
7.959737301880878,315,33,2025-11-04
4.978473773253313,0,31,2026-04-30
8.846525504122084,417,33,2025-08-12
20.38223523388136,0,31,2025-10-16
11.719900509609388,6,35,2026-03-10
11.655248160722294,0,35,2025-11-04
2933.261649176005,2888,32,2025-10-16
30.4003277550905,6,35,2025-10-16
8.165044488850967,0,31,2025-08-12
13.365621514142518,0,35,2026-04-30
5.3905201178027085,1,34,2026-04-30
7.874535236421551,0,31,2026-03-10
1868.885611710198,2606,32,2025-11-04
22.87634271472926,932,33,2025-10-16
2640.8685865584184,3302,32,2026-04-30
6.807576133950192,0,17,2026-03-10
41.321983255971475,0,18,2026-04-30
0.0,0,19,2025-11-04
20.31212581029159,0,17,2025-11-18
189.1021009469781,0,17,2025-08-12
0.0,0,20,2026-04-30
114.78760795978215,0,18,2025-08-12
0.0,0,20,2025-11-04
0.0,0,17,2025-10-16
0.0,0,18,2025-10-16
0.0,0,19,2026-03-10
15.952696835538589,0,31,2025-11-24
1578.7607028536245,2811,32,2025-11-05
4.079289429620218,0,31,2025-03-11
11.028439802937072,155,33,2025-02-07
24.417442199935934,0,35,2025-02-09
11.459021334963666,0,34,2025-03-12
3.7668858713219606,5,34,2025-12-18
12.264598495462394,3,35,2025-03-12
4.139741024407428,471,33,2025-12-18
10.819406141562268,0,31,2025-02-07
0.7221610893483614,0,34,2025-11-05
3.87935151544373,201,33,2025-03-11
10.82310340063367,2,35,2025-03-11
12.913601867279255,0,31,2025-03-12
10.839474554422338,0,34,2025-02-07
0.0,2,31,2025-11-05
27.73329321513272,0,35,2025-11-24
1611.6554518117318,275,32,2025-02-09
9.305840794843604,228,33,2025-03-12
0.9023304877984941,509,33,2025-11-05
17.458573023022197,0,31,2025-02-09
17.0155014116244,3,35,2025-02-07
607.1875656322906,0,17,2025-11-24
2.015262489742554,0,20,2025-03-12
0.0,0,19,2025-02-09
0.0,0,20,2025-03-11
0.0,0,17,2025-12-18
0.0,0,16,2025-03-11
0.0,0,19,2025-02-07
0.0,0,16,2025-02-07
0.0,0,20,2025-12-18
10.302673709629872,0,18,2025-03-12
14.051701823047622,0,20,2025-02-09
1484.6183354137765,2059,32,2026-01-13
19.023783135595764,1,35,2026-01-13
11.898843386270997,2,34,2025-06-27
10.269725690806808,0,34,2026-01-10
13.309743994547503,306,33,2025-06-27
14.306681565829521,0,31,2025-06-27
14.61747712212859,0,35,2026-01-10
0.0,0,19,2025-06-27
3.6769314337908696,0,20,2026-01-10
0.0,0,18,2025-06-27
0.0,0,19,2026-01-13
0.0,0,20,2026-01-13
0.0,0,18,2026-01-10
0.0,0,16,2025-06-27
2333.1217199545968,1678,32,2025-03-21
9.972005816645861,14,33,2025-12-25
32.14681215673069,0,35,2025-07-12
8.663332118367322,8,34,2025-07-12
16.6164270138443,372,33,2025-09-27
1248.0321942612748,1723,32,2025-09-27
13.511538695115732,0,31,2025-07-12
20.418511382885626,0,35,2025-12-25
10.816224990699254,4,35,2025-03-21
6.796700615507149,203,33,2025-03-21
18.78393086670411,0,31,2025-09-27
15.960935979752989,22,34,2025-09-27
7.921506581678912,0,31,2025-12-25
8.058317901344424,0,34,2025-03-21
2002.5000865671145,1194,32,2025-07-12
0.0,0,16,2025-07-12
6.9122255414029325,0,17,2025-03-21
0.0,0,19,2025-07-12
0.0,0,19,2025-03-21
0.0,0,16,2025-09-27
0.0,0,18,2025-03-21
0.0,0,16,2025-03-21
0.0,0,19,2025-09-27
2.2131663115284113,0,20,2025-03-21
0.0,0,16,2025-12-25
1.8255746844574219,0,17,2025-07-12
1976.5031141848303,410,32,2025-01-11
16.039482484461473,0,31,2025-01-11
13.02772872855796,0,34,2025-01-23
1.198628791827133,1,34,2025-10-21
12.795145811440136,0,35,2025-04-02
9.409160258842448,0,35,2025-10-21
2696.792808047663,2497,32,2025-04-02
23.964640404518008,0,35,2025-01-11
0.0,0,31,2025-10-21
16.244342684693265,0,31,2025-09-11
2810.61814501918,2757,32,2025-09-11
13.188977344412876,110,33,2025-01-23
7.117742577337481,0,34,2025-04-02
15.186220659786088,3,34,2025-09-11
20.125388524615005,106,33,2025-01-11
1855.1350912471933,2870,32,2025-10-21
7.708781623861114,204,33,2025-04-02
0.0,0,18,2025-04-02
34.39649770249913,0,17,2025-08-13
0.0,0,19,2025-04-02
0.0,0,20,2025-10-21
16.44969167020129,1,34,2026-01-19
10.799433045544035,2,34,2025-07-10
19.803846219307317,5,35,2025-07-10
23.14608655342748,2,35,2026-01-19
15.871193759232895,0,31,2026-01-19
0.0,0,16,2025-07-10
855.1755109339799,6,34,2025-07-25
17.486053574395143,5,35,2025-06-23
8.967295007563308,0,31,2025-09-22
855.1599681990673,0,31,2025-07-25
1578.7930672331815,2423,32,2025-06-23
9.187265157085335,0,34,2025-09-22
855.1656383215387,5,35,2025-07-25
855.1541343705626,269,33,2025-07-25
16.598422420361544,465,33,2026-03-24
10.934380568185986,265,33,2025-09-22
15.873262482677902,2,35,2025-09-22
2176.428358818721,2377,32,2026-03-24
9.66825168373083,0,31,2025-06-23
14.056669950909239,0,31,2026-03-24
8.631175883546561,1,34,2025-06-23
0.0,0,16,2026-03-24
0.0,0,16,2025-09-22
13.557265477995116,0,19,2025-07-25
0.0,0,19,2025-06-23
16.49613231212045,0,17,2025-06-23
0.0,0,31,2026-03-11
2.132803833364065,764,33,2026-03-11
1.6423273799743612,5,34,2025-11-08
10.990949346219438,0,31,2025-11-30
14.464828646087696,3,34,2025-11-30
1915.0401820350055,2860,32,2026-03-11
17.25348228636338,0,35,2025-08-24
955.7851757439341,797,32,2025-08-24
15.198350833224808,662,33,2025-11-30
2129.977049624027,1307,32,2025-11-08
10.43562738554921,98,33,2025-08-24
8.183300965679294,0,34,2025-08-24
2.6879089334954074,190,33,2025-11-08
0.0,0,19,2025-11-08
7.8212110814192215,0,20,2025-11-30
0.0,0,17,2025-11-08
0.0,0,18,2025-11-08
0.0,0,17,2025-08-24
0.0,0,20,2025-11-08
4.741808903278013,0,16,2025-08-24
5.2369914127960016,0,20,2025-08-24
6.643929770600835,722,33,2025-03-04
2561.947490467008,2735,32,2025-03-04
1993.6173205298337,1393,32,2025-02-24
14.54807097385661,118,33,2025-02-24
10.0826872239614,0,31,2025-02-24
12.056875405220424,0,34,2025-02-24
52.00854210358327,0,17,2025-03-04
7.771233241785254,0,19,2025-02-24
0.0,2,16,2025-02-24
24.91809186206943,0,18,2025-03-04
2663.5741571389694,2949,32,2025-09-10
10.397499138549733,0,34,2025-06-01
2000.3082963253644,1868,32,2025-07-02
7.706561632748716,619,33,2025-07-14
6.707374131278399,0,34,2025-07-14
6.774524713633824,0,31,2025-07-01
23.53918586439542,1004,33,2025-09-10
1744.615328652465,1760,32,2025-06-01
32.37393559037818,3,35,2025-09-10
1741.150242776853,1889,32,2025-07-01
10.877644313403707,0,34,2025-07-02
17.669485706219646,0,35,2025-06-01
18.79087469437151,1,35,2025-11-27
18.468484792235344,2,34,2025-09-10
4.907206176209286,0,31,2025-01-14
11.699382572670203,1,31,2025-06-01
11.620850049823858,0,31,2025-11-27
13.189588986265377,6,34,2025-11-27
19.60152122487439,0,31,2025-09-10
12.461936350735584,2,35,2025-07-14
6.688613306163191,0,20,2025-07-02
41.94676228649178,0,17,2025-07-02
24.12660703862315,0,18,2025-07-02
0.0,0,18,2025-06-01
0.0,0,19,2025-07-02
0.0,0,19,2025-01-14
37.78153917616136,0,18,2025-07-01
0.0,0,17,2025-06-01
0.0,0,18,2025-11-27
0.0,1,16,2025-07-14
4.738562733598229,0,16,2025-06-01
0.0,0,19,2025-11-27
1499.5817651641453,1483,32,2025-03-10
13.526217563980026,306,33,2025-05-24
11.230770988112113,0,34,2025-05-24
8.424721592104277,0,34,2025-03-10
2057.627988744661,3293,32,2025-12-04
2730.4250342734917,2992,32,2026-04-16
2505.922197690221,1268,32,2025-05-24
12.50282681268206,0,31,2025-05-24
10.995604787120683,4,35,2026-04-16
2.1084957860249176,0,31,2026-04-16
1.9948321605329937,1,34,2026-04-16
8.410774314821438,0,31,2025-03-10
0.0,0,20,2026-04-16
0.0,1,16,2025-03-10
0.0,0,18,2026-04-16
0.0,0,17,2026-04-16
33.175286190895285,0,18,2025-03-10
0.0,0,17,2025-12-04
0.0,0,19,2025-12-04
2.9021187499915158,0,20,2025-05-24
0.0,0,19,2025-03-10
0.0,0,16,2025-05-24
10.259962813379133,111,33,2025-01-15
14.429870656296231,3,35,2025-09-03
11.198721665473485,0,31,2025-12-14
17.207123580249032,2,34,2026-02-01
13.734893288929726,1,35,2025-09-07
2.9504742683066922,0,31,2025-09-03
9.848981147523958,0,34,2025-01-15
8.649702788987938,371,33,2025-09-07
9.008473626516988,13,34,2026-04-26
2.6953683345293626,0,34,2025-09-03
19.660071428933293,104,33,2026-02-01
2061.433019682348,2096,32,2025-01-15
9.426350790851217,450,33,2026-04-26
6.062050515047588,0,31,2025-01-15
8.254873633513654,0,31,2025-09-07
1868.047567200622,1262,32,2026-04-26
2414.280528741458,2167,32,2025-09-03
7.342180353072365,0,34,2025-09-07
2017.018101886254,704,32,2026-02-01
12.771871899312245,4,34,2025-12-14
0.0,0,16,2026-04-26
0.0,0,18,2025-12-14
1.0299119288394394,0,20,2026-04-26
0.0,0,18,2026-04-26
11.694063979390222,0,20,2026-02-01
0.0,0,19,2025-12-14
131.2260779609685,0,17,2025-01-15
0.0,0,19,2025-09-07
0.0,0,20,2025-09-03
5.384663023089118,0,45,2026-02-13
18.821389628247346,0,43,2026-02-07
16.983417285997746,0,45,2025-05-15
16.106084829263963,6,44,2025-05-15
9.15674050952451,0,45,2026-04-14
7.604965737489891,0,42,2026-04-14
15.11704330617043,0,42,2025-05-15
13.05178018718783,10,41,2025-11-14
14.720011199300743,0,42,2025-11-14
18.52208116475235,1,42,2026-02-07
14.033675251091836,0,43,2025-05-15
6.951552039550023,7,41,2026-04-14
5.104143243802952,6,41,2026-02-13
6.25174734307825,0,42,2026-02-13
4.7197865464386695,0,43,2026-02-13
19.16004195820328,0,45,2026-02-07
8.481088726291404,0,44,2026-04-14
18.014107807184246,0,44,2026-02-07
12.705260580591869,0,70,2025-11-14
19.428477083104397,0,67,2025-05-15
20.47857567905443,0,70,2025-05-15
20.2689796676176,0,66,2025-05-15
16.065556547788717,0,69,2025-05-15
6.528392672482141,0,42,2025-02-27
6.199278696868149,9,41,2026-03-18
8.814005264863042,0,45,2025-02-27
5.128356052160555,0,41,2025-02-27
6.802312076436678,0,43,2025-02-27
8.602591126086779,0,43,2026-03-18
10.087312597590625,0,43,2025-11-21
7.4676986707655715,25,41,2025-06-20
9.486287362761146,25,41,2025-06-29
8.706283600867877,2,43,2025-06-29
9.378071440834503,0,42,2025-06-29
8.4375274602167,8,44,2025-06-20
7.867420342890625,18,41,2025-11-21
7.784968113721902,0,42,2026-03-18
7.587286174935514,0,44,2026-03-18
10.578972608400193,0,42,2025-11-21
7.860189177540136,0,42,2025-06-20
12.939075231802192,0,45,2025-11-21
10.28207036918046,2,44,2025-11-21
9.047674782779524,2,45,2025-06-20
9.174921001487974,0,44,2025-06-29
12.547749701926108,0,66,2025-06-20
6.201658692402958,0,67,2026-03-18
6.4461043692178635,0,68,2025-02-27
11.089918745138775,0,68,2025-11-21
12.881228148283114,0,70,2025-06-29
10.047539090459438,1,42,2025-07-19
9.453848105942413,0,43,2025-07-19
8.571889913236816,1,44,2025-07-19
9.126397337918846,0,45,2025-04-15
4.0982100617735,33,41,2025-04-15
6.832841340189461,0,44,2025-04-15
6.295619751161368,0,42,2025-04-15
20.84399023823285,2,44,2025-08-06
21.745126568780393,0,43,2025-08-06
9.832771841354173,0,45,2025-07-19
22.51359223937382,0,42,2025-08-06
6.297455610665438,1,43,2025-04-15
9.422834421426188,57,41,2025-08-30
22.541951408777322,0,45,2025-08-06
12.129702975393585,0,45,2025-08-30
15.710380431653476,0,70,2025-08-30
0.0,36,41,2025-07-31
0.6236937519230992,6,41,2026-02-27
3.038260103276741,0,44,2025-07-31
0.6854881838673919,2,43,2026-02-27
13.041621971547457,0,44,2026-02-02
0.9039788644159188,1,44,2026-02-27
8.752785260564764,0,43,2025-05-06
9.279309080556445,7,44,2025-05-06
0.8680393471475156,0,42,2025-07-31
16.225623195290254,1,45,2026-02-02
9.746905451652623,0,42,2025-05-06
11.834888281827673,0,69,2026-02-02
9.797455004190965,0,67,2026-02-02
9.907907070131373,3,69,2025-05-06
6.2209469965350905,0,67,2025-07-31
4.118942057977534,0,68,2025-07-31
3.5617286853283474,0,66,2026-02-27
12.060418196245678,0,67,2025-05-06
10.163019070413682,0,45,2026-04-30
22.521752784087795,0,42,2025-10-16
7.607552356913786,16,41,2026-04-30
14.219291429341013,0,45,2026-03-10
10.579812076462645,3,41,2026-03-10
13.847419492528047,0,42,2025-11-04
8.761967398383533,0,44,2026-04-30
12.523760052873612,0,45,2025-11-18
9.46835489789045,1,43,2025-11-18
9.36142517851981,35,41,2025-08-12
17.36397569649955,0,44,2025-10-16
10.391909337676665,0,43,2025-08-12
20.729796068139677,0,43,2025-10-16
12.225388118881455,0,42,2026-03-10
12.081581996241198,0,43,2026-03-10
12.40206245712038,0,44,2026-03-10
11.102989917977894,11,41,2025-11-04
11.367782768826103,2,44,2025-11-04
8.505613650382472,0,42,2026-04-30
6.639840048115033,6,41,2025-11-18
17.229988991437665,0,45,2025-10-16
22.362979239676207,21,41,2025-10-16
10.154276571243912,0,67,2026-04-30
13.809685645835728,0,70,2026-03-10
11.574979626381491,0,67,2025-08-12
10.967570329474881,0,67,2025-11-04
8.524840206584486,0,70,2025-11-18
19.313858157367775,0,45,2025-11-24
10.694424207615654,2,42,2025-12-18
10.405044412329474,0,45,2025-02-09
19.815653337357787,3,41,2025-02-09
9.331679618642426,3,44,2025-03-12
4.065714048378837,7,41,2025-11-05
12.21766328228533,0,43,2025-12-18
11.532134231648811,1,44,2025-03-11
7.0506976991041626,0,43,2025-11-05
20.22382194662194,0,43,2025-11-24
9.616880485597548,2,43,2025-03-11
7.632631017417836,0,44,2025-11-05
11.358945577393598,1,44,2025-12-18
11.745629049856277,17,41,2025-03-12
17.560992441195253,0,42,2025-02-09
11.108652786876732,3,44,2025-02-07
17.15665135354483,0,44,2025-11-24
8.128198120427285,14,41,2025-12-18
10.39103095115324,0,45,2025-03-12
7.403478477455238,13,41,2025-03-11
11.3220414839476,1,42,2025-03-11
11.730447262469056,0,45,2025-02-07
11.534780628364317,0,43,2025-02-07
8.356629046615168,0,42,2025-11-05
14.71760167586028,0,45,2025-12-18
11.881375528885698,9,41,2025-02-07
10.418274523489345,0,45,2025-11-05
21.41675014624512,10,41,2025-11-24
15.025118382080151,0,43,2025-02-09
14.674624602960606,0,44,2025-02-09
12.531163472164138,0,42,2025-03-12
13.084015655702842,0,42,2025-02-07
18.565289546083704,0,68,2025-11-24
18.025297176344623,0,69,2025-02-09
9.177383711996157,0,67,2025-03-12
13.14780116929225,0,69,2025-02-07
7.915019835441242,0,69,2025-11-05
19.208240026215478,0,69,2025-11-24
16.142674553740918,0,70,2025-03-11
10.369670260560099,0,68,2025-03-12
11.594652339063302,3,69,2025-03-12
14.316594402381398,0,45,2025-06-27
13.667247464926021,0,44,2025-06-27
14.519141457591658,0,41,2026-01-13
17.201494118508563,0,43,2026-01-10
11.930172726619219,26,41,2025-06-27
15.90906705560576,0,42,2026-01-10
13.186585589899167,1,42,2025-06-27
15.798454709055676,0,44,2026-01-10
11.826925075078123,0,43,2025-06-27
14.227305622143774,9,41,2026-01-10
17.308032867007128,0,67,2025-06-27
12.17415917453063,0,42,2025-12-25
11.960214350942977,0,45,2025-09-27
10.109476924672734,0,42,2025-03-21
11.869282122286663,0,45,2025-03-21
9.13856945487025,0,43,2025-03-21
15.053060451788724,0,42,2025-09-27
11.263810524081322,0,44,2025-12-25
11.36891928674845,0,41,2025-12-25
10.685169675366382,0,42,2025-07-12
10.11282909351425,0,43,2025-07-12
9.371916275782084,0,44,2025-07-12
12.028345591869495,2,44,2025-09-27
12.201565562177905,37,41,2025-07-12
7.955908524322069,16,41,2025-03-21
18.356251762637626,0,66,2025-03-21
9.475733238435268,1,68,2025-07-12
10.123208550042293,0,69,2025-07-12
14.792123658636584,0,68,2025-09-27
11.730801037421429,0,68,2025-12-25
7.866834574599864,0,42,2025-10-21
16.750503490888192,1,42,2025-09-11
16.023584096899498,0,45,2025-08-13
15.1336908832496,0,43,2025-01-11
10.409888845061275,0,42,2025-04-02
16.550116302803573,14,41,2025-08-13
17.364347526369173,0,42,2025-01-11
16.072742661435854,8,41,2025-01-23
17.766346686138192,2,43,2025-01-23
17.030797551848195,3,44,2025-01-23
11.011160204213553,0,45,2025-10-21
7.452074924190796,0,44,2025-10-21
7.988141623470895,0,43,2025-10-21
11.251692447456008,0,44,2025-04-02
17.913460341611426,1,45,2025-01-23
15.74206459156406,0,45,2025-09-11
17.128044098417675,0,42,2025-08-13
15.758452586554228,2,43,2025-08-13
17.449876190897243,0,42,2025-01-23
15.061938641475948,0,43,2025-09-11
19.157596157142194,8,41,2025-01-11
9.222717431767151,25,41,2025-04-02
10.266704916134998,1,43,2025-04-02
14.734116077894058,6,41,2025-09-11
14.201289548714684,3,44,2025-09-11
5.231410509111669,11,41,2025-10-21
11.16084688240251,0,45,2025-01-11
16.28867148609453,0,68,2025-01-23
6.187836352998332,0,67,2025-10-21
13.997627236533816,0,70,2025-04-02
17.55721851819652,0,67,2025-01-11
16.148254188094995,0,68,2025-08-13
20.821511028266016,0,45,2026-01-19
21.126219876813664,0,43,2026-01-19
14.727370402802123,0,42,2025-07-10
17.349519326353217,0,45,2025-07-10
16.44872174598264,1,44,2025-07-10
20.493648280474858,0,42,2026-01-19
20.00310389406863,0,44,2026-01-19
12.669964963093705,29,41,2025-07-10
15.132219696311893,0,66,2026-01-19
11.479432284499765,2,43,2025-09-22
17.736952167807686,0,42,2026-03-24
10.253313971425356,14,41,2025-06-23
17.629111769118992,2,45,2026-03-24
10.179707705698107,1,44,2025-06-23
855.1797297164999,1,45,2025-07-25
12.132983124966813,0,45,2025-09-22
855.1797108543758,0,42,2025-07-25
855.1794002719145,36,41,2025-07-25
10.04749688075124,3,43,2025-06-23
16.465331265023124,8,41,2026-03-24
11.031718085559845,0,42,2025-06-23
11.696624644375689,0,45,2025-06-23
11.968239983742492,0,42,2025-09-22
855.1797293057008,9,44,2025-07-25
855.1797166720171,0,66,2025-07-25
17.92223469902862,0,68,2026-03-24
12.537651093340415,0,70,2025-06-23
9.220480574568128,3,43,2026-03-11
8.351332090203243,1,43,2025-08-24
20.301782590285995,2,43,2025-11-30
7.87334255445333,1,42,2026-03-11
8.75617295104675,7,41,2025-08-24
4.728652333338474,43,41,2025-11-08
7.3298353917246,0,43,2025-11-08
10.333849374862737,0,45,2025-11-08
11.867179102039813,0,45,2026-03-11
5.767372523428932,11,41,2026-03-11
8.951187103781237,1,44,2025-08-24
19.29614833920617,0,44,2025-11-30
19.54612459612457,0,42,2025-11-30
7.514524027585466,0,44,2025-11-08
6.953034214781624,0,42,2025-11-08
8.592597166078846,0,44,2026-03-11
10.299857313906614,0,45,2025-08-24
9.39527881272511,0,42,2025-08-24
20.930431663946464,0,45,2025-11-30
14.577758888457197,0,66,2025-11-30
17.572517778299456,0,68,2025-11-30
6.457818145401049,0,68,2026-03-11
10.548640498801205,0,68,2025-08-24
9.4936123124441,0,69,2025-08-24
7.848532907503227,0,70,2025-11-08
4.869592329581764,0,66,2026-03-11
14.493387629714775,5,41,2025-02-24
15.557566097905507,0,42,2025-02-24
13.638954495628951,2,44,2025-02-24
8.950707746576555,1,42,2025-03-04
15.86481151169663,1,45,2025-02-24
8.953712770279566,1,43,2025-03-04
7.747147950310435,4,41,2025-03-04
14.53478190340958,1,68,2025-02-24
2.001627631339332,0,45,2025-07-14
6.802185534033029,1,43,2025-07-01
16.63226982197247,0,45,2025-01-14
7.181960453125669,0,42,2025-07-01
11.808020824316984,0,42,2025-06-01
14.524942048351107,0,43,2025-11-27
3.6168384859746965,1,43,2025-07-14
5.193422250216514,7,44,2025-07-01
12.07378259210158,0,45,2025-07-02
20.20431375671069,6,41,2025-09-10
11.471049497460086,5,41,2025-01-14
10.76736332388414,1,44,2025-07-02
13.571614568149514,0,42,2025-01-14
13.725956219889412,3,44,2025-01-14
5.839307369283716,15,41,2025-07-14
2.137380789575843,1,44,2025-07-14
9.685548166827786,2,44,2025-06-01
11.078315697046463,32,41,2025-07-02
17.00828433993064,0,42,2025-09-10
12.095582275838495,9,41,2025-06-01
12.631944450993899,0,45,2025-11-27
15.49475027438828,0,43,2025-09-10
14.918497357868503,0,43,2025-01-14
11.145977831368867,1,43,2025-06-01
16.147020691682684,0,41,2025-11-27
16.52338062469711,0,42,2025-11-27
10.940608176119497,0,43,2025-07-02
5.035329219899154,0,42,2025-07-14
6.221113902999647,26,41,2025-07-01
10.907628387278109,3,44,2025-09-10
6.2445707621333355,0,70,2025-07-14
13.753484286028183,0,66,2025-07-02
12.114415695784928,0,70,2025-07-02
10.831094667254618,0,67,2025-09-10
15.66711000961466,0,42,2025-12-04
5.049384260548763,0,44,2026-04-16
11.228438185156094,1,43,2025-03-10
15.359282643252996,1,45,2025-05-24
14.38859771892237,0,43,2025-12-04
14.276515607657572,15,41,2025-12-04
13.29562715770571,0,43,2025-05-24
10.998140226688975,1,44,2025-03-10
14.14261262862179,1,42,2025-05-24
13.844539315457752,0,45,2025-12-04
14.022210794708613,3,44,2025-05-24
13.28619698110569,0,45,2025-03-10
4.517133021699976,9,41,2026-04-16
4.677276331997689,0,43,2026-04-16
4.8149020064800965,0,42,2026-04-16
17.42207217786742,0,66,2025-05-24
5.815848872632941,0,67,2026-04-16
17.339389552533305,0,70,2025-05-24
12.766644536622351,0,70,2025-03-10
6.026744880718283,0,66,2026-04-16
6.524612192251169,0,70,2026-04-16
5.829502139435405,10,41,2025-09-03
8.059275072310058,0,44,2025-09-07
11.860523437600918,0,44,2026-04-26
8.21844755724571,11,41,2025-09-07
7.1485900976070695,0,43,2025-09-03
10.108356100596495,0,45,2025-09-07
14.910803418237322,0,42,2025-01-15
9.359508063216012,0,42,2025-09-07
7.343420761330037,0,42,2025-09-03
18.310771951306677,1,41,2026-02-01
8.536799436700107,0,43,2025-09-07
16.080374976054387,0,45,2025-12-14
10.612640874389498,0,45,2026-02-01
16.17179766935628,0,45,2025-01-15
13.402763889512826,0,44,2026-02-01
13.318690955993304,2,41,2025-01-15
16.326733661560752,0,42,2025-12-14
14.371495873564513,0,43,2026-02-01
15.567229107905646,0,43,2025-01-15
15.196551656667381,0,43,2025-12-14
10.36780575638403,14,41,2026-04-26
6.863530738068974,2,44,2025-09-03
12.277870780699459,0,42,2026-04-26
6.364536218103865,0,67,2025-09-03
10.08302460262827,0,66,2025-09-07
0.0,0,54,2026-02-13
0.0,0,51,2025-05-15
0.0,0,54,2026-02-07
0.0,0,52,2026-02-07
0.0,0,51,2026-02-07
15.854591569429317,0,53,2025-05-15
0.0,0,51,2026-02-13
38.75034722482344,7,24,2026-02-07
3.61162836396808,0,25,2026-04-14
3.837516233097986,0,23,2026-02-13
6.219602598590072,0,25,2025-05-15
38.7801310921564,15,24,2026-02-13
4.215570910517329,0,21,2026-02-07
0.0,0,21,2026-02-13
0.0,0,21,2025-05-15
0.0,0,21,2025-11-14
12.389746414181062,0,22,2026-02-07
7.9168452103868105,1,22,2026-02-13
30.007774281014363,8,24,2026-04-14
8.072676387332805,0,23,2026-02-07
0.0,0,55,2025-06-29
0.0,0,54,2026-03-18
0.0,0,55,2026-03-18
0.0,0,52,2025-06-29
7.435225946460903,0,53,2025-02-27
0.0,0,52,2025-11-21
0.0,0,52,2025-06-20
0.0,0,55,2025-06-20
0.0,0,51,2025-02-27
10.643477332652395,0,53,2025-11-21
9.249592436259661,0,53,2026-03-18
8.29588436944988,0,53,2025-06-20
0.0,0,52,2025-02-27
101.39440994199595,15,24,2025-06-20
34.3633131256127,12,24,2026-03-18
55.66433091265602,7,24,2025-11-21
26.433719846498718,0,22,2025-06-29
0.9478196144638105,0,21,2025-06-29
0.0,0,23,2025-11-21
30.167721744193287,0,22,2025-06-20
0.0,0,25,2026-03-18
0.0,0,21,2025-11-21
6.024106560924778,0,25,2025-06-20
5.900550580287117,0,25,2025-06-29
0.0,0,23,2025-02-27
0.0,0,23,2026-03-18
0.0,0,21,2025-02-27
0.8842966737037727,0,25,2025-11-21
0.0,0,55,2025-07-19
1.4063333907194107,0,52,2025-08-06
0.0,0,55,2025-08-06
0.0,0,52,2025-07-19
0.0,0,51,2025-04-15
11.053785652650987,0,53,2025-08-30
0.0,0,51,2025-08-30
0.0,0,54,2025-04-15
8.07223926622963,0,53,2025-07-19
7.412133781385279,0,25,2025-08-30
4.936492434601547,0,21,2025-07-19
4.3146477579688,0,22,2025-04-15
8.639822663376322,0,25,2025-07-19
57.53471787450119,0,22,2025-07-19
27.01228859563426,0,22,2025-08-06
0.31049208861053046,0,21,2025-08-06
9.34878186159682,0,25,2025-08-06
43.87453007874703,4,24,2025-04-15
19.862651988203112,0,22,2025-08-30
3.515232433434548,0,23,2025-08-30
5.883586254315389,0,53,2025-07-31
0.04138688270670343,0,53,2026-02-27
0.0,0,51,2026-02-27
0.0,0,54,2026-02-02
0.0,0,55,2026-02-02
0.0,0,55,2026-02-27
0.0,0,55,2025-07-31
0.0,0,51,2026-02-02
0.0,0,52,2026-02-27
0.0,0,21,2026-02-27
2.2837265010030876,4,22,2025-07-31
0.0,0,25,2026-02-27
4.954198469280485,0,23,2025-05-06
0.0,0,25,2025-07-31
65.0331928185652,0,24,2025-07-31
8.224147608113483,0,22,2025-05-06
0.0,0,21,2025-05-06
7.347670848130065,1,22,2026-02-27
40.70443543962931,1,24,2025-05-06
0.0,0,21,2025-07-31
0.0,0,23,2026-02-27
19.871655907756733,4,24,2026-02-02
7.307414326810957,0,25,2025-05-06
0.0,0,54,2026-04-30
0.0,0,51,2025-11-18
12.238551804083471,0,53,2025-08-12
0.0,0,55,2026-04-30
16.23691759026437,0,52,2025-08-12
0.0,0,54,2026-03-10
0.2501931135828528,0,52,2025-11-04
0.0,0,55,2025-11-04
0.0,0,51,2026-03-10
0.0,0,55,2026-03-10
9.16503984144667,0,53,2026-04-30
0.0,0,54,2025-10-16
38.01186237286525,5,24,2026-03-10
8.673106477078434,0,25,2025-08-12
55.75653229830711,4,24,2025-08-12
0.3254841112199216,0,23,2026-04-30
9.761461556694314,0,22,2026-03-10
0.0,0,23,2025-11-18
0.09300724133738925,0,25,2026-04-30
24.241265898963633,2,22,2025-10-16
0.0,0,21,2025-10-16
0.0,0,25,2025-11-18
0.0,0,22,2025-11-04
97.93885763041155,2,24,2025-10-16
4.209960932326894,0,25,2026-03-10
0.0,0,21,2026-04-30
4.8888798526600965,0,23,2025-08-12
0.0,0,51,2025-12-18
0.0,0,52,2025-02-09
14.883996143155713,0,53,2025-12-18
0.0,0,52,2025-11-24
4.371863248357968,0,53,2025-02-09
0.0,0,51,2025-02-09
0.0,0,52,2025-11-05
0.0,0,51,2025-11-05
1.5573578917113906,0,55,2025-02-07
0.0,0,55,2025-12-18
12.212935831541984,0,53,2025-11-24
0.0,0,55,2025-03-12
0.0,0,51,2025-11-24
0.0,0,54,2025-03-11
12.314806660188296,0,25,2025-02-09
26.482112526233735,3,24,2025-03-11
56.34071458420693,0,24,2025-02-07
10.266050212447055,0,22,2025-02-07
4.724959264772451,0,22,2025-12-18
14.890034358268721,5,24,2025-03-12
5.2602778821122484,0,21,2025-11-24
0.0,0,25,2025-12-18
20.639155541302202,0,22,2025-02-09
17.1488641335051,0,22,2025-11-24
59.02253196367545,4,24,2025-11-24
0.0,0,23,2025-12-18
0.0,0,25,2025-03-11
13.711613228100504,0,25,2025-03-12
0.0,1,22,2025-03-11
8.116685947934883,0,25,2025-11-24
0.0,0,52,2026-01-10
0.0,0,52,2025-06-27
11.801451867972489,0,53,2026-01-13
12.66470164817514,0,53,2025-06-27
0.0,0,52,2026-01-13
0.0,0,51,2025-06-27
0.0,0,21,2026-01-13
1.5801696669573175,0,21,2026-01-10
3.93404077998467,0,23,2026-01-10
0.0,0,22,2026-01-13
0.7067459710469137,0,23,2026-01-13
127.87368225376872,13,24,2025-06-27
11.868377460080382,1,22,2026-01-10
8.615067211718824,0,23,2025-06-27
1.519611046308171,0,25,2026-01-10
12.382032031979648,0,55,2025-03-21
11.533429829661756,0,54,2025-03-21
0.0,1,51,2025-09-27
0.0,0,55,2025-09-27
0.0,0,55,2025-07-12
0.0,0,52,2025-09-27
0.0,0,52,2025-12-25
0.0,0,52,2025-07-12
0.0,0,55,2025-12-25
0.0,0,54,2025-09-27
0.0,0,54,2025-12-25
2.127259232562537,0,23,2025-07-12
89.0381666855635,11,24,2025-09-27
5.296057167033055,0,23,2025-03-21
72.91453313099237,0,22,2025-07-12
22.71096636444389,0,25,2025-09-27
8.896152085595432,0,25,2025-03-21
2.941661850965559,0,21,2025-07-12
7.204373611354242,0,21,2025-09-27
15.370939069010504,0,54,2025-09-11
0.0,0,51,2025-01-23
11.569792927693754,0,53,2025-09-11
16.691738604870594,1,53,2025-08-13
0.0,0,52,2025-01-23
0.0,0,55,2025-01-23
2.3578667395412793,0,52,2025-01-11
9.356736638130911,0,53,2025-10-21
3.709143445712556,0,54,2025-08-13
4.368413827478562,0,55,2025-01-11
6.681097780767601,0,55,2025-08-13
39.98374486088008,0,52,2025-04-02
40.80395833383977,0,54,2025-04-02
4.909754611095082,0,53,2025-01-11
19.180218734124097,0,51,2025-09-11
15.67838033972366,0,53,2025-01-23
31.978960112732295,0,52,2025-09-11
12.40990154814368,0,22,2025-04-02
6.61608249269554,0,23,2025-01-23
0.0,0,21,2025-04-02
13.784738821858596,0,25,2025-09-11
10.569410834321332,0,22,2025-01-23
73.00400780674687,9,24,2025-09-11
8.266137074965698,0,25,2025-08-13
1.9973511874142105,0,25,2025-04-02
0.0,0,21,2025-10-21
4.088088127712737,0,25,2025-01-23
34.69412755469561,0,22,2025-08-13
36.10323691082099,1,24,2025-01-23
4.684654400125723,0,22,2025-10-21
0.0,0,55,2026-01-19
11.15675191405549,1,51,2025-07-10
12.678997479340026,0,52,2025-07-10
8.632412473256167,0,54,2025-07-10
22.214439034027905,1,22,2026-01-19
38.807458436329874,10,24,2026-01-19
69.16988051393922,8,24,2025-07-10
11.725854828459362,0,25,2026-01-19
0.0,0,21,2025-07-10
10.203408466836919,0,21,2026-01-19
20.090363255795836,0,22,2025-07-10
0.0,0,55,2025-07-25
0.0,0,55,2025-09-22
16.332990958964757,0,53,2026-03-24
5.288478239505906,1,53,2025-09-22
0.0,0,51,2025-06-23
0.0,0,54,2025-06-23
0.0,0,55,2025-06-23
0.0,0,52,2025-09-22
0.0,0,54,2025-07-25
0.0,0,51,2025-09-22
3.151175720352626,0,23,2025-06-23
18.41817275338714,0,22,2025-09-22
3.374148743087531,0,23,2025-09-22
43.18049489829187,7,24,2026-03-24
6.718544742328021,0,23,2026-03-24
0.0,0,21,2025-09-22
850.7651760772512,0,22,2025-07-25
0.0,0,51,2026-03-11
10.090561448643356,0,53,2025-11-08
0.0,0,54,2025-08-24
0.0,0,55,2025-08-24
8.519510307348142,0,53,2025-08-24
0.0,0,54,2026-03-11
19.586309623025457,0,53,2025-11-30
0.23606890621746857,1,22,2026-03-11
5.047501645463896,0,21,2025-11-30
0.0,0,25,2026-03-11
26.85854052140344,0,22,2025-08-24
42.00772552279473,0,24,2025-11-30
0.0,0,23,2025-11-08
5.352381947668377,0,25,2025-11-30
7.848324742621216,0,23,2025-11-30
96.34328671945245,6,24,2025-08-24
5.727066652819602,0,23,2025-08-24
0.0,0,21,2025-11-08
9.273844244897546,0,25,2025-08-24
81.54237952006284,2,51,2025-03-04
9.410240126327707,1,53,2025-03-04
4.776887698319072,0,23,2025-02-24
8.910994068581005,0,22,2025-03-04
4.550481881743309,0,25,2025-02-24
13.4794207713325,0,22,2025-02-24
0.0,0,55,2025-01-14
0.0,0,52,2025-07-02
8.757063598964805,0,53,2025-07-02
1.2109014032359937,0,53,2025-09-10
0.0,1,51,2025-01-14
0.13478482005827175,0,52,2025-09-10
0.0,0,55,2025-11-27
0.0,0,53,2025-07-14
0.0,0,55,2025-07-01
0.0,0,54,2025-06-01
0.0,0,52,2025-11-27
0.0,0,51,2025-07-02
0.0,0,54,2025-07-02
2.313783401215858,0,53,2025-07-01
0.0,0,54,2025-11-27
0.0,0,51,2025-11-27
66.31911311325652,0,24,2025-07-01
1.7398626700483675,0,23,2025-07-01
26.06942494292649,0,22,2025-07-02
72.22650339984958,2,24,2025-11-27
8.134170281728274,0,25,2025-06-01
14.313485370327186,0,22,2025-06-01
12.140099309508216,0,22,2025-07-01
7.251201339048507,0,25,2025-07-01
1.9958718168500837,0,21,2025-06-01
97.72144678511073,1,24,2025-07-02
7.877832201745576,0,23,2025-09-10
71.41346004599555,4,24,2025-07-14
11.129099594945188,1,22,2025-11-27
0.0,0,21,2025-11-27
10.31745047188977,0,25,2025-09-10
0.08121653069534318,0,25,2025-01-14
13.358827227642223,0,53,2025-05-24
10.322659384516683,0,53,2025-03-10
0.0,0,54,2025-05-24
13.06864079315541,0,52,2025-12-04
11.42526599665213,0,54,2025-12-04
0.0,0,54,2026-04-16
0.0,0,55,2025-05-24
0.0,0,21,2025-05-24
0.0,0,21,2025-12-04
13.963310773564459,0,22,2026-04-16
2.408879418805398,0,23,2025-03-10
0.0,0,21,2026-04-16
4.685912146721975,0,25,2025-03-10
0.0,0,21,2025-03-10
0.0,0,23,2026-04-16
34.40332864574127,1,24,2025-03-10
0.0,0,52,2025-09-07
0.0,0,54,2025-09-07
0.0,0,54,2025-12-14
0.0,0,52,2026-04-26
0.0,0,54,2026-04-26
11.262880741088523,0,53,2026-04-26
4.644317731149357,0,51,2026-02-01
0.0,0,51,2025-09-07
0.0,0,51,2025-12-14
0.0,0,54,2025-09-03
5.037563990706104,0,53,2026-02-01
0.0,0,51,2025-01-15
1.0880696708035913,0,54,2025-01-15
0.0,0,55,2025-09-07
7.644589953059395,0,53,2025-09-03
0.0,0,52,2025-12-14
47.10274085471631,4,24,2026-02-01
14.078613038234835,0,22,2025-09-07
7.928719277548467,0,22,2026-04-26
3.4745795242026247,0,23,2026-04-26
0.0,0,23,2025-09-03
3.7549914213520736,0,25,2026-04-26
2.5979643257799125,0,23,2025-01-15
3.6348273460213534,0,23,2025-09-07
0.0,0,25,2025-09-03
5.532946934313685,0,22,2025-01-15
0.0,0,21,2026-04-26
17.910621230664404,0,22,2026-02-01
96.85025962534345,6,24,2025-09-03
9.229028079688945,0,25,2026-02-01
0.0,0,25,2025-01-15
0.0,0,14,2025-05-15
0.0,1,13,2026-02-13
53.24105135749425,0,12,2026-04-14
0.0,1,13,2025-05-15
0.0,0,11,2026-02-07
0.0,0,14,2026-02-07
0.0,0,14,2025-11-14
35.87929114609756,0,14,2026-04-14
0.0,0,12,2026-02-07
7.887931876809986,0,40,2026-02-13
15.122299547301736,0,38,2025-05-15
15.589342313197463,0,36,2025-11-14
7.781911574025472,1,38,2026-02-13
8.715744680842661,0,37,2026-02-13
16.679420605055,0,37,2025-05-15
18.8951941049924,2,39,2026-02-07
7.097015361152529,0,37,2026-04-14
18.41188422646232,0,40,2026-02-07
7.1147534271436825,3,39,2026-04-14
18.887562415141502,0,36,2026-02-07
0.0,0,13,2025-06-20
0.0,0,12,2025-11-21
37.91975991032637,0,15,2025-06-20
0.0,0,11,2025-11-21
0.0,0,14,2025-06-20
23.732774521745085,0,12,2025-06-29
0.0,0,13,2025-06-29
62.467935585534825,0,11,2025-06-29
51.13348742048394,0,15,2025-06-29
0.0,0,13,2025-11-21
0.0,0,15,2025-02-27
46.5089441017906,0,11,2025-06-20
0.0,0,15,2025-11-21
0.0,0,13,2026-03-18
0.0,0,12,2025-02-27
0.0,0,14,2026-03-18
0.0,0,14,2025-11-21
0.0,0,14,2025-06-29
9.843552861525396,0,37,2025-06-29
5.8893425404910005,3,38,2025-02-27
6.138420863049333,0,38,2026-03-18
7.8429821242546325,0,39,2026-03-18
9.955514642054808,2,38,2025-11-21
7.685001963092105,1,39,2025-06-20
6.755219224055864,0,40,2025-02-27
6.951606285744035,5,39,2025-02-27
0.0,0,12,2025-08-06
0.0,0,14,2025-07-19
0.0,0,11,2025-08-06
0.0,0,12,2025-07-19
0.0,0,13,2025-07-19
154.46978399135205,0,15,2025-04-15
0.0,0,14,2025-08-30
178.3019733461773,0,11,2025-04-15
21.768028150885215,3,38,2025-08-06
21.86145958296443,0,37,2025-08-06
22.446904006178073,0,40,2025-08-06
22.456740882184633,3,39,2025-08-06
10.75918941943631,0,36,2025-08-30
22.706312957242346,5,36,2025-08-06
11.430699075489358,0,40,2025-08-30
9.233401766037247,0,40,2025-07-19
5.060465277959821,4,38,2025-04-15
11.545740425207995,0,37,2025-08-30
10.520827047896603,0,39,2025-08-30
0.0,0,12,2026-02-27
0.0,0,12,2025-05-06
0.0,0,13,2025-07-31
0.0,0,11,2025-07-31
40.80820229833179,0,11,2026-02-02
0.0,0,15,2026-02-27
0.0,0,14,2025-07-31
1.2550516868078745,0,37,2025-07-31
1.5046002184570852,0,39,2026-02-27
10.808100388410708,0,40,2025-05-06
10.128977289906729,6,39,2025-05-06
10.15128661058661,6,38,2025-05-06
1.9468043878878518,0,40,2025-07-31
0.0,1,39,2025-07-31
12.695942638387294,0,40,2026-02-02
1.6273263766602213,0,40,2026-02-27
0.0,0,15,2025-11-04
0.0,0,13,2025-11-18
0.0,0,11,2026-03-10
0.0,0,14,2025-10-16
0.0,0,11,2025-11-04
0.0,0,13,2025-08-12
5.400284987549114,0,14,2025-08-12
0.0,0,14,2026-03-10
0.0,0,13,2025-10-16
7.6971265290811175,0,12,2026-04-30
0.0,0,13,2026-04-30
0.0,0,13,2026-03-10
0.0,0,14,2025-11-18
9.108081059667867,5,39,2025-11-18
12.025558760814008,0,37,2026-03-10
10.131972814841802,0,40,2025-08-12
12.428028463549424,0,36,2026-03-10
9.499981006821173,0,36,2025-08-12
9.279088211249046,0,38,2025-08-12
7.837224899984946,0,38,2025-11-18
12.37571991357278,0,37,2025-11-04
8.351827155581844,2,39,2026-04-30
24.129901052419726,2,36,2025-10-16
11.462117056488722,0,38,2026-03-10
14.919146572688149,0,36,2025-11-04
9.775733076876364,0,37,2025-08-12
9.70480054342785,1,39,2025-08-12
12.526103155257829,0,40,2026-03-10
8.930987047254007,3,36,2025-11-18
0.0,0,12,2025-12-18
449.89587979862927,0,14,2025-11-24
0.0,2,13,2025-02-07
0.0,0,15,2025-03-12
0.0,0,15,2025-02-09
0.0,0,14,2025-12-18
562.1173580901842,0,15,2025-11-24
0.0,0,14,2025-02-07
0.0,0,13,2025-12-18
0.0,0,11,2025-03-11
0.0,0,12,2025-02-07
0.0,0,12,2025-11-05
0.0,0,13,2025-11-05
0.0,0,12,2025-03-12
0.0,0,15,2025-12-18
23.35778428052697,0,36,2025-11-24
18.747875638097184,0,36,2025-02-09
19.146101064333806,0,38,2025-02-09
13.620727950335564,4,39,2025-02-07
9.340790301444429,0,40,2025-11-05
9.906726969294013,0,36,2025-12-18
19.161623837789392,0,37,2025-02-09
13.537734749318304,3,38,2025-02-07
13.306452528272033,1,36,2025-03-12
21.36590468931705,0,40,2025-11-24
14.251371216282635,0,37,2025-02-07
9.793665678992326,0,40,2025-12-18
12.62567463429481,0,37,2025-03-12
12.972733565041935,0,40,2025-03-11
20.870927005548836,0,37,2025-11-24
0.0,0,12,2026-01-13
0.0,0,13,2026-01-13
0.0,0,14,2026-01-10
0.0,0,14,2026-01-13
0.0,0,11,2026-01-10
0.0,0,15,2025-06-27
0.0,0,11,2025-06-27
0.0,0,12,2026-01-10
0.0,0,13,2026-01-10
15.8087561128021,0,36,2026-01-10
16.078779450178345,3,39,2026-01-10
17.84394500454478,0,36,2026-01-13
15.341630773325804,0,37,2025-06-27
14.138600273445334,1,36,2025-06-27
17.89926158442377,0,40,2026-01-13
17.445033327813988,0,37,2026-01-13
0.0,0,14,2025-07-12
2.244219076447493,0,15,2025-09-27
0.0,0,12,2025-03-21
0.0,0,13,2025-07-12
0.0,0,12,2025-07-12
0.0,0,11,2025-03-21
0.0,0,14,2025-12-25
10.892402826378387,0,36,2025-03-21
10.491100742135899,0,39,2025-03-21
9.465962501641968,0,37,2025-07-12
15.530806908816643,0,36,2025-09-27
8.178326003644088,0,36,2025-12-25
9.721684632193544,1,39,2025-07-12
12.465334434719125,0,37,2025-03-21
10.282164326389179,0,37,2025-12-25
9.82275474552604,0,36,2025-07-12
9.83183156777011,0,38,2025-12-25
0.0,0,11,2025-01-11
5.026760642350325,0,12,2025-09-11
0.0,0,11,2025-08-13
17.887001418597222,0,13,2025-09-11
2.167510680708176,0,11,2025-09-11
0.0,0,13,2025-01-23
159.03829663943097,0,11,2025-10-21
0.0,0,12,2025-08-13
139.09733274552872,1,15,2025-10-21
0.0,0,13,2025-01-11
0.0,0,14,2025-04-02
0.0,0,13,2025-04-02
0.0,0,15,2025-01-11
0.0,0,14,2025-01-11
16.54358688214674,0,36,2025-08-13
18.065828847664974,1,39,2025-01-11
9.881219858458522,0,36,2025-04-02
9.997070850089415,2,39,2025-04-02
18.500388062903994,0,36,2025-09-11
17.674538392439615,0,38,2025-09-11
17.67962006964966,0,40,2025-09-11
5.938327305381279,3,38,2025-10-21
16.997425859319335,0,40,2025-08-13
10.741194477614243,0,40,2025-04-02
17.503042930096427,2,39,2025-09-11
0.2391884748627291,0,12,2026-01-19
0.0,0,11,2025-07-10
4.3481876519316955,0,13,2026-01-19
0.0,0,15,2025-07-10
3.127018402822671,0,15,2026-01-19
7.6103278838981225,0,14,2026-01-19
19.18125309575234,0,39,2026-01-19
15.622968968418448,0,40,2025-07-10
14.202194562329197,2,39,2025-07-10
15.367855587199855,0,37,2025-07-10
9.750847806272859,0,11,2026-03-24
0.0,0,14,2025-07-25
0.0,0,11,2025-09-22
0.0,0,12,2025-06-23
0.0,0,11,2025-06-23
0.0,0,15,2025-06-23
0.0,0,12,2025-07-25
0.0,0,14,2025-06-23
0.0,0,14,2026-03-24
19.126595355394784,0,11,2025-07-25
0.0,3,13,2025-06-23
12.045512164586441,0,37,2025-09-22
11.818979456838136,0,40,2025-06-23
855.1796269872729,0,37,2025-07-25
855.1796520006236,2,39,2025-07-25
10.929610520695235,2,38,2025-06-23
3.0838300938009553,0,14,2025-08-24
0.0,0,12,2025-08-24
0.0,0,11,2025-11-30
12.405712715718664,0,13,2025-08-24
0.0,0,14,2025-11-08
19.719289482251014,0,39,2025-11-30
10.602734451226269,0,37,2025-08-24
10.356955642455702,0,40,2025-08-24
9.618331276341834,0,39,2025-08-24
6.990342167335697,0,40,2025-11-08
17.74542156660614,0,37,2025-11-30
7.033242063712038,0,36,2026-03-11
7.164786523081787,0,40,2026-03-11
7.490953692250542,4,39,2026-03-11
6.332158859468663,1,36,2025-11-08
5.408294249325294,0,38,2025-11-08
15.860767209478055,0,11,2025-02-24
20.597731886373182,0,11,2025-03-04
11.38163620333411,1,15,2025-02-24
1.0300785536495454,0,12,2025-02-24
6.904059539681171,0,12,2025-03-04
0.0,1,13,2025-02-24
0.0,0,14,2025-02-24
0.0,0,13,2025-03-04
15.353750042740728,1,37,2025-02-24
8.872157112067327,1,39,2025-03-04
16.367601145481387,4,39,2025-02-24
15.861439180054077,0,40,2025-02-24
0.0,0,15,2025-07-02
0.0,1,14,2025-01-14
0.0,0,12,2025-06-01
6.807155845376428,0,11,2025-07-01
0.0,0,15,2025-11-27
0.0,0,13,2025-07-14
0.0,0,12,2025-07-02
0.0,0,12,2025-09-10
6.237386080889479,0,13,2025-06-01
0.0,0,13,2025-01-14
0.0,0,15,2025-01-14
0.0,0,14,2025-07-02
0.0,0,14,2025-07-14
0.0,0,15,2025-09-10
0.0,0,14,2025-07-01
0.0,0,12,2025-01-14
11.754250983578615,0,36,2025-06-01
15.88577305401256,0,37,2025-11-27
16.59178049006462,0,40,2025-11-27
14.527932793455633,0,39,2025-11-27
15.872037931904927,0,37,2025-09-10
15.796760884646545,0,40,2025-09-10
17.570414367997017,0,39,2025-09-10
5.75199954225404,0,36,2025-07-14
7.969383409786332,0,36,2025-07-01
7.358233997463756,0,37,2025-07-01
7.6620791756500495,0,39,2025-07-01
11.447597607057716,0,40,2025-06-01
17.658736050363686,3,38,2025-09-10
6.144262923561342,1,38,2025-07-14
13.406268604401106,0,36,2025-07-02
7.252703843736114,0,40,2025-07-01
11.293625032552526,0,38,2025-06-01
12.940582585885608,0,40,2025-07-02
13.549050792471888,1,36,2025-01-14
0.0,0,13,2025-03-10
0.0,0,15,2025-12-04
0.0,0,12,2025-05-24
0.0,0,12,2026-04-16
0.0,0,15,2025-05-24
0.0,0,14,2025-03-10
0.0,0,12,2025-03-10
0.7948439264635425,0,11,2025-03-10
0.0,0,15,2025-03-10
0.0,0,14,2026-04-16
0.0,0,12,2025-12-04
0.0,0,13,2025-12-04
0.0,0,14,2025-12-04
15.249678202231095,9,39,2025-12-04
12.178322934808264,0,37,2025-03-10
11.423224022273033,1,38,2025-03-10
3.901118073299699,0,38,2026-04-16
13.8607007286831,1,38,2025-05-24
15.572845672926533,0,40,2025-12-04
14.006620947150594,0,39,2025-05-24
14.262939952679744,0,36,2025-05-24
12.237614743886326,8,39,2025-03-10
29.033528352758353,0,15,2025-01-15
0.0,0,12,2025-12-14
17.88214922132724,0,13,2025-09-07
0.0,0,15,2025-09-07
0.0,0,14,2025-01-15
5.614975804422713,0,14,2025-09-07
8.85652802518095,0,12,2026-02-01
0.0,0,11,2025-09-07
105.34258712674652,0,11,2025-09-03
0.0,0,14,2026-04-26
0.0,0,15,2025-12-14
0.0,0,13,2026-02-01
91.21552075135236,0,15,2025-09-03
0.0,0,11,2025-12-14
0.0,0,12,2025-09-07
0.0,0,14,2025-09-03
0.0,0,12,2025-01-15
0.0,0,14,2026-02-01
0.0,0,13,2025-09-03
0.0,0,12,2026-04-26
13.248047027295854,1,37,2025-01-15
9.488527158668006,0,38,2025-09-07
17.196249682544448,0,40,2025-12-14
17.140032892824024,0,40,2026-02-01
15.344754369403432,2,36,2025-01-15
13.3943049104207,0,37,2026-04-26
16.192282479283364,0,38,2025-12-14
6.406554987764409,0,37,2025-09-03
7.243533661715006,0,40,2025-09-03
10.08578259935689,0,40,2025-09-07
18.075669864218128,0,36,2026-02-01
17.752550773046877,0,38,2026-02-01
12.234291989647701,1,38,2026-04-26
7.09840917248583,0,36,2025-09-03
6.888198596890206,0,36,2026-04-14
14.6754425859166,0,37,2025-11-14
15.16098687046022,0,40,2025-11-14
7.550823233229963,0,39,2026-02-13
16.603742342168218,0,40,2025-05-15
14.196093011350726,0,38,2025-11-14
17.71864901891456,0,37,2026-02-07
15.229109138977037,1,36,2025-05-15
6.646186805682802,0,38,2026-04-14
17.501937621522842,0,38,2026-02-07
7.55915754497542,0,40,2026-04-14
15.104192474018177,3,39,2025-11-14
14.971338011726104,3,39,2025-05-15
8.321229190766871,0,36,2026-02-13
8.9854615866643,0,26,2026-02-13
7.483164576227708,0,27,2026-02-13
13.093771028378015,0,29,2025-05-15
375.0035813640677,1625,28,2025-05-15
11.884940203745074,0,30,2026-02-07
11.616013166713202,0,29,2026-02-07
7.713347473009037,0,27,2025-11-14
10.27906848797943,0,27,2025-05-15
9.369077562054557,0,36,2025-06-29
6.31850292090796,0,37,2026-03-18
11.264392237792308,0,40,2025-11-21
7.841267488899902,2,36,2025-06-20
7.626617381839722,0,38,2025-06-20
8.51264183544194,0,40,2025-06-20
7.069307356281044,2,36,2025-02-27
11.167960356349766,0,36,2025-11-21
9.089533976532081,0,38,2025-06-29
7.372505224114363,0,40,2026-03-18
10.836350203684248,0,37,2025-11-21
6.31956912343945,0,37,2025-02-27
10.808384420141735,2,39,2025-11-21
9.193724730078685,0,39,2025-06-29
7.652751698480984,0,36,2026-03-18
8.493430338515168,2,37,2025-06-20
9.897171721718038,0,40,2025-06-29
4.693381453169565,0,26,2025-06-20
1.8313684174778047,0,26,2025-02-27
6.353506460482464,0,26,2025-06-29
572.504331986562,1159,28,2025-06-20
9.03408755998585,1,36,2025-07-19
10.49455323783728,0,38,2025-08-30
5.905396010309431,0,36,2025-04-15
5.965394374452529,12,39,2025-04-15
8.756362414186626,0,38,2025-07-19
6.655598118221732,0,40,2025-04-15
8.642232541995483,0,37,2025-07-19
8.998827688471394,0,39,2025-07-19
5.985526767740694,1,37,2025-04-15
16.44519183716065,0,29,2025-08-06
15.320496276515655,0,27,2025-08-06
519.1100622706781,1429,28,2025-08-06
13.427322359704249,0,26,2025-08-06
466.24424122239043,515,28,2025-08-30
4.870871911938579,0,26,2025-07-19
0.0,0,27,2025-04-15
0.0,0,26,2025-04-15
8.753924328081979,0,26,2025-08-30
305.10571129035856,1639,28,2025-04-15
7.014511630695239,0,29,2025-07-19
11.297718568496279,0,29,2025-08-30
13.558837244225941,0,36,2026-02-02
13.78302094427282,1,39,2026-02-02
10.555178798925539,0,36,2025-05-06
11.519665633048021,1,38,2026-02-02
11.243817968644066,0,37,2026-02-02
1.3543391840726002,0,38,2026-02-27
1.7931071215553231,0,37,2026-02-27
0.0,0,38,2025-07-31
1.7223833711581307,0,36,2026-02-27
0.0,0,36,2025-07-31
11.061128431211259,0,37,2025-05-06
11.609791267278112,0,29,2025-05-06
0.0,0,27,2025-07-31
0.8694634276617563,0,29,2026-02-27
3.221787721614433,0,30,2026-02-02
0.0,0,30,2025-07-31
194.6974807018077,1059,28,2026-02-27
0.0,0,26,2025-07-31
1.375602699922581,0,30,2026-02-27
9.821028020521794,0,26,2025-05-06
23.279082613439442,0,38,2025-10-16
9.7803245712838,0,40,2025-11-18
8.335349336388589,0,36,2026-04-30
22.290598433783344,0,40,2025-10-16
23.388213365222484,3,39,2025-10-16
12.317642575469648,1,39,2026-03-10
8.526946209465208,0,37,2025-11-18
14.710032219388083,2,39,2025-11-04
8.600359137512982,0,37,2026-04-30
7.826251803735005,2,38,2026-04-30
12.378903715456445,0,38,2025-11-04
13.475451863522494,0,40,2025-11-04
9.00769924287755,0,40,2026-04-30
22.38775072998969,0,37,2025-10-16
206.3702033602019,1653,28,2026-03-10
6.596864419495631,0,27,2025-08-12
0.0,0,27,2025-11-18
0.0,0,26,2025-11-18
2.911043154573477,0,26,2025-11-04
8.165686868742924,0,29,2026-03-10
7.3584902238304295,0,26,2025-08-12
6.854004855891191,0,27,2026-03-10
9.234714838502882,0,30,2026-03-10
8.687828999931185,0,29,2025-08-12
0.764924222695754,0,29,2025-11-18
12.466458704820568,0,40,2025-03-12
18.412690951535495,0,40,2025-02-09
18.144383189870325,1,39,2025-02-09
10.87327041779406,0,38,2025-03-11
14.20160152776846,0,36,2025-02-07
21.33042389797083,1,38,2025-11-24
8.179904555032351,3,38,2025-12-18
10.914557545914363,3,39,2025-03-11
8.245412638563081,0,37,2025-12-18
14.070470331824339,0,40,2025-02-07
8.519745094042577,0,36,2025-11-05
22.72155450985565,0,39,2025-11-24
10.369529813400504,1,39,2025-12-18
12.902813382322563,0,38,2025-03-12
8.593956062252502,0,37,2025-11-05
12.703033798477804,0,37,2025-03-11
13.08750151689884,7,39,2025-03-12
7.226301172808363,1,38,2025-11-05
8.07587074032385,4,39,2025-11-05
11.227252385623544,1,36,2025-03-11
16.420663634264926,0,26,2025-02-09
19.17366789132774,0,30,2025-03-12
1.8646628209346687,0,29,2025-11-05
0.0,0,27,2025-12-18
159.1632729335018,1506,28,2025-03-12
15.402389022879717,0,27,2025-11-24
231.0203771234161,1977,28,2025-12-18
0.0,0,26,2025-12-18
14.98888553848397,0,26,2025-03-12
15.153377367212556,0,29,2025-11-24
10.129808034599321,0,26,2025-02-07
0.48470218402042065,0,29,2025-12-18
0.0,0,26,2025-11-05
12.599636956423751,0,27,2025-03-12
17.303874017772557,3,39,2026-01-13
13.93304479035912,0,38,2025-06-27
13.886739864408128,0,38,2026-01-10
13.70516084502502,0,37,2026-01-10
16.608715936086753,2,38,2026-01-13
15.039123055034366,0,40,2026-01-10
13.524677802479573,3,39,2025-06-27
14.827421032987345,0,40,2025-06-27
11.302825398730391,0,29,2026-01-13
6.178816430985279,0,29,2026-01-10
13.013478265344986,0,26,2025-06-27
677.7469036757052,1180,28,2025-06-27
277.77303384665737,1383,28,2026-01-13
5.998992696442727,0,30,2026-01-10
9.055555490415372,0,27,2026-01-13
11.461290545473446,0,30,2026-01-13
15.73582569143639,0,30,2025-06-27
12.60635170023943,0,27,2025-06-27
10.742988312540433,1,38,2025-03-21
14.897660541153058,4,39,2025-09-27
8.79836935982759,0,39,2025-12-25
16.273837165844327,0,37,2025-09-27
11.650995687588946,0,40,2025-12-25
9.463409851931246,0,38,2025-07-12
10.058231946001953,0,40,2025-07-12
15.733917271789466,0,40,2025-09-27
11.92795852676717,0,40,2025-03-21
16.336237016661457,1,38,2025-09-27
7.735621501481816,0,30,2025-12-25
331.3889952511568,963,28,2025-03-21
4.614775094817361,0,27,2025-12-25
5.039930763186774,0,26,2025-07-12
22.98016975557806,0,29,2025-09-27
19.363579380768016,0,26,2025-09-27
1.396278069820582,0,26,2025-12-25
10.457315882894079,0,26,2025-03-21
8.839855200627326,0,27,2025-03-21
10.263854244536034,0,37,2025-04-02
16.464496834880194,0,37,2025-08-13
18.025785345148265,0,40,2025-01-11
7.493425939985499,0,36,2025-10-21
16.420756914673476,3,38,2025-08-13
16.37448398364961,2,38,2025-01-23
18.66436496999252,0,36,2025-01-11
18.566577018912568,0,38,2025-01-11
17.757653835445794,2,36,2025-01-23
16.39836433003913,0,37,2025-01-23
17.193231635622425,0,40,2025-01-23
17.775236293010792,0,39,2025-01-23
7.5522438522600766,0,39,2025-10-21
6.3673232390027295,0,37,2025-10-21
7.665315918955002,0,40,2025-10-21
9.522232771018935,0,38,2025-04-02
16.318596958122754,1,39,2025-08-13
18.491972804537724,0,37,2025-01-11
18.077830988797032,0,37,2025-09-11
9.640369659394608,0,29,2025-01-23
8.028948116195636,0,30,2025-04-02
443.56871821431525,1464,28,2025-09-11
13.824052988668768,0,29,2025-08-13
10.50569450573451,0,26,2025-08-13
4.795496197394698,0,26,2025-04-02
9.214598389043303,0,27,2025-01-23
9.17759309945454,0,30,2025-01-23
4.726922301251022,0,27,2025-04-02
14.61197288802731,0,26,2025-01-11
212.1270604490021,1532,28,2025-01-23
14.574400352415353,0,30,2025-01-11
14.07057614001154,2,38,2025-07-10
18.860331923901185,0,40,2026-01-19
17.469577634783434,0,37,2026-01-19
14.133707737376625,1,36,2025-07-10
18.154379943045782,0,38,2026-01-19
18.71629707880919,0,36,2026-01-19
11.024968571182214,0,26,2026-01-19
11.749683605880307,0,30,2026-01-19
8.653528147103401,0,27,2025-07-10
10.9037762131708,0,29,2025-07-10
8.604608340325242,0,26,2025-07-10
357.10546993790797,1513,28,2025-07-10
13.629369272591987,0,36,2025-09-22
11.212761966961125,3,39,2025-06-23
18.361332626933375,2,39,2026-03-24
11.584908180910503,1,36,2025-06-23
11.878155103440378,0,38,2025-09-22
11.758338693573648,0,37,2025-06-23
12.214685195040829,0,40,2025-09-22
855.1795469480695,1,38,2025-07-25
18.375486353720845,0,40,2026-03-24
13.085152552557872,3,39,2025-09-22
855.1795773677716,0,36,2025-07-25
18.788821270946528,0,36,2026-03-24
18.020429632112183,4,38,2026-03-24
855.179696373727,0,40,2025-07-25
18.311961618969036,0,37,2026-03-24
9.766070817577713,0,29,2025-06-23
851.3464470251838,1024,28,2025-07-25
855.1702578639727,0,29,2025-07-25
296.0299292332942,1440,28,2026-03-24
11.007916300023382,0,29,2025-09-22
8.855525643020883,0,26,2025-09-22
14.266639269676133,0,29,2026-03-24
11.686186860114972,0,26,2026-03-24
470.25160818944073,1137,28,2025-09-22
19.57932325743006,0,36,2025-11-30
9.686816303532154,0,38,2025-08-24
17.93507208868509,0,38,2025-11-30
5.521937798171535,1,38,2026-03-11
6.102390843080968,0,37,2025-11-08
18.871486383557624,0,40,2025-11-30
10.210693916086157,0,36,2025-08-24
5.735681196034818,0,37,2026-03-11
6.529811120284506,0,39,2025-11-08
0.0,0,26,2026-03-11
227.6028299916739,335,28,2025-11-30
9.76529827845441,0,26,2025-08-24
9.55489236513111,0,30,2025-11-30
10.250135344706507,0,29,2025-11-30
0.0,0,29,2026-03-11
11.748611268975296,0,30,2025-08-24
1.8095009969775617,0,30,2025-11-08
8.843327310525694,0,36,2025-03-04
16.797737059829004,2,36,2025-02-24
15.150712498376791,3,38,2025-02-24
7.9237949629778655,1,38,2025-03-04
8.25580451691944,0,37,2025-03-04
8.949515034633066,0,40,2025-03-04
3.2049928089072495,0,27,2025-03-04
215.5693706103015,1647,28,2025-03-04
11.718400988309753,0,39,2025-06-01
12.648889740028295,1,38,2025-07-02
13.742220158349781,4,39,2025-01-14
18.027576152571925,1,36,2025-09-10
11.543860247923448,0,37,2025-01-14
12.765384953427954,0,40,2025-01-14
5.483232834093911,0,40,2025-07-14
15.715634605810664,0,38,2025-11-27
10.871098515879297,0,37,2025-06-01
14.112485869434124,0,36,2025-11-27
13.379516680451076,0,37,2025-07-02
6.306441541096575,0,37,2025-07-14
5.233695106173869,0,39,2025-07-14
7.249127384635656,1,38,2025-07-01
12.677728360332779,1,39,2025-07-02
11.7025957141243,0,38,2025-01-14
15.787954924620095,0,27,2025-09-10
4.0117272794215495,0,26,2025-01-14
4.4051166684534735,0,30,2025-01-14
9.401308732417121,0,26,2025-06-01
9.004052776245487,0,26,2025-11-27
12.117669458823357,0,26,2025-09-10
4.578652254626846,0,29,2025-01-14
14.00711392010436,0,30,2025-09-10
16.369604102236025,0,29,2025-07-14
10.815099729717119,0,30,2025-07-01
384.69915060562084,378,28,2025-06-01
443.76044922466235,1228,28,2025-07-14
15.649394344955255,0,30,2025-07-14
426.1480983982449,1151,28,2025-07-01
4.192528337739006,0,36,2026-04-16
15.225956024985521,0,36,2025-12-04
4.478867457034752,0,37,2026-04-16
4.971831158238203,0,40,2026-04-16
14.964282859855814,0,40,2025-05-24
12.45048716496271,2,36,2025-03-10
4.352942714614073,2,39,2026-04-16
14.940779141264755,0,38,2025-12-04
14.899492573248438,0,37,2025-05-24
14.823288850056798,0,37,2025-12-04
12.498626650546669,0,40,2025-03-10
10.441972326690887,0,29,2025-03-10
308.0174325941001,1640,28,2026-04-16
0.0,0,27,2026-04-16
12.12648655381517,0,29,2025-05-24
9.786390142886177,0,26,2025-05-24
6.899675721502263,0,27,2025-03-10
502.99937022270433,490,28,2025-05-24
260.69815828735943,950,28,2025-03-10
10.098996726155576,0,37,2025-09-07
17.447637750287427,0,39,2026-02-01
16.91105438759658,0,37,2025-12-14
12.848613558366324,0,36,2026-04-26
7.01507246314128,3,39,2025-09-03
13.453691551457581,5,38,2025-01-15
14.351080877555162,0,40,2025-01-15
15.39744105404867,1,39,2025-01-15
12.50032201236678,1,39,2026-04-26
9.992204076164938,0,39,2025-09-07
17.250403480129663,0,36,2025-12-14
16.853548398358484,3,39,2025-12-14
17.581711061075353,0,37,2026-02-01
13.473211903222932,0,40,2026-04-26
6.058860776174754,2,38,2025-09-03
10.58893368327196,0,36,2025-09-07
13.826268404687383,0,29,2025-12-14
15.472226589789216,0,30,2025-12-14
0.2733020169260243,0,27,2025-09-03
4.740904329489354,0,26,2025-01-15
14.490905712597893,0,29,2026-02-01
263.72853467106074,316,28,2026-02-01
14.624527769978542,0,27,2026-02-01
8.093793160273364,0,26,2026-04-26
1.070424348493944,0,29,2025-09-03
258.17574538842723,535,28,2026-04-26
13.944841164065394,0,68,2025-11-14
11.616286141339174,0,66,2026-02-13
17.515553663372955,0,70,2026-02-07
9.508789518327731,0,67,2026-02-13
17.737523534393958,0,68,2026-02-07
8.763274463163597,0,67,2026-04-14
13.79811034805887,0,69,2025-11-14
5.900138517380569,0,69,2026-02-13
17.660918229272326,0,67,2026-02-07
18.01366494006642,0,68,2025-05-15
9.431357804936255,0,70,2026-02-13
14.343097732724857,0,67,2025-11-14
17.111266558925948,0,66,2026-02-07
8.107959306249825,0,68,2026-04-14
7.915102596602921,0,69,2026-04-14
17.525465675887617,0,69,2026-02-07
13.67408998672984,0,66,2025-11-14
9.853812129464941,0,66,2026-04-14
10.68259382234396,0,70,2026-04-14
8.028799580425584,0,68,2026-02-13
13.955138970967653,0,65,2025-11-14
13.519018401286147,0,63,2026-02-13
6.481234475327042,0,68,2026-03-18
11.44577537235186,0,66,2025-11-21
11.726459715695285,0,67,2025-11-21
5.276110480172463,0,66,2026-03-18
12.97045449738063,0,66,2025-06-29
11.60236476005241,0,67,2025-06-29
8.35446827872316,2,69,2025-06-20
6.443144540496235,0,66,2025-02-27
6.866794224784144,0,70,2025-02-27
6.670157212118582,0,67,2025-02-27
11.786127955187467,0,70,2025-11-21
9.871190227876369,0,69,2025-11-21
12.958889053550408,0,70,2025-06-20
9.765614796593937,0,69,2025-06-29
5.648574704992228,1,69,2025-02-27
5.770630650414574,0,70,2026-03-18
9.558161541303804,0,68,2025-06-20
6.68232348483447,1,69,2026-03-18
10.82607289967983,0,67,2025-06-20
10.463998355972407,0,68,2025-06-29
4.077125552594907,0,64,2026-03-18
4.76978518344454,0,62,2026-03-18
12.230646088963866,0,64,2025-11-21
12.39649435947571,0,68,2025-08-30
8.589941696093447,0,66,2025-07-19
7.67363301980393,0,67,2025-04-15
8.669375803307716,0,70,2025-04-15
13.834171777211154,0,67,2025-08-30
15.985622938478485,0,66,2025-08-30
9.79024103088463,0,69,2025-07-19
21.343907373895732,0,68,2025-08-06
21.083862037051375,0,67,2025-08-06
8.81776811586333,0,67,2025-07-19
8.747127002013642,0,70,2025-07-19
21.515023616050698,0,69,2025-08-06
10.90798035108304,0,69,2025-08-30
8.607302675984968,0,68,2025-07-19
19.87883852541988,0,66,2025-08-06
19.7232703530226,0,70,2025-08-06
8.096141820337039,0,66,2025-04-15
6.921709428412527,0,68,2025-04-15
6.053924401175806,0,69,2025-04-15
9.110173790478271,0,62,2025-07-19
19.218660991520494,0,65,2025-08-06
12.495519810834878,0,64,2025-04-15
19.77622439994248,0,63,2025-08-06
7.652029089489517,0,66,2026-02-02
13.392330416412676,0,66,2025-05-06
3.6654790657375003,0,70,2026-02-27
7.65720342366015,0,66,2025-07-31
11.05861622210206,0,68,2025-05-06
2.596743436891799,0,69,2025-07-31
2.7273299089881817,0,67,2026-02-27
12.289883018596726,0,70,2025-05-06
0.9331775516521361,0,69,2026-02-27
9.13685349230849,0,70,2025-07-31
1.9834898120983269,0,68,2026-02-27
8.31355339296239,0,70,2026-02-02
10.924625114068547,0,68,2026-02-02
1.168812552519583,0,61,2025-07-31
9.176689440383,0,62,2025-07-31
4.997525597370895,0,64,2026-02-02
18.33149966481723,0,62,2025-05-06
10.274088453147797,1,69,2025-08-12
11.300234060369107,0,68,2025-11-04
9.39193502659107,0,68,2026-04-30
13.119077400281071,0,66,2025-08-12
8.918535458771984,0,70,2025-11-04
16.84501167811446,0,66,2025-10-16
8.971430683272928,0,69,2025-11-18
11.49278037135663,0,69,2025-11-04
13.250294623371886,0,66,2026-03-10
19.64446023879276,0,68,2025-10-16
12.578530038749506,1,68,2026-03-10
9.148188495858776,0,67,2025-11-18
8.70542706160498,0,69,2026-04-30
13.674591671176458,0,70,2025-08-12
7.962076635675814,0,66,2025-11-18
14.209762971552081,0,70,2025-10-16
20.923192683156387,0,69,2025-10-16
10.832809702279647,0,68,2025-08-12
10.581968897044888,0,66,2025-11-04
9.033217536563441,0,68,2025-11-18
10.983773771614167,0,70,2026-04-30
13.02146382535274,0,67,2026-03-10
10.478704731956526,0,66,2026-04-30
18.59931635611008,0,67,2025-10-16
11.999015658374134,0,69,2026-03-10
14.053493309910792,0,62,2026-03-10
16.148040473074474,0,62,2025-10-16
7.829348113265553,0,65,2025-11-18
6.128433441798322,0,61,2025-11-18
6.710169065083619,0,64,2025-11-18
20.505116842339262,0,61,2025-10-16
14.36207313102058,0,65,2026-03-10
17.944831144359796,0,67,2025-11-24
6.151238217723858,0,66,2025-12-18
16.142762875221365,0,66,2025-03-11
13.573059778025936,0,68,2025-02-07
15.991562549838491,0,66,2025-11-24
7.8496380718561625,0,67,2025-12-18
8.727892256152444,0,68,2025-12-18
7.213018072907744,0,70,2025-12-18
18.725946278503756,0,66,2025-02-09
9.120950876913426,0,68,2025-11-05
17.778737428399083,0,70,2025-02-09
9.090932848784803,0,66,2025-03-12
12.062250737543636,0,70,2025-02-07
18.58589339554719,0,67,2025-02-09
10.228137058010958,0,67,2025-11-05
14.888919008544448,0,70,2025-11-24
15.542341100503208,0,67,2025-03-11
4.246576984519251,0,70,2025-03-12
14.052010575517826,0,67,2025-02-07
9.934970642276042,0,66,2025-11-05
10.233446334259867,0,70,2025-11-05
11.955877843358707,0,69,2025-03-11
9.212898292638329,0,69,2025-12-18
18.06421506307754,0,68,2025-02-09
13.890883304278901,1,68,2025-03-11
13.832541425347188,0,66,2025-02-07
16.451343368983814,0,63,2025-11-24
12.99054854362322,0,63,2025-03-12
17.993452945839806,0,67,2026-01-13
13.647632013686689,0,68,2026-01-10
12.708573148328,0,67,2026-01-10
14.225693188140312,1,69,2026-01-10
11.856903616723784,0,70,2026-01-10
16.021406022152377,0,69,2026-01-13
10.994351339619485,0,66,2026-01-10
17.865995126592935,0,70,2025-06-27
13.926879940654374,1,69,2025-06-27
17.48530019248733,0,70,2026-01-13
17.05247663997389,0,68,2026-01-13
15.98408851351914,0,68,2025-06-27
17.605265287623453,0,66,2026-01-13
18.17027146004908,0,66,2025-06-27
9.651921978014485,0,62,2026-01-10
18.722195268490182,0,65,2026-01-13
19.40266472445478,0,65,2025-06-27
18.434082337750255,0,63,2025-06-27
14.244026663148546,0,70,2025-09-27
13.10724463621699,0,66,2025-12-25
13.732650348824151,0,68,2025-03-21
18.019714138006137,0,70,2025-03-21
9.662387515418501,0,70,2025-07-12
13.956080776495497,0,70,2025-12-25
11.00587473813421,0,69,2025-03-21
12.93019382533464,0,69,2025-12-25
9.479961355245806,0,66,2025-07-12
9.755649837379323,0,67,2025-07-12
14.558363368619737,0,69,2025-09-27
15.639969760723048,0,67,2025-09-27
12.94363296745452,0,67,2025-12-25
15.830634301212015,0,67,2025-03-21
16.059862113042755,0,66,2025-09-27
22.073795011362563,0,65,2025-03-21
13.634597308500105,0,61,2025-03-21
14.115182397813314,0,62,2025-12-25
15.761679820533914,0,67,2025-01-23
15.958996930090706,0,70,2025-08-13
6.580049134537546,0,69,2025-10-21
12.276338241542945,0,67,2025-04-02
15.86230969250704,1,69,2025-09-11
17.3312124007643,0,69,2025-01-11
15.137508611432807,0,70,2025-01-23
13.076361589216788,0,66,2025-04-02
16.276597792855966,0,69,2025-01-23
15.426163935678673,0,67,2025-09-11
5.200407033343737,0,70,2025-10-21
11.476773726872779,0,68,2025-04-02
16.45077680522799,0,70,2025-01-11
4.57837276480943,0,66,2025-10-21
6.500852141343117,0,68,2025-10-21
10.842600768340418,0,70,2025-09-11
15.429084860832702,0,66,2025-08-13
16.21306756226049,0,67,2025-08-13
17.175806187214903,0,66,2025-01-11
17.27993685504508,0,68,2025-01-11
16.00677671730682,0,68,2025-09-11
14.453743447974475,0,66,2025-01-23
10.869814719640146,2,69,2025-04-02
13.452781923724885,0,66,2025-09-11
17.02786768595645,0,69,2025-08-13
16.8702202987688,0,61,2025-09-11
3.8350875420732393,0,63,2025-10-21
16.69233639041775,0,67,2026-01-19
17.6299797432885,0,68,2026-01-19
15.56302958505421,0,69,2025-07-10
16.15188200841088,0,70,2026-01-19
17.228942145391215,0,68,2025-07-10
19.845114714119575,0,66,2025-07-10
19.538082494269403,0,69,2026-01-19
18.594568057281947,0,67,2025-07-10
20.906281968053705,0,70,2025-07-10
14.198227100496169,0,63,2026-01-19
17.180496159818546,0,69,2026-03-24
13.232619313158693,0,66,2025-06-23
855.1797286501833,0,70,2025-07-25
855.1797181528029,0,68,2025-07-25
12.654905667489345,0,67,2025-06-23
855.1797179369072,0,69,2025-07-25
16.98461453344504,0,70,2026-03-24
8.428819429782408,0,70,2025-09-22
17.232691062037347,0,66,2026-03-24
10.78700025645945,0,66,2025-09-22
10.421645165770784,0,68,2025-09-22
855.1797184935031,0,67,2025-07-25
17.957221145722443,0,67,2026-03-24
11.008478809765009,0,69,2025-06-23
9.999801119691014,0,69,2025-09-22
10.53292451265736,0,67,2025-09-22
11.794707315727862,0,68,2025-06-23
10.4937900979414,0,61,2025-09-22
14.146291671022595,0,65,2025-09-22
855.1796506711736,0,63,2025-07-25
17.36057889164948,0,63,2026-03-24
5.9932815664126196,0,67,2026-03-11
7.284933936497069,0,67,2025-11-08
7.078143158670727,0,66,2025-11-08
11.514295758863739,0,67,2025-08-24
11.47986502148369,0,70,2025-08-24
6.919511882746448,0,68,2025-11-08
16.56182063262841,0,67,2025-11-30
18.055491870056997,0,69,2025-11-30
12.164279071730391,0,66,2025-08-24
6.373340347941976,0,69,2025-11-08
15.446239008516429,0,70,2025-11-30
6.915734330288942,0,69,2026-03-11
5.8999073497761,0,70,2026-03-11
3.779751860216223,0,62,2026-03-11
17.882235234523193,0,64,2025-08-24
7.908486296483616,0,65,2025-11-08
6.290849043649061,0,63,2025-11-08
8.558358740055112,0,68,2025-03-04
14.11309284588998,2,69,2025-02-24
8.71692710617755,0,67,2025-03-04
13.847192147996225,0,66,2025-02-24
14.662875465759157,0,67,2025-02-24
13.782131017269506,0,70,2025-02-24
8.614544461253999,0,69,2025-03-04
8.464509822561425,0,66,2025-03-04
8.834123758673911,0,70,2025-03-04
4.780235725671375,0,69,2025-07-14
6.084649263007549,0,69,2025-07-01
9.75123628410718,0,70,2025-01-14
9.031693398401202,0,66,2025-07-14
6.351301132934012,0,67,2025-07-14
12.477209797792895,0,68,2025-09-10
17.319288439855896,0,67,2025-11-27
16.76652978256068,0,68,2025-11-27
8.918522272102905,0,66,2025-01-14
11.53856426994966,0,68,2025-01-14
12.614623133100935,0,68,2025-07-02
3.6310951246593675,0,70,2025-07-01
5.273099313989405,0,66,2025-06-01
7.671208607325141,0,67,2025-06-01
9.039468728438052,0,66,2025-09-10
11.39095421303017,1,69,2025-06-01
16.903827411243284,0,66,2025-11-27
4.992774800414864,0,68,2025-07-14
6.517300158705737,0,66,2025-07-01
6.123883081571208,0,68,2025-07-01
2.7584797310116187,0,70,2025-06-01
11.642708643831782,0,69,2025-07-02
15.614097984485099,0,69,2025-09-10
5.855769533843798,0,67,2025-07-01
6.057655231609743,0,70,2025-09-10
13.201761865041163,0,67,2025-07-02
17.864255563688516,0,70,2025-11-27
10.588225206396046,0,67,2025-01-14
11.987621389185634,0,69,2025-01-14
9.256946263064364,0,68,2025-06-01
17.522408181695567,0,69,2025-11-27
4.75439975593325,0,62,2025-06-01
15.891996024262426,0,65,2025-07-02
16.46848961790046,0,62,2025-11-27
4.632384323505548,0,64,2025-09-10
16.428277505418805,0,64,2025-11-27
11.992326011213933,0,63,2025-07-14
16.67481930948756,0,67,2025-05-24
14.426501914710997,0,69,2025-05-24
15.567431338060757,0,68,2025-05-24
11.480588029579891,2,69,2025-03-10
13.999688375857843,0,66,2025-03-10
5.0821525321792365,0,69,2026-04-16
14.279653719685058,0,67,2025-12-04
14.350012964924957,0,68,2025-12-04
14.937153523848608,0,69,2025-12-04
12.181581498603379,0,68,2025-03-10
12.807496223197347,0,70,2025-12-04
13.640825275194274,0,66,2025-12-04
12.951014358878794,0,67,2025-03-10
5.244678743539438,0,68,2026-04-16
14.908633393076258,0,63,2025-03-10
11.778094254515096,0,61,2025-03-10
6.21085728023651,0,62,2026-04-16
20.504107612620416,0,64,2025-05-24
16.18782401984818,0,69,2026-02-01
9.924776171260845,0,67,2025-09-07
12.357190996771763,0,69,2026-04-26
5.176191669547023,0,66,2025-09-03
15.948083057438197,0,66,2026-02-01
8.785943569309282,0,70,2025-09-07
10.499843837983263,0,70,2025-01-15
8.783084712198672,0,69,2025-09-07
17.146714505103006,0,66,2025-12-14
16.49413195209162,0,68,2025-12-14
16.128925587581975,0,69,2025-12-14
16.168052545996048,0,68,2026-02-01
13.16190634971207,1,69,2025-01-15
9.431649955630078,0,68,2025-09-07
16.38907352582494,0,67,2026-02-01
15.771750900508067,0,70,2025-12-14
15.59524640649893,0,66,2026-04-26
15.488212698006521,0,70,2026-04-26
12.747941141489832,1,68,2025-01-15
6.406430062328752,0,69,2025-09-03
15.234792707026912,0,70,2026-02-01
11.86610147666724,0,67,2025-01-15
6.528760493583263,0,68,2025-09-03
17.011972768173663,0,67,2025-12-14
13.820172524691117,0,68,2026-04-26
15.050391204866472,0,67,2026-04-26
5.562490395436981,0,70,2025-09-03
10.035712324843274,0,66,2025-01-15
15.988941696768222,0,61,2025-12-14
17.357204067723274,0,64,2026-04-26
15.426269592292797,0,63,2026-04-26
5.177502920307887,0,62,2025-09-03
16.223874676943268,0,63,2026-02-01
15.750441843358615,0,64,2026-02-01
2.564317931936273,0,20,2025-05-15
0.0,1,16,2025-05-15
0.0,0,19,2025-11-14
0.0,0,20,2025-11-14
80.79788334675504,0,17,2026-04-14
0.8134193950511985,0,20,2026-04-14
17.940528778799376,0,17,2025-11-14
0.0,0,16,2025-11-14
7.407865952240343,0,20,2026-02-07
1.1744168086378721,0,20,2026-02-13
13.96911299208783,0,18,2026-02-13
55.53329979170407,0,18,2025-05-15
21.28290741015455,0,19,2025-05-15
48.732275559101254,0,18,2026-04-14
29.6779987661249,0,16,2026-04-14
0.0,0,16,2026-02-07
29.010046223226908,0,17,2026-02-13
25.04953538902639,0,19,2026-02-13
0.0,0,18,2026-02-07
0.0,0,17,2026-02-07
27.79810902634442,0,09,2025-11-14
0.0,0,09,2026-02-07
94.33609169299243,93,06,2025-05-15
125.32188434422883,0,09,2026-04-14
59.95433236601368,48,07,2026-02-13
14.746913439524334,0,09,2026-02-13
106.85929147032878,0,10,2026-04-14
1931.1087970119263,2549,08,2026-02-13
1657.2089023750616,1928,08,2026-02-07
1362.588622987205,2580,08,2026-04-14
75.2516562431795,0,18,2025-06-20
30.448597012866585,0,19,2025-06-20
135.13801308708318,0,17,2025-06-20
0.0,0,17,2026-03-18
1.4446585596114687,0,20,2025-06-29
0.0,0,18,2025-02-27
0.0,0,16,2025-11-21
0.0,1,16,2025-06-20
0.0,0,16,2026-03-18
0.0,0,19,2025-11-21
0.0,0,19,2025-02-27
0.0,0,20,2026-03-18
0.0,0,18,2026-03-18
94.43248190183085,0,18,2025-06-29
0.0,0,20,2025-11-21
91.12842689271908,96,06,2025-11-21
3205.5473335856004,3154,08,2025-06-20
183.7616136194126,0,09,2025-06-20
0.0,0,10,2025-02-27
94.02576178237891,83,07,2025-11-21
0.0,0,10,2026-03-18
138.49232625194585,46,07,2025-06-29
150.25220849060656,63,07,2025-06-20
0.0,0,16,2025-08-06
35.27908989446298,0,16,2025-04-15
0.0,0,19,2025-08-30
0.0,0,19,2025-07-19
133.94304646920395,0,19,2025-04-15
0.0,0,18,2025-08-30
338.64480355761305,0,17,2025-04-15
0.0,0,17,2025-08-06
0.0,0,19,2025-08-06
0.8006900583339274,0,20,2025-08-30
0.0,0,20,2025-04-15
0.0,0,17,2025-07-19
0.0,0,16,2025-08-30
5.191877218723803,0,20,2025-08-06
0.0,0,10,2025-08-30
265.045269632746,50,07,2025-07-19
0.0,0,09,2025-08-30
3025.8903592512743,2653,08,2025-08-06
44.617123570792856,0,18,2025-05-06
46.88985706867562,0,18,2026-02-02
0.0,0,18,2025-07-31
2.7368101505144864,0,20,2025-05-06
0.9891166159486886,0,20,2026-02-02
0.0,0,20,2026-02-27
0.0,0,17,2026-02-27
0.0,0,20,2025-07-31
0.0,0,17,2025-07-31
0.0,0,16,2025-05-06
1.7855222293260056,0,16,2026-02-02
85.874585376037,0,17,2025-05-06
23.357724710045886,0,19,2026-02-02
0.0,0,19,2026-02-27
46.968348133080816,45,07,2026-02-27
36.90376739693284,42,06,2026-02-02
47.615738713830275,74,06,2026-02-27
0.0,0,10,2026-02-27
0.0,0,19,2025-10-16
0.0,0,16,2025-11-04
3.4679641912100294,0,18,2025-11-18
2.96714019685092,0,20,2026-03-10
16.030808995155766,0,18,2025-11-04
0.0,0,16,2025-11-18
1.8419438293372679,0,16,2025-08-12
77.2993406993912,0,17,2026-04-30
6.387736454782541,0,20,2025-10-16
16.9343269760994,0,19,2026-04-30
0.0,0,19,2025-11-18
0.0,0,16,2025-10-16
2.806554020000945,0,20,2025-08-12
60.078323538214185,0,19,2025-08-12
45.77064389600255,0,17,2025-11-04
0.15222154812312283,0,18,2026-03-10
0.0,0,16,2026-03-10
0.0,0,20,2025-11-18
0.0,0,16,2026-04-30
1462.5754045854083,2947,08,2025-11-18
56.07875586954166,0,09,2025-11-04
27.329441467772384,0,10,2025-11-18
82.44710780905311,73,06,2025-08-12
8.674527464672437,0,10,2026-03-10
40.850650662285744,43,07,2025-11-04
59.490601323267796,53,06,2026-03-10
112.41784118845081,0,09,2026-04-30
1669.9310522027206,2652,08,2025-11-04
0.0,0,20,2025-11-05
0.0,0,17,2025-02-07
18.372381458065718,0,17,2025-02-09
29.568947684374265,0,17,2025-03-11
8.78447434358391,0,20,2025-11-24
0.0,0,18,2025-02-07
0.0,0,16,2025-11-05
2.5644446622980723,0,20,2025-02-07
438.390020055303,1,16,2025-11-24
10.116068395651737,0,18,2025-03-11
0.0,0,19,2025-12-18
0.0,0,16,2025-12-18
517.0475505631903,0,18,2025-11-24
0.0,0,18,2025-11-05
0.0,0,19,2025-11-05
0.0,0,18,2025-12-18
0.0,0,16,2025-02-09
7.460815163149604,0,18,2025-02-09
540.044553778581,0,19,2025-11-24
0.0,0,19,2025-03-12
0.0,0,19,2025-03-11
15.041789459772929,0,17,2025-11-05
30.42074152531859,0,17,2025-03-12
0.0,0,16,2025-03-12
78.4415649866425,8,07,2025-02-09
640.2998112420483,0,10,2025-11-24
90.74925233742408,16,06,2025-11-24
92.08055527680972,29,07,2025-11-24
1429.908445033186,2298,08,2025-03-12
52.57488447147512,34,07,2025-03-11
0.0,0,10,2025-12-18
79.87315922937263,7,06,2025-02-09
100.19636151356892,70,06,2025-11-05
6.122958021663337,0,10,2025-11-05
0.0,0,16,2026-01-13
10.002708726209363,0,17,2026-01-13
0.0,0,18,2026-01-13
0.0,0,16,2026-01-10
6.83865665747976,0,20,2025-06-27
0.9802560647298151,0,17,2025-06-27
3.439849329891743,0,17,2026-01-10
0.0,0,19,2026-01-10
0.0,0,10,2025-06-27
69.45311795153232,30,06,2026-01-10
11.678871093611235,0,09,2026-01-10
195.14068269451778,69,06,2025-06-27
0.0,0,19,2025-12-25
11.259580576516868,0,20,2025-09-27
0.0,0,20,2025-12-25
0.7391214418055085,0,20,2025-07-12
34.7940252067377,0,17,2025-09-27
13.418461006693974,0,18,2025-09-27
0.0,0,17,2025-12-25
0.0,0,18,2025-12-25
0.0,0,18,2025-07-12
41.910998005797296,0,10,2025-09-27
0.0,0,10,2025-12-25
75.9810126790399,22,07,2025-03-21
49.72007640067197,0,09,2025-09-27
8.08685536347997,0,10,2025-03-21
0.0,0,16,2025-08-13
6.326040661091085,0,20,2025-01-23
5.471907720498294,0,17,2025-01-11
17.21198054471847,0,17,2025-09-11
122.00943113183246,0,19,2025-10-21
0.0,0,16,2025-04-02
4.945408034182876,0,19,2025-09-11
0.0,0,19,2025-08-13
11.495118651680997,0,20,2025-09-11
0.0,0,19,2025-01-11
22.752809193865716,0,18,2025-08-13
221.32831559804896,0,18,2025-10-21
0.0,0,16,2025-01-11
0.0,0,19,2025-01-23
12.676293830513956,0,20,2025-01-11
0.0,0,18,2025-01-11
13.000744627835942,0,16,2025-09-11
15.241812878885398,0,17,2025-01-23
0.0,0,16,2025-01-23
0.0,0,20,2025-04-02
345.6139305406533,0,17,2025-10-21
1.9331563922087724,0,20,2025-08-13
11.01119667224313,0,16,2025-10-21
4.986444145978211,0,17,2025-04-02
17.778967552336198,0,18,2025-09-11
0.0,0,18,2025-01-23
61.35828845907676,22,07,2025-01-23
183.51705633542068,51,07,2025-08-13
90.67282088624336,84,06,2025-10-21
2242.6059454985684,3355,08,2025-10-21
2515.383279643503,2843,08,2025-09-11
29.622138193021883,0,09,2025-08-13
11.287792930052262,0,16,2026-01-19
9.066257329679004,0,20,2026-01-19
0.0,0,18,2025-07-10
2.1994703146922774,0,20,2025-07-10
0.0,0,19,2025-07-10
3.1005604885989158,0,19,2026-01-19
9.85228537138849,0,17,2025-07-10
3.273480065202108,0,18,2026-01-19
6.501834032670857,0,17,2026-01-19
120.38251971426483,51,07,2025-07-10
1303.5359017279015,2278,08,2026-01-19
18.227032504381683,0,18,2025-09-22
0.8054691178243587,0,20,2025-06-23
4.082802205217462,0,20,2026-03-24
97.93636638080466,0,17,2025-07-25
44.86490445346145,0,17,2025-09-22
0.0,0,19,2025-09-22
0.0,0,16,2025-06-23
52.18144465875626,0,18,2025-07-25
0.9253692314714073,0,19,2026-03-24
0.702787239936157,0,20,2025-09-22
104.70419728119641,0,17,2026-03-24
0.31826769935919685,0,18,2025-06-23
52.04625490141303,0,18,2026-03-24
855.0183511095914,0,20,2025-07-25
0.0,0,16,2025-07-25
2404.378507262345,2598,08,2025-06-23
2279.717970842929,2257,08,2025-09-22
116.70871336503096,37,07,2025-09-22
128.04146269075306,32,07,2025-06-23
838.4065280004,20,06,2025-07-25
846.5950921234287,49,07,2025-07-25
70.47435944845927,39,07,2026-03-24
0.0,0,19,2026-03-11
0.0,0,18,2025-08-24
0.0,0,20,2026-03-11
7.3155402570606185,0,18,2026-03-11
0.0,0,16,2025-11-08
0.0,0,17,2025-11-30
0.0,0,18,2025-11-30
21.92111991709119,0,17,2026-03-11
0.0,0,16,2026-03-11
0.0,0,16,2025-11-30
0.0,0,19,2025-08-24
0.0,0,19,2025-11-30
1408.3839720072408,3124,08,2026-03-11
76.43234799929363,34,07,2025-11-08
40.10271989972588,0,09,2026-03-11
0.0,0,10,2025-08-24
132.87989441033363,5,06,2025-08-24
2002.4859689726418,2018,08,2025-11-08
134.25020920120187,18,07,2025-08-24
0.0,0,10,2025-11-08
68.80238142529807,22,06,2025-11-08
66.86905024717164,6,07,2025-11-30
8.077559171069169,0,19,2025-03-04
25.855211468504507,0,18,2025-02-24
0.0,0,20,2025-03-04
3.6135275710260686,0,20,2025-02-24
52.24591408740794,0,17,2025-02-24
0.0,1,16,2025-03-04
83.0744101250171,14,07,2025-02-24
62.26937349338065,0,10,2025-02-24
76.95758930708126,0,09,2025-02-24
0.0,0,16,2025-09-10
43.7203976442286,0,18,2025-07-14
0.0,0,18,2025-01-14
1.0348026639409937,0,20,2025-11-27
21.57079666390321,0,18,2025-09-10
0.0,0,16,2025-07-02
60.115468548957665,0,17,2025-07-01
2.4961651120184882,0,20,2025-01-14
2.819364634763744,0,17,2025-01-14
39.22709633214365,0,17,2025-09-10
4.876668412675798,0,19,2025-07-01
0.0,0,16,2025-07-01
5.632930295274434,0,20,2025-09-10
5.936000307259306,0,20,2025-07-14
5.195382015619913,0,19,2025-07-14
0.0,0,16,2025-01-14
0.0,0,17,2025-11-27
11.92922747770551,0,16,2025-11-27
0.0,0,19,2025-06-01
70.49174064657781,0,17,2025-07-14
3.8733372158850585,0,20,2025-06-01
0.0,0,19,2025-09-10
0.0,0,20,2025-07-01
101.01001533684638,47,07,2025-07-14
104.97004785440187,64,06,2025-07-01
0.0,0,09,2025-06-01
101.36032330321098,18,07,2025-07-01
134.67221107764846,13,06,2025-11-27
142.4274566893683,26,07,2025-07-02
145.6384382718257,46,06,2025-07-02
26.688637176427306,0,10,2025-09-10
2102.890059522972,2022,08,2025-06-01
130.34549290910078,19,07,2025-11-27
50.70676550736659,0,10,2025-07-01
1.1562503434052047,0,20,2025-12-04
0.0,0,19,2026-04-16
0.0,0,18,2025-05-24
0.0,0,18,2025-12-04
0.0,0,20,2025-03-10
0.0,0,19,2025-05-24
0.0,0,17,2025-05-24
74.05871943518595,0,17,2025-03-10
0.0,1,16,2026-04-16
0.0,1,16,2025-12-04
0.0,0,10,2026-04-16
0.0,0,09,2025-05-24
1643.356095484965,1392,08,2025-03-10
2210.292393551759,3178,08,2026-04-16
14.765024931341557,0,09,2025-12-04
142.68245850375396,36,07,2025-05-24
1.9435658792467194,0,20,2025-01-15
169.8298469894604,0,18,2025-09-03
0.0,0,16,2025-12-14
27.242912883204113,0,19,2026-02-01
0.0,0,17,2025-09-07
80.35923185938822,0,19,2025-09-03
0.0,0,19,2026-04-26
71.16977424478821,0,18,2026-02-01
0.0,0,16,2026-02-01
0.0,0,18,2025-09-07
276.3673395109215,0,17,2025-09-03
0.0,0,16,2025-09-03
3.555503216573541,0,20,2025-09-07
66.54957646679348,0,18,2025-01-15
0.0,0,17,2025-12-14
0.0,0,16,2025-01-15
127.74396593762691,0,17,2026-02-01
7.4968114196497595,0,16,2025-09-07
0.0,0,17,2026-04-26
4.639599885312805,0,20,2025-12-14
21.98225692287643,0,19,2025-01-15
0.0,0,09,2025-12-14
74.59968521589,3,06,2026-02-01
157.0849084590315,77,06,2025-09-03
956.652804982421,1888,08,2025-12-14
147.3809400858087,0,10,2025-01-15
66.16922775896174,47,07,2026-04-26
50.08978821962273,30,06,2025-01-15
1450.4833159191755,1887,08,2025-01-15
343.29357670534006,0,09,2025-09-03
23.72036567196882,65,07,2025-12-14
0.0,0,04,2025-05-15
0.0,1,01,2025-05-15
3.1208673628578936,0,04,2026-02-07
0.0,0,05,2025-05-15
40.693181750886666,0,02,2026-04-14
12.639528572349704,0,01,2026-02-07
0.0,0,05,2026-02-13
23.830274431759932,0,01,2025-11-14
39.420518436699275,2,01,2026-04-14
0.0,0,05,2025-11-14
5.9699620013379615,0,04,2026-02-13
25.406525051294977,1,04,2026-04-14
2.556225014264811,0,04,2025-11-14
3.1003790412993624,0,02,2026-02-07
4.144199665962418,0,02,2026-02-13
0.0,58,03,2026-04-14
2.1867619167662156,0,01,2026-02-13
4.693291933809348,8,03,2026-02-07
0.0,25,03,2025-11-14
0.0,1,05,2026-04-14
0.0,0,02,2025-05-15
5.00818621497919,0,05,2026-02-07
17.21707578470243,5,41,2026-02-07
12.85862704585034,13,41,2025-05-15
7.933454131241504,3,43,2026-04-14
14.327366143980399,0,45,2025-11-14
13.495244481253124,0,43,2025-11-14
12.071379301821068,0,44,2025-11-14
4.470697960837214,2,44,2026-02-13
3.4442818586424977,3,03,2025-06-29
0.0,0,04,2025-06-20
0.0,0,04,2025-11-21
0.0,19,03,2025-02-27
0.0,2,02,2025-11-21
0.0,0,05,2025-11-21
0.0,0,01,2025-06-20
0.8251009127510827,0,05,2025-06-29
0.0,0,01,2025-02-27
3.5397552924367233,0,01,2025-11-21
0.0,0,04,2025-06-29
0.0,0,02,2025-06-29
0.0,2,01,2025-06-29
0.0,47,03,2025-11-21
0.0,0,04,2026-03-18
0.0,48,03,2026-03-18
0.0,0,01,2026-03-18
0.0,0,05,2025-02-27
10.50985368318888,0,45,2026-03-18
7.321849843405317,0,43,2025-06-20
10.088218223718712,0,45,2025-06-29
6.503745271313051,3,44,2025-02-27
3.274185945163694,0,04,2025-08-30
10.933694932090631,0,01,2025-08-30
0.0,30,03,2025-04-15
0.0,0,05,2025-08-30
4.149997438097742,0,05,2025-07-19
4.3038791232408045,2,02,2025-04-15
0.0,32,03,2025-08-06
0.0,0,05,2025-08-06
0.0,5,03,2025-08-30
0.0,0,04,2025-04-15
0.0,0,02,2025-08-30
0.0,0,02,2025-07-19
0.015756668140326724,0,01,2025-07-19
15.440688877748428,0,04,2025-08-06
0.0,0,05,2025-04-15
10.598237447738228,0,42,2025-08-30
10.032163247682902,0,43,2025-08-30
11.000434877910024,0,44,2025-08-30
21.018811160130127,29,41,2025-08-06
12.921266488266113,57,41,2025-07-19
0.0,1,04,2026-02-02
0.0,0,05,2025-05-06
0.0,0,01,2026-02-02
0.0,0,01,2026-02-27
0.0,0,01,2025-05-06
0.0,0,05,2025-07-31
0.0,0,04,2025-07-31
0.0,38,03,2025-07-31
0.21647610591530508,19,03,2026-02-02
0.0,1,02,2026-02-02
0.0,1,02,2026-02-27
0.0,3,02,2025-05-06
1.498478276940915,0,45,2026-02-27
11.822520731378532,1,41,2026-02-02
8.417150729810672,13,41,2025-05-06
13.583190247686929,0,42,2026-02-02
10.23314857781304,1,45,2025-05-06
4.109165561595887,0,45,2025-07-31
0.0,0,43,2025-07-31
1.0236623765556772,0,42,2026-02-27
14.698299610438752,0,43,2026-02-02
0.0,0,02,2026-04-30
0.0,0,02,2025-11-18
0.0,49,03,2025-11-18
0.0,0,05,2026-04-30
19.436442497089743,0,01,2025-10-16
0.0,31,03,2025-10-16
0.0,28,03,2026-03-10
29.190288988436336,0,01,2025-11-04
0.0,0,04,2025-11-18
0.0,0,05,2025-10-16
0.0,0,02,2025-08-12
0.10614955398162351,0,05,2026-03-10
0.0,0,01,2026-03-10
0.0,20,03,2025-11-04
7.806814279680211,1,04,2025-10-16
4.490222891278293,2,02,2025-10-16
0.0,0,05,2025-11-18
7.036433705354838,0,02,2025-11-04
0.0,0,02,2026-03-10
1.9589568719784154,24,03,2025-08-12
0.0,1,05,2025-11-04
0.0,0,01,2025-08-12
0.0,1,01,2026-04-30
0.0,0,04,2026-04-30
16.055008454713885,0,45,2025-11-04
9.682510250259128,0,42,2025-11-18
10.108135544992564,0,42,2025-08-12
8.208179276929442,0,43,2026-04-30
11.771950052494404,0,45,2025-08-12
14.227211886261898,0,43,2025-11-04
11.009790083714293,3,44,2025-08-12
9.336818695482847,1,44,2025-11-18
393.04351617959514,1,01,2025-11-24
12.070168240297733,1,01,2025-03-12
12.235387346430826,2,03,2025-02-09
455.0512854820653,0,02,2025-11-24
0.0,0,01,2025-03-11
5.872583328333306,0,05,2025-11-24
0.0,49,03,2025-12-18
0.0,0,05,2025-03-12
0.0,1,02,2025-03-12
3.0665660335799885,0,04,2025-02-09
0.0,31,03,2025-11-05
0.0,1,01,2025-12-18
0.0,0,04,2025-03-11
0.0,30,03,2025-03-12
0.0,0,04,2025-12-18
3.7690878476726652,1,01,2025-02-07
0.0,0,04,2025-02-07
0.0,1,05,2025-12-18
12.204572820264133,0,05,2025-02-09
0.0,19,03,2025-02-07
0.0,0,05,2025-03-11
0.0,2,02,2025-03-11
16.700071587335245,0,01,2025-11-05
0.0,18,03,2025-03-11
0.0,0,05,2025-11-05
3.6070141439680725,0,04,2025-11-05
21.370076156633132,0,42,2025-11-24
13.005589496623116,0,45,2025-03-11
11.840467164726192,0,43,2025-03-12
0.0,0,05,2026-01-13
0.0,0,02,2025-06-27
0.0,3,01,2026-01-13
3.14321717013911,31,03,2025-06-27
0.0,0,04,2025-06-27
0.0,2,02,2026-01-10
0.0,0,01,2026-01-10
7.806129639932763,0,01,2025-06-27
0.0,21,03,2026-01-13
0.0,1,04,2026-01-13
18.604517179372436,0,45,2026-01-10
16.87801190594415,0,42,2026-01-13
16.57664184425836,0,45,2026-01-13
15.116718828182144,1,43,2026-01-13
14.78856937068042,1,44,2026-01-13
0.0,0,02,2025-09-27
0.0,0,04,2025-12-25
1.9750619989945193,0,04,2025-07-12
1.2639401465135904,0,01,2025-12-25
0.0,15,03,2025-03-21
8.393148647806953,3,03,2025-07-12
0.0,0,04,2025-03-21
0.0,0,01,2025-03-21
0.0,2,02,2025-07-12
0.0,0,04,2025-09-27
0.0,0,01,2025-09-27
0.0,0,05,2025-03-21
0.0,0,02,2025-03-21
0.0,0,02,2025-12-25
12.834212541236795,0,43,2025-09-27
11.121245206352654,2,44,2025-03-21
10.996264388655021,0,45,2025-07-12
14.267202769355848,33,41,2025-09-27
11.680779900297367,0,45,2025-12-25
10.378920539714116,0,43,2025-12-25
1.990851883045579,0,05,2025-09-11
0.0,0,04,2025-10-21
0.0,40,03,2025-10-21
0.0,0,05,2025-04-02
0.0,0,04,2025-01-11
0.0,31,03,2025-09-11
25.582649672163967,0,04,2025-09-11
0.0,35,03,2025-04-02
0.0,0,05,2025-08-13
0.0,0,04,2025-04-02
4.035879968316991,2,05,2025-01-23
0.0,1,05,2025-10-21
0.0,0,04,2025-01-23
1.2034412154925178,0,04,2025-08-13
0.0,0,01,2025-08-13
0.0,0,01,2025-01-23
0.0,25,03,2025-08-13
1.821364891021915,1,01,2025-01-11
14.570456644006242,1,02,2025-09-11
23.055442657482487,2,01,2025-09-11
12.260673563639358,0,45,2025-04-02
14.380725707886,1,44,2025-01-11
15.793959334978197,2,44,2025-08-13
15.652462897006458,0,04,2026-01-19
10.802911461561038,0,05,2026-01-19
0.0,0,04,2025-07-10
13.542152393366791,19,03,2026-01-19
23.002729624384244,0,01,2026-01-19
0.0,2,01,2025-07-10
0.0,26,03,2025-07-10
8.428003753225667,0,02,2026-01-19
14.397538753182218,2,43,2025-07-10
20.68836525100579,2,41,2026-01-19
0.0,0,05,2026-03-24
0.0,0,05,2025-06-23
0.0,0,04,2025-07-25
0.0,0,01,2025-07-25
0.0,33,03,2026-03-24
0.0,0,05,2025-09-22
0.0,0,02,2026-03-24
0.0,0,04,2025-09-22
0.0,0,01,2025-09-22
0.0,0,04,2025-06-23
0.0,0,02,2025-06-23
0.0,0,02,2025-07-25
851.2370256541622,11,03,2025-07-25
0.0,2,02,2025-09-22
0.0,16,03,2025-09-22
855.179725474834,1,43,2025-07-25
16.740475890141,0,43,2026-03-24
10.943172139327558,13,41,2025-09-22
8.96317978121077,2,44,2025-09-22
16.844733987001902,0,44,2026-03-24
26.438430368188506,0,04,2025-08-24
0.0,4,03,2025-11-08
0.0,0,04,2025-11-08
3.277416202875415,0,04,2025-11-30
1.681957700319174,0,05,2025-08-24
6.336855795761707,0,03,2025-11-30
22.576459433909704,0,02,2025-08-24
0.0,0,04,2026-03-11
0.0,0,01,2025-11-08
0.0,0,05,2026-03-11
0.0,1,05,2025-11-08
18.07710776069365,0,41,2025-11-30
0.0,0,02,2025-02-24
0.0,0,01,2025-03-04
0.0,1,02,2025-03-04
0.0,0,05,2025-03-04
0.3526847101382202,0,05,2025-02-24
0.0,0,01,2025-02-24
14.880502698781356,0,43,2025-02-24
10.648942418859335,0,45,2025-03-04
8.747568726300642,4,44,2025-03-04
0.0,0,05,2025-07-14
16.652702366147295,0,04,2025-06-01
16.671199601536145,0,04,2025-11-27
16.605022114745495,2,02,2025-06-01
30.406273804535758,0,01,2025-06-01
0.0,2,02,2025-09-10
0.0,0,04,2025-07-01
2.1264352505930475,0,01,2025-07-01
0.0,0,05,2025-11-27
24.201091021803123,0,01,2025-11-27
0.0,26,03,2025-07-14
3.086427052243039,0,01,2025-07-14
0.0,17,03,2025-07-01
1.963239961176356,40,03,2025-09-10
0.0,0,05,2025-07-01
4.7677943534785925,18,03,2025-06-01
2.303369438436121,31,03,2025-07-02
1.530804550170899,0,05,2025-07-02
0.0,0,02,2025-07-14
0.0,1,04,2025-01-14
4.52400494698378,0,01,2025-01-14
0.0,2,03,2025-11-27
0.0,0,02,2025-01-14
2.2343559694382122,0,05,2025-09-10
0.9869018463779469,21,03,2025-01-14
2.4138477823216675,0,05,2025-06-01
0.0,0,04,2025-07-02
2.428707021449469,0,04,2025-09-10
0.0,0,04,2025-07-14
3.9372527861489033,4,01,2025-07-02
12.008205003077919,0,42,2025-07-02
15.86509379750943,0,44,2025-11-27
9.571736347736348,0,45,2025-09-10
6.870824025757699,0,45,2025-07-01
10.821938695774932,0,45,2025-06-01
0.0,77,03,2025-12-04
0.0,0,01,2026-04-16
0.0,2,05,2025-12-04
0.0,54,03,2026-04-16
5.3508177233292145,0,01,2025-12-04
0.0,24,03,2025-05-24
0.0,17,03,2025-03-10
1.9865634246919086,0,04,2025-05-24
2.464423062881437,1,01,2025-03-10
7.2956899799139165,0,01,2025-05-24
0.0,2,02,2025-03-10
0.0,0,04,2025-12-04
0.0,0,02,2025-05-24
0.0,0,04,2025-03-10
0.0,1,02,2026-04-16
0.0,2,02,2025-12-04
0.0,2,05,2025-03-10
0.0,0,05,2026-04-16
0.0,0,04,2026-04-16
10.21896696233371,13,41,2025-03-10
11.804172265152118,1,42,2025-03-10
6.209006201400555,0,45,2026-04-16
13.154161342773946,39,41,2025-05-24
13.34113731871723,1,44,2025-12-04
28.718602765338545,0,02,2025-09-07
42.32093305353123,0,01,2025-09-07
0.0,0,04,2026-04-26
0.0,0,02,2025-01-15
10.851485970544687,0,05,2026-02-01
0.0,19,03,2025-01-15
0.0,4,03,2026-04-26
46.44928829581521,0,01,2025-12-14
0.0,0,02,2026-04-26
0.1744921169970013,0,05,2025-01-15
4.2567686897028665,2,03,2025-09-07
0.0,1,02,2025-09-03
0.0,0,01,2026-02-01
0.0,0,05,2025-09-03
15.492826973432514,1,02,2025-12-14
0.0,0,04,2025-01-15
0.0700354631772484,0,05,2025-12-14
0.0,0,05,2026-04-26
11.476276024047252,1,03,2026-02-01
36.00494024354795,0,04,2025-09-07
13.956216499061995,1,44,2025-01-15
14.542714757839235,3,41,2025-12-14
14.9270899704957,1,44,2025-12-14
13.476792964941637,0,45,2026-04-26
11.10635031493743,0,43,2026-04-26
9.511920686837854,0,45,2025-09-03
16.476963363679005,0,42,2026-02-01
2468.773956368675,3346,08,2025-05-15
53.43490892159919,30,07,2026-04-14
0.0,0,10,2026-02-07
61.10665729225121,31,06,2026-02-13
142.6634164261245,0,09,2025-05-15
46.60291929021377,88,06,2026-04-14
63.676037034494186,14,06,2026-02-07
118.27873994265303,0,10,2025-05-15
22.779894411715475,0,10,2026-02-13
100.87564911448288,67,07,2025-05-15
169.37692779598217,57,06,2025-11-14
2821.155301572248,2614,08,2025-11-14
158.5698347464819,58,07,2025-11-14
12.654346147734017,0,10,2025-11-14
65.24818613985566,17,07,2026-02-07
0.0,15,03,2026-02-13
0.0,51,03,2025-05-15
0.0,0,02,2025-11-14
0.0,0,09,2025-02-27
2927.277500083733,1303,08,2025-06-29
0.0,0,09,2025-11-21
2032.2241688899737,2173,08,2025-02-27
62.3881990804196,79,06,2026-03-18
0.0,0,10,2025-11-21
1685.799576295293,3336,08,2026-03-18
152.95697946097434,0,10,2025-06-20
2115.59100530723,2771,08,2025-11-21
157.76030088112543,137,06,2025-06-20
0.0,0,09,2026-03-18
176.28346934394114,0,10,2025-06-29
133.44491088426125,32,06,2025-06-29
73.94004003283767,56,06,2025-02-27
77.4943590692129,35,07,2025-02-27
211.216700044287,0,09,2025-06-29
58.417761067250495,61,07,2026-03-18
1.7607120354685861,19,03,2025-06-20
0.0,0,02,2025-06-20
0.0,0,04,2025-02-27
0.0,0,05,2026-03-18
0.0,0,05,2025-06-20
0.0,0,02,2025-02-27
0.0,1,02,2026-03-18
72.85458014243639,34,07,2025-04-15
438.06764481528444,0,09,2025-04-15
115.27163546424458,23,06,2025-08-30
72.21677720423739,55,06,2025-04-15
380.2773338376512,0,10,2025-04-15
0.0,0,09,2025-07-19
0.0,0,10,2025-07-19
147.46096289229212,87,06,2025-08-06
2729.336772645337,1993,08,2025-08-30
2015.1195811370471,2214,08,2025-04-15
253.5975128001419,51,06,2025-07-19
3259.3977166194627,2115,08,2025-07-19
146.34599770475654,41,07,2025-08-06
118.27131540210684,47,07,2025-08-30
0.0,0,10,2025-08-06
0.0,0,09,2025-08-06
31.855132471714683,0,01,2025-08-06
0.0,1,01,2025-04-15
0.0,0,04,2025-07-19
10.283433166287054,14,03,2025-07-19
9.6823563370383,0,02,2025-08-06
0.0,0,09,2026-02-27
1142.31455717037,1987,08,2026-02-02
0.0,0,09,2025-07-31
1538.2007431692157,2256,08,2026-02-27
129.69055888834185,0,09,2026-02-02
0.0,0,10,2025-07-31
36.48748287556982,36,07,2026-02-02
119.24506537119326,81,06,2025-07-31
2597.7549976650084,2616,08,2025-07-31
105.20688675270253,0,10,2026-02-02
96.9980960609877,0,09,2025-05-06
58.57936700663989,129,06,2025-05-06
1795.7779212426606,2714,08,2025-05-06
78.55169114483068,0,10,2025-05-06
116.99469892919299,41,07,2025-07-31
61.32934079928841,41,07,2025-05-06
0.0,0,05,2026-02-27
0.0,0,04,2026-02-27
0.0,29,03,2025-05-06
0.0,3,02,2025-07-31
0.0,19,03,2026-02-27
0.1902388720981918,0,05,2026-02-02
0.0,0,04,2025-05-06
4.152705999946377,0,01,2025-07-31
37.12690066294973,0,09,2025-11-18
31.584391509914283,53,06,2025-11-04
2141.7651861372333,3655,08,2026-04-30
0.0,0,09,2025-10-16
158.76198685153022,95,06,2025-10-16
1977.5173210220012,2676,08,2025-08-12
32.24632452735824,88,06,2025-11-18
248.9741237396421,0,09,2025-08-12
212.20104304051281,3,10,2025-08-12
92.41649846388691,0,10,2026-04-30
3107.8411534407937,3368,08,2025-10-16
92.42681111420474,49,07,2025-08-12
89.18018158414266,77,06,2026-04-30
149.97778718163266,50,07,2025-10-16
1455.6075465551917,2963,08,2026-03-10
39.25698486162808,33,07,2025-11-18
0.0,0,10,2025-10-16
95.05705101570668,70,07,2026-04-30
67.16069468051315,33,07,2026-03-10
13.036918514784304,0,09,2026-03-10
37.575392027950755,2,10,2025-11-04
0.0,1,04,2025-08-12
0.0,0,01,2025-11-18
1.0503757029121203,0,05,2025-08-12
15.686297705609533,0,04,2025-11-04
0.0,50,03,2026-04-30
0.0,0,04,2026-03-10
654.1700351550119,0,09,2025-11-24
1754.1002207517415,3834,08,2025-12-18
17.618504181915185,64,06,2025-03-12
2357.997331194546,1892,08,2025-11-24
18.568619914984154,0,10,2025-03-12
1807.8675758453196,353,08,2025-02-09
47.05226234753269,43,06,2025-03-11
19.966718510835477,0,10,2025-02-09
93.83940263683813,32,07,2025-11-05
67.43885006177499,86,06,2025-12-18
23.284615808555543,0,10,2025-03-11
2169.391383531631,2959,08,2025-11-05
28.08881235244995,0,09,2025-03-12
18.65555667057515,0,09,2025-11-05
1784.2634241526075,2217,08,2025-03-11
25.20713244397585,0,09,2025-02-09
26.47350391322084,23,07,2025-03-12
86.36102890593469,33,06,2025-02-07
2201.4125256018206,1404,08,2025-02-07
30.727127983915253,0,09,2025-03-11
0.0,0,09,2025-02-07
88.89683996249427,19,07,2025-02-07
0.0,0,10,2025-02-07
61.935257443568815,100,07,2025-12-18
0.0,0,09,2025-12-18
0.0,0,02,2025-02-09
9.758847215422065,0,01,2025-02-09
5.092818836417209,19,03,2025-11-24
0.0,0,02,2025-11-05
364.6155021708903,0,04,2025-11-24
0.0,0,02,2025-12-18
0.0,1,02,2025-02-07
0.5810447764787341,0,04,2025-03-12
0.0,0,05,2025-02-07
2817.955382916842,2780,08,2025-06-27
1689.1241578517881,1398,08,2026-01-10
7.269841893944431,0,10,2026-01-10
58.60328153219243,50,06,2026-01-13
61.37879451525074,27,07,2026-01-13
184.1681097291289,66,07,2025-06-27
1720.3579908545735,2058,08,2026-01-13
67.9338420060434,50,07,2026-01-10
0.0,0,09,2025-06-27
15.917247786874768,0,09,2026-01-13
11.225489047803492,0,10,2026-01-13
2.313351849480597,0,05,2025-06-27
0.0,0,04,2026-01-10
0.0,1,02,2026-01-13
2.5668393087657364,0,05,2026-01-10
3.005687710814101,13,03,2026-01-10
0.0,0,10,2025-07-12
0.0,0,09,2025-07-12
0.0,0,09,2025-12-25
10.344245406208259,0,09,2025-03-21
130.2657803544168,94,06,2025-09-27
1716.4284065366055,240,08,2025-12-25
76.36790651777616,83,06,2025-03-21
63.0019710887143,0,06,2025-12-25
3631.3850168640047,1781,08,2025-07-12
334.0030935446049,15,06,2025-07-12
311.91343986733705,62,07,2025-07-12
80.907434607826,0,07,2025-12-25
2233.6576904825156,1974,08,2025-03-21
2046.1127921258337,2447,08,2025-09-27
129.20708872411197,85,07,2025-09-27
6.595555018718088,0,05,2025-09-27
0.0,0,03,2025-12-25
1.7572374330980267,0,05,2025-07-12
11.41835561799536,1,01,2025-07-12
0.0,0,05,2025-12-25
2.494046261245842,15,03,2025-09-27
2156.6641475457413,532,08,2025-01-11
6.680783124959703,0,10,2025-04-02
11.30299144496118,0,09,2025-04-02
377.1797209106196,0,10,2025-10-21
96.7009597190376,3,06,2025-01-11
6.06035260287851,0,10,2025-01-11
197.15938238193087,53,06,2025-08-13
87.18057090394724,57,07,2025-10-21
20.728701961080333,0,09,2025-01-23
8.534608643388324,0,09,2025-01-11
91.35300351353892,5,07,2025-01-11
7.3905954341391435,0,10,2025-09-11
113.0331598410587,78,06,2025-09-11
110.0276516077443,50,07,2025-09-11
432.7161787661096,0,09,2025-10-21
1630.3737631151557,2057,08,2025-01-23
15.523445223965979,0,10,2025-01-23
80.37186105475297,56,06,2025-04-02
89.03255227649993,8,07,2025-04-02
61.67938172499984,48,06,2025-01-23
13.207956149709375,0,09,2025-09-11
18.346299451479794,1,10,2025-08-13
1815.1380903537524,2345,08,2025-04-02
3089.4799853597156,2555,08,2025-08-13
0.0,0,01,2025-10-21
12.23997164809255,10,03,2025-01-11
0.0,0,01,2025-04-02
0.0,0,02,2025-04-02
0.0,0,02,2025-01-11
0.0,0,02,2025-08-13
0.0,0,02,2025-10-21
3.4814194994279433,26,03,2025-01-23
0.0,0,02,2025-01-23
11.554675516445911,0,05,2025-01-11
7.249844674430207,0,09,2026-01-19
103.72160038229589,52,06,2025-07-10
56.27738170232173,44,06,2026-01-19
53.57320466822369,44,07,2026-01-19
2243.092567462591,2868,08,2025-07-10
5.782112759970985,0,10,2025-07-10
2.901313712959791,0,09,2025-07-10
7.2877149612103125,2,10,2026-01-19
0.0,0,05,2025-07-10
0.0,0,02,2025-07-10
18.605624962319922,0,09,2025-06-23
2027.411830567017,2369,08,2026-03-24
101.40381543744678,0,10,2025-07-25
64.83300293564189,42,06,2026-03-24
129.92144802912412,66,06,2025-06-23
132.5367879290867,0,09,2026-03-24
11.402102322830473,0,10,2025-06-23
121.72398690336975,0,09,2025-07-25
119.86735335552379,48,06,2025-09-22
104.57019436573341,0,10,2026-03-24
50.07170445560119,0,09,2025-09-22
803.9470922930817,2527,08,2025-07-25
34.05616750723306,0,10,2025-09-22
0.0,44,03,2025-06-23
0.0,0,04,2026-03-24
7.827579458887911,0,01,2026-03-24
853.8737182161233,0,05,2025-07-25
0.0,2,01,2025-06-23
0.0,1,10,2025-11-30
30.280245158017507,0,10,2026-03-11
69.32903222299468,4,06,2025-11-30
48.32102845815521,35,07,2026-03-11
48.78375828513733,63,06,2026-03-11
1566.3230978326067,1001,08,2025-11-30
0.0,0,09,2025-11-30
0.0,0,09,2025-08-24
0.0,0,09,2025-11-08
1700.2627595105505,1216,08,2025-08-24
0.0,51,03,2026-03-11
39.24124170506777,0,01,2025-08-24
7.322888350858818,0,01,2025-11-30
2.440203090245177,15,03,2025-08-24
0.5524654249367984,0,02,2025-11-30
6.176964230810199,0,05,2025-11-30
0.0,0,02,2025-11-08
0.0,0,02,2026-03-11
0.0,2,01,2026-03-11
63.13285801936808,50,06,2025-03-04
68.47536726955214,0,10,2025-03-04
87.03026932206826,0,09,2025-03-04
71.18475365836522,21,07,2025-03-04
2149.844341597238,1229,08,2025-02-24
82.74685075639289,17,06,2025-02-24
1549.7755876305994,2531,08,2025-03-04
0.0,0,04,2025-03-04
0.0,25,03,2025-03-04
0.0,15,03,2025-02-24
0.0,0,04,2025-02-24
2407.6580637946054,2291,08,2025-07-14
61.16928501527807,0,10,2025-07-14
85.46001091286116,25,07,2025-06-01
0.0,0,09,2025-11-27
78.55789251440905,32,06,2025-06-01
2677.876418804867,2184,08,2025-07-02
3301.6628407899016,2893,08,2025-09-10
850.112379940277,1737,08,2025-01-14
20.851539632198623,41,06,2025-01-14
44.41900700978528,0,09,2025-09-10
0.0,0,10,2025-06-01
196.96575172111795,74,06,2025-09-10
21.76808418635791,12,07,2025-01-14
5.946961178688227,0,10,2025-01-14
1927.8611309694631,843,08,2025-11-27
188.61812835664927,50,07,2025-09-10
76.01795463050092,0,09,2025-07-14
9.73035078849189,0,09,2025-01-14
0.0,0,10,2025-11-27
62.50436353912204,0,09,2025-07-01
98.90368497872751,29,06,2025-07-14
2353.580178894748,1995,08,2025-07-01
34.031459562423414,0,10,2025-07-02
44.70021915376711,0,09,2025-07-02
0.0,0,02,2025-07-01
9.026321064547858,0,02,2025-11-27
1.516653010635693,0,05,2025-01-14
0.0,0,02,2025-07-02
0.0,2,01,2025-09-10
44.83878448253313,27,06,2025-03-10
141.09215046864168,40,06,2025-05-24
92.96448496147153,108,06,2026-04-16
0.0,0,09,2026-04-16
92.20741977248898,0,09,2025-03-10
39.774220419082454,93,06,2025-12-04
0.0,0,10,2025-05-24
6.272997124974779,0,10,2025-12-04
2967.2581895259823,1913,08,2025-05-24
1417.4510048340842,4185,08,2025-12-04
95.69701415339865,42,07,2026-04-16
52.49997535730095,7,07,2025-03-10
43.5425648263729,104,07,2025-12-04
73.25036235038698,0,10,2025-03-10
0.0,0,05,2025-05-24
14.48987744141715,42,06,2025-12-14
175.96472930242967,0,09,2025-01-15
1827.0534682099462,1347,08,2025-09-07
295.7409690220686,0,10,2025-09-03
63.539780998078825,11,06,2026-04-26
1858.0298292411508,1001,08,2026-02-01
0.0,0,09,2025-09-07
1804.7089493829124,1868,08,2026-04-26
0.0,0,10,2025-12-14
0.0,0,10,2025-09-07
3062.329034990055,2267,08,2025-09-03
95.02401278017413,19,07,2025-09-07
150.19877629925514,34,07,2025-09-03
47.989638431636564,20,07,2025-01-15
0.0,0,09,2026-04-26
89.17723134072136,22,06,2025-09-07
0.0,0,10,2026-04-26
71.70669927732298,5,07,2026-02-01
141.8108276015532,0,10,2026-02-01
170.32229389773732,0,09,2026-02-01
0.0,0,04,2026-02-01
0.0,0,02,2026-02-01
1.9124132538754708,0,05,2025-09-07
0.0,0,01,2025-09-03
20.540535067562388,0,04,2025-12-14
0.0,22,03,2025-12-14
0.0,0,01,2026-04-26
0.0,0,01,2025-01-15
0.0,0,04,2025-09-03
0.0,20,03,2025-09-03
9.360761411365203,0,61,2026-02-13
12.220196719543125,0,65,2026-04-14
17.256730798827505,0,62,2026-02-07
16.745637885622287,0,61,2025-05-15
16.49633772172821,0,63,2026-02-07
11.807968999898762,0,62,2026-04-14
21.390991988543803,0,65,2025-05-15
6.975601792417237,0,61,2026-04-14
24.53887036945676,0,64,2026-02-13
17.434169773652158,0,65,2026-02-07
19.782589434319917,0,63,2025-05-15
15.70029451316536,0,64,2026-04-14
13.308685302047152,0,64,2025-11-14
21.370867541719235,0,62,2025-05-15
17.19079372277109,0,64,2026-02-07
14.644020267174838,0,62,2025-11-14
18.609397218391862,0,62,2026-02-13
9.13652528437828,0,63,2026-04-14
15.843300326948949,0,61,2026-02-07
21.886715809441554,0,64,2025-05-15
13.771933114745437,0,63,2025-11-14
12.55478946479316,0,61,2025-11-14
16.008482264498284,0,65,2026-02-13
18.323380129103825,0,73,2025-05-15
16.983681759523336,0,75,2025-05-15
11.001210116127496,0,74,2026-04-14
10.763135348466392,0,72,2025-11-14
11.201011061784186,0,73,2025-11-14
8.260126294767943,0,75,2025-11-14
17.836270017769365,0,72,2026-02-07
15.855610616709711,0,65,2025-06-29
12.324537152067677,0,65,2025-11-21
9.140157112520058,0,61,2025-11-21
16.577566364234286,0,62,2025-06-20
11.048904759807598,0,63,2025-11-21
9.893425920992058,0,61,2025-06-29
7.184397700111205,0,64,2025-02-27
5.093588773347506,0,65,2026-03-18
20.326262615000886,0,64,2025-06-29
7.107962821757667,0,65,2025-02-27
4.993493546743721,0,61,2025-02-27
12.445128661775485,0,62,2025-11-21
6.031696461852448,0,63,2025-02-27
7.027342396759124,0,62,2025-02-27
16.32326983332115,0,62,2025-06-29
4.530567732381144,0,63,2026-03-18
22.186617914166646,0,64,2025-06-20
12.232561552611287,0,63,2025-06-20
8.572769736499566,0,61,2025-06-20
4.2970128084230765,0,61,2026-03-18
16.320167785128376,0,65,2025-06-20
12.936103169398933,0,63,2025-06-29
17.872680091577877,0,64,2025-08-06
22.04144272148133,0,62,2025-08-30
19.815864713364434,0,61,2025-08-06
10.088861109042782,0,65,2025-04-15
8.311213100524299,0,63,2025-07-19
7.479988218203374,0,63,2025-04-15
19.401158922864255,0,62,2025-08-06
10.077279672367823,0,62,2025-04-15
16.53143329952843,0,63,2025-08-30
11.925020176553659,0,61,2025-08-30
29.41936378253395,0,64,2025-08-30
20.744475551402786,0,65,2025-08-30
9.134369846806095,0,65,2025-07-19
9.06370981516605,0,64,2025-07-19
7.609405842820664,0,61,2025-07-19
4.859911613244748,0,61,2025-04-15
10.134336543795428,0,65,2025-07-31
6.130474116117796,0,63,2025-07-31
6.761705086494288,0,63,2026-02-02
11.312937849670675,1,61,2025-05-06
4.850547929528503,0,62,2026-02-27
3.4043011746821463,0,63,2026-02-27
1.828690171752541,0,61,2026-02-27
16.545695004222665,0,65,2025-05-06
23.898961055477116,0,64,2025-05-06
4.932205258020687,0,65,2026-02-27
5.7047284593540155,0,64,2026-02-27
14.490795548758527,0,63,2025-05-06
6.042006159511686,0,62,2026-02-02
10.56045177002936,0,64,2025-07-31
8.071131910476907,0,61,2026-02-02
6.352060948213975,0,65,2026-02-02
7.9366632622303825,0,61,2026-04-30
16.60969808757723,0,62,2025-08-12
11.135296403192001,0,61,2026-03-10
9.61936942409207,0,61,2025-11-04
11.480796399764245,0,65,2026-04-30
11.629462271934969,0,64,2026-04-30
14.624212711201196,0,65,2025-10-16
22.24038951496253,0,64,2025-08-12
13.115796638005719,0,65,2025-11-04
7.570481596805408,0,62,2025-11-18
16.55490239158965,0,65,2025-08-12
15.300502107315324,0,62,2025-11-04
11.080064901808342,0,62,2026-04-30
9.698736283385031,0,63,2026-04-30
18.371779475791897,0,63,2025-10-16
12.563410523953934,0,63,2026-03-10
19.66163828958824,0,64,2025-11-04
12.817876095797246,0,63,2025-08-12
15.24126210210639,0,64,2026-03-10
9.858673616995617,0,61,2025-08-12
7.062572454000389,0,63,2025-11-18
11.580510631417468,0,63,2025-11-04
12.871487391852426,0,64,2025-10-16
13.152587425487411,0,74,2025-08-12
4.390722562603742,0,74,2025-11-04
10.782402481761125,0,73,2025-11-18
10.235346337830606,0,73,2026-04-30
10.07180579171758,0,71,2026-04-30
19.13375029211923,0,63,2025-02-09
18.94503609499489,0,61,2025-02-09
5.081679539724064,0,63,2025-12-18
17.51285899308361,0,65,2025-03-11
11.241110707420631,0,64,2025-11-05
5.458732266514161,0,61,2025-12-18
14.98615848528567,0,65,2025-11-24
17.783410505883438,0,61,2025-11-24
21.29877214792812,0,64,2025-03-12
13.895297665752253,0,64,2025-11-24
10.619549779544812,0,65,2025-03-12
14.715935956945287,0,62,2025-02-07
15.903410796348766,0,62,2025-11-24
19.720098546715107,0,64,2025-02-09
17.83487873321957,0,62,2025-03-11
19.095047904783897,0,65,2025-02-09
11.973199518127089,0,61,2025-03-11
13.744347119036092,0,61,2025-02-07
9.354563094363016,0,63,2025-11-05
4.711811267572315,0,62,2025-12-18
18.072066456216604,0,64,2025-03-11
14.73470117918788,0,63,2025-02-07
5.268566325092522,0,65,2025-12-18
13.000887041486521,0,61,2025-03-12
3.782312989724147,0,64,2025-12-18
13.388086681919603,0,65,2025-02-07
13.441861322660571,0,64,2025-02-07
11.409576200789886,0,62,2025-11-05
6.24962864029672,0,61,2025-11-05
15.801791691745478,0,63,2025-03-11
11.197338370936237,0,65,2025-11-05
19.68996161290194,0,62,2025-02-09
15.160681644514852,0,62,2025-03-12
7.59717179356295,0,74,2025-11-05
12.582549322738473,0,75,2025-11-24
9.783479448726254,0,71,2025-12-18
1.809638755034726,0,72,2025-03-12
13.442947924778906,0,74,2025-03-11
12.100494516218546,0,71,2025-02-07
6.9308281770136375,0,74,2025-02-07
21.425713802032433,0,64,2025-06-27
15.196107864275106,0,61,2026-01-13
8.694761548035515,0,64,2026-01-10
10.122754804728416,0,65,2026-01-10
10.831828100147305,0,61,2026-01-10
19.163956481442867,0,62,2026-01-13
15.679346745524,0,61,2025-06-27
10.056852867420801,0,63,2026-01-10
17.403175833979873,0,63,2026-01-13
18.807980449522915,0,64,2026-01-13
20.138384115841518,0,62,2025-06-27
16.38450726569529,0,71,2026-01-13
14.518785407912006,0,74,2026-01-10
15.469464900069326,0,73,2026-01-13
27.088813057823117,0,64,2025-03-21
10.399838771908875,0,62,2025-07-12
8.179479855380436,0,61,2025-07-12
9.28392925262753,0,61,2025-12-25
12.255667546844847,0,63,2025-12-25
9.276340354646095,0,63,2025-07-12
18.56054965418835,0,65,2025-09-27
18.074395880167614,0,63,2025-09-27
16.059852653676273,0,61,2025-09-27
18.666046118820404,0,63,2025-03-21
20.928302899936455,0,62,2025-09-27
14.607039326367925,0,65,2025-12-25
10.253654867756438,0,65,2025-07-12
10.526642687185443,0,64,2025-07-12
23.327213590476333,0,64,2025-09-27
14.487745296139849,0,64,2025-12-25
22.88106309055422,0,62,2025-03-21
8.187641157959789,0,75,2025-09-27
9.712332284031916,0,73,2025-07-12
10.04962758834661,0,73,2025-09-27
14.554525525143461,0,65,2025-04-02
17.38637478539097,0,63,2025-01-11
4.229898430729591,0,62,2025-10-21
9.977952666751378,0,61,2025-04-02
17.604266747388408,0,62,2025-01-11
13.697628183105508,0,63,2025-01-23
15.239018940485437,0,63,2025-08-13
12.814488502782027,0,64,2025-01-23
14.282204456445541,0,64,2025-08-13
17.562183259794963,0,61,2025-01-11
13.941357615866991,0,65,2025-01-23
13.317718982144697,0,64,2025-09-11
13.783938623288307,0,62,2025-04-02
13.625049169588266,0,62,2025-01-23
11.404788042201815,0,65,2025-09-11
16.8576219654921,0,64,2025-01-11
3.4391593096771373,0,61,2025-10-21
15.111571194815355,0,64,2025-04-02
17.156138279060244,0,65,2025-01-11
14.577696756315731,0,62,2025-09-11
14.820168898519853,0,65,2025-08-13
14.71227006784487,0,62,2025-08-13
15.125194043503129,0,61,2025-08-13
3.8021235392660486,0,64,2025-10-21
15.916499387460505,0,63,2025-09-11
14.02018138864078,0,61,2025-01-23
4.280103683895078,0,65,2025-10-21
12.0467372754634,0,63,2025-04-02
16.102107705589972,0,74,2025-01-23
8.180308025593021,0,74,2025-09-11
18.701103191592168,0,63,2025-07-10
15.318385580525302,0,61,2025-07-10
15.165617657359704,0,61,2026-01-19
12.95721447760225,0,64,2026-01-19
14.293432324413075,0,65,2026-01-19
21.22147629057794,0,62,2025-07-10
23.05225094872523,0,64,2025-07-10
13.670960346958609,0,62,2026-01-19
21.986694726143995,0,65,2025-07-10
19.80941181750441,0,75,2026-01-19
17.166596605808778,0,62,2025-09-22
15.9918042046408,0,64,2026-03-24
16.63171129290933,0,65,2026-03-24
855.1796758002519,0,62,2025-07-25
16.11888485521463,0,62,2025-06-23
22.45647601634117,0,64,2025-09-22
13.637108922251372,0,63,2025-06-23
11.262746089713843,0,61,2025-06-23
17.021770463294217,0,62,2026-03-24
17.106550129279626,0,61,2026-03-24
12.756247063447361,0,63,2025-09-22
18.672205067921055,0,64,2025-06-23
15.082125349392214,0,65,2025-06-23
855.1794919679912,0,61,2025-07-25
855.1797187153412,0,65,2025-07-25
855.1797069682813,0,64,2025-07-25
17.4039974897551,0,71,2026-03-24
9.377009755331486,0,74,2025-06-23
13.936739611818751,0,65,2025-08-24
12.947016042687181,0,63,2025-08-24
14.838239535068766,0,61,2025-11-30
13.682223814049877,0,63,2025-11-30
10.473565344617526,0,61,2025-08-24
4.480530575641978,0,65,2026-03-11
7.553332176731175,0,62,2025-11-08
3.5027555092489706,0,61,2026-03-11
3.3521734817372675,0,64,2026-03-11
15.33017852291124,0,62,2025-08-24
4.631630296846595,0,61,2025-11-08
12.875374933953367,0,62,2025-11-30
11.50414065876646,0,64,2025-11-30
7.870593629109365,0,64,2025-11-08
3.645870802530794,0,63,2026-03-11
13.301636278329099,0,65,2025-11-30
8.831566394927407,0,72,2026-03-11
7.791359378536512,0,71,2025-11-08
18.020460483265865,0,71,2025-11-30
7.796154071922501,0,63,2025-03-04
8.74965523639365,0,64,2025-03-04
8.821589826610264,0,65,2025-03-04
8.517434940892585,0,62,2025-03-04
13.020846502149226,0,61,2025-02-24
13.739855187967422,0,63,2025-02-24
14.857228615473915,0,62,2025-02-24
7.130501071888332,0,61,2025-03-04
14.427596172966375,0,65,2025-02-24
14.904721244670043,0,64,2025-02-24
10.855133501016127,0,63,2025-09-10
7.530644610342208,0,62,2025-01-14
9.914208283006246,0,61,2025-06-01
7.675562014364743,0,62,2025-09-10
8.879045467947961,0,61,2025-01-14
15.357994692516485,0,63,2025-07-02
6.177227685742096,0,65,2025-09-10
7.984699577828167,0,65,2025-01-14
24.962134695035417,0,64,2025-07-14
9.849664766038387,0,65,2025-07-01
2.242325888952081,0,65,2025-06-01
14.442750595192123,0,65,2025-07-14
17.872950539985922,0,62,2025-07-14
20.02758766606962,0,64,2025-07-01
5.017366260938701,0,64,2025-06-01
18.284304406725425,0,62,2025-07-02
22.04464178077866,0,64,2025-07-02
8.010052228912556,0,63,2025-01-14
17.16145962045057,0,65,2025-11-27
9.104205067095947,0,63,2025-07-01
7.202561744699224,0,61,2025-07-01
7.243941036413531,0,63,2025-06-01
15.950679025376616,0,63,2025-11-27
7.759294691968293,0,61,2025-07-14
13.146970808245442,0,61,2025-07-02
13.238263480503889,0,62,2025-07-01
14.683678205679954,1,61,2025-09-10
6.647687193437491,0,64,2025-01-14
14.908857486139368,0,61,2025-11-27
0.0,0,73,2025-07-14
16.88930279739334,0,72,2025-11-27
15.067690378951099,0,75,2025-11-27
13.883804519451346,0,75,2025-01-14
12.221064719540394,0,71,2025-01-14
2.8289376094142256,0,73,2025-07-01
12.8683963689042,0,74,2025-01-14
23.868966612420735,0,64,2025-03-10
5.293610377542066,0,63,2026-04-16
15.74764344976596,0,62,2025-12-04
3.9590276890075984,0,61,2026-04-16
18.982862287772164,0,65,2025-05-24
16.94284282940626,0,65,2025-03-10
6.2949260658570125,0,64,2026-04-16
17.247159266195013,0,63,2025-05-24
14.277762211181937,0,63,2025-12-04
19.265314994412606,0,62,2025-05-24
17.40290256506836,0,64,2025-12-04
18.651665626457458,0,62,2025-03-10
13.276605873866174,0,61,2025-12-04
14.68061499337476,0,65,2025-12-04
14.595877240738247,0,61,2025-05-24
6.665238378309738,0,65,2026-04-16
15.538217050297675,0,72,2025-05-24
15.34765646122574,0,73,2025-05-24
15.015932764678965,0,74,2025-05-24
9.681531638490128,0,75,2025-03-10
10.316013968604594,0,61,2025-01-15
18.19775712946415,0,65,2025-12-14
17.840945129424725,0,63,2025-12-14
12.80135883668639,0,61,2026-04-26
8.994496537788805,0,65,2025-01-15
8.772927536266636,0,62,2025-01-15
7.317234278854087,0,64,2025-01-15
15.912848630405492,0,65,2026-02-01
16.5657090792662,0,64,2025-09-07
13.658012707495942,0,62,2025-09-07
17.19161519944879,0,62,2026-04-26
5.112927067184955,0,65,2025-09-03
11.693336952345234,0,65,2025-09-07
16.543721534652562,0,61,2026-02-01
4.682500847225228,0,63,2025-09-03
9.355637607962976,0,63,2025-01-15
16.412784799800818,0,62,2026-02-01
4.848520546320245,0,64,2025-09-03
9.306128281271924,0,61,2025-09-07
4.20621691239603,0,61,2025-09-03
11.251196864768303,0,63,2025-09-07
19.563898204305303,0,62,2025-12-14
21.547711687614324,0,64,2025-12-14
16.898244225290725,0,65,2026-04-26
14.237374724881093,0,73,2025-12-14
12.755757728247431,0,71,2025-01-15
6.17578867358317,0,75,2025-09-07
13.391383198934221,0,58,2026-02-13
15.185144163670628,0,58,2026-02-07
26.111644611953167,68,56,2026-02-13
14.873115228598053,0,60,2026-02-07
11.516579123734857,155,56,2025-11-14
18.057471625573697,0,58,2025-05-15
7.756003514134136,0,60,2026-02-13
20.199017405648448,0,57,2025-05-15
13.648536733581238,0,60,2025-05-15
14.083889264954877,20,56,2026-02-07
12.364155613893061,0,58,2025-11-14
10.314679435540597,0,57,2026-04-14
13.814640671109856,246,56,2026-04-14
20.410869304434797,348,56,2025-05-15
7.79532261404465,0,58,2026-04-14
16.123731958385008,11,59,2025-05-15
13.699034465094769,0,57,2025-11-14
12.460626081617761,4,59,2025-11-14
5.626864218616987,0,60,2026-04-14
11.450457982161382,0,60,2025-11-14
6.3430429291594095,6,59,2026-04-14
18.81448028628256,0,57,2026-02-13
10.158207076582386,5,59,2026-02-13
15.971791553139909,0,57,2026-02-07
15.351912514990218,0,59,2026-02-07
3.5503004038203017,0,57,2026-03-18
20.232777356192955,287,56,2025-06-20
5.937282296875594,0,57,2025-02-27
4.111822421378193,0,60,2025-02-27
4.819828386893704,3,59,2025-02-27
4.596628939057183,171,56,2025-02-27
7.42196608474886,0,60,2025-11-21
15.091854031443816,0,57,2025-06-29
9.539007060927204,0,58,2025-11-21
9.060586411005588,141,56,2025-11-21
6.4782111235359,0,60,2025-06-20
8.057523750803782,2,59,2025-06-20
11.62549045256452,0,58,2025-06-29
18.924705261067032,115,56,2025-06-29
3.237802563109909,0,58,2026-03-18
14.84710783103084,0,57,2025-06-20
3.665642687176117,5,59,2026-03-18
11.163163458555843,0,57,2025-11-21
9.039102566157197,6,59,2025-11-21
10.545790770574982,0,58,2025-06-20
3.5141936439495396,0,60,2026-03-18
8.227398810057082,0,60,2025-06-29
1.6387951619252448,140,56,2026-03-18
4.987471171394176,0,58,2025-02-27
18.957973447283393,0,60,2025-08-06
4.256669431018437,9,59,2025-04-15
8.44194040889326,0,57,2025-04-15
9.404062515263405,0,60,2025-08-30
18.979678451954243,0,57,2025-08-06
8.186915348401016,0,57,2025-07-19
9.931030428342723,197,56,2025-04-15
19.53204535411868,5,59,2025-08-06
28.642564391405486,118,56,2025-08-30
7.446932346464777,0,59,2025-07-19
7.413356914648361,0,58,2025-07-19
5.661380108582179,2,58,2025-04-15
18.8805567903393,0,58,2025-08-06
2.675981096350668,0,60,2025-04-15
11.812480129846648,0,59,2025-08-30
7.646075373726944,0,60,2025-07-19
16.730666187190224,228,56,2025-08-06
21.06611117802869,0,57,2025-08-30
15.322220157639492,0,58,2025-08-30
7.651533253048882,169,56,2025-07-19
1.046564772705949,0,60,2026-02-27
0.0,4,59,2025-07-31
7.414875397098811,3,59,2026-02-02
1.7752355947168041,5,59,2026-02-27
14.219238280166564,0,58,2025-05-06
9.62313563948679,0,60,2025-05-06
11.637014109168234,3,59,2025-05-06
0.0,0,60,2025-07-31
5.714731924162649,0,58,2026-02-02
3.936749497930947,89,56,2026-02-27
2.919013940353878,122,56,2026-02-02
8.125088252647416,0,60,2026-02-02
2.6239972104352347,0,58,2026-02-27
18.605663410602716,0,57,2025-05-06
25.592559331714,310,56,2025-05-06
2.799822888194811,0,58,2025-07-31
5.122937330724724,0,57,2026-02-02
3.8851858692943466,0,57,2026-02-27
6.434116386594681,0,57,2025-07-31
12.539973633253311,0,57,2026-03-10
9.293093998378481,6,59,2025-08-12
5.126407415312713,0,58,2025-11-18
9.882968800983889,0,60,2026-03-10
9.456191600455995,0,57,2026-04-30
8.79888031681368,210,56,2026-04-30
9.41461535649681,7,59,2025-11-04
3.695719264929849,214,56,2025-11-18
20.986685607357273,10,59,2025-10-16
8.515179907178492,0,60,2025-11-04
8.035182758326428,0,58,2026-04-30
7.279607470277767,7,59,2026-04-30
16.267832865772604,255,56,2025-10-16
21.29960230574636,233,56,2025-08-12
4.422313192877397,0,60,2025-11-18
17.810987234143454,0,57,2025-10-16
6.060454483173871,0,57,2025-11-18
19.154761653526506,0,58,2025-10-16
21.29983536876837,0,60,2025-10-16
12.615369221968407,174,56,2026-03-10
10.549557924440805,0,58,2025-11-04
8.111305207431542,0,60,2025-08-12
11.217662199133912,0,58,2026-03-10
15.33731411691285,0,57,2025-08-12
14.811745849222078,0,57,2025-11-04
19.86039830846643,236,56,2025-11-04
5.333647633890692,4,59,2025-11-18
6.34526707231835,0,60,2026-04-30
19.36145418183594,0,57,2025-02-09
12.49384042790875,83,56,2025-11-24
19.227438855101937,0,59,2025-02-09
19.21107353649964,0,60,2025-02-09
7.504741356109179,231,56,2025-11-05
19.130572322971133,0,60,2025-11-24
16.600408841511637,0,57,2025-03-11
13.975942051550817,6,59,2025-03-12
13.960887383449844,1,59,2025-02-07
12.501981526777413,0,60,2025-02-07
4.43629212461353,0,60,2025-12-18
15.47902714036735,0,57,2025-02-07
15.930547983049493,0,58,2025-03-12
11.418680956782993,15,59,2025-03-11
15.732429137511403,0,57,2025-11-24
4.564614123801391,11,59,2025-12-18
31.522852782880022,224,56,2025-03-12
9.696182595851184,0,57,2025-11-05
16.074708693933488,0,58,2025-11-24
18.814551608955668,0,58,2025-02-09
13.562936768248804,0,58,2025-03-11
16.051555752013456,96,56,2025-02-07
16.45109469374647,204,56,2025-03-11
1.1834372217552271,104,56,2025-12-18
18.11443199340262,129,56,2025-02-09
19.189050074722743,0,57,2025-03-12
3.7358270962664903,0,58,2025-12-18
18.264310457720796,6,59,2025-11-24
3.3540675918678033,0,60,2025-11-05
12.897147591117445,0,60,2025-03-12
14.575792043987889,0,58,2025-02-07
6.9281782926092035,0,58,2025-11-05
8.20126482823396,0,60,2025-03-11
3.5931842802044827,0,57,2025-12-18
10.508426950899903,0,60,2026-01-10
15.59495506626861,107,56,2026-01-13
17.725182229463854,0,57,2026-01-13
21.568762804904964,256,56,2025-06-27
15.776563348493013,5,59,2025-06-27
8.544297335598614,0,57,2026-01-10
15.455128623307019,0,58,2026-01-13
19.927921052304725,0,57,2025-06-27
5.79911596500223,51,56,2026-01-10
17.66129016490376,0,58,2025-06-27
13.748762978707504,0,60,2026-01-13
15.214039266437553,3,59,2026-01-13
8.91007529179187,0,58,2026-01-10
10.172600341050725,0,59,2026-01-10
8.949630252227948,87,56,2025-07-12
12.53588122091098,0,57,2025-12-25
18.687484415865242,0,58,2025-09-27
26.316114324027893,163,56,2025-09-27
16.441398736962924,0,60,2025-09-27
17.289565567300755,0,58,2025-03-21
9.448671793403804,0,57,2025-07-12
27.095901505245735,153,56,2025-03-21
8.247386608098111,0,58,2025-07-12
13.482779705159416,8,59,2025-03-21
8.099435464815627,0,59,2025-07-12
21.907272422400226,0,57,2025-03-21
10.257896004015507,0,60,2025-03-21
13.035902700874331,19,56,2025-12-25
7.286321726194032,0,60,2025-12-25
7.8762106776936065,0,60,2025-07-12
9.82627930234797,0,58,2025-12-25
8.527170663174218,0,59,2025-12-25
12.114771450990517,259,56,2025-04-02
13.46732678690826,0,60,2025-01-23
14.72158872530845,0,58,2025-08-13
14.571111825601832,0,60,2025-08-13
12.496374479565361,0,57,2025-01-23
11.88458810024406,0,57,2025-04-02
10.293535355692399,0,58,2025-04-02
16.850856600416634,0,60,2025-09-11
14.955942589817994,0,57,2025-08-13
17.086472912927107,0,57,2025-01-11
1.4756200379489286,231,56,2025-10-21
3.0991716220544276,0,57,2025-10-21
2.29594851679137,0,58,2025-10-21
18.012998006278792,0,60,2025-01-11
2.922324394927557,2,59,2025-10-21
18.086911557007554,0,57,2025-09-11
17.908274854754197,0,58,2025-09-11
15.13950532616687,3,59,2025-08-13
17.81963610130792,0,59,2025-01-11
18.37169536272657,8,59,2025-09-11
16.915777627285465,0,58,2025-01-11
2.3109251187255495,0,60,2025-10-21
9.092315273473574,4,59,2025-04-02
19.251489003491926,300,56,2025-09-11
14.705113747356279,256,56,2025-08-13
12.561453697446893,0,58,2025-01-23
9.46942473704462,134,56,2025-01-23
8.102134436650829,0,60,2025-04-02
14.654052160418757,37,56,2025-01-11
13.248464556636364,0,58,2026-01-19
19.579824784647897,227,56,2025-07-10
16.340939912755047,0,58,2025-07-10
14.270214163841146,9,59,2025-07-10
12.806791395009625,0,57,2026-01-19
14.53081544603097,0,59,2026-01-19
15.48399477090338,0,60,2026-01-19
11.227312473602254,109,56,2026-01-19
18.969411131223737,0,57,2025-07-10
12.231495459235035,0,60,2025-07-10
855.179312821788,0,58,2025-07-25
17.08355752471492,0,57,2026-03-24
11.25976780772433,7,59,2025-09-22
12.813542903591227,0,58,2025-09-22
18.50997555124205,342,56,2025-06-23
855.1789668711624,2,59,2025-07-25
16.47894186325064,137,56,2026-03-24
23.039957027348464,295,56,2025-09-22
16.98773258503988,5,59,2026-03-24
16.374780305996453,0,60,2026-03-24
15.616623490172685,0,57,2025-06-23
17.478425749657674,0,57,2025-09-22
12.739002371588455,0,58,2025-06-23
855.1794984314886,0,57,2025-07-25
9.773949529878436,0,60,2025-06-23
16.74368974723116,0,58,2026-03-24
855.179347469521,201,56,2025-07-25
855.1778000747394,0,60,2025-07-25
11.242704245125452,3,59,2025-06-23
11.016683339326576,0,59,2025-08-24
2.3683405805670645,0,60,2026-03-11
4.6313499324676,0,58,2025-11-08
4.005854500288038,0,59,2025-11-08
4.833889897112016,76,56,2025-11-08
15.54151873889515,0,57,2025-08-24
6.054626641121288,0,57,2025-11-08
11.943377928139142,0,57,2025-11-30
12.656484923579285,0,58,2025-08-24
14.273748834960983,0,59,2025-11-30
2.456549008059355,4,59,2026-03-11
0.5681302891018305,208,56,2026-03-11
2.836123735692439,0,60,2025-11-08
2.2543166076200976,0,57,2026-03-11
9.25161777549367,0,60,2025-08-24
14.629436231589025,1,60,2025-11-30
18.677067966928874,149,56,2025-08-24
12.68153528403272,0,58,2025-11-30
8.496349598250603,339,56,2025-11-30
6.6057555362547475,0,58,2025-03-04
6.570102872540517,5,59,2025-03-04
12.477881357952754,239,56,2025-02-24
7.271591400344263,0,57,2025-03-04
12.816742619328181,0,60,2025-02-24
6.767132142564051,219,56,2025-03-04
12.585758869233644,2,58,2025-02-24
13.118670748759556,5,59,2025-02-24
6.408168418869849,0,60,2025-03-04
8.238490679270868,1,59,2025-01-14
13.208575980278454,0,58,2025-07-14
7.861631177234557,4,59,2025-07-01
13.870300564194082,0,60,2025-11-27
14.409465777789705,25,56,2025-11-27
19.60846305871486,0,57,2025-07-14
10.253234215520408,0,58,2025-07-01
10.851159362238292,0,60,2025-06-01
15.365004416013022,0,57,2025-11-27
8.58188669506788,0,60,2025-01-14
9.51021154563007,11,59,2025-07-14
6.979007183768928,0,58,2025-01-14
7.426186165547051,0,60,2025-07-14
24.054270754116402,121,56,2025-07-01
15.703126768447092,0,58,2025-07-02
29.882538152044233,314,56,2025-07-14
14.803966290032491,0,57,2025-07-01
10.149376271014063,0,57,2025-09-10
17.29601196418237,0,60,2025-09-10
10.358991359732315,0,59,2025-06-01
12.657074552081866,0,58,2025-09-10
10.288982009437987,344,56,2025-09-10
6.479532766667177,0,57,2025-01-14
12.088180722744326,0,60,2025-07-02
13.95577057616309,5,59,2025-07-02
14.298320733508902,0,59,2025-11-27
23.53345465130981,135,56,2025-07-02
9.49938700004357,0,58,2025-06-01
19.15514194547211,0,57,2025-07-02
6.371637142969291,0,60,2025-07-01
15.102023547950438,163,56,2025-06-01
15.245576583144071,11,59,2025-09-10
4.081180329945795,123,56,2025-01-14
8.800205414076657,0,57,2025-06-01
14.256762623835456,0,58,2025-11-27
14.259743634140335,0,59,2025-05-24
3.3188282172184387,8,59,2026-04-16
18.777861212997493,97,56,2025-05-24
18.674486303228164,0,57,2025-03-10
11.664919192784012,3,59,2025-03-10
3.957349821623694,196,56,2026-04-16
12.463725562871474,0,60,2025-12-04
14.19198428133727,0,58,2025-03-10
13.744432481825186,0,58,2025-12-04
16.233932257298974,0,57,2025-12-04
13.154149585491766,9,59,2025-12-04
20.38201251968077,207,56,2025-12-04
4.860624069856513,0,57,2026-04-16
18.1383339417833,0,57,2025-05-24
15.820026599951362,0,58,2025-05-24
26.53521517396436,246,56,2025-03-10
12.462927675979103,0,60,2025-05-24
2.6856441116294576,0,60,2026-04-16
9.99738175380385,0,60,2025-03-10
3.897210424954821,0,58,2026-04-16
13.943877615153582,0,58,2026-04-26
2.8234434871600342,220,56,2025-09-03
10.209628105684018,0,60,2025-01-15
8.430878261010463,0,60,2025-09-07
17.211047372823188,0,58,2025-12-14
12.644580568949877,0,59,2026-04-26
15.244990531313633,171,56,2026-04-26
3.785782194283385,8,59,2025-09-03
14.644494365321663,0,60,2025-12-14
3.4026347889587356,0,58,2025-09-03
13.885321073681112,89,56,2026-02-01
17.322950497777143,0,60,2026-02-01
9.83148623981181,1,59,2025-01-15
4.162936661107182,0,57,2025-09-03
15.993398724742747,0,57,2026-02-01
7.820939817834585,0,57,2025-01-15
8.334567847101397,0,58,2025-01-15
11.179270934389052,0,58,2025-09-07
16.00535503387175,0,59,2025-12-14
24.099971293739003,91,56,2025-12-14
18.08032108916329,356,56,2025-09-07
16.056124567582216,0,57,2026-04-26
15.827101349994123,0,58,2026-02-01
16.88335258402455,0,59,2026-02-01
9.867173455966054,0,59,2025-09-07
19.807508449539256,0,57,2025-12-14
10.781804405698907,0,60,2026-04-26
0.9779190527930837,0,75,2026-02-13
17.96559721471914,0,71,2026-02-07
18.63478676262683,0,74,2025-05-15
6.2679829837502865,0,71,2026-02-13
17.130703815842622,0,75,2026-02-07
3.8899408889933085,0,72,2026-02-13
10.028930949955935,0,72,2026-04-14
9.90752973913942,0,75,2026-04-14
17.17340705162026,0,74,2026-02-07
7.754200673429565,0,74,2025-11-14
1.5036598547586948,0,74,2026-02-13
3.764215052488879,0,73,2026-02-13
9.784666323598131,0,73,2026-04-14
9.224877052303782,0,71,2026-04-14
12.701882085731654,0,71,2025-11-14
18.851744242866133,0,72,2025-05-15
18.116657368941148,0,73,2026-02-07
18.728053553165537,0,71,2025-05-15
13.86269582192459,0,48,2025-11-14
10.539632146489225,0,72,2025-06-29
11.882328454108489,0,73,2025-11-21
11.026474213281674,0,74,2025-06-20
10.216183549778961,0,73,2025-06-29
6.934453562168542,0,74,2025-02-27
7.3822960439631515,0,72,2026-03-18
6.980269711138348,0,71,2026-03-18
9.973130604621971,0,75,2025-11-21
10.751408311901358,0,74,2025-11-21
9.067029913293894,0,75,2025-06-29
6.751096848883634,0,74,2026-03-18
7.356446333861754,0,75,2026-03-18
10.125128018122183,0,73,2025-06-20
10.293986016004013,0,71,2025-06-20
7.644401394833409,0,73,2025-02-27
8.363595869275542,0,73,2026-03-18
10.722627483922167,0,71,2025-06-29
9.17388579188001,0,75,2025-06-20
6.779739046883435,0,71,2025-02-27
10.632454966480736,0,72,2025-06-20
11.287274851016846,0,71,2025-11-21
10.207488838922956,0,74,2025-06-29
7.1298212457171815,0,72,2025-02-27
11.483303030079327,0,72,2025-11-21
6.496253107494823,1,75,2025-02-27
12.734038052283168,0,72,2025-08-30
8.486268102340574,0,71,2025-07-19
20.64406449439403,0,73,2025-08-06
8.305804821794709,0,74,2025-04-15
8.413958716964643,0,72,2025-04-15
8.706185173950132,0,73,2025-04-15
11.310504334889345,0,75,2025-08-30
12.678195614879812,0,71,2025-08-30
12.680935233750034,0,74,2025-08-30
8.713167792636455,0,73,2025-07-19
7.718273063696756,0,74,2025-07-19
8.48052634832787,0,72,2025-07-19
7.605118560100962,0,75,2025-04-15
7.519872043763385,0,75,2025-07-19
19.07955278210322,0,74,2025-08-06
12.46960385896331,0,73,2025-08-30
19.257945253566078,0,75,2025-08-06
20.240408940470573,0,72,2025-08-06
7.773692652939701,0,71,2025-04-15
20.621562945873833,0,71,2025-08-06
10.544674129086118,0,46,2025-08-30
7.8737094887388395,0,72,2025-07-31
13.374110742620587,0,73,2026-02-02
0.7548892056136935,0,75,2026-02-27
2.0083978277123293,0,74,2026-02-27
11.899391983527195,0,72,2026-02-02
8.449221427646407,1,75,2025-05-06
8.64815802274812,0,74,2025-05-06
9.714151720668625,1,73,2025-05-06
10.549429118809826,0,71,2025-05-06
7.009545157883423,0,73,2025-07-31
6.199547673471457,0,71,2025-07-31
1.930880505319763,0,72,2026-02-27
1.6147914731338062,0,73,2026-02-27
9.7539122537855,0,72,2025-05-06
11.035185974977551,0,74,2026-02-02
12.545672107120112,0,75,2026-02-02
8.643794644877161,0,74,2025-07-31
11.360414640988566,0,71,2026-02-02
6.209216388388057,0,75,2025-07-31
2.065870975740296,0,71,2026-02-27
5.849235472675446,0,47,2025-07-31
5.916046424636619,0,49,2025-07-31
13.614264119722392,0,72,2026-03-10
12.100870693822344,0,75,2025-08-12
10.332930779999003,0,72,2026-04-30
12.24584710181216,0,73,2025-08-12
7.052929909381874,0,75,2025-11-04
7.7826277015712435,0,74,2025-10-16
11.732392753798536,0,71,2025-08-12
9.140243186232127,0,75,2025-11-18
12.402368905076543,0,72,2025-08-12
9.967786712023525,0,72,2025-11-18
10.008230517336742,0,73,2025-11-04
14.22765221679299,0,74,2026-03-10
15.943521750203885,0,71,2025-10-16
8.089746785236429,0,72,2025-11-04
8.7955854917995,0,74,2025-11-18
13.262704142595908,0,71,2026-03-10
10.146133123369609,0,74,2026-04-30
9.508406920171382,0,71,2025-11-18
12.012940285285367,0,72,2025-10-16
12.298064583329122,0,73,2025-10-16
10.006440540171582,0,75,2025-10-16
13.849874338768984,0,73,2026-03-10
9.172942052475776,1,75,2026-04-30
12.887130874033474,0,75,2026-03-10
9.88623081928776,0,71,2025-11-04
11.086312491937164,1,49,2025-11-18
18.73008999569292,0,46,2025-10-16
14.715983343514992,0,48,2026-03-10
14.417161292348084,0,72,2025-11-24
12.054811223311972,0,75,2025-12-18
14.249053504462381,0,71,2025-03-11
6.9336212900567205,0,75,2025-11-05
3.9098299479212812,0,73,2025-03-12
11.968775528369989,0,75,2025-03-11
6.539692718077902,0,71,2025-03-12
0.0,0,74,2025-03-12
11.94477004766054,0,73,2025-02-09
9.182807635178634,0,72,2025-11-05
11.775410777067904,0,74,2025-11-24
15.177478177017889,0,73,2025-11-24
13.732863017160938,0,72,2025-02-09
14.26750938547518,0,72,2025-03-11
16.36395553380443,0,71,2025-02-09
1.7738308450483942,1,75,2025-03-12
7.788056525239469,1,75,2025-02-07
9.27068375491524,0,71,2025-11-05
16.483759850628232,0,71,2025-11-24
12.50154542125155,0,73,2025-12-18
9.848117933201479,0,73,2025-02-07
11.018064533332463,0,72,2025-12-18
13.754440797537825,0,73,2025-03-11
9.268741294104657,0,73,2025-11-05
10.753462852517941,0,74,2025-12-18
10.793449052682519,0,75,2025-02-09
12.072145602694263,0,74,2025-02-09
9.814247529810729,0,72,2025-02-07
9.033601937006594,0,50,2025-11-05
16.502904735524226,0,48,2025-12-18
8.548173324211533,0,46,2025-02-09
15.027610366552523,0,72,2026-01-10
14.288133154732606,0,71,2026-01-10
15.422607356593673,1,73,2025-06-27
15.67201155768305,0,72,2026-01-13
14.030660428679639,0,75,2025-06-27
15.900677547883774,0,72,2025-06-27
12.983587406272875,0,75,2026-01-13
16.120521618016426,0,71,2025-06-27
16.29007528635745,0,73,2026-01-10
14.136336509763069,0,74,2026-01-13
15.67145159131502,0,75,2026-01-10
15.652654801151527,0,74,2025-06-27
13.992260644547585,0,49,2025-06-27
12.205135093408472,0,73,2025-12-25
9.30032057751228,0,71,2025-07-12
9.369997248282132,0,72,2025-07-12
13.229338849881984,0,73,2025-03-21
11.889528155414652,0,75,2025-03-21
12.258836230068283,0,71,2025-09-27
7.090006149874952,0,74,2025-09-27
14.056994649281762,0,72,2025-03-21
14.24288041118065,0,71,2025-03-21
8.514076419744114,0,74,2025-07-12
12.862344822712956,0,72,2025-12-25
10.827047431606871,0,75,2025-12-25
8.238950560843506,0,75,2025-07-12
10.307642768610165,0,72,2025-09-27
12.068516580916679,0,71,2025-12-25
11.075081299730769,0,74,2025-12-25
14.086988416292073,0,74,2025-03-21
11.326253838100897,0,49,2025-03-21
11.302970158181694,0,47,2025-07-12
16.261150461316916,0,75,2025-01-23
12.609257763691076,0,75,2025-04-02
11.417027608229333,0,72,2025-09-11
8.723761728271683,0,73,2025-10-21
13.312524038937354,0,72,2025-01-11
6.435202394297704,0,74,2025-10-21
11.955900036560266,0,73,2025-01-11
17.078012383415867,0,73,2025-01-23
6.912815259642812,0,71,2025-10-21
16.33851551762045,0,73,2025-08-13
17.03220654820207,0,72,2025-08-13
10.757669100576251,0,75,2025-09-11
11.535767517267516,0,74,2025-01-11
16.549656508140373,0,71,2025-01-23
16.874542321509622,0,75,2025-08-13
10.485469347461674,0,75,2025-01-11
15.689294373186911,0,71,2025-01-11
16.0672020000261,0,71,2025-08-13
7.530413590163306,0,72,2025-10-21
13.361904495522325,0,72,2025-04-02
14.308687687897518,0,74,2025-04-02
16.66388838750335,0,72,2025-01-23
7.179434626570682,0,75,2025-10-21
13.059862659890769,0,73,2025-04-02
17.409870646690166,0,74,2025-08-13
12.639799935851912,0,71,2025-04-02
12.42763380289098,0,73,2025-09-11
13.403670869429803,0,71,2025-09-11
14.978487315738661,0,47,2025-09-11
11.821408585049397,0,47,2025-10-21
18.180363837360062,0,71,2026-01-19
19.08546176589867,0,72,2026-01-19
19.765443179182,0,73,2026-01-19
19.78974363580184,0,72,2025-07-10
18.68449204747718,0,74,2026-01-19
19.23861336237141,0,73,2025-07-10
20.682286755159353,0,74,2025-07-10
18.722931780163833,0,71,2025-07-10
18.563237021728384,0,75,2025-07-10
17.441427725584802,0,72,2026-03-24
855.179729895855,0,73,2025-07-25
10.654179554996247,0,72,2025-06-23
16.856406512874145,0,75,2026-03-24
10.749160387039936,0,73,2025-06-23
7.152794449116698,0,73,2025-09-22
3.99884686092129,0,75,2025-09-22
5.693194255601924,0,72,2025-09-22
9.01917809945708,0,75,2025-06-23
17.485090861209017,0,73,2026-03-24
855.179729209558,0,71,2025-07-25
17.669040132089634,0,74,2026-03-24
2.2155268214394113,0,74,2025-09-22
855.1797299182712,0,75,2025-07-25
8.21790149808443,0,71,2025-09-22
11.421233928303721,0,71,2025-06-23
855.1797298911915,0,72,2025-07-25
855.1797299187706,0,74,2025-07-25
10.543488253201474,0,50,2025-06-23
8.546994027050829,0,74,2025-11-08
19.507549073568455,0,73,2025-11-30
18.57351206646446,0,72,2025-11-30
10.014357594427736,0,73,2026-03-11
18.068573698445647,0,74,2025-11-30
9.874058153166743,0,73,2025-08-24
8.515868033672277,0,75,2025-08-24
18.94247313756091,0,75,2025-11-30
10.208546902131104,0,71,2025-08-24
8.686267769914352,0,72,2025-11-08
9.319196601747066,0,73,2025-11-08
9.85088586965503,0,72,2025-08-24
8.31437437325711,0,75,2025-11-08
7.6864763468266375,0,71,2026-03-11
9.032245886598588,0,74,2025-08-24
9.576702081346639,2,75,2026-03-11
8.723314829951022,0,74,2026-03-11
13.843629135162004,0,48,2026-03-11
9.693848490950316,0,50,2025-08-24
9.924802271428106,0,46,2025-11-08
13.560554244422292,0,72,2025-02-24
12.120698565866817,0,75,2025-02-24
9.15471993880962,0,74,2025-03-04
9.649439912152403,0,73,2025-03-04
13.953347560456592,0,71,2025-02-24
8.733328734826557,0,75,2025-03-04
13.990328059175354,0,73,2025-02-24
12.630847565660403,0,74,2025-02-24
9.218482605962762,0,72,2025-03-04
9.049877291709734,0,71,2025-03-04
10.182017070253352,0,46,2025-03-04
8.726984270272865,0,75,2025-07-02
13.04110924620882,0,72,2025-01-14
6.901905210251456,0,73,2025-06-01
2.5820304782247234,0,71,2025-07-14
3.8936925077500035,0,71,2025-07-01
11.361240595481803,0,71,2025-07-02
16.9422326340963,0,71,2025-11-27
1.3921578481548806,0,72,2025-07-01
0.0,0,74,2025-07-01
5.3899672229596405,0,72,2025-06-01
0.0,0,75,2025-07-14
0.257505090571172,0,74,2025-09-10
6.279838599529313,0,75,2025-06-01
10.005909613432749,0,72,2025-07-02
4.287840389756482,0,73,2025-09-10
7.307559199376499,0,71,2025-06-01
10.41624442158043,0,73,2025-07-02
8.341104873182388,0,74,2025-07-02
14.382997316606094,0,73,2025-01-14
4.197678007162025,0,72,2025-09-10
8.42145193349937,0,71,2025-09-10
0.0,0,72,2025-07-14
0.9624303823369331,0,75,2025-07-01
15.304818851768857,0,73,2025-11-27
3.2878124672362645,0,75,2025-09-10
1.5662879748165182,0,74,2025-06-01
15.604806440692329,0,74,2025-11-27
0.0,0,74,2025-07-14
4.229007649336751,0,49,2025-07-01
5.776462593235237,0,47,2025-09-10
8.20807756894476,0,74,2025-12-04
11.715864562950898,0,71,2025-03-10
6.255880352119775,0,72,2026-04-16
6.214780513272245,0,73,2026-04-16
6.110340863349961,0,74,2026-04-16
10.82284153495678,0,72,2025-03-10
5.925813588905299,0,71,2026-04-16
12.898037405383576,0,71,2025-12-04
11.664551578870473,0,73,2025-12-04
13.802609275620057,0,75,2025-05-24
11.320535407489487,0,73,2025-03-10
5.534795459784291,0,75,2026-04-16
9.03493633998923,0,74,2025-03-10
11.546592795080173,0,72,2025-12-04
15.755473183791167,0,71,2025-05-24
9.460141704155461,0,75,2025-12-04
6.9672749648751875,0,72,2025-09-03
6.634737865556332,0,71,2025-09-03
13.78082846876383,0,73,2025-01-15
15.652940926627068,0,71,2025-12-14
12.63072938522663,0,75,2025-01-15
11.762529981897245,0,74,2025-01-15
12.55982187830277,0,75,2025-12-14
13.684001374288343,0,72,2026-04-26
12.762463484571498,0,72,2025-01-15
10.069735231674429,0,75,2026-02-01
13.053567511258606,0,74,2026-04-26
6.066024567481563,0,74,2025-09-03
12.536683450824427,0,72,2026-02-01
11.311548747282998,0,73,2026-02-01
7.417411907104821,0,72,2025-09-07
5.498471733612831,0,74,2025-09-07
14.035107307856421,0,72,2025-12-14
6.27926306317525,1,75,2025-09-03
7.974757381345299,0,73,2025-09-07
7.847214775060792,0,73,2025-09-03
11.306020666438542,0,74,2025-12-14
11.694929727471575,0,75,2026-04-26
14.577811778411515,0,71,2026-02-01
8.469623450961109,0,71,2025-09-07
13.48521310135932,0,73,2026-04-26
13.896365777275008,0,71,2026-04-26
11.299335095161311,0,74,2026-02-01
9.253692095265507,0,50,2025-09-03
12.328981236757272,0,49,2026-04-26
10.129211735184697,0,47,2025-09-03
9.942822302741732,0,50,2026-04-14
11.259184009317991,0,49,2025-11-14
9.779134447394014,0,47,2026-04-14
19.109696831178866,0,46,2026-02-07
9.674781854523573,0,48,2026-04-14
3.989935219018534,0,46,2026-02-13
18.68359466190968,0,47,2026-02-07
16.480898065178565,0,48,2025-05-15
13.416578124282466,0,47,2025-11-14
4.589041919903195,0,47,2026-02-13
2.428576631088049,0,50,2026-02-13
17.710688294456915,0,47,2025-05-15
8.890133640400009,0,46,2026-04-14
11.317145902655142,0,50,2025-11-14
17.810582635456797,0,50,2026-02-07
16.76015781164125,0,49,2025-05-15
14.003044877540162,0,46,2025-11-14
2.813848681273541,0,49,2026-02-13
18.62182251441243,0,48,2026-02-07
13.914311724231453,0,46,2025-05-15
9.350828580552516,0,49,2026-04-14
4.410568656974533,0,48,2026-02-13
16.51007558233148,0,50,2025-05-15
17.794460109774533,0,49,2026-02-07
7.368678680184672,0,49,2025-02-27
8.695673292135567,0,49,2026-03-18
11.58564541613822,0,46,2025-11-21
8.649475748544887,0,46,2025-02-27
9.542798229510822,0,50,2025-06-29
8.757410331990442,0,50,2025-06-20
7.310201105456841,0,46,2025-06-20
8.79509530786575,0,48,2025-06-20
9.060902125845516,0,49,2025-06-20
9.544478391417002,0,49,2025-06-29
9.33032037690478,0,47,2025-02-27
10.78214207431526,0,50,2026-03-18
10.042083565798833,0,48,2025-06-29
13.531951979518169,0,47,2025-11-21
13.361549618083203,0,48,2025-11-21
8.79799856608436,0,50,2025-02-27
11.004932224888293,0,47,2026-03-18
11.229792423285517,0,46,2026-03-18
9.590500481442945,0,47,2025-06-20
12.321674409483052,0,50,2025-11-21
11.84247426485527,0,48,2026-03-18
11.500714188011372,0,49,2025-11-21
10.416253859078154,0,47,2025-06-29
8.954223261235015,0,46,2025-06-29
9.66986304126381,0,48,2025-02-27
9.585876390717686,0,59,2025-06-29
22.181488118160743,0,47,2025-08-06
10.07159756801616,0,47,2025-07-19
8.244908952748588,0,46,2025-04-15
9.276088939027858,0,50,2025-07-19
9.964922346061101,0,48,2025-04-15
11.834282472899261,0,50,2025-08-30
9.993558125016534,0,47,2025-04-15
22.030765681759775,0,46,2025-08-06
9.485984547280125,0,50,2025-04-15
12.688515417222249,0,47,2025-08-30
10.012920813070053,0,46,2025-07-19
9.825478587411183,0,49,2025-07-19
8.325921813071488,0,49,2025-04-15
20.90484247666747,1,50,2025-08-06
10.270728843086289,0,48,2025-07-19
21.291352868325035,0,49,2025-08-06
12.18146560986402,0,48,2025-08-30
11.78833089583702,2,49,2025-08-30
22.331086113469254,0,48,2025-08-06
4.04054495191221,0,48,2025-07-31
0.7571689924930212,0,46,2026-02-27
0.18298912961972746,0,46,2025-07-31
1.3446708942770016,0,48,2026-02-27
5.123459911895253,0,50,2025-07-31
16.54635754974352,0,47,2026-02-02
10.308314137041407,0,47,2025-05-06
1.5877219168690289,0,47,2026-02-27
9.989472276693306,1,48,2025-05-06
8.787357748368919,1,46,2025-05-06
9.272750658352209,0,50,2025-05-06
16.430951247500772,0,50,2026-02-02
17.456367320877106,0,46,2026-02-02
9.18312581345809,0,49,2025-05-06
17.59742168107985,0,48,2026-02-02
0.8601207362509484,0,50,2026-02-27
14.204035398105532,0,49,2026-02-02
0.709712614524193,0,49,2026-02-27
6.016645848519772,261,56,2025-07-31
11.899206753876129,0,49,2025-08-12
11.601145344477203,0,50,2025-10-16
14.923081316228505,0,47,2026-03-10
12.996716378224136,0,49,2026-03-10
12.335228969975603,0,47,2025-08-12
13.354272118879493,0,47,2025-11-18
11.444882421993555,0,49,2025-11-04
15.27766978788486,0,48,2025-10-16
13.634598149315934,0,48,2025-11-18
10.417313601467129,2,48,2026-04-30
14.32791756796135,0,50,2025-11-04
17.874980533870726,4,46,2025-11-04
14.03629754184405,0,47,2025-10-16
12.172673446192363,0,48,2025-08-12
10.726498632942508,0,47,2026-04-30
10.058517735905255,0,50,2026-04-30
11.818786643631654,0,46,2025-11-18
15.67098854122412,0,47,2025-11-04
12.554424375966406,0,50,2025-11-18
9.399245811543878,0,49,2026-04-30
8.996487066493842,0,46,2026-04-30
13.078904242833985,0,46,2026-03-10
11.262803583229044,0,46,2025-08-12
17.872675971580364,0,48,2025-11-04
14.195302528539173,0,50,2026-03-10
12.267412856072028,0,50,2025-08-12
13.942767875895399,0,49,2025-10-16
10.58479123541305,4,59,2026-03-10
11.61403486094396,0,58,2025-08-12
12.438094542177652,0,48,2025-03-11
9.670434547357644,0,49,2025-02-07
8.60907178395071,0,46,2025-11-05
15.747584010120349,0,50,2025-11-24
9.083067124826187,0,49,2025-11-05
15.511016002881433,0,49,2025-11-24
13.45572108477893,0,49,2025-12-18
10.442226455542567,0,49,2025-02-09
20.54566128463388,0,46,2025-11-24
5.390466911128527,0,48,2025-02-09
18.820098856441803,0,48,2025-11-24
13.540553497629148,0,47,2025-03-11
10.753139630286185,0,47,2025-11-05
10.704680573043902,0,46,2025-02-07
10.547054487152067,0,48,2025-02-07
11.953299056907113,0,50,2025-03-11
7.1444159526885045,0,50,2025-03-12
9.938121644801825,1,46,2025-03-11
12.724246404626697,0,49,2025-03-11
8.822315144122115,0,50,2025-02-07
8.339262535060485,0,47,2025-03-12
6.463714762228591,0,49,2025-03-12
17.74507584670701,0,47,2025-11-24
7.4149606754292705,0,47,2025-02-09
11.669987982512154,0,46,2025-03-12
15.569780220770951,0,47,2025-12-18
15.850155828799842,0,50,2025-12-18
10.471194484376909,0,48,2025-11-05
15.63114119349693,0,46,2025-12-18
4.88260711478587,0,50,2025-02-09
10.23774024962131,0,48,2025-03-12
10.601253804733574,0,47,2025-02-07
5.970642012680656,9,59,2025-11-05
15.193338362509053,0,46,2026-01-13
15.676287509372727,0,48,2026-01-13
14.841771934100663,0,47,2025-06-27
13.481727623809093,0,50,2025-06-27
18.876865703157648,0,47,2026-01-10
14.902185692364554,0,49,2026-01-13
13.672320161808386,0,48,2025-06-27
19.720206898652947,0,48,2026-01-10
16.075818049168845,0,47,2026-01-13
11.348006802642104,0,46,2025-06-27
16.97684068237683,0,49,2026-01-10
19.694500969376193,0,46,2026-01-10
18.825743502448745,0,50,2026-01-10
13.91631356040105,0,50,2026-01-13
13.431494058338956,0,60,2025-06-27
11.01709257343461,0,46,2025-07-12
11.56228347342197,0,49,2025-09-27
12.30877161830665,0,46,2025-09-27
10.963649831918417,0,47,2025-09-27
14.186645065446896,0,49,2025-12-25
11.258305117739496,0,50,2025-03-21
11.496741368522578,0,48,2025-07-12
12.42872716792094,0,47,2025-03-21
11.453568450577862,0,48,2025-03-21
10.408579279702508,0,46,2025-12-25
10.873167784534928,0,49,2025-07-12
9.430694861630343,4,50,2025-09-27
11.590099949755327,0,48,2025-12-25
11.164033605838355,0,50,2025-12-25
10.352262528104163,0,50,2025-07-12
9.285439897769635,0,46,2025-03-21
11.39085988311004,0,48,2025-09-27
12.370266759598039,0,47,2025-12-25
22.47125339036056,0,57,2025-09-27
17.733623358375496,0,59,2025-09-27
10.643796360042714,0,49,2025-01-11
15.488986694606751,0,48,2025-09-11
9.556561804561824,0,46,2025-01-11
5.861471605874442,0,50,2025-01-11
17.1218301497822,0,48,2025-01-23
8.411921332572717,0,47,2025-01-11
6.656769068494469,0,48,2025-01-11
11.149155304511027,0,50,2025-10-21
11.98717111459355,0,49,2025-04-02
15.39334079647999,0,46,2025-08-13
17.401484953557244,0,47,2025-01-23
16.53705009907283,0,50,2025-01-23
17.6724221355649,0,46,2025-01-23
16.91830862919376,0,49,2025-01-23
13.940727199502163,0,49,2025-09-11
15.649180078125795,0,48,2025-08-13
10.864646875775833,0,46,2025-10-21
9.446407476781431,0,49,2025-10-21
10.872321570339466,0,46,2025-04-02
15.125474450488483,0,46,2025-09-11
12.425309612075822,0,48,2025-10-21
12.515213178553168,0,48,2025-04-02
13.555054326948763,0,50,2025-09-11
17.25689691914812,1,49,2025-08-13
13.033346111017721,0,47,2025-04-02
12.609277257798453,0,50,2025-04-02
15.933689946051132,0,47,2025-08-13
15.534891777570593,1,50,2025-08-13
13.541412568011594,3,59,2025-01-23
17.79886116053021,0,50,2025-07-10
20.796305359704704,0,50,2026-01-19
17.25370218910963,0,48,2025-07-10
21.545256937520477,0,49,2026-01-19
18.411881312074044,0,47,2025-07-10
21.776543536276208,0,46,2026-01-19
21.036318372220308,0,48,2026-01-19
17.87113356075598,0,49,2025-07-10
20.82747424336209,0,47,2026-01-19
14.827147112914886,0,46,2025-07-10
9.524124353234825,0,50,2025-09-22
13.042999231628741,0,46,2025-09-22
16.63663094623081,0,46,2026-03-24
17.41773997993552,0,47,2026-03-24
11.31231946375891,0,47,2025-09-22
10.448042052979147,0,46,2025-06-23
855.1797298918202,0,47,2025-07-25
11.827613168014679,0,47,2025-06-23
12.687293306700383,0,48,2025-09-22
855.1797299165293,2,50,2025-07-25
855.1797299044014,0,49,2025-07-25
855.1797298845353,0,48,2025-07-25
855.1797296210465,1,46,2025-07-25
17.13605494699806,0,48,2026-03-24
17.296948347767852,0,49,2026-03-24
16.525395632265372,0,50,2026-03-24
10.28280695023085,0,49,2025-06-23
11.647013065809006,0,48,2025-06-23
7.957478155521699,0,49,2025-09-22
10.051361247442017,0,60,2025-09-22
11.12864008306758,0,50,2025-11-08
10.719071829357517,0,47,2025-08-24
11.715818966413963,0,48,2025-11-08
13.286016193827692,0,50,2026-03-11
11.384621560430546,0,47,2025-11-08
9.676450655047375,0,49,2025-08-24
20.886978633113415,0,48,2025-11-30
20.334740966979624,0,50,2025-11-30
20.78268987626187,0,47,2025-11-30
19.931229906689012,0,49,2025-11-30
12.679108856235302,0,46,2026-03-11
10.546918895798086,0,49,2026-03-11
8.933864523910444,0,46,2025-08-24
10.456855728150572,0,48,2025-08-24
9.421810789814344,0,49,2025-11-08
21.16440996468546,0,46,2025-11-30
12.9009761942918,0,47,2026-03-11
2.0108253302835095,0,58,2026-03-11
13.812997903638859,0,49,2025-02-24
15.792530445412211,0,48,2025-02-24
15.532285473630367,0,47,2025-02-24
11.33323277567294,0,48,2025-03-04
10.63155498908904,0,50,2025-03-04
15.79317871063786,0,46,2025-02-24
11.191321801740429,0,47,2025-03-04
9.352977707104444,0,49,2025-03-04
14.106917476372786,0,50,2025-02-24
13.851599753910378,0,57,2025-02-24
9.537928333067867,0,50,2025-06-01
7.738749346318656,0,48,2025-09-10
6.554626399569443,2,49,2025-09-10
15.282094366778608,0,49,2025-11-27
7.0685024057817,0,48,2025-07-01
11.903002296021668,0,48,2025-07-02
9.093862803848268,0,49,2025-06-01
11.080632904754296,0,46,2025-07-02
15.101109062526888,0,49,2025-01-14
0.4280487448831707,0,49,2025-07-14
2.886430746424338,0,46,2025-07-14
10.487561467455194,0,49,2025-07-02
6.019353998632582,0,47,2025-07-01
11.372242156552119,0,46,2025-06-01
9.99389940329668,0,50,2025-11-27
4.198358549157774,1,50,2025-09-10
12.965809762364742,0,46,2025-09-10
7.364102994245755,0,46,2025-07-01
10.595204575498911,0,50,2025-07-02
17.240778651462733,0,50,2025-01-14
17.71186586587143,0,46,2025-01-14
0.633455579839179,0,47,2025-07-14
17.14192793803224,0,47,2025-01-14
11.469299627209466,0,47,2025-11-27
18.053701460983973,0,48,2025-01-14
1.3387269293385913,0,48,2025-07-14
9.314717983658355,0,48,2025-11-27
5.003980514959352,0,50,2025-07-01
10.320030647572707,0,46,2025-11-27
0.0,0,50,2025-07-14
10.05680377565399,0,47,2025-06-01
11.132031566269902,0,48,2025-06-01
11.847790079295521,0,47,2025-07-02
13.732302711073146,0,46,2025-05-24
10.521527180712411,0,50,2025-12-04
13.45734881276968,0,47,2025-03-10
12.641326437159051,0,46,2025-03-10
6.593280766518305,0,48,2026-04-16
6.394505000818839,0,50,2026-04-16
15.760715928885972,0,47,2025-05-24
12.713939042022332,0,47,2025-12-04
14.5725821398632,0,49,2025-05-24
15.284547271979264,0,48,2025-05-24
13.443411372654865,0,46,2025-12-04
12.659608498730776,0,48,2025-12-04
6.740355617964468,0,47,2026-04-16
5.7754326511687,0,49,2026-04-16
5.485032546812818,0,46,2026-04-16
12.840844987847689,0,49,2025-12-04
13.887164698854505,0,48,2025-03-10
14.625488967433924,0,50,2025-05-24
11.228307772360338,0,49,2025-03-10
12.414710068048265,0,50,2025-03-10
15.824730367401614,0,47,2025-01-15
16.9188053905318,0,46,2025-01-15
10.082766412786995,0,47,2025-09-07
12.525559761444995,0,50,2026-04-26
6.490951402924324,0,48,2026-02-01
5.709750065552484,0,50,2026-02-01
13.190240928457783,0,48,2026-04-26
16.37712372189563,0,48,2025-01-15
15.421063115203907,0,48,2025-12-14
14.158603371694923,0,49,2025-12-14
11.32694654760644,0,46,2026-04-26
10.01817097091778,0,49,2026-02-01
15.365392937584843,0,47,2025-12-14
10.379097272412324,0,48,2025-09-03
8.87068540027957,0,50,2025-09-07
13.911760719578751,0,50,2025-12-14
8.444279359419468,0,49,2025-09-03
9.369124203578494,0,46,2026-02-01
15.05369554561571,0,50,2025-01-15
13.91417863289061,0,47,2026-04-26
14.162115873744241,0,49,2025-01-15
8.033404993351198,0,47,2026-02-01
10.459688116907088,0,48,2025-09-07
8.230233471844173,0,49,2025-09-07
8.957672035855083,0,46,2025-09-03
9.570416282737185,0,46,2025-09-07
15.221475195890562,0,46,2025-12-14
3.208939583654768,0,60,2025-09-03
4.6752593583155,141,56,2025-01-15
14.2292377576984,0,57,2025-09-07
