,0
0,804.8252026523514
1,1696.6972478739806
2,2.659193677464998
3,1302.4098927584917
4,381.89296839205326
5,98.15642955261431
6,748.7740446855679
7,1.352195029012563
8,6.420292217924185
9,843.8637244809872
10,-2.364661048774664
11,-34.01128285144145
12,50.96859785309701
13,-21.988365466663623
14,28.89692174462421
15,46.077842047299534
16,-30.03243175740225
17,26.330060285394964
18,-27.34472959422203
19,17.78926008649246
20,20.2920980208809
21,0.1835023631510353
22,-41.19674470024569
23,-34.28306406946501
24,-5.979998296597415
25,26.68366054831708
26,25.298698954325914
27,-1.4214485842136924
28,1432.33059298569
29,853.1325982350529
30,28.91626078888035
31,1152.780113695949
32,-3.7905936848901405
33,-19.48035111675547
34,12.86696833182235
35,-30.703815718937108
36,1643.855079453284
37,1169.3239897850483
38,-2.565264192790636
39,39.43225548602203
40,10.755883089482381
41,0.9635236923920729
42,4.932329482316433
43,44.92267038367043
44,-14.925979347689918
45,-17.855965174240325
46,-19.321978250208346
47,11.337602385175515
48,24.257005704423847
49,-14.935475831595681
50,54.30434145063595
51,42.6008847888945
52,1202.20107351117
53,6.7828338550379925
54,1758.8452603871876
55,1710.2807946027935
56,-33.1578928605133
57,1347.7085457083476
58,-8.420894330857791
59,43.171420505862805
60,-15.845700022451467
61,6.503147422401767
62,21.107333184071763
63,-10.710030316798537
64,36.162493620861476
65,-11.328783524812977
66,-0.8180755782570515
67,-20.92602806184449
68,35.300060453942834
69,1912.7498541965513
70,1621.372143524075
71,62.39773060386694
72,40.755887809460575
73,889.6320105057607
74,47.70736835717071
75,1034.5876997773114
76,-37.77360206994854
77,-4.363009461645589
78,-17.446313184206033
79,7.2282393203762325
80,18.616864307638878
81,-11.491693692360172
82,0.3188378723344698
83,5.2743532236363535
84,3.718097117687364
85,205.8574933774604
86,17.380277030788875
87,0.9613095259558406
88,-8.694695046330665
89,1255.617790361382
90,13.244218806333194
91,15.528640358363347
92,1527.4196144706032
93,-67.73188475663471
94,1584.902075174074
95,1208.722354735732
96,-34.796311381594506
97,1608.014278493337
98,32.64568020496839
99,1370.505854689318
100,-9.31661614067876
101,-6.9341566792623865
102,-13.06338766126764
103,-7.952444417413261
104,-12.05292758036461
105,11.827917180836849
106,-11.776530680669467
107,-20.793332192874743
108,1.0496167204155569
109,11.162190542492638
110,21.73258647371459
111,3.7700541839347324
112,-30.096390819005705
113,-24.036831265443922
114,1.7628967661199653
115,-28.966969630029098
116,21.781387745540087
117,-9.90609932945192
118,896.5386561606924
119,-33.439768266594655
120,1015.7353518750547
121,9.669202490162434
122,1127.6448296895237
123,-40.1587665092685
124,1514.9429541750649
125,29.193335034881997
126,23.32021283508044
127,-15.464080147962036
128,1430.5898592539622
129,1592.1891904465526
130,-61.66056674987729
131,528.1688361453142
132,47.88292848526413
133,-25.47752648035457
134,29.314692527234953
135,27.288602211064926
136,20.26214709452057
137,36.01926537349487
138,7.4351178828970745
139,56.8357755867934
140,32.434211754886746
141,50.662143890823046
142,-49.91252121924413
143,-32.45673224866364
144,-13.97757260262965
145,26.96987473673356
146,-31.87247477021704
147,26.503606190532324
148,32.35651593198543
149,-49.712428337245086
150,30.131839700106482
151,15.920183646104121
152,47.54038934951022
153,37.57348519937679
154,-2.9310423348682804
155,896.1829027692131
156,1598.9495023752409
157,-26.321636101573986
158,1219.630073814715
159,-58.44723994237637
160,42.3445587331907
161,18.27765842776705
162,-34.73614863970272
163,-43.94762902848646
164,40.75576802153212
165,37.66595510290583
166,37.24028677258888
167,-44.841383882750506
168,920.1452883877469
169,990.6401904494496
170,1608.5554269685429
171,-13.490537728852004
172,33.63560555038421
173,1433.8674338493918
174,-37.87416685580192
175,-23.225340996439144
176,-57.44234098595527
177,31.75930145123383
178,-84.36726599999722
179,23.05279659137031
180,33.385535969743934
181,-48.239920053364045
182,51.24974110475933
183,40.987079038540685
184,24.755760132424783
185,24.83103211197688
186,1.0789164650175138
187,1494.3696782016837
188,1782.631902075573
189,1004.0641109286893
190,-22.085654409485528
191,-0.9943196961623926
192,1036.8166960298329
193,-32.4693579638804
194,749.0999954437856
195,1590.4520314461054
196,19.749022800932778
197,-11.558256722801858
198,60.932665968483974
199,13.211088321758268
200,18.563872702362445
201,24.44753700249376
202,54.17061338695323
203,43.681951262478485
204,-4.720995362283361
205,19.673706886020568
206,21.1834590490854
207,-6.27364769477758
208,28.88829349228176
209,15.47600759119743
210,1431.6513743947578
211,86.75518666465544
212,621.2021942660174
213,-24.100209933238133
214,-12.803792694903251
215,18.835822600316817
216,199.74258060155552
217,123.28272988357614
218,105.83511388726741
219,113.42120228409462
220,49.338180069503174
221,51.75555519173798
222,1597.885966003638
223,1700.2050830481471
224,38.995753061438975
225,1820.9804613996175
226,1669.4711829359524
227,0.04753958971949146
228,91.69421292084482
229,-7.3798163619052985
230,111.43653967204351
231,88.98107582892888
232,116.93018678217155
233,-8.56644349624412
234,-27.2960715015477
235,-32.60351137194263
236,-38.54666383693137
237,606.9893229098644
238,2.7613830203164866
239,785.6722404814881
240,2.247660827878775
241,1628.570242128446
242,-34.568508747486106
243,1152.609041895576
244,-14.247502350795486
245,1047.5794055703495
246,-16.43448292761343
247,24.733246261758197
248,8.100426822889261
249,-8.095804470365337
250,-17.689580840755
251,-4.392211340022925
252,-19.709083679067064
253,-29.313697345374152
254,13.615150276796598
255,12.695557841599978
256,-5.096883945473408
257,0.4890490086397108
258,-30.29368369539283
259,-5.115132478477491
260,1376.1279551841997
261,-29.957194000656415
262,994.829863301599
263,43.601985572180034
264,44.0139592613821
265,309.6650504117762
266,48.95838338162301
267,45.49084407084945
268,331.59395167767747
269,58.40366406600665
270,326.1401610112471
271,-76.03164987969151
272,-8.363614971293117
273,-24.218675267225294
274,1743.3848192041514
275,1698.855595477312
276,6.267569334337509
277,1451.3786623792037
278,620.8511751626129
279,973.3940142658541
280,18.772011792923237
281,1776.780116410631
282,33.07277948199865
283,1743.8030674219203
284,-37.173141619564404
285,3.6648394074481416
286,15.683013838069044
287,-0.7317995920813019
288,-1.3440026480738823
289,19.695202488104
290,48.44133489008793
291,13.09557770099569
292,13.877276595063591
293,13.139714724986945
294,-15.978966660151627
295,25.652616844826113
296,49.983820169138006
297,31.34926533951227
298,-12.991336115243811
299,-10.219437555911142
300,11.907564154102161
301,31.17183803946709
302,16.279318072800805
303,29.506276699043966
304,1198.7700899194351
305,-1.499467851828328
306,20.017486975007117
307,1040.176381458418
308,1653.20498685715
309,32.57667478136189
310,45.617892416987324
311,1604.1863360455789
312,-15.59605884303221
313,-2.740913634376369
314,-13.214163418847392
315,-0.8944243664026885
316,4.8814373053914295
317,24.111086868235873
318,-2.4013395467884067
319,19.171333574176117
320,-6.141905965052715
321,40.268869712055846
322,27.050086096776965
323,34.59325596870358
324,-39.90987508978324
325,837.3412990800329
326,5.884993397036695
327,1137.5995415980335
328,-65.30579261883054
329,1689.2476655440325
330,1102.5182448885485
331,-27.25787265830415
332,-11.903009704336696
333,-0.5434896176566184
334,1352.716526760035
335,1559.239112206701
336,-2.1625818934517156
337,37.18755579646221
338,1.2131386311467622
339,19.810804279223333
340,3.735915873907075
341,76.01278913590485
342,36.71205503943297
343,-12.305013510037284
344,-16.93451766623835
345,0.43496294055965734
346,-10.94292844370122
347,-15.706138600252729
348,15.365122140152081
349,63.06456505857447
350,8.860062825937817
351,-28.41590051562781
352,1081.667714461551
353,17.776651207104265
354,38.47674926252105
355,-17.7784149744882
356,4.524923910485512
357,2.579977131603002
358,25.796457981223938
359,-22.469658476754887
360,-4.596063220021463
361,6.409772245189728
362,-7.128169482451966
363,1114.5054694181918
364,1290.435002607935
365,-5.944476878623874
366,-7.503863665843426
367,655.2528100996141
368,-37.921032890857504
369,-1.2378324784004064
370,976.1788563159934
371,16.191297907505117
372,19.293241333304252
373,-68.271774995931
374,1986.537725375669
375,7.940361925500596
376,-11.795887280443509
377,2818.5042828360824
378,242.10451886846576
379,51.582632509229974
380,-33.116269118472616
381,1223.6267313488838
382,-0.05737131329092904
383,-29.418917446100664
384,-57.88699662264554
385,1397.001740993399
386,-39.49815189643928
387,-23.048673741083746
388,50.97872863113568
389,-72.21816012237943
390,-40.05892869097204
391,1128.4670109258645
392,-22.812327385054402
393,-44.42877280720225
394,-42.08839747787124
395,700.3934376429669
396,12.790862453669988
397,-19.219109757538135
398,-8.454694011387232
399,11.181700363841074
400,-43.27790785625501
401,1611.6110715531238
402,-12.129661063639574
403,-38.17410342605757
404,277.729878283574
405,2026.7437533464497
406,13.654861277472449
407,-0.5500225449490159
408,-5.197055334390029
409,209.5588576673366
410,-38.96142809196178
411,35.93312712348397
412,2040.5201988677957
413,29.68299721051389
414,5.659061124206602
415,-36.532124602736275
416,44.140093499756574
417,8.048456005721306
418,771.8539977361253
419,-10.655059902818692
420,-8.825627003095718
421,-8.656885756873464
422,2726.6313257843435
423,-29.87772480861115
424,-38.16299396029842
425,3299.9404398359266
426,16.778841377733826
427,-11.569958338592016
428,1271.070456010332
429,-82.53724413935774
430,1553.2601408860621
431,29.80798771639867
432,189.0885459316048
433,-21.241749002821976
434,-64.27810059168644
435,173.89054247432665
436,-72.8593311723059
437,1323.202526801272
438,28.882548213688395
439,-67.19086369245554
440,513.4829030361657
441,-75.67050977355697
442,2959.122893083114
443,48.652697150292525
444,1504.2592638544695
445,189.69961290126182
446,2283.4992124353507
447,-50.313799108634385
448,1499.5863095366667
449,-55.782651341596846
450,32.17433347322861
451,-9.353311447632876
452,-14.232639810240187
453,1451.0991543361065
454,1147.2860061514386
455,-17.012069819426202
456,1416.814367189554
457,-0.685323924763253
458,-4.651415437765806
459,1283.1579123430597
460,29.54614344897321
461,5.244049730525077
462,-0.38839479096083096
463,-4.456695946861174
464,30.485439409735022
465,-54.00811653735116
466,33.92824946738061
467,-20.279326729163586
468,29.82284683383439
469,115.98540161350218
470,217.072656582793
471,28.476325830336407
472,-82.37316616036358
473,-35.2597696809859
474,4.189602774221328
475,5.73017675797783
476,-22.94486936116388
477,-42.85229839313138
478,-3.4170722958376274
479,-28.68699041872651
480,22.033559336741277
481,918.82118364883
482,-27.052857664822767
483,17.1801908987876
484,623.5307479987465
485,13.969093719755506
486,-27.773694595718865
487,-17.40886914525825
488,1575.23619056695
489,811.7183412482655
490,-23.827609605617212
491,39.35621674936932
492,-38.183767126950045
493,52.97477879445676
494,-28.40524530657669
495,1300.848985316557
496,-14.294276514374587
497,150.6625232859508
498,2874.625156457022
499,5.3394550041788165
500,-15.556949137602587
501,2374.21083570601
502,8.75209520277842
503,1565.216053748072
504,-53.47648729523263
505,2004.9838419766838
506,5.07651376882292
507,117.75362983920498
508,2165.2215350464717
509,-17.675876602745575
510,547.8732400216337
511,-65.76419824354903
512,0.5535529688995098
513,-5.8127493363227245
514,-62.436537222919526
515,0.7892609606393961
516,46.05556743459173
517,-33.0679882806738
518,168.28705509940812
519,18.60833817993033
520,1200.5896251512534
521,121.66890861274734
522,2275.77873276797
523,-101.09262495775033
524,664.9671412542881
525,-102.79950315304481
526,770.9545714614319
527,-55.10374925888323
528,37.957656717850014
529,3.8569474358378244
530,-19.859929573057954
531,-21.234564869757975
532,667.7417630537735
533,74.70462705034505
534,1086.8963880652402
535,-90.851699131544
536,45.456068973014865
537,244.9943307150165
538,-92.49522530833403
539,-23.341326478445453
540,-4.761467931392019
541,-30.750732558120518
542,4.814690664953133
543,-20.82371999869798
544,1632.5063271023328
545,-26.224149252954206
546,1181.3068923136193
547,-44.51148913949456
548,-43.34539321070113
549,-40.69149501953376
550,672.895777162943
551,-27.830320940980286
552,-49.851032051609764
553,-64.6262360099712
554,1379.415762287121
555,-29.988677282456905
556,21.608462777252598
557,186.7582508896525
558,1.842740586575303
559,-19.537373588164513
560,255.4112133674213
561,-32.11346691020829
562,1883.4430251158408
563,4.864322293065229
564,284.24572301357875
565,2993.707476593985
566,-19.50648901949505
567,-64.42786704991138
568,-14.691789376682308
569,50.46101260772145
570,118.61613066162144
571,125.1033324352543
572,308.7247044243753
573,-1.237990486403703
574,188.5529409842648
575,-10.538698068776995
576,519.9169077879518
577,2501.6478209594043
578,178.24443640653118
579,-13.683905416882439
580,1131.3085381457136
581,584.3280804732132
582,7.70421883900481
583,589.93038273825
584,33.00670777037999
585,10.202605513891257
586,-32.0845962525117
587,585.3509006909499
588,38.32659219958423
589,-0.787630110566937
590,803.7360940098703
591,-14.988681934360358
592,230.08166232953204
593,-27.48176819170554
594,2316.4954759163306
595,650.0518428278764
596,638.2328308469154
597,-45.8900772837155
598,1368.6846921234576
599,-20.113828602307237
600,-24.544233733437906
601,-34.172647221524045
602,-25.255037756879574
603,-59.85055636486908
604,-33.56813474526925
605,-67.7365004847774
606,-33.883744742956
607,-35.09438810402162
608,1206.649104955689
609,-20.438975130109654
610,-74.07101585883055
611,-28.867597180815594
612,-14.989478427308285
613,-20.455104836401432
614,-37.023160721563016
615,20.03262079100047
616,945.2100532353311
617,-10.777425857551776
618,-31.410698388641805
619,-13.85799015584432
620,7.830900989068951
621,-21.483693680902547
622,-51.931677888593526
623,4.553138867486439
624,-56.62064965893987
625,-6.934073797186315
626,-8.984501306227898
627,369.7510993348202
628,27.949760097938437
629,-49.22442390090799
630,-11.548825608767615
631,57.3795912230479
632,-20.883050889074383
633,-14.577400754145302
634,-21.014935620431757
635,-27.143429720267093
636,-5.506315564256425
637,31.11623413307504
638,1635.2644630231532
639,-59.153827558687425
640,22.28737728429249
641,12.05514261699021
642,-26.856084323958243
643,847.8169116888499
644,11.884696123541318
645,1480.3447655316527
646,-45.1003343667592
647,25.943517563332293
648,-36.73637988111449
649,156.41178394147622
650,220.26754341870702
651,-84.20684319462697
652,300.67111265332665
653,102.48252102775193
654,-0.45776544674281183
655,2051.47237153007
656,-16.239127545544278
657,-17.055996526301456
658,111.26583444431375
659,1936.8081356724863
660,12.888152513659918
661,239.37653362530946
662,-6.998439802193133
663,8.569324586699267
664,7.159926966815121
665,1265.4055408585293
666,-1.0904712003591897
667,-47.282215511744596
668,76.61112492443745
669,-55.94077839453186
670,-21.70099293839715
671,-67.92087680103995
672,-63.831192196433534
673,42.22918114961553
674,-35.09874029784035
675,149.8461819729228
676,-9.702220925154862
677,-14.267790689236747
678,4.124351968595462
679,204.93116419456854
680,-32.013023118104684
681,213.6476206528288
682,1597.297475383281
683,-15.517015766074977
684,-60.32207894986746
685,1122.3148042537493
686,-25.259188253287675
687,-2.0566967255109887
688,15.293164429150039
689,-54.38997025780165
690,-6.749353252412263
691,-37.90767394993563
692,505.5455025892576
693,-20.525958950389665
694,-66.11021397990717
695,-57.29621727896037
696,-69.20283180877863
697,-62.10775144500832
698,622.7319046166914
699,-2.007615142423049
700,-17.625522962319593
701,16.444347636755467
702,230.93113747413804
703,-17.50261097151939
704,520.311683612862
705,-4.621757135270272
706,-0.9790668284492909
707,-16.552124474211155
708,128.5449977395071
709,1109.3921186669468
710,-23.920043465059393
711,-24.55085952946196
712,23.34935324171491
713,121.39889944347112
714,9.88627657934886
715,-13.625321305087553
716,-13.863351940145606
717,-19.667339461976084
718,38.776353391923266
719,-42.1727729794344
720,9.349557627660573
721,-15.591434936588882
722,-13.594572546813083
723,28.756794444566083
724,-2.1309826476437763
725,371.1318487968009
726,24.456168753777646
727,134.046045679039
728,-1.532921181493279
729,-21.567230425231955
730,393.5067068481426
731,381.29957110730595
732,116.59019903649383
733,51.09326454511546
734,5.0345998502853035
735,8.669473786656113
736,20.316160993691625
737,419.71935609515356
738,76.86414503755303
739,127.66318766680604
740,-33.632997174604384
741,2.767689627514983
742,8.017983015499553
743,-24.64666313250477
744,1.3466895857672228
745,38.05325488172218
746,-61.42710143454542
747,-83.9139058184407
748,-4.584904805090119
749,-114.16449669261482
750,-33.78353282553866
751,-31.799485796634016
752,-4.84682254615015
753,-50.20088959322314
754,-22.95338271841662
755,-54.79746848805422
756,-40.68655387130261
757,-68.97744937109866
758,79.49985387871044
759,109.24611873992707
760,27.26553309805783
761,-12.843205950255182
762,8.745792275457006
763,-16.59348652745733
764,-33.30582781139867
765,-69.3622688154077
766,64.99877573834216
767,29.1725662254143
768,0.6934468056055039
769,32.12911699339364
770,36.65490321444874
771,6.645259076588715
772,-0.5531535045748512
773,-13.896293665622508
774,-6.734295862028674
775,-26.332649882186644
776,-3.703103830709054
777,-33.717966912967626
778,-26.181043234397563
779,206.2168556019029
780,14.184917319048083
781,-87.2961449999103
782,-55.11287459810882
783,-67.73503026567337
784,68.86299139990788
785,19.952334643147168
786,26.022441698714758
787,7.241693928028212
788,75.91590428494715
789,-29.075020886142795
790,53.207178043536224
791,-2.6236371653175468
792,-25.89251109565474
793,33.07761996466351
794,31.355447425611388
795,12.573178270363712
796,52.769136434759496
797,24.7251615355369
798,57.96569263964085
799,-0.03453379300930237
800,-38.566341765994
801,-44.54389985942973
802,-18.242717573522356
803,-58.58922912931209
804,25.788692253077514
805,-5.574493861082033
806,-9.207564547180468
807,18.53558944955465
808,-5.533046747462379
809,-86.30968384700907
810,21.650751438186447
811,41.463464543967895
812,30.981883462010146
813,-36.76227891187406
814,-2.0387243653436258
815,2.6727884900589203
816,9.994697523372736
817,27.26998294450381
818,-2.786638468674525
819,-55.761807096386775
820,-30.868803156935243
821,-47.6537702015853
822,-10.687626947098877
823,-21.32008189073079
824,26.078954474667782
825,6.4769392090786795
826,-43.349938320778136
827,-3.4586215503159963
828,-27.745855627468103
829,22.15182926527359
830,-21.09467162435665
831,-29.253568905421446
832,-6.551012576519952
833,11.188216227992427
834,-72.6573418095376
835,-10.559238621399416
836,-33.61490134164737
837,14.522705710750444
838,-22.802553687495987
839,-11.993969840820029
840,-8.974385621210217
841,-29.338958088738366
842,178.54171428368198
843,17.557642174985716
844,-4.43032556665429
845,-27.91031116047779
846,-26.131688053259253
847,33.28553149733076
848,-80.40655713898718
849,-63.69903971121417
850,-33.565260389720294
851,1.7447179379726379
852,-18.137726311283927
853,-47.73477029946466
854,42.84394598154033
855,41.222748354025455
856,-8.398900640252862
857,29.700973484810845
858,-29.28821625800032
859,-0.868850779886202
860,-89.97622839614044
861,-51.587805077723544
862,-5.055774493282655
863,-84.28314846376713
864,10.798254573013068
865,23.167773263311602
866,4.608013802823962
867,31.308853461917465
868,-57.72395509313276
869,43.94854448578438
870,51.66148450101276
871,-14.04110840730614
872,30.317937085637922
873,44.993012252961265
874,45.0733332125454
875,-18.15267849628492
876,16.249292105372504
877,-50.23370991210689
878,33.20059275379984
879,-30.848846124599532
880,16.663903260261336
881,57.268469955921454
882,-29.189528368812304
883,-29.59949367917598
884,24.350756850756
885,-45.17132501929177
886,-76.6873363948828
887,-91.76605526039091
888,-33.521623152257234
889,56.20354205042265
890,-25.998516361645457
891,-52.042285143141356
892,-17.204015915738353
893,-44.34334893636807
894,-23.217430152107397
895,4.671086707615828
896,22.52636931565131
897,-44.480609844469996
898,-21.5223994378874
899,-12.531127341254532
900,-21.48007710847773
901,-4.7892924339344916
902,-46.51178114813601
903,14.303948263285193
904,-39.00961854448735
905,-47.260655764416214
906,0.44371890202017994
907,24.7759740315894
908,-0.3069356494261086
909,15.02177880712182
910,-30.422502056719736
911,52.492016521783746
912,-21.138264743965692
913,3.29738230421907
914,-29.75451618001678
915,-39.53669820554734
916,-52.49924197129596
917,-15.776737090019083
918,7.580513776113932
919,114.47369924716944
920,-47.979213893893615
921,-19.198198102653393
922,13.93841212324699
923,-71.79037627731142
924,2.784873520377957
925,-88.73501704350568
926,41.282575342230636
927,22.235399042824554
928,-10.676280541397972
929,3.707065046974108
930,-0.2879603077110744
931,-28.8118364199498
932,1.3375576952714425
933,-2.050716075269392
934,-12.620392199363053
935,25.637715785527277
936,-3.6013307920530764
937,-43.33715235433783
938,57.58854113200328
939,139.5673382822861
940,-35.674094604731636
941,-42.443764377660784
942,-37.76396035789793
943,-18.079870100553592
944,32.65118462983213
945,61.457543229851446
946,-63.61335720972312
947,51.18822075355684
948,10.89764068176028
949,-15.585387599708255
950,19.617848650116883
951,629.0727932731431
952,581.7632421159279
953,595.9199531167086
954,52.633858666316556
955,578.8542785634432
956,-9.576014617883231
957,28.355215231718716
958,-13.460448807884362
959,52.94662649185516
960,19.303655546632015
961,40.01379704694265
962,90.15421514148504
963,35.33951925855937
964,-12.07055946383116
965,18.478658805483974
966,3.080621531850781
967,-52.15657849436499
968,-2.498065442246144
969,29.706297125954976
970,15.703710387877138
971,16.89492690303676
972,-17.8428026459613
973,-3.232724611026839
974,-25.11960056886194
975,-34.544623414266994
976,4.459936233409849
977,44.6844896596896
978,-60.00007638136799
979,13.18159375808095
980,-48.7370408157488
981,10.657173592176179
982,-1.0814883770347166
983,-60.82260646417964
984,-26.437800704214297
985,-74.19265398486863
986,11.823737136351056
987,-3.8047025868154236
988,-36.337686884954195
989,-61.030772775728366
990,-40.263401858615964
991,-45.615579863094524
992,-21.0642052876085
993,-59.02638614555286
994,-4.034893514990287
995,-45.65665022738861
996,-29.49908462697566
997,-19.887413573472458
998,47.69418541160717
999,-10.300442780646094
1000,54.22068155843755
1001,-46.0968920385549
1002,40.480942067400456
1003,-29.575590447278657
1004,-5.541919028391845
1005,-64.87071528220898
1006,53.94084281175656
1007,-93.9237288147545
1008,4.841321726507303
1009,17.565954253656827
1010,-21.947597825332537
1011,-23.272717417489588
1012,-49.8888429112811
1013,-4.437962312428738
1014,39.7291526866624
1015,-16.59523341285893
1016,-84.34928783402961
1017,-24.816116448558788
1018,-31.53191491859981
1019,-59.32055097064023
1020,0.3362529189925425
1021,-37.94657512448799
1022,-51.66232450249211
1023,19.47816090846736
1024,-19.663914303346132
1025,-85.70104070075016
1026,6.296889115417827
1027,-30.03725361149573
1028,107.91009817280327
1029,1.9743110692417787
1030,-14.029307951024322
1031,-25.35111705083355
1032,64.58787696620439
1033,-35.33683349082071
1034,-31.86734260925168
1035,22.386902466615425
1036,22.11523019105671
1037,-8.91991705411374
1038,13.999161403808188
1039,-6.515487927673917
1040,161.01794423891096
1041,80.69874859605903
1042,84.47262525660105
1043,-36.10226133889523
1044,-39.622771795384296
1045,14.787799498157938
1046,2.8036586659021907
1047,3.66373410721674
1048,88.28390553332838
1049,-2.5033452259375935
1050,-29.225330812953814
1051,-0.6796109523143343
1052,-1.6843156785846105
1053,22.625515486104746
1054,-68.23801501131084
1055,-30.374313466879258
1056,-19.291380453556542
1057,-11.73907842211078
1058,52.58136598729037
1059,27.894104235491483
1060,-35.64869234636231
1061,-13.476222131210093
1062,-47.26439047127499
1063,-61.33386242665398
1064,-56.227495694472424
1065,-25.102300612945868
1066,12.406365380714433
1067,-66.97638619637578
1068,-45.553428688928676
1069,41.32288692996336
1070,-38.27145847217898
1071,9.711560443038948
1072,-17.403746308322894
1073,-30.499629539382596
1074,-59.53321405949566
1075,-17.461111913509725
1076,-7.9091722380269545
1077,-2.9162362082706323
1078,-6.973452508628938
1079,98.93495585598643
1080,3016.804935729039
1081,256.075101172771
1082,202.31654479938982
1083,-21.63215196040788
1084,8.929586605332574
1085,2486.1840210025625
1086,179.121879556314
1087,4.868004434230514
1088,23.73768309032262
1089,29.322567415803206
1090,3.1471545232047333
1091,-28.069509117419656
1092,10.488777447872295
1093,138.92359264357142
1094,114.31687982804979
1095,8.250285324901384
1096,381.7733632141286
1097,-39.5156809295145
1098,-63.170658950170576
1099,193.17291823670158
1100,2578.4509383952295
1101,214.54165808768607
1102,40.30098400534342
1103,23.731389018537968
1104,-23.143573928521633
1105,-7.225657571864218
1106,187.37218384305586
1107,2187.546755052666
1108,-16.782887250461883
1109,5.072807136469677
1110,-5.610618842242232
1111,-15.652124197487666
1112,25.792058213984916
1113,5.408034442354477
1114,20.04312775309988
1115,53.826676744423935
1116,-41.11809455850704
1117,64.18426461788928
1118,-30.899218572953657
1119,-10.984263568736793
1120,62.28594364687954
1121,252.96805170900868
1122,-9.34158646107484
1123,10.906191294553338
1124,253.06877741654668
1125,-9.889539664049764
1126,1270.8844972107852
1127,8.400903828266394
1128,-3.643104309831486
1129,206.57876104835276
1130,175.60347053484648
1131,-27.566205409597515
1132,33.83412834010171
1133,7.999092783551205
1134,-11.685988247911098
1135,29.439503748328704
1136,-16.857683814510494
1137,1.2989263924094843
1138,243.69777735007474
1139,-48.87439711002216
1140,74.0337562439358
1141,270.32497365682974
1142,10.548066122413488
1143,-79.03066960393002
1144,-39.25462884642147
1145,169.85716650668007
1146,24.66096696674846
1147,1530.5302670130293
1148,-26.826122534200962
1149,202.68991536470122
1150,276.2185855991874
1151,-2.4154768097046144
1152,-64.32495371611881
1153,38.775027221135495
1154,91.5089613267061
1155,50.83499507130117
1156,34.461988624412136
1157,2830.371991526648
1158,-45.550499273090196
1159,2565.913706121798
1160,2437.666646101848
1161,211.36242253155655
1162,242.96655722348282
1163,37.67199960000644
1164,202.80633366317778
1165,-19.360696184105635
1166,-28.265266276446596
1167,20.668577504731644
1168,3267.1443069237844
1169,-19.20847541146516
1170,33.047473538350815
1171,-72.63049199980361
1172,9.935187527727024
1173,46.46029649009622
1174,2686.916135189248
1175,221.81300491013022
1176,2601.877538173289
1177,65.22517442650592
1178,-34.754504463727386
1179,37.57404037804341
1180,-14.951040665542934
1181,12.16697806890187
1182,44.26537300370004
1183,-11.720844813823135
1184,27.443257149412005
1185,11.777709343718044
1186,-28.265435211214353
1187,36.53210621572191
1188,-3.217835618613279
1189,2770.6750627656374
1190,29.356255660452987
1191,160.9252349865547
1192,-32.64267475076048
1193,38.92339336956717
1194,-29.008781845083035
1195,7.458873238951654
1196,173.60230924066445
1197,-1.3293468711980125
1198,-1.6869095369425366
1199,214.04434408367467
1200,-24.3911689956429
1201,72.75039239457408
1202,-15.926733975892873
1203,26.9987138687857
1204,-23.59464406239441
1205,787.5763664609323
1206,177.95706177801614
1207,225.59978033799823
1208,14.400277759848606
1209,-39.72895346738517
1210,-7.737715728370631
1211,53.94489103112111
1212,-19.60323495507201
1213,8.203460747391432
1214,-6.340076940841627
1215,-5.8793378975428965
1216,18.98502908981719
1217,-16.802869724074426
1218,-52.64474233531271
1219,5.259064170207964
1220,-35.18555520863836
1221,2323.0660504011175
1222,-28.885684152167727
1223,19.907788951632355
1224,-43.51143239598554
1225,296.84165746074353
1226,15.927750904860972
1227,-56.658835727273754
1228,55.418957015312806
1229,-48.29159480879565
1230,25.699802056205755
1231,4.801283893488176
1232,33.3415714205954
1233,-67.99268112760663
1234,27.438783839491606
1235,1956.8439381403527
1236,84.40057270765456
1237,-17.027916473014216
1238,-3.913125386996782
1239,106.29032408365553
1240,1675.4579867804887
1241,-19.881615539047615
1242,-2.2382698241415255
1243,59.552480844833724
1244,268.99407526079904
1245,-78.94922160567927
1246,-88.67512549822547
1247,-105.13635305224128
1248,58.71682783524904
1249,1425.336797234331
1250,12.239730147105448
1251,23.090068021882757
1252,18.76518522300738
1253,25.519788402672972
1254,-16.151323071280544
1255,16.798962586097844
1256,-23.651899435543413
1257,32.72793354954761
1258,71.29293838859704
1259,-55.977035991128304
1260,2.821525465036956
1261,995.0287376817258
1262,-14.751607586327324
1263,-32.32741582523211
1264,-3.85207132557116
1265,-13.644651410326261
1266,-36.99046100137758
1267,3162.7681049447597
1268,-25.726475659588814
1269,24.423893973541183
1270,18.293458950966084
1271,2610.524032794588
1272,144.5325647556796
1273,-0.5885678668289955
1274,14.672841408387626
1275,112.6953997298746
1276,2747.635536808937
1277,183.8982848832029
1278,-18.849745997476802
1279,13.858397358973662
1280,18.427172799559244
1281,-26.39085493521675
1282,138.04540766849715
1283,-33.97973502939169
1284,-28.297267402641154
1285,125.38841195824148
1286,129.35051665782754
1287,-32.43840779340813
1288,571.4842152198526
1289,-20.461901901505797
1290,8.320619266793102
1291,580.4001040154424
1292,2242.2621223796036
1293,-11.652690896791526
1294,650.2249488642102
1295,597.750832719486
1296,184.146488152408
1297,112.37906256827462
1298,-97.68622820872116
1299,2547.8726109579397
1300,27.72067651759832
1301,21.098463139292917
1302,15.336929157853731
1303,35.68359984105089
1304,-21.591012442877442
1305,60.46123297492078
1306,78.18913270806469
1307,102.29888344764873
1308,-0.17437628136661942
1309,174.85032554246584
1310,-26.649779096105334
1311,-23.487958854667497
1312,-44.03990809835528
1313,2628.568722396692
1314,-1.880835192117587
1315,944.7285998282971
1316,111.93399562197149
1317,1105.8993311370145
1318,274.7551686912758
1319,1.872938381267332
1320,136.17726217287907
1321,-9.169602464380503
1322,-72.60279421402566
1323,-41.149527748658016
1324,-44.90776003822387
1325,21.609386469279457
1326,3.5073387130697284
1327,-7.180229550569464
1328,-16.692773793544845
1329,175.87451562785856
1330,2790.416571405168
1331,1585.2769595511295
1332,152.60032558424743
1333,10.278730576948533
1334,1.0486589219487001
1335,8.513239650284376
1336,-8.979789913605615
1337,-58.24541738608434
1338,-43.83177234885909
1339,3454.6757980932434
1340,-10.28439828945865
1341,2590.0833661901547
1342,73.3286048527196
1343,-53.57838621827375
1344,13.795104354593207
1345,243.8611094336857
1346,1153.8978139320127
1347,-48.86189856164674
1348,2367.2582975565774
1349,13.047673077845559
1350,59.74071528095912
1351,36.87681587656646
1352,-22.87481909966567
1353,13.603831471581898
1354,-3.884960210298445
1355,8.70051914254563
1356,11.850187456179285
1357,-5.661816039998811
1358,-150.7481223460638
1359,39.407066674733876
1360,182.2581167251692
1361,66.8707632954428
1362,-26.16968752604052
1363,154.23359923899528
1364,10.051242380714598
1365,-4.950344783063926
1366,35.13367778974084
1367,-36.55352179937012
1368,-63.681224285218946
1369,-28.61651595782409
1370,9.36084548689415
1371,1556.3844733557526
1372,185.35144674386777
1373,-27.87655889515011
1374,16.942812872494713
1375,2749.8278785405932
1376,2827.9207437301257
1377,1233.4231611017283
1378,-23.59909875432433
1379,-52.3867656716011
1380,59.47458238734676
1381,17.40762149810108
1382,50.10231649656714
1383,37.86395117618487
1384,19.066783355889683
1385,0.969880657482733
1386,9.387177411324416
1387,12.224579497522228
1388,-15.183677317366318
1389,-26.8503175595161
1390,-26.018245442921383
1391,76.81050556775813
1392,-4.378205395334774
1393,121.45762365240773
1394,-75.1842102623302
1395,-1.2886623191070186
1396,-45.43764566471987
1397,-2.203263625911177
1398,28.30659488135295
1399,-35.6085779275825
1400,238.77467773255546
1401,-21.613797466936546
1402,-6.518703874502464
1403,83.19624477778184
1404,2091.5016799186706
1405,169.48857796670848
1406,-13.881519661558997
1407,-35.376936729884335
1408,1036.6796000670768
1409,2975.097445094392
1410,-28.02462636534821
1411,633.7293249975717
1412,7.709087660674001
1413,-7.7538225885707845
1414,43.50922024287587
1415,23.00025481888059
1416,35.653212166016
1417,-44.389895287122414
1418,27.82195737104692
1419,12.526413446627046
1420,-1.9950693680530094
1421,-13.02035756010794
1422,-14.94216356564067
1423,-4.32996725660459
1424,36.8725597227548
1425,41.22538828715788
1426,4.226878166819091
1427,7.549826160537705
1428,22.838757664043854
1429,6.487495656299657
1430,-19.667303952919568
1431,4.79462751105666
1432,23.756062798465265
1433,22.610231313626315
1434,-29.364250869070503
1435,-24.70174140128539
1436,-22.599256260771895
1437,-3.549677106905037
1438,-6.937770558130893
1439,16.753534852843785
1440,-11.264305093210751
1441,-6.526395045521326
1442,8.279191472990632
1443,12.268417695241652
1444,-8.52856490659633
1445,-16.38857344674453
1446,23.55242315187928
1447,-31.422733037956846
1448,19.75322569812326
1449,-23.13060046932074
1450,-2.220046721503465
1451,-43.55674858253158
1452,73.68825566939694
1453,23.693145274598564
1454,-17.84671671938328
1455,-14.240894850916575
1456,26.745996525764042
1457,-14.042948449256201
1458,2.799006525580083
1459,10.258155638022629
1460,-37.03871677449928
1461,33.639568945006374
1462,-32.67933394102252
1463,-16.015213705852815
1464,26.721084096479686
1465,-1.407963063419075
1466,12.31895234997532
1467,-26.565556054999178
1468,-38.209820110214054
1469,-40.26706117160822
1470,-21.885252814276356
1471,-22.981648396877702
1472,-26.79508228089462
1473,-10.459843194442868
1474,14.085877054625655
1475,-7.524486154600581
1476,19.378145263431207
1477,-4.245062707601377
1478,-23.82955937445577
1479,-40.07088818191022
1480,-22.830478061660656
1481,-20.11871426904267
1482,-6.24105348458194
1483,79.56785380685251
1484,-14.97303934149285
1485,31.389531742585262
1486,8.801668700341878
1487,2.784024794292364
1488,193.84777719324887
1489,12.738846447129234
1490,155.54693747977655
1491,-18.856958794984223
1492,157.60474733968678
1493,6.929659065722561
1494,18.087002581615295
1495,-0.6696602740076258
1496,0.3922352530897655
1497,6.195504351791769
1498,-41.16394218111233
1499,-50.63594415372779
1500,-12.793197748827978
1501,-23.061833776702073
1502,-16.684116905779845
1503,194.1284635363872
1504,-36.353776213446395
1505,30.23692280507153
1506,-41.19906393012968
1507,-3.4938704801490417
1508,16.284281037044693
1509,32.55743756836138
1510,-15.116191543431341
1511,31.941363081599746
1512,21.263188385185316
1513,1.7867640737372739
1514,23.13944876813443
1515,-11.424837656599479
1516,-12.083262643234903
1517,-42.90064661482427
1518,31.0222130757453
1519,5.668634496406483
1520,21.134069077943636
1521,29.878046239289347
1522,-3.7093913498331545
1523,15.62046278507296
1524,-50.14578869099094
1525,-32.13190344675442
1526,-10.184009886591966
1527,-3.7247334753769223
1528,28.644444243843495
1529,-5.992400996965387
1530,-41.20088993182236
1531,4.883126906209256
1532,-6.27625714826587
1533,-29.77385750984031
1534,-4.429210432624714
1535,10.864190169063974
1536,66.217699989562
1537,14.70515462229632
1538,-40.254662154286876
1539,51.947337985216606
1540,-0.6038629227350185
1541,4.2966200314264285
1542,22.731258935906055
1543,26.094784733572737
1544,-32.20972266024904
1545,53.15357882223719
1546,-13.833322924995613
1547,19.732443317963657
1548,27.591260999403744
1549,5.809183741172191
1550,48.173871227334885
1551,33.172247017277385
1552,10.455260576144056
1553,3.4172452521102343
1554,-1.8990525125444293
1555,-3.9233971344057608
1556,-43.791479808338266
1557,15.426610155765076
1558,2.8445809196886103
1559,-3.120407222293224
1560,8.772571952479652
1561,24.541643545577216
1562,51.160561935256034
1563,-2.103935526597894
1564,-10.636783937067378
1565,-3.513369031549132
1566,48.23443320792459
1567,-2.0609299472612577
1568,-17.170603179190636
1569,-24.853506669897712
1570,29.897687707556983
1571,49.955043478429815
1572,50.48291937024836
1573,9.81262482836081
1574,19.75323018418672
1575,18.28280740888995
1576,-36.49586656605476
1577,70.04153929665804
1578,-36.14115265980729
1579,20.669312691672644
1580,-17.840077598137
1581,12.54541061946027
1582,-22.57069343267473
1583,-37.04183693341233
1584,-95.00522421182913
1585,-65.72892501213579
1586,45.66833376096012
1587,34.792755765806035
1588,40.54620537478869
1589,-81.44161070768038
1590,-97.73490984136345
1591,-61.656126563929035
1592,-4.418698656642647
1593,-6.5430290730232485
1594,30.8731959286589
1595,-88.35270085873108
1596,28.06835105584166
1597,81.94331597699303
1598,77.20473144344403
1599,3.233705082428429
1600,-12.831417507176496
1601,-120.86227101205165
1602,-103.14605386336913
1603,10.218743321283199
1604,13.916505427339658
1605,-23.176057105005867
1606,6.302029609956676
1607,26.00441144585679
1608,3.7071628245690107
1609,-22.916957037671438
1610,4.418326181302334
1611,-25.189314149278204
1612,-11.605326643910729
1613,31.39894473996074
1614,48.919619702914886
1615,28.182295199783596
1616,8.640463975084472
1617,-21.771640187138814
1618,20.837313241654343
1619,-26.818122215660438
1620,-34.315880395345545
1621,-21.777851334735885
1622,20.29409425035489
1623,-6.7760893947112635
1624,22.391299011925057
1625,2.1268444747598636
1626,60.80860976685046
1627,37.79652005280373
1628,15.44989793918596
1629,-0.16944846895036392
1630,-35.72210896490341
1631,-15.71882455431431
1632,10.990541072843499
1633,-27.281380102501075
1634,-41.995090948227784
1635,198.03765858888886
1636,170.9287859997961
1637,-23.24784968958437
1638,2.761680963661007
1639,-17.905242106650178
1640,162.30981448836363
1641,175.43247686188693
1642,-21.986587594324135
1643,174.1284423744078
1644,-37.6523517967415
1645,-15.601854405486833
1646,29.582190235393426
1647,-4.472990649047375
1648,5.243255280043186
1649,591.046314753885
1650,-37.9173209799342
1651,580.1333569674058
1652,582.6640915989369
1653,-4.936624067043951
1654,-1.095764017120004
1655,-5.0265035892052765
1656,-10.465326852169198
1657,-27.21841119046006
1658,586.7114467718907
1659,595.888661628123
1660,-15.565027923111359
1661,-13.755010852415566
1662,-42.658894959211494
1663,8.44809758198599
1664,-28.380051770224128
1665,-30.866021520321112
1666,71.12260065573471
1667,-45.39055123736472
1668,-15.12856414306431
1669,-7.338953262127475
1670,-37.72922947194064
1671,-13.67195848289694
1672,22.7869985549671
1673,-16.5962782005562
1674,-28.890934012171513
1675,22.706563009295422
1676,-28.832663239723345
1677,-31.454499024799773
1678,6.026743367323917
1679,10.748806184919772
1680,-25.732411120905326
1681,-29.37341940080205
1682,-39.454516063857966
1683,-58.97288445073514
1684,-17.974407527939377
1685,-2.7421991780419432
1686,-8.717756493114706
1687,-45.7298002347336
1688,2.2219041177097694
1689,3.029019325038533
1690,62.43424240121333
1691,5.481381691917392
1692,23.725999567013076
1693,-5.683677159776906
1694,-18.070641495076885
1695,27.514665325723627
1696,-40.463041344046445
1697,1.7357418122834503
1698,39.21746702924654
1699,18.83224088981727
1700,6.271752985011176
1701,30.077624239049783
1702,-59.02449130494003
1703,24.304362357889687
1704,-0.6070472455097189
1705,0.30614158646572776
1706,8.868539829618442
1707,-4.184158584750861
1708,15.088633297812748
1709,24.914062369830447
1710,-49.42902171450115
1711,-48.652100216225364
1712,13.59000376349286
1713,51.79612584326084
1714,-31.812073588370907
1715,59.25084260666288
1716,41.15625786539269
1717,-46.391575670332145
1718,18.487995520032825
1719,3.7688783232787557
1720,25.98892773729797
1721,16.15653810045292
1722,-8.59695737330307
1723,-57.488308982656406
1724,8.36146980707315
1725,-24.452207637854343
1726,-40.56660544126328
1727,-13.911660957292739
1728,-17.66425127774717
1729,-57.05961384255187
1730,-41.10838142912084
1731,30.810060403024934
1732,7.188123086525337
1733,-3.073518994931547
1734,-38.681373958478986
1735,-4.641637831403585
1736,-11.352153314970707
1737,25.424991401905615
1738,-17.389211758235703
1739,-33.649077410832916
1740,10.694966361723445
1741,3.1570921954009634
1742,7.162411372869357
1743,2.891110741908051
1744,10.23605706104081
1745,-4.605060224194872
1746,-11.766868367500166
1747,-14.04653010147834
1748,34.07900799221864
1749,14.964408401178318
1750,13.351451589706244
1751,6.086659552419476
1752,-2.4393818798025393
1753,20.296838350009907
1754,41.50728058194871
1755,-9.16953338957002
1756,-19.218919241257595
1757,-20.89346920887307
1758,-18.820187243992237
1759,-5.2246408856546935
1760,-23.488773258217762
1761,-18.973766923269423
1762,55.04661532099398
1763,-7.4676997821524935
1764,-8.99863989795358
1765,12.137672953895219
1766,-11.395745996874794
1767,29.103597754343355
1768,-3.8580450907848842
1769,-21.609576449269696
1770,47.487644859225206
1771,-24.79590117095583
1772,22.275937198936916
1773,-19.236684783073656
1774,-23.70125063103093
1775,-25.028381315684015
1776,-10.695250753570946
1777,46.93801314248922
1778,29.054451735943147
1779,-1.5626136116377296
1780,17.885527109026626
1781,29.510755424873977
1782,-31.648977966475925
1783,53.217146917940894
1784,45.49255492913133
1785,-29.14858773839289
1786,40.59334018006124
1787,102.54243648875143
1788,-6.3984851912949665
1789,-28.318488572008988
1790,41.34306240525898
1791,-17.031570942384192
1792,51.47841231709083
1793,18.20310379209225
1794,74.46169452594354
1795,-14.916849393544894
1796,10.374959557704173
1797,2.3774565683594346
1798,16.181365682560553
1799,17.373110841931577
1800,-4.55953393337613
1801,-16.944076709739562
1802,37.07057555496992
1803,21.88974547260986
1804,2.678134860047649
1805,-14.118080840185755
1806,18.601984363987114
1807,24.156011845380192
1808,1.5811106056800526
1809,131.96945010554128
1810,19.515497823214517
1811,58.05846722105323
1812,-70.00452602743812
1813,18.287316265477372
1814,-54.23443846883393
1815,79.05905881679186
1816,4.996766475838072
1817,-35.62261227252162
1818,64.86503098053001
1819,-51.29079452125433
1820,-48.74863149920617
1821,-34.64532787117491
1822,-5.177296625620784
1823,-24.432996238724257
1824,-3.1949244725820023
1825,3.317899386910142
1826,7.412928228005839
1827,-9.666462634896035
1828,26.043895492386326
1829,37.352174744052874
1830,-17.619388799564362
1831,29.131759945579972
1832,-21.167025701449887
1833,13.928586172496722
1834,37.554879754809704
1835,-71.70664776891007
1836,55.592001641730164
1837,83.60122921989763
1838,-16.662516409472232
1839,19.21729132402359
1840,-22.5535418486309
1841,29.078402684491678
1842,19.196863137810354
1843,-16.121085613081775
1844,14.065890104328716
1845,199.417895409991
1846,189.12106800738246
1847,-1.9864821134350592
1848,4.46329974141149
1849,203.90000796886528
1850,-21.215079106487792
1851,-9.963587658965636
1852,199.9424839874024
1853,188.01999855618936
1854,163.34975487743964
1855,220.8199962768711
1856,-15.594167353428588
1857,156.0054496679731
1858,260.5465019817409
1859,-17.632650973896958
1860,44.418102673186446
1861,148.92050865029134
1862,-43.73411795991086
1863,14.599196616658674
1864,162.1374111412426
1865,-112.70260048356815
1866,26.555038845915703
1867,19.36246698514323
1868,-8.424103491515595
1869,-0.07534150531760986
1870,12.06616764620091
1871,-19.105248638973876
1872,17.719165602371092
1873,-20.034968869928775
1874,-11.518596727573595
1875,11.526402582063497
1876,10.960265356735533
1877,31.907315798980726
1878,-14.530556326713011
1879,64.3318372134948
1880,39.12004583248263
1881,-16.055021388871424
1882,-6.626518207665129
1883,-55.78493729400324
1884,-24.34641830632684
1885,63.3624189548179
1886,-64.16118127771611
1887,-41.624499065929314
1888,17.08594324216031
1889,-10.917181365822074
1890,62.55591107031021
1891,41.728934612525855
1892,14.788419803995325
1893,1.075009204442381
1894,-18.28230280709839
1895,24.724245393272582
1896,-40.548082837297045
1897,-22.449746770236032
1898,6.473369350123193
1899,39.51225146435379
1900,-61.3623932352688
1901,-60.68304081000028
1902,29.88744173068153
1903,-24.80747920762896
1904,5.334223517768066
1905,36.82784302289977
1906,-27.008923338714
1907,33.91515995518907
1908,1.530556595121169
1909,27.225428720004544
1910,45.494260242529805
1911,23.417036135563066
1912,31.422253570759544
1913,155.25118901909292
1914,-10.79174799621289
1915,-0.06618063554377329
1916,57.59538268559637
1917,2.680502711543866
1918,-10.95089098027249
1919,-57.114506877675296
1920,-1.5770354210254425
1921,91.44759389115113
1922,-26.792514378294783
1923,-42.69244777265823
1924,-47.480205420604136
1925,38.81774986781086
1926,68.74491479230001
1927,22.07755305475203
1928,31.413036646990562
1929,39.77612753219266
1930,-14.966313108240072
1931,-59.57295477848615
1932,-66.23746053037027
1933,-42.09593960533138
1934,-8.402615149575126
1935,83.81531805176381
1936,-32.54010507915412
1937,-5.527770396104586
1938,-36.58822045604171
1939,44.17228333087213
1940,46.616946333326034
1941,-19.55560975377651
1942,-5.061361696487296
1943,22.115979696586805
1944,-13.799197996004992
1945,-39.188694279120995
1946,26.28741706482586
1947,-74.78166222084624
1948,-7.961375755544395
1949,-51.89324272807855
1950,-27.88289451992054
1951,41.83358987744611
1952,39.908392058688484
1953,-30.628389444874955
1954,-21.4769134089497
1955,18.44213280443013
1956,1.9443303093788273
1957,-24.443146218281484
1958,41.75618028921091
1959,-2.8513039014616908
1960,41.7449853380044
1961,-7.839686996086726
1962,-6.317961893790837
1963,14.382841161417389
1964,3.229559100315214
1965,50.993177827812836
1966,5.656019765760277
1967,24.41529648606746
1968,-13.87075388961091
1969,55.16430307413249
1970,73.83934404578572
1971,6.390059665301294
1972,31.434350821852227
1973,-3.3811907880267142
1974,32.64537422106338
1975,-62.58982816593857
1976,-56.06154855787679
1977,-26.717524064100346
1978,-2.1539265542677413
1979,-60.76444124383275
1980,72.3820895626924
1981,-24.29552195166893
1982,-5.160364864931154
1983,-37.87117085168666
1984,-48.69200006700905
1985,-68.21459659633598
1986,-54.02358249274852
1987,-6.097546264801267
1988,112.24631803216418
1989,6.963695016298232
1990,19.542623794238153
1991,18.69083753552958
1992,108.50472319615372
1993,34.23653889661101
1994,134.0457797899889
1995,135.093532751575
1996,-15.866300454828163
1997,131.16820948188337
1998,43.025021259847925
1999,-17.726097450640808
2000,-28.31387889250867
2001,9.552819414492674
2002,-40.23342648678468
2003,-9.169285351825664
2004,-0.32845249243064245
2005,-9.142441943438357
2006,-26.172673225001162
2007,-22.637734249164367
2008,-30.052123422044332
2009,5.193922899553456
2010,-106.24807955192034
2011,-31.99701460723594
2012,56.521922783975334
2013,-31.791112687459815
2014,-23.575098210438554
2015,604.4608183260566
2016,20.674480812996748
2017,-8.95480364754286
2018,23.386107165314314
2019,23.069926346393288
2020,33.30982217178437
2021,25.11544987182846
2022,-21.04358959499028
2023,-23.60356862887113
2024,-66.8602774579108
2025,26.219468817423376
2026,17.71971704511016
2027,27.72948036731374
2028,-31.281331371192152
2029,-21.875580872964704
2030,-76.10370697031595
2031,-39.07531188521719
2032,-34.7904440928846
2033,-45.98195340273642
2034,-33.73689006323232
2035,309.99488314693923
2036,19.441677072135235
2037,-17.01234586896841
2038,-118.11965761055686
2039,-22.51661512611649
2040,-41.17922476018822
2041,19.022678641259574
2042,23.331456906662225
2043,1.3305229214020073
2044,-16.986813562455353
2045,1.109500255086985
2046,-2.166491027881989
2047,-6.826589550946267
2048,-27.362058050071028
2049,15.041535353806708
2050,26.13086963642688
2051,12.850707094883404
2052,11.158960524347435
2053,12.290376075894699
2054,7.452769315331395
2055,0.13690759384810747
2056,5.917873718851382
2057,-98.42949922624172
2058,2.520631671971657
2059,-25.764588294278695
2060,-65.0683945486951
2061,17.741241687529765
2062,34.98690072056924
2063,-150.74150294627273
2064,35.91269674358509
2065,10.64439521798694
2066,2.036313967116925
2067,-57.97397252504689
2068,2.8474537690301958
2069,-7.997516188250586
2070,14.269635293071346
2071,-26.513373438211772
2072,20.73851978980771
2073,3.223613232229795
2074,13.683452996972036
2075,17.12977165285902
2076,-30.637915008895376
2077,0.47094868657930533
2078,-2.199237505368501
2079,13.634419741658519
2080,-13.982346891197267
2081,7.12571116990695
2082,40.36991538915504
2083,7.649171451070359
2084,31.154707921276724
2085,72.51703960629717
2086,40.936867350070685
2087,4.945855651795668
2088,4.70510684295968
2089,-30.39686647839413
2090,-6.305986523711283
2091,62.72702682001764
2092,-30.29491898438299
2093,-8.195414522157904
2094,5.1895378705809065
2095,27.514858629492394
2096,-22.410392950947752
2097,45.78249047678539
2098,-8.150157998139662
2099,0.18418235482246814
2100,-0.14434025270983852
2101,-2.4925063250941264
2102,-2.109642708352041
2103,23.992325592437012
2104,30.703905989339702
2105,-23.156348430480676
2106,-7.824978838317733
2107,8.085629566780653
2108,-18.531041715970503
2109,-51.14686893513493
2110,-2.942308220059118
2111,-56.60040273117255
2112,-66.55289704564925
2113,21.888110992311937
2114,-84.79024216206457
2115,-37.23267014852988
2116,36.09155359741246
2117,-30.313360613237748
2118,-21.862079018615844
2119,-28.535863051554344
2120,39.6541895263179
2121,367.7141140722156
2122,106.62598138574866
2123,15.449914037556852
2124,-40.488544844087016
2125,-11.116918050668758
2126,5.754541770682948
2127,109.35852583888351
2128,-27.37164923345054
2129,-25.23736873247158
2130,32.67491018186449
2131,-8.081355681040819
2132,-20.393030325950804
2133,-25.166544046777773
2134,19.61974601946916
2135,12.301625990486599
2136,-5.262762911654008
2137,9.777012265151313
2138,32.497398567811274
2139,21.63159905640883
2140,-14.377503954613374
2141,7.435772806545074
2142,24.233233640336223
2143,-34.73181420012946
2144,5.409279786823134
2145,14.080802604142733
2146,24.580314738080105
2147,30.964792490512295
2148,45.053402068193506
2149,46.37781079893229
2150,-20.385133102340447
2151,-7.266212451845618
2152,-44.881641600276225
2153,-9.211497413165901
2154,-54.38112069690331
2155,-22.44879962123882
2156,-19.97779828002338
2157,28.74765288704492
2158,-10.490175936161904
2159,-29.79707539295245
2160,-12.432152117470494
2161,11.944043292446594
2162,-37.75794114036793
2163,55.18727157180307
2164,-23.18577727473992
2165,-8.933508477239585
2166,5.106775091132604
2167,35.34887241364969
2168,-5.657318048363649
2169,24.09116733482462
2170,51.84598156198525
2171,53.75855568250609
2172,-23.14964182344329
2173,21.475925976779237
2174,-15.966838704270373
2175,-28.300304227233255
2176,-18.989251350339288
2177,13.162511886156409
2178,42.690954525415606
2179,30.639460386340104
2180,21.477067555102565
2181,-31.241260027915743
2182,-17.22979656606404
2183,6.36226857448888
2184,41.11180288572137
2185,63.25116424425897
2186,-9.491245981996869
2187,29.415651125201478
2188,-39.97408456716934
2189,17.424115991298862
2190,83.42017276997301
2191,-44.659984596962715
2192,-20.20052676896303
2193,180.44592227890186
2194,-5.580149652281747
2195,28.93365063495925
2196,-3.4908212685583777
2197,-9.460152523901584
2198,18.565675377119007
2199,-28.666707164958652
2200,178.38030926935983
2201,47.25932519080918
2202,-18.17646458156547
2203,17.95562043127626
2204,-52.009877628274495
2205,16.422866597234375
2206,76.40216572409022
2207,-4.526587123744235
2208,-4.534449707251056
2209,-11.091448110726432
2210,-13.174589263868128
2211,24.921408783458077
2212,21.77251121884423
2213,-44.055518751108934
2214,8.850444246078325
2215,18.49615335363424
2216,20.057742574892956
2217,51.862535750843854
2218,50.86447211287641
2219,22.53331744052852
2220,-7.744749247747222
2221,-32.67723010267696
2222,43.488123629154394
2223,-23.068362056554705
2224,26.227599078063037
2225,11.907499429241014
2226,12.25185006711574
2227,35.516136558567894
2228,30.86972323344149
2229,21.949135556749795
2230,-81.0289942896525
2231,-54.666896395914335
2232,20.001972049252245
2233,53.770490956063476
2234,-42.5609764875945
2235,-53.61175363904351
2236,-27.48353339857337
2237,-8.531336334320756
2238,-61.35701749728966
2239,9.433585678959574
2240,2.4500061514849136
2241,-18.346731768519547
2242,17.468256406195678
2243,10.976556442848135
2244,-9.354014396003393
2245,-18.51326813078967
2246,-28.19782578619342
2247,-25.630274993777164
2248,4.550395896145929
2249,-14.034935209487998
2250,-23.929537425480817
2251,-27.61577444363789
2252,-12.895844353691373
2253,69.47535660002004
2254,-33.84516717142978
2255,-15.167463517238644
2256,-37.24954514522045
2257,40.36875727256427
2258,-1.3037241927733305
2259,-32.00115588542296
2260,-28.34828269159209
2261,1.5758019585819483
2262,-49.15066135629351
2263,-33.8299212909244
2264,-77.96663811458615
2265,30.451693250690838
2266,18.77710748116948
2267,-78.02849056451865
2268,-53.17934919946987
2269,-22.658387082370567
2270,-28.258781395580513
2271,35.66736869200376
2272,-8.924931358481956
2273,46.840364687985094
2274,16.695629403981528
2275,11.77204610163649
2276,21.587640821532588
2277,48.22032166350936
2278,4.492979476980921
2279,63.38556839896297
2280,21.599441922706944
2281,0.19884440329356323
2282,-44.29750393292292
2283,67.73996769804216
2284,60.68251289604653
2285,-7.340836868988532
2286,-57.24174350926887
2287,-32.906098566770424
2288,2.887225907149201
2289,50.347148751981216
2290,-85.85981412321047
2291,8.841198790209575
2292,-87.54338342209991
2293,-38.546312407709024
2294,2.7628531166915593
2295,-7.711335213637824
2296,44.100522771950125
2297,-6.0811986258597415
2298,-72.66841182769681
2299,14.395652469452628
2300,-9.94875814281842
2301,40.1027779336713
2302,-29.46874364898494
2303,-10.636589501307881
2304,16.070685452269345
2305,-19.568875475701446
2306,-19.463242551893572
2307,0.1464431695388413
2308,-25.930284038020332
2309,46.24240785422288
2310,37.53172263328332
2311,26.657402672023863
2312,3.6385926516275333
2313,-0.8257410814406825
2314,-4.467547447617179
2315,-33.98569891195601
2316,24.62882293166328
2317,23.73469709752419
2318,30.921548236202923
2319,-18.77259631013601
2320,42.54840780607096
2321,0.6475665445237979
2322,69.1249033642946
2323,56.49508494276436
2324,187.11158123880807
2325,-23.088439129393535
2326,9.913589753466368
2327,-32.391788024940055
2328,49.59841937426182
2329,53.231995436996925
2330,-13.541528272037255
2331,13.336485584219417
2332,43.087096348029505
2333,73.44373617248799
2334,18.890010363986107
2335,28.219766775520142
2336,41.49941356801649
2337,29.40303204050555
2338,30.285482116356377
2339,-27.74884936385503
2340,-13.880815382210969
2341,580.5394837225728
2342,575.9317001443151
2343,-2.842070753670754
2344,0.6810059286645469
2345,3.094589652222524
2346,-63.534974671828735
2347,38.43194010506927
2348,-41.9228717468996
2349,-25.520213742705437
2350,-19.846991034578167
2351,-0.6780501514246424
2352,18.069347986153474
2353,-25.984557355641783
2354,-44.80161623618568
2355,-10.527722418454744
2356,-39.658331368839725
2357,-18.648134487934755
2358,6.2614730117935835
2359,-13.708287593824465
2360,-47.67215551675349
2361,-25.926176635119646
2362,-39.922306564433285
2363,-29.047277101400468
2364,-30.141803642766618
2365,-4.227835658923908
2366,-47.1732653431626
2367,7.886447897574698
2368,3.443180641484929
2369,25.379157817743177
2370,11.516457690068378
2371,2.2383250817762956
2372,159.42691904375556
2373,-32.945174543773675
2374,-45.33991150930933
2375,30.095455117015163
2376,-5.2721234885228085
2377,-71.84715713287187
2378,33.45508281553502
2379,-14.032948817464828
2380,-22.016035928826028
2381,-50.071950306132834
2382,-9.09260653692003
2383,83.72429986194409
2384,-62.756793401693415
2385,26.920898836982985
2386,0.34940092627870456
2387,-72.6690784635934
2388,8.280694389178407
2389,22.10674623419689
2390,20.88433730995183
2391,33.183410321571564
2392,-48.761948739622454
2393,-35.78587670386324
2394,-10.371187319837361
2395,-38.35763768917323
2396,62.7715302257078
2397,21.243064328557722
2398,47.257896220884966
2399,-5.724171188305647
2400,-35.04660571588505
2401,-65.39774392236242
2402,45.20165456891449
2403,23.19690972079819
2404,-12.760725318431795
2405,-6.796266586845334
2406,41.305965703932415
2407,14.69831506531088
2408,-20.968560334810405
2409,-6.812111318245428
2410,26.400308730292252
2411,4.25400240648797
2412,20.812034912655548
2413,2.4149275371909766
2414,36.186607054451166
2415,76.63092293093027
2416,16.185981286466102
2417,-31.183800848718235
2418,7.5028204146255035
2419,-29.855144789422937
2420,-10.256993765038501
2421,-9.688821552115016
2422,2.5089866318217986
2423,8.03697301033904
2424,-21.47185241003524
2425,-48.99632110676953
2426,-2.8297608701314942
2427,2.9154576024648122
2428,19.101118539877746
2429,19.202566878747277
2430,11.485671743485852
2431,3.0954936603928616
2432,-12.225532525220245
2433,-14.952514162226194
2434,-25.51494334066156
2435,-71.87547986099261
2436,-27.294343542278625
2437,3.1268837012805193
2438,5.931208195732708
2439,1.651559504980355
2440,-84.3724095817299
2441,28.759511909212023
2442,-3.3316247366202276
2443,-25.487661467468214
2444,-9.791911062979239
2445,-50.9575773071345
2446,-50.504818934527805
2447,12.412812827084053
2448,9.204311347579747
2449,-37.52963621160873
2450,-35.64386948126324
2451,31.901465160686307
2452,-42.60081528181172
2453,-0.8161099958598186
2454,-3.2370069088493096
2455,24.758726189828934
2456,-26.589718520169484
2457,-14.370173879488746
2458,-29.85543471556035
2459,-38.374689494230694
2460,-43.68831703211106
2461,-4.003141333221379
2462,7.391735881912666
2463,47.044483534122804
2464,-32.319870027356416
2465,-23.43344029770074
2466,-6.458534290660467
2467,22.522643413698887
2468,-25.258733889238925
2469,7.521396396728235
2470,76.86769350017319
2471,5.223732392350939
2472,6.336824024215019
2473,9.068983938836638
2474,-12.56348508616405
2475,60.85229292425996
2476,4.74821815205766
2477,-25.374950846001994
2478,-26.6343697284845
2479,2.503075110402733
2480,1440.3654373803463
2481,17.13609454063659
2482,-6.188210667414566
2483,-23.311876980610776
2484,12.13675260203749
2485,25.48320307174147
2486,-20.35502512718554
2487,-36.81969503383141
2488,63.378924582344766
2489,25.58631167223541
2490,24.610854007965315
2491,-3.2724443908755774
2492,-16.023629861874795
2493,-2.877283016346027
2494,-5.673556160911659
2495,-42.58545904361745
2496,-37.85167822407908
2497,-26.26452930981779
2498,13.06095387304363
2499,17.99234652033725
2500,8.952953645447593
2501,-10.952969504995323
2502,2.1755535122242833
2503,-63.67094134642889
2504,-10.438696418469732
2505,1135.392599670791
2506,-6.570536809611767
2507,19.351803837499403
2508,18.165513223691008
2509,9.895575277758425
2510,-24.702293734492713
2511,-9.473967550847917
2512,-39.85158607092487
2513,-12.701532104246127
2514,-25.199427806841044
2515,-41.56910230441167
2516,-29.72514840160879
2517,1623.2146644944428
2518,-38.36344025262136
2519,595.9443865112308
2520,-22.811429477936002
2521,-42.311736563723514
2522,-48.19823230504397
2523,-15.38038652333114
2524,1343.1781409776709
2525,-16.34090668200018
2526,-0.9509047409007394
2527,-2.003858647335221
2528,-7.702809086494852
2529,36.26072735971596
2530,-35.70226981287172
2531,-41.802152498770056
2532,166.5323453841342
2533,164.69100628938082
2534,-6.664911209420467
2535,182.84613293026484
2536,26.85453658520511
2537,-21.226330014741123
2538,-26.653606777822844
2539,10.182962944008793
2540,187.64468375895177
2541,-39.413252504526156
2542,85.26642863395595
2543,611.3731738352712
2544,11.291964051972712
2545,211.28777553161012
2546,-30.46374245947017
2547,-43.340614070805344
2548,-18.339069960966512
2549,61.09978441108481
2550,-45.09585217562747
2551,-29.52694829565216
2552,41.717552276135116
2553,-14.195308853125567
2554,4.920185223798825
2555,8.610686972595559
2556,17.70726966400639
2557,-17.558167580843374
2558,-22.399368729325573
2559,17.029619774262812
2560,-51.41617825039839
2561,1241.274154953808
2562,40.301120354067905
2563,-35.10209291558044
2564,-26.659577948667305
2565,-23.11592644570473
2566,8.038548232351161
2567,18.420496618366016
2568,23.52891041035417
2569,50.173257168796994
2570,21.888766576311426
2571,-29.013304759130605
2572,45.54584841641355
2573,-23.960431847790574
2574,-22.74941356044738
2575,-2.4299529470820715
2576,9.075332141862958
2577,-25.66929216082761
2578,-43.294854109635395
2579,17.085045691116107
2580,-51.51836414187534
2581,-4.2931665561683445
2582,8.095894399045108
2583,-18.752554430764974
2584,-25.826988068154577
2585,45.66640628443947
2586,-26.80995912139872
2587,-13.378452554877896
2588,60.67742202328539
2589,-14.398584124399974
2590,4.545918468301764
2591,18.770726781648662
2592,-35.969649571019545
2593,99.25982787144555
2594,-22.29104193956485
2595,-48.83946134903968
2596,1319.1815008402214
2597,-51.21103399812213
2598,1221.7237485054623
2599,-63.54436770949036
2600,38.9620434318831
2601,-47.69568091331078
2602,-27.377233433377967
2603,-52.99577730800826
2604,-29.494369737285396
2605,37.906670167385194
2606,33.03814193981744
2607,10.781840640787266
2608,-40.28369355353365
2609,-45.473618991362
2610,19.21227395447167
2611,-38.87869284447129
2612,40.04072604283934
2613,7.927243620551678
2614,3.9535799140659122
2615,-62.25139335452826
2616,-8.37484143490029
2617,1177.2238343617594
2618,1341.728584975062
2619,-37.58540284036977
2620,0.2435244130380596
2621,34.170022042292985
2622,26.878492064944965
2623,3.5437337931149955
2624,52.78428592635929
2625,-58.8942157282159
2626,-50.65296149106314
2627,-115.36827893325693
2628,-85.02238594601263
2629,-3.139355595382881
2630,-3.937673646507548
2631,-94.32524140752349
2632,51.697147245279155
2633,-98.7017015160373
2634,-73.34688841950091
2635,994.8071430861762
2636,-98.85664077498092
2637,-18.023963225622822
2638,-103.4480627594283
2639,-111.4520921504816
2640,-72.52983202103917
2641,44.687992906119455
2642,40.874535914042454
2643,6.628638940669646
2644,-44.45391857819379
2645,-32.50549291813424
2646,13.60426695611062
2647,-29.659278014359444
2648,-35.67523151110714
2649,-29.60201812163689
2650,-32.74220736551348
2651,-10.39372607695546
2652,-37.55265543572358
2653,-25.15379477749407
2654,-14.954920694596339
2655,13.754554319624432
2656,-17.12650374075048
2657,-4.8419468498218805
2658,12.04412549719818
2659,-9.10940254372467
2660,-34.700294236513486
2661,-12.342758272724652
2662,-68.85180833124659
2663,19.69013662237886
2664,1380.5361070560689
2665,-48.547591708012106
2666,-54.03792187008983
2667,-38.539642508055664
2668,-61.846778479101886
2669,-27.422436619603772
2670,-15.997248843344735
2671,-45.047176906697814
2672,1059.7127776508678
2673,-20.014964779549516
2674,-22.51071683138065
2675,167.80005813691523
2676,163.10841443608209
2677,26.862460881505953
2678,159.27648422134277
2679,194.98064312528334
2680,133.5661671875327
2681,153.81901718532401
2682,-34.18354890861562
2683,-34.22299819749708
2684,-36.89557870392227
2685,1335.2606514271363
2686,0.7210365266379455
2687,16.69431818343159
2688,1.8087002854611711
2689,22.927858193867607
2690,-16.931643829598016
2691,-21.351314512893197
2692,-27.805575895266912
2693,576.6785760486989
2694,-20.2188027963616
2695,-9.092707105208092
2696,576.1011243006911
2697,9.761556838639109
2698,-20.295076993775325
2699,581.4618899037334
2700,-28.881634341168052
2701,3.200450559610516
2702,653.1104014412407
2703,588.2799713833683
2704,1337.8551072444925
2705,-7.444119805242906
2706,-26.01990685053441
2707,-26.202912812976038
2708,-33.63059668953335
2709,1010.9287165930699
2710,-23.168086725588367
2711,-5.666365175057351
2712,-39.54105232989616
2713,-43.27871137600067
2714,-19.21691153851242
2715,-33.972721253224165
2716,18.28830318317756
2717,-54.41873015681938
2718,-6.315649845152606
2719,-61.014872293055106
2720,548.877395119258
2721,-40.00906447524764
2722,-26.643217954846946
2723,-53.241401558712596
2724,-57.11784048880676
2725,16.42085148272605
2726,-17.061889975034916
2727,38.36945149207391
2728,15.079257317707174
2729,4.9067957137076235
2730,5.476758661331743
2731,-0.4728961438939052
2732,8.133812558267692
2733,-23.88759423246057
2734,1208.3521643362
2735,10.107260081273708
2736,-4.254741059473815
2737,34.98335389763419
2738,-0.019421306331111055
2739,3.548879403386536
2740,14.129818721730501
2741,-65.39463911038825
2742,17.189757749221258
2743,-23.987580197829473
2744,37.2616548682526
2745,-25.52091931428933
2746,-78.99238078135193
2747,-40.04212310709141
2748,27.676152524551682
2749,34.22248704518782
2750,6.048665452635106
2751,-39.44230454723879
2752,-21.77149347241368
2753,17.88040078480296
2754,-31.048183488434148
2755,4.952213131037652
2756,-54.06777111740391
2757,-21.8842999520205
2758,0.6233273358691491
2759,-41.338649482587726
2760,48.84758295904351
2761,587.4591857736843
2762,766.9758721731893
2763,5.605120734654591
2764,1121.9735543990141
2765,34.09973242904544
2766,-0.9343725235397784
2767,-4.476911349549624
2768,3.9019328518977687
2769,-22.6870713182863
2770,22.562540401184222
2771,24.497010297870446
2772,-48.405216482739064
2773,-29.67646615711277
2774,-61.292306744812635
2775,-0.5263125246559213
2776,20.079597494903368
2777,1453.1308622042661
2778,4.4894067800599515
2779,-37.366083157512065
2780,-43.97171085668617
2781,14.314934141443771
2782,548.8034974753365
2783,926.5778859634688
2784,-47.53692367426913
2785,-35.81499380943649
2786,28.25173993495045
2787,24.581567457267028
2788,2.01965426638327
2789,-34.644803376111525
2790,-24.25909341052396
2791,-7.300151338836443
2792,7.491969221516669
2793,-16.50998352237083
2794,41.42360484788951
2795,38.087991108273854
2796,-43.169515210066606
2797,-7.8768385935664185
2798,-13.705786829095203
2799,-17.972058923631593
2800,-7.088167013491045
2801,20.442108790584513
2802,-19.84584040933113
2803,-63.972714535892095
2804,-51.782315054528965
2805,569.5792942986587
2806,-65.19748030901167
2807,-2.7503562805483455
2808,-20.156590550594487
2809,717.1072516008268
2810,-27.609491158049707
2811,3.0343919010977345
2812,12.686739561453749
2813,-24.38973871140196
2814,8.859256278453998
2815,-23.94994877937674
2816,-31.41759119881965
2817,-33.0419577265252
2818,5.450047829426978
2819,11.416280134069368
2820,-2.194951649773401
2821,-33.61879533083558
2822,19.591799149239563
2823,-21.666903378766975
2824,-16.688136344216872
2825,4.402499126593767
2826,-8.018770869925888
2827,-3.4797138812968598
2828,-5.275240681274241
2829,-16.173359838661426
2830,5.775531128260738
2831,5.820074483283179
2832,-19.575163495073255
2833,-27.23844652471149
2834,-46.72572829681036
2835,-6.047257761302177
2836,-15.526720533844795
2837,-30.193575990356464
2838,5.763073189592646
2839,-26.624795374688702
2840,-26.4590141412815
2841,-46.12511461752294
2842,-26.062883886012116
2843,-49.49758914385686
2844,4.526086846708907
2845,-31.043042341414676
2846,-20.46739584758457
2847,-7.152190099778522
2848,-1.3655554255858533
2849,-6.602405027969766
2850,-13.887172565282185
2851,-17.554308007981035
2852,-8.294634120811693
2853,-15.419485080410212
2854,-4.585623017284121
2855,6.993144764940155
2856,-31.917441606745328
2857,-22.39330194377179
2858,14.911070300086223
2859,-5.417670768247675
2860,17.320633256444808
2861,-43.29533009301949
2862,-42.151004774917936
2863,-51.91519390698386
2864,-52.82129836723112
2865,-35.87199173180434
2866,-48.1456618801528
2867,19.53043025828144
2868,-39.52214882604244
2869,-33.71879570950318
2870,-35.05220403435433
2871,15.17680465194934
2872,-17.673678249962293
2873,-22.544159571715042
2874,-31.53563779055179
2875,-20.52430725603746
2876,42.63646716219728
2877,-31.948960962230885
2878,-39.16550281035089
2879,-1.1175269396258187
2880,201.13028971240632
2881,23.68623255843613
2882,-22.15148440218026
2883,-27.59811900325984
2884,173.33620857501518
2885,-7.422492090351028
2886,172.75279679685133
2887,12.292792156567401
2888,160.07848632052077
2889,-39.88342644908872
2890,-43.2547580212767
2891,-2.7833715756184034
2892,52.038134986463994
2893,-40.57408968939441
2894,-7.303426475987976
2895,-7.896718615279667
2896,-33.09771321006991
2897,5.115338570669962
2898,6.2247689076154415
2899,-9.497065009764029
2900,-13.748693257111682
2901,-40.77069449586844
2902,-29.37619284134719
2903,24.19480449813483
2904,-40.53592514330617
2905,10.71522481625557
2906,-17.87116155058324
2907,-12.564297913561717
2908,9.486410801478527
2909,5.937407032447695
2910,-15.903394697169063
2911,-49.602161027101374
2912,-4.2865309365617605
2913,-1.704358498029194
2914,-0.06366171725221648
2915,21.61242237571389
2916,10.622389761333466
2917,19.33339949430163
2918,-47.77947886810284
2919,20.413356602776318
2920,16.941400413501995
2921,-13.370667039940997
2922,17.57665418192616
2923,-7.117431615691558
2924,16.760542396628992
2925,-38.64786514625786
2926,33.34037280152017
2927,-26.254619326666784
2928,-35.194851901791736
2929,35.57135138342554
2930,-5.182738188402752
2931,0.8673089655382995
2932,-56.72359082745939
2933,-52.65622950088692
2934,-43.42496002440862
2935,18.71912306457284
2936,-16.4775775779773
2937,6.328147681272796
2938,84.27241921971591
2939,15.14169651418004
2940,-11.355989034303022
2941,-25.396523293938145
2942,-8.126853569487693
2943,-6.316444033303725
2944,74.10163073039357
2945,-8.98246144930016
2946,11.033621667337869
2947,10.778570657026052
2948,9.676315881347776
2949,-33.37332930686918
2950,-4.063534646369959
2951,5.414484828492391
2952,20.026098092816923
2953,0.7106860141575737
2954,86.2522093735996
2955,19.916536605417846
2956,-41.377394758151695
2957,-52.316014222284764
2958,-42.87859433196431
2959,-44.01938826661126
2960,18.330508427264206
2961,-38.5017096851513
2962,-20.460421789524986
2963,-7.376555849788176
2964,50.66555123275903
2965,31.96271125233224
2966,-18.934547735419457
2967,53.31911093589167
2968,-15.222131196048593
2969,-47.37288226199672
2970,62.304997239043324
2971,-5.817998355204352
2972,-11.94417427883836
2973,-102.03966795601573
2974,-88.973927201084
2975,54.88344983842737
2976,71.20056794665109
2977,15.533508619551498
2978,-97.88574982259044
2979,45.06127095105568
2980,-117.38802188773491
2981,14.280357861013556
2982,-6.168619977117089
2983,-106.91684463154189
2984,-129.8367158152128
2985,-107.41047834665716
2986,50.40278303784059
2987,-101.11566029190095
2988,83.6002419894837
2989,60.92898093096977
2990,-72.53967431385081
2991,-39.33336300008244
2992,-22.669987228517158
2993,-5.355413540389591
2994,-2.2740193626576684
2995,-0.6223737092564221
2996,-20.897920873111943
2997,-23.268220440536254
2998,4.805650304470234
2999,-23.514154412864144
3000,-23.306456913398335
3001,12.653947137577404
3002,-2.7518905852531077
3003,-18.61231632386017
3004,13.05166288944912
3005,-1.6155510746202992
3006,-0.1712134673109631
3007,-23.036161054937068
3008,-53.21913444592636
3009,-8.034099724671876
3010,-14.720239576180916
3011,-6.01297752552334
3012,-22.809980395075286
3013,10.076296530341736
3014,1.5395773371181747
3015,-45.42191168912365
3016,-9.125117077528856
3017,9.239977576660081
3018,161.11674648650876
3019,163.62766151938962
3020,-56.58306763573003
3021,173.16458710890714
3022,-39.845070740295654
3023,-26.779058347842465
3024,148.57576830716323
3025,-48.99811971367896
3026,-26.275299340281194
3027,170.34742409001524
3028,-19.05282114664483
3029,-3.846132441865606
3030,599.9522939878876
3031,586.1130876981513
3032,-37.779165128825326
3033,584.4151562398428
3034,14.854058692121242
3035,-7.364631825700755
3036,21.977540931339078
3037,-2.1404339292864165
3038,-24.606060722463525
3039,591.04593659769
3040,-22.01705302389611
3041,-27.329901598518674
3042,-39.8966716871096
3043,-30.45638222203398
3044,-24.009538589464015
3045,-16.8504676577695
3046,13.725154354042246
3047,594.086581964332
3048,17.870309599975243
3049,-66.66164055230749
3050,-25.049288291881183
3051,-5.088899191310318
3052,-33.211000314703455
3053,-12.668324943914016
3054,-7.657397412870054
3055,-46.32459856974822
3056,-35.83174806629515
3057,-8.783314559846687
3058,-49.308758600634576
3059,-33.57366001015836
3060,-47.64185563660516
3061,-46.62408646746286
3062,-47.60237434916749
3063,-9.084527185085989
3064,5.223332554312535
3065,2.031151582923272
3066,0.8694712861588698
3067,4.597468663067559
3068,-5.092964360607425
3069,50.927034992531404
3070,17.635854842516224
3071,46.06588515765885
3072,-11.39228995325115
3073,11.45539021324727
3074,16.852705616570773
3075,-72.94816266477457
3076,-0.9211912598906764
3077,21.116006772540956
3078,-40.15191893935602
3079,-77.43375086891353
3080,-50.75184637142618
3081,31.684630166126418
3082,33.78009720479551
3083,22.02560902553303
3084,4.7492693959855785
3085,-38.21035627781822
3086,36.94871971077495
3087,15.033285418022913
3088,-22.607347491627323
3089,-22.95761587008319
3090,2.9134282948063657
3091,56.41445011568428
3092,-73.67502867539523
3093,43.47327021378372
3094,19.41489123981293
3095,4.183742794387754
3096,-27.643284861222313
3097,-51.68371017188983
3098,15.707227358268668
3099,-23.56816761360193
3100,-49.57126139557471
3101,51.868851648939334
3102,1.7867066644214873
3103,1.9377149477070503
3104,-15.506726619481398
3105,13.610040261996133
3106,13.780977683104894
3107,10.28839035720732
3108,60.46507335540797
3109,2.5431387512595336
3110,69.29384900049403
3111,-41.65772290413068
3112,-32.72934778963082
3113,-29.123654299647455
3114,-19.989586941459663
3115,1.7603307153415528
3116,45.605957364521146
3117,-6.2604170967787525
3118,-82.32825740936212
3119,-72.86573909366302
3120,-60.123283594031335
3121,0.5307911585680358
3122,-64.48655827706986
3123,-57.054778167265596
3124,-3.8948615417657493
3125,-0.96971688085452
3126,45.58418171383596
3127,16.398549544965192
3128,11.93366108969343
3129,5.710450643122726
3130,-28.922047935224242
3131,-52.301634540950886
3132,-31.551409819615003
3133,10.856207312580707
3134,0.5733596403198362
3135,-29.441768328095648
3136,-22.181103454578007
3137,-25.62876166014533
3138,52.39420263021612
3139,43.38295171198163
3140,29.468807670404345
3141,-18.723671334649993
3142,-29.615921544648387
3143,-40.05393368221928
3144,-27.928902384040384
3145,48.176529877904066
3146,21.687269122468976
3147,15.672049550283845
3148,-36.96467595390095
3149,-23.190669633549206
3150,-11.63376110031139
3151,-40.62734822623949
3152,-16.17646525956721
3153,34.27285099206451
3154,4.314724971234099
3155,-4.258120496669875
3156,14.629445964530404
3157,-20.37753253351495
3158,36.56860040815719
3159,41.668628758974386
3160,27.797727337936294
3161,13.179434327104943
3162,1.474777039665284
3163,-4.931743476592629
3164,91.18083623024027
3165,24.749694024708063
3166,23.95697255739873
3167,-12.99592371437403
3168,160.39669851779183
3169,28.950470004519516
3170,16.744034592831355
3171,-5.490728466316952
3172,8.337175355688089
3173,0.16315604388431382
3174,359.256214028572
3175,32.138974102661976
3176,95.38646520166643
3177,132.35377660714875
3178,110.82583452912462
3179,-19.175810303458178
3180,414.1098885292431
3181,405.7821229150105
3182,-18.325635291100724
3183,-26.87373240262616
3184,15.89043021427716
3185,-44.15906459562353
3186,168.50284343366457
3187,143.55183750285727
3188,-34.181170577156166
3189,404.3558785568167
3190,162.60318237176358
3191,2300.296221371255
3192,1538.9893395349936
3193,2651.271416192434
3194,-12.87933996443546
3195,48.186398742757866
3196,42.69465879196104
3197,-15.677557848969258
3198,53.13179743833341
3199,-41.20067436493329
3200,-37.03626037477571
3201,0.700874715306341
3202,-24.660803834305824
3203,-0.5828716418381674
3204,14.714801590294144
3205,2.509265421367843
3206,-66.67185224708595
3207,2.920606058219221
3208,-11.900279982867843
3209,93.25704573156655
3210,2820.9149416606206
3211,13.079095662170133
3212,-12.364380805994799
3213,29.958008473146663
3214,-6.881337091210895
3215,94.74540618837403
3216,85.93348636579591
3217,-9.152863590162383
3218,-3.495067883175537
3219,-4.151808653254307
3220,53.90480489641453
3221,52.87844975944656
3222,-9.879733831208313
3223,78.1687290498251
3224,14.8575583017399
3225,0.7752659643252571
3226,-9.049884260104648
3227,-33.31305696015798
3228,57.44715776471825
3229,-38.60246223606421
3230,30.9401765146459
3231,13.834726500525676
3232,53.50072096566033
3233,-18.086491042386257
3234,3580.3614770117924
3235,-27.691757294552872
3236,-20.449414531055595
3237,-29.503703996171325
3238,34.70146970832669
3239,-49.799184425647724
3240,163.95352431475794
3241,120.46430408406854
3242,16.948174338615075
3243,1.9921845821777424
3244,7.884211651381065
3245,26.132523173197896
3246,44.78464101885581
3247,49.87646180459665
3248,94.95157063146848
3249,220.87382830379244
3250,-92.116930754928
3251,193.27525488137937
3252,125.64402114471181
3253,-10.490376518666793
3254,3.142590903538391
3255,-50.617040366947094
3256,24.336510080817078
3257,-24.83978061813785
3258,-60.42176913159608
3259,-10.119602054391592
3260,12.059780311540422
3261,-21.799537864882808
3262,17.20261349606922
3263,-5.706507258044397
3264,-64.02982294843389
3265,66.72818232814754
3266,-14.668546910170534
3267,50.62637205544085
3268,4.595376270421596
3269,-4.173611884489318
3270,26.60544054608249
3271,-4.807770371751943
3272,2459.200472615155
3273,27.978002230493104
3274,12.514037317405737
3275,17.23006115097101
3276,82.52727500550829
3277,29.339004684626985
3278,46.301852485912015
3279,-2.377104868264638
3280,2589.158089720536
3281,10.83749405478234
3282,9.99819569959837
3283,-56.20864300490325
3284,41.844747713574264
3285,1.960940993543062
3286,10.79383582808029
3287,-18.946867418893305
3288,-15.230567873255211
3289,-48.220674980785844
3290,-9.850919883757953
3291,-5.389228877366733
3292,-49.951730738937584
3293,-50.491964430148414
3294,-35.725341919494184
3295,8.076958621319847
3296,-79.3369625166296
3297,-70.54594002947522
3298,-75.74209644919907
3299,-35.34838321010491
3300,56.82942029157522
3301,39.257287823430474
3302,18.647132972217165
3303,69.20344556184864
3304,14.466972110592124
3305,20.44802357256856
3306,-12.787220581921616
3307,49.478103604422444
3308,33.90517271812573
3309,2178.215401639361
3310,4.506586517671465
3311,5.066370375648418
3312,36.201660793672175
3313,36.59771984169209
3314,38.05597179361655
3315,-36.9940033470391
3316,1.108334877010023
3317,-28.13216685210405
3318,-53.343726060161856
3319,34.416264970225384
3320,52.866668513402516
3321,-52.30470378478989
3322,-18.815636856711976
3323,84.95731081938972
3324,-28.603541320491317
3325,-72.8507768397512
3326,130.35510936654
3327,3.6602584858754454
3328,-88.05673865162007
3329,-15.231923176543702
3330,5.175799542391658
3331,81.64667730973129
3332,-28.006002903757135
3333,-3.935708173336252
3334,-25.00223858442763
3335,14.186369982445683
3336,115.13663112899141
3337,3.5971990425024245
3338,80.78058386889141
3339,56.57887655340314
3340,28.66477360082935
3341,-7.078280641428535
3342,-28.7251776025317
3343,-23.99818002054222
3344,12.986810873811123
3345,45.77681423672345
3346,-7.363007082111295
3347,13.944070102853686
3348,6.688141546915816
3349,20.27831584150738
3350,12.500097224385058
3351,-41.93716140282845
3352,-8.117022342547457
3353,-32.31939153057401
3354,10.558842746635605
3355,-28.915253475706294
3356,-17.97206576732563
3357,-9.882053005454253
3358,-32.0158087501257
3359,-51.5007289079887
3360,-32.41696425420186
3361,54.9806426712881
3362,6.4987661985449705
3363,-0.0034290453591978576
3364,45.954731598020565
3365,-12.558594872849042
3366,-72.40655576502522
3367,18.76465884086862
3368,-0.5106853899091703
3369,85.3602839119338
3370,2787.586528311821
3371,2998.1817778785226
3372,-4.686077576708257
3373,56.475236782291354
3374,149.60169691053227
3375,-42.466556519386046
3376,7.572520426918501
3377,15.766142834964953
3378,94.98477808104312
3379,28.770737138766435
3380,52.0618320970765
3381,63.52956634343413
3382,37.268708702801575
3383,478.827963719069
3384,-31.066410690779847
3385,44.26286359529932
3386,1.0629853490061407
3387,53.45595330861978
3388,11.25342561646383
3389,9.168488638103867
3390,23.428964273026097
3391,11.588235064269881
3392,89.17761967431487
3393,-4.277527430087204
3394,101.67111727146028
3395,23.28516415797715
3396,19.164282810761122
3397,579.0850156950943
3398,47.48337775841812
3399,2352.3443309861436
3400,2296.4256592915467
3401,-104.37940834588534
3402,36.47148349314113
3403,622.1212542077425
3404,658.1202296832931
3405,-0.93568367487795
3406,24.3755195975276
3407,0.0967240983725901
3408,-16.617230756511674
3409,6.811089890180568
3410,-53.5726449567793
3411,-39.182594080328954
3412,-48.24236191642373
3413,45.44085926889288
3414,0.45783883428016736
3415,-43.664873322648646
3416,28.537055903039942
3417,-3.66885695109292
3418,2281.324123850051
3419,-44.04590148165428
3420,18.906201219715868
3421,49.73140756081603
3422,4.279983417708891
3423,1574.389137753412
3424,45.70024545041498
3425,-23.415185154960554
3426,-5.761325148529636
3427,71.01967068301482
3428,-4.085913866180306
3429,-27.51627928060769
3430,-6.326623888498617
3431,17.477555575301864
3432,-27.361892878001186
3433,-36.55167297732811
3434,-0.7943222663181047
3435,-18.44936726759161
3436,-29.410267221518254
3437,-5.73723991387115
3438,-70.637736438426
3439,-73.05915204223396
3440,20.977421693746606
3441,-38.69354029762593
3442,79.64507578300339
3443,97.97432025714667
3444,11.15341889442061
3445,-27.350123361573466
3446,33.45451957927009
3447,58.83384292511646
3448,-3.495150807669461
3449,-8.88238615837345
3450,-49.7514330659007
3451,-30.40506678723939
3452,-39.03247272835756
3453,-12.164678474365658
3454,-27.406813076516784
3455,14.099166864227087
3456,-6.0698515210421675
3457,-35.482433552522934
3458,23.906924732478956
3459,39.86173405918764
3460,-58.723944238561245
3461,-55.476065143031406
3462,7.958013419558611
3463,-116.99689579846373
3464,-28.597811211023597
3465,39.07453039834465
3466,68.04739069745997
3467,71.02297667364124
3468,1783.1434046324716
3469,72.57259916433844
3470,130.01964018935698
3471,-6.785472314398774
3472,26.135828925070797
3473,6.199180424048379
3474,-63.93767706129279
3475,27.030178614509254
3476,28.686816906802193
3477,33.3433778812383
3478,90.82356089887968
3479,4.54801089144145
3480,-29.286239445786734
3481,21.831770886300134
3482,16.649165780737377
3483,1483.7913112138729
3484,2845.6766000678717
3485,-27.681838903832812
3486,49.32260147912102
3487,-25.22691384241631
3488,-19.230224839772575
3489,-12.547947392705112
3490,8.428120464002575
3491,-8.301630429478308
3492,36.984554859871075
3493,36.189885746264686
3494,-36.725587431244605
3495,-65.59867939666265
3496,-30.706620436746675
3497,50.10827246815749
3498,-13.788460977224304
3499,-56.67087274126544
3500,-39.751732946678686
3501,18.090287374527904
3502,-21.47465667793294
3503,-12.801918863940017
3504,-34.18171785411002
3505,32.34660586578972
3506,6.266849758563183
3507,33.01434817888765
3508,24.48844729001945
3509,23.806625527963703
3510,21.03407275727281
3511,805.8444154739507
3512,14.003945552732262
3513,29.607502767639147
3514,-49.892030176958315
3515,2101.380794766322
3516,20.778775687537475
3517,-31.53105291752179
3518,11.907674655069073
3519,22.76128333264893
3520,-12.688860070870732
3521,62.72967010479556
3522,87.31618875548632
3523,-4.576726743199259
3524,-23.82998883225801
3525,-1.573714127610046
3526,104.35964896275414
3527,-38.20603921838867
3528,375.2758153041724
3529,109.97804454557323
3530,-5.504006557095039
3531,12.1987814025306
3532,390.02821135577415
3533,16.87725694503571
3534,390.60187414888264
3535,8.576736176513833
3536,-7.6744472291671855
3537,8.470422132036646
3538,28.886388842131396
3539,-12.77088995179686
3540,28.885106862011995
3541,39.08686484645474
3542,-16.12587942450665
3543,-17.864270309865404
3544,-22.52582368049248
3545,-2.0605714166093634
3546,3.649495384742991
3547,39.401164704539475
3548,-6.312475916067967
3549,-18.25204762272061
3550,26.339748097482243
3551,0.12481411000148057
3552,-36.278970113113616
3553,2.6236751701799648
3554,21.489268176087265
3555,-26.520472670181263
3556,-37.979455992503034
3557,26.888531028064264
3558,35.25476565593197
3559,43.84033349380031
3560,-14.938645697051399
3561,-7.379340155756864
3562,31.02741748211315
3563,18.047100000819526
3564,-4.308672113071694
3565,3.706252611423011
3566,22.27407932396204
3567,-15.327490356588612
3568,-3.117898410381571
3569,-16.76705556876837
3570,-30.261925156745278
3571,-49.77538748286162
3572,-15.708893415690596
3573,21.618290293621726
3574,6.10092863367008
3575,65.31278817136305
3576,26.240748684501696
3577,17.461178182461865
3578,-0.14430377761061663
3579,-11.388738609988451
3580,37.71042993874435
3581,68.16448379995344
3582,40.62552153482016
3583,-71.00642248538435
3584,33.75301785922416
3585,30.83146644120943
3586,36.35668726248966
3587,8.842578318089906
3588,3.4273655580800835
3589,38.35082726451094
3590,48.54660812141931
3591,68.00603285090865
3592,52.16291363706768
3593,47.625681326223464
3594,-3.4555389494767184
3595,-27.998596271456734
3596,-0.13067217411666832
3597,-32.4871250054734
3598,53.49363248531676
3599,50.21467445320295
3600,38.74384667787478
3601,178.5492661322591
3602,-39.54977080131641
3603,46.5241579802319
3604,-24.048342763563397
3605,7.364661622169436
3606,16.290851265358754
3607,-5.474004944010034
3608,177.9106724843897
3609,-20.694277075964038
3610,6.845155542975647
3611,-29.677932673987854
3612,-8.72534443570504
3613,28.235493170765878
3614,-56.666011022463294
3615,-37.30625292043038
3616,15.921481513070802
3617,35.97518407933221
3618,-36.32275037268465
3619,-55.98119983746702
3620,3.1283423479970054
3621,5.119206863225941
3622,10.279362942907895
3623,29.657837610647178
3624,-55.389132736093615
3625,-44.89974129686203
3626,1.2861125089280705
3627,47.95551694799114
3628,-24.5817421522013
3629,33.41610502333792
3630,21.935240940930527
3631,37.33659487029545
3632,30.12252171581399
3633,15.61247189818593
3634,-16.56428686413952
3635,-18.03960861080951
3636,15.530057392968288
3637,3.1236986421321262
3638,3.621598195086932
3639,-16.19802019067997
3640,1.9572692627050685
3641,37.2984310256333
3642,-25.299962313365597
3643,34.09330337936302
3644,-17.90314151784095
3645,-65.40116883315437
3646,23.973806751145148
3647,1.5691443253426485
3648,-22.334799075616843
3649,6.673691122902071
3650,43.51092395262084
3651,-86.70447228501115
3652,11.157580389609237
3653,-25.771573290249208
3654,14.163037811207744
3655,11.430022905291537
3656,-51.068211210618585
3657,-19.169417079976327
3658,-19.98364461667768
3659,-46.1989726299868
3660,-34.49066193468357
3661,-6.164584351467354
3662,-15.52794812168787
3663,33.15315721453673
3664,9.261310059673491
3665,11.04887228384203
3666,-9.062052428615132
3667,-3.6582421829261307
3668,-25.215906265789556
3669,18.177388199159992
3670,45.40791525978094
3671,3.3616677705704348
3672,38.0462355654315
3673,-0.20840492374935593
3674,84.16927962368267
3675,34.83281536174489
3676,-30.614469928747667
3677,-31.76188562589462
3678,43.87170827953657
3679,7.105196071003931
3680,-18.56185165964385
3681,-38.29715904224463
3682,24.774865499260102
3683,47.10624894071857
3684,46.34247021268121
3685,75.65864822829357
3686,-22.25870082426252
3687,-45.29284211015198
3688,35.97027763798911
3689,-38.96463098135425
3690,66.95219458231419
3691,22.946388187327628
3692,-24.86607113286037
3693,-22.2912183377277
3694,36.821897972771666
3695,-25.597951436302154
3696,4.401084347345289
3697,44.12280288380076
3698,-2.8637351097041375
3699,-26.450036172584362
3700,-82.00784541257079
3701,70.36327603694757
3702,-1.5984898102198883
3703,-45.2759147768478
3704,-76.2875177547073
3705,-98.12875817988314
3706,17.68622255039412
3707,8.945058030628005
3708,-6.46309502478266
3709,-52.02789199576981
3710,-43.95521929590427
3711,50.19432063658329
3712,8.960590130587988
3713,-33.0935957867797
3714,1.2375871080185306
3715,7.992959043136253
3716,-33.83851116251088
3717,-28.74316055476322
3718,-62.07601133090236
3719,24.00566587837062
3720,32.16763871382339
3721,-45.846495418195246
3722,39.10713765047028
3723,-32.42103722197142
3724,16.22223218818445
3725,3.7530638862746457
3726,26.340190891382164
3727,19.920707514138115
3728,-7.909434868214689
3729,58.42069699629255
3730,138.16945534969483
3731,-26.239707546801313
3732,142.64607940960505
3733,75.41222313852136
3734,-4.053109991797015
3735,1.358594513084583
3736,79.12757553516224
3737,-32.404207398204974
3738,145.3448188362785
3739,-21.6976913988277
3740,43.303578978807806
3741,57.89262212518666
3742,60.46063670694249
3743,0.9212604256041317
3744,-14.824136804083025
3745,66.18097507330711
3746,-4.151298245532104
3747,2.7526053436091757
3748,28.80929057744119
3749,43.491783123859946
3750,41.85278428357775
3751,579.376125969438
3752,23.670398124060554
3753,-9.057040706574227
3754,579.4429044735648
3755,-12.305918344035817
3756,-21.783411763471022
3757,-15.513003851784816
3758,13.971600223476912
3759,0.8597607624297723
3760,-23.476011725182886
3761,-35.70927921319145
3762,-42.21131075869218
3763,-12.715944936911654
3764,-51.95919095587894
3765,27.795422542394945
3766,20.129324204980307
3767,-37.98945685224368
3768,-16.15871228530831
3769,-26.169984527025633
3770,-11.538100381085556
3771,-12.496005354343794
3772,15.620757087670853
3773,-22.442351865478187
3774,-37.990784865356005
3775,-14.311841255563806
3776,-35.72453461565317
3777,24.52894228899764
3778,17.943393646733185
3779,22.20963955718568
3780,-51.53351714218445
3781,-27.31095914469695
3782,-17.647660609382598
3783,-22.68768633476064
3784,-15.148271878458559
3785,38.52842734791791
3786,-25.554949767536726
3787,-18.464697191738438
3788,11.664460566500026
3789,3.71850332058132
3790,-43.93406249676087
3791,-64.12568915255915
3792,-3.2513499276442417
3793,-14.968508375926845
3794,-4.40729889066786
3795,7.869509064582431
3796,86.74396422558209
3797,51.40584087145796
3798,-68.75586582150692
3799,-36.905607361132866
3800,-13.045728695731583
3801,23.29084210875051
3802,3.258269410240544
3803,-33.21066516603662
3804,20.02644140083777
3805,-38.752594225581106
3806,40.03876502005338
3807,12.19835608635897
3808,-70.21017673435327
3809,53.316750762165604
3810,4.143699017003442
3811,47.55095621344472
3812,-28.99860252637953
3813,17.783334525923593
3814,6.550645053556522
3815,35.31314834289796
3816,56.076566843949564
3817,3.1276513170595734
3818,49.64201685927914
3819,32.9512894887376
3820,9.24247633511986
3821,50.88965204787841
3822,4.038774409449289
3823,36.29802918355222
3824,9.044004191547288
3825,42.68184814821272
3826,3.9502844159513444
3827,0.9037860201771224
3828,13.83435080455287
3829,41.44075011426762
3830,-1.408062401165651
3831,20.44808125338207
3832,35.90041175952904
3833,49.741991897765736
3834,36.554847550302966
3835,6.589259735271284
3836,10.114627792379537
3837,-0.8550335880747895
3838,-47.43384179510454
3839,3.947559178872794
3840,-33.72656119101342
3841,11.375819669621436
3842,13.830964587595886
3843,-46.84721971773803
3844,-20.768290184093075
3845,-22.321293723870085
3846,-12.698379194331537
3847,7.937697019242876
3848,-28.470221160952434
3849,-13.138968029792622
3850,-0.30965006514851723
3851,-77.5578002430307
3852,-27.14152668061601
3853,22.88992651148466
3854,-27.519597431167625
3855,-21.423296641629648
3856,-30.904132409941127
3857,-31.826900852366563
3858,-31.090449413406617
3859,-11.891999692077675
3860,36.43213165594418
3861,72.0031052163607
3862,-0.0674339769532537
3863,-21.393397944495092
3864,2.461610514954387
3865,-34.850002448730805
3866,3557.770212095576
3867,20.014126684622397
3868,-22.030165347081464
3869,99.3429052014348
3870,108.44065462193075
3871,67.14052353219392
3872,89.07250179558297
3873,160.0175228628026
3874,422.4182773927806
3875,113.63061944825685
3876,75.2256364907133
3877,3295.6610599141195
3878,48.980486910062666
3879,42.8900692606394
3880,81.15936855742711
3881,-9.981840169608247
3882,75.73337824021482
3883,30.39909760702794
3884,-48.65903916866918
3885,2270.0817549010994
3886,-32.297327921538496
3887,1944.1186543768392
3888,61.65020829254677
3889,-25.628867966930656
3890,2477.0350070833288
3891,74.03143406952329
3892,2637.7591839645524
3893,128.34963669149874
3894,-49.99774786979978
3895,109.89205429479387
3896,24.146145148478553
3897,-47.46349854772296
3898,-41.273094827616745
3899,66.62852932202519
3900,30.927237562863183
3901,59.75843272938289
3902,-2.3694574597767684
3903,-34.668509117057425
3904,7.760557298686052
3905,23.902108000433714
3906,-8.673593417972342
3907,8.85082025316241
3908,-11.831055639807701
3909,49.735305438636004
3910,37.85236915254129
3911,26.13770251472367
3912,106.20025164693267
3913,45.55774738963319
3914,83.42774836626234
3915,175.56687074009193
3916,1767.7807537856793
3917,2574.3557049135584
3918,101.35660409642287
3919,2172.233919430993
3920,80.08280050180113
3921,97.10589532099847
3922,51.75105738056716
3923,3.552153328660424
3924,52.47103490668686
3925,16.006597297654054
3926,51.59181622520443
3927,64.03183010605012
3928,38.86730655265168
3929,104.09183292546187
3930,1298.0455286155654
3931,-14.683726918365096
3932,1890.8797346375125
3933,17.62942753158812
3934,21.998032805108792
3935,-93.22654774218046
3936,193.42714642946072
3937,3211.4084378302873
3938,52.67999762194112
3939,17.588140857197303
3940,34.91205107742989
3941,2083.4964859682027
3942,84.87791884652128
3943,-2.809060683040883
3944,10.403877342444005
3945,167.713147819815
3946,47.780060945062914
3947,89.88213186487965
3948,-20.944238922529436
3949,190.3309049765994
3950,-43.29733114966703
3951,30.630551905650307
3952,-34.68477900735326
3953,-22.312882830912088
3954,64.5893951473468
3955,2549.3510649211157
3956,-1.9842196667559762
3957,95.07766281069453
3958,2887.9821801726453
3959,66.52574640531728
3960,25.579261844652194
3961,45.53395663645806
3962,47.6508144023101
3963,3846.661057507206
3964,-25.646960137778933
3965,31.51483494146317
3966,43.888369681296226
3967,2958.8336186916367
3968,-66.58266800063873
3969,39.08562816220048
3970,-73.68642748435286
3971,-27.451644523894586
3972,43.933329012836374
3973,77.50187909521526
3974,34.97059920876467
3975,-26.700306156726256
3976,36.84296090828479
3977,17.006742223842934
3978,41.69032512421557
3979,6.759914062743064
3980,-37.55995569899636
3981,2980.993448934544
3982,137.23974977412664
3983,2119.4157610931543
3984,96.46637026894417
3985,1286.6744954211076
3986,36.69140476044048
3987,-47.92756940446162
3988,-15.57943379114488
3989,146.33586896249474
3990,62.468001401786786
3991,3099.261535483051
3992,42.380889491674196
3993,-3.17691839463987
3994,2082.0884130450513
3995,-75.86625616816193
3996,-12.247815699874465
3997,19.62470050917095
3998,1832.3734326662914
3999,20.372538085796222
4000,7.272123750134284
4001,-25.631199131214885
4002,23.672565167766024
4003,123.90243524222828
4004,-35.6826947081606
4005,-36.16234951310216
4006,-74.1488612233467
4007,20.25312159592856
4008,16.518733515676047
4009,-32.66957813479874
4010,-45.323930379956494
4011,9.65961226248038
4012,23.132630530872987
4013,-36.28165036067807
4014,3075.2065330725754
4015,1843.9092733627622
4016,-43.12763927342766
4017,25.523770943717636
4018,-19.52092297336911
4019,90.09878518480394
4020,2227.6501756812527
4021,9.42404903452784
4022,35.8002493532024
4023,-14.022362745107088
4024,13.09142142807923
4025,33.5202731891735
4026,-46.55574065156486
4027,-7.273755165661697
4028,-55.823769978333644
4029,-43.571975246436494
4030,35.84405275929235
4031,0.7922586098598288
4032,-12.417366181269045
4033,15.909474818313086
4034,55.592317647874594
4035,1587.373312148903
4036,93.21589462128802
4037,22.861360617084443
4038,2407.6658382715254
4039,54.90283541637187
4040,85.2313666852301
4041,10.192084872981596
4042,2327.906858592307
4043,2659.6932204208147
4044,33.76685827873752
4045,-65.79217007142142
4046,-14.301125441978968
4047,-21.390838750277467
4048,37.2493682571661
4049,-34.42338080153303
4050,-15.860565170879028
4051,2053.158096711061
4052,61.42433319651201
4053,29.569844156524155
4054,73.86325455439254
4055,41.99024297321686
4056,-11.369527856410741
4057,93.23764619162557
4058,30.182494808728663
4059,-75.87843543954162
4060,-20.41091239039369
4061,66.65261966395637
4062,46.52766361332499
4063,151.1518051399682
4064,129.94582350732668
4065,34.202474040770525
4066,1960.0104149564809
4067,-36.181440493220606
4068,55.73924102230957
4069,-8.442748616179514
4070,-34.89089739791902
4071,-0.4731503140322957
4072,55.458048699806575
4073,3381.7532502386143
4074,3349.688763481088
4075,20.36211066364784
4076,-16.59210567948675
4077,21.15773840131361
4078,-16.841756562363585
4079,9.814568354754613
4080,29.870262219581264
4081,23.642897717038863
4082,-18.357937445736326
4083,-7.871452351775787
4084,-32.61223861596099
4085,39.54650963067332
4086,121.76734056544748
4087,62.99801165481996
4088,97.58365951049147
4089,2986.5006601037135
4090,75.58784856330374
4091,33.83725268188493
4092,55.46720939010582
4093,-7.5377573173673795
4094,-17.7291172465917
4095,80.43094817700307
4096,2385.7072496597048
4097,97.13954037264745
4098,55.494623983059746
4099,91.99994725629873
4100,70.34310176372635
4101,137.35449936622342
4102,35.06098724082698
4103,-44.861199669528645
4104,129.12604215709348
4105,-0.8439528504329274
4106,802.7774617996726
4107,43.89533277948186
4108,77.21159414610004
4109,35.744806781126265
4110,56.59214092366009
4111,573.7377668244862
4112,48.250364489129865
4113,-30.769384802194423
4114,51.22397313769724
4115,39.603431069413226
4116,-5.409979758734735
4117,48.998495392813446
4118,1702.497843000238
4119,-49.75182103380192
4120,6.598761096639322
4121,-58.24663800872983
4122,1657.073624952725
4123,1.9999015385763812
4124,-2.751437283464867
4125,-22.957034560072202
4126,39.701936717970284
4127,-5.258350078330409
4128,-70.12455227656034
4129,-37.6839185077846
4130,-21.979042383346354
4131,16.7432753383859
4132,-50.41239174569131
4133,32.83412174187721
4134,-6.362615317236077
4135,-85.67824376223899
4136,1665.692902855368
4137,0.6130761181755133
4138,2749.764799628347
4139,-5.6097214247199645
4140,-43.08091432113943
4141,1.097592113958541
4142,-43.96197259390593
4143,2438.0387292789483
4144,21.627265821077998
4145,122.04961333005606
4146,-28.940774404977432
4147,63.13753220459769
4148,2679.8838017714534
4149,3781.5683183893175
4150,1651.3102009198656
4151,-69.86019696228627
4152,10.432756447535269
4153,70.76026512058206
4154,76.36170780058865
4155,-64.397711449339
4156,-22.974729606386546
4157,684.823764951207
4158,11.110252311650754
4159,-40.93964200919862
4160,-60.25543043734828
4161,-13.807227979083748
4162,47.48416245428181
4163,2.906717559617803
4164,2399.6716246392307
4165,212.15353215784023
4166,124.49764311182243
4167,-17.179757223840014
4168,5.177466205339201
4169,15.017748214466451
4170,64.2668075231998
4171,24.135332863179087
4172,31.98726895242782
4173,27.993486322980473
4174,94.59064875719442
4175,-7.728558901455713
4176,60.13412750601138
4177,155.49143499607976
4178,66.95052405519583
4179,3.0275076395046767
4180,1421.2321915007556
4181,2759.460382096581
4182,-31.024843489266914
4183,30.816032788810546
4184,50.3339630726587
4185,114.39317484013247
4186,-31.186134331467244
4187,10.026712759861226
4188,-26.668600328935483
4189,1673.611180836592
4190,73.66743788042832
4191,43.62685195534551
4192,1376.9336751392111
4193,-20.89004806848496
4194,1527.2246629291903
4195,24.853117856949893
4196,21.392156975461006
4197,3249.4029915617784
4198,20.878009563470087
4199,-24.564719142705485
4200,-11.00180263056727
4201,15.29787559285738
4202,-31.01435596130078
4203,49.812380174292656
4204,19.767088302496006
4205,-4.778093455766921
4206,-31.39410029494036
4207,-91.23770081869696
4208,-24.06888363090262
4209,-54.99205178300929
4210,-9.076221230042535
4211,-19.39675318841755
4212,-14.740344617928443
4213,9.290917339094463
4214,-9.896323315997364
4215,-9.04917065943664
4216,-5.05850667295951
4217,-13.797713055695894
4218,13.59481915569998
4219,17.814837222015214
4220,9.026717662031771
4221,21.580500020929833
4222,1.4090166459712492
4223,21.41504308825148
4224,-21.469322277032788
4225,16.24356344683052
4226,22.782288524711532
4227,15.865436578162118
4228,24.36119206567399
4229,10.131347384767992
4230,10.924046291584403
4231,15.289253434179116
4232,-5.883394781080838
4233,4.709662514065116
4234,-4.510544289963121
4235,11.018716006740462
4236,24.129568247789607
4237,-6.529084720026191
4238,-26.025723436259483
4239,15.967777194808008
4240,30.324519649577837
4241,39.084594625834846
4242,-6.301609363365586
4243,-19.091162169439627
4244,-15.48041263822094
4245,-0.21986352133360754
4246,4.570785206410292
4247,-13.240243851118805
4248,-12.22477238266309
4249,-43.2956645879803
4250,15.221969246095867
4251,-24.804402710080353
4252,-14.748853831618192
4253,-37.73619137658255
4254,0.23610499840484067
4255,-19.913067255519408
4256,-25.356270646216046
4257,-39.74497278895845
4258,-20.50885619441509
4259,-35.14199701512334
4260,-43.29376048892013
4261,-21.717834854075406
4262,-11.783480810213717
4263,37.69402383515479
4264,16.57842514346882
4265,2.8496969966815726
4266,-22.685548855063118
4267,28.42794046390803
4268,-12.585015276177074
4269,-17.3141056088662
4270,15.783810916047344
4271,-44.084849760226405
4272,37.94162753691002
4273,-26.820909372155
4274,10.101223749936892
4275,-31.64756377834358
4276,17.666049441778227
4277,19.601143676070237
4278,7.545056137413653
4279,30.73501011502647
4280,28.85538579973239
4281,-20.69304356590733
4282,-13.88000834117203
4283,-35.93128948442279
4284,-23.42185158815748
4285,60.29064257718777
4286,35.21953812900904
4287,-43.87194138284454
4288,-18.536698608101645
4289,208.20358376849853
4290,188.40827096538817
4291,160.8490130339494
4292,14.531756947779812
4293,15.353856202315995
4294,218.35728886558658
4295,237.19605368895432
4296,-3.063981218650497
4297,-45.842956314811914
4298,94.63081094692025
4299,-51.03693532914215
4300,-34.74534969722066
4301,-2.6319662266772212
4302,10.478372436670384
4303,5.3357021738037105
4304,-22.126254603995932
4305,38.73778521854043
4306,45.35638603686576
4307,3.509481898814869
4308,27.05218207151512
4309,16.803191334038686
4310,7.606686299444831
4311,20.94842341003556
4312,-2.126586628539229
4313,24.79934455892203
4314,19.170807694783008
4315,-14.508704259914936
4316,16.024563876458558
4317,19.733954079754824
4318,6.4195021715922
4319,32.20170079341046
4320,-6.635348418723879
4321,8.97073864168678
4322,-1.7862397225300697
4323,5.373987313523685
4324,7.138331283117623
4325,-27.083285269701307
4326,24.59514190017869
4327,30.392401144735032
4328,11.907013262040891
4329,18.870262714254295
4330,4.059514179947612
4331,-36.86322651699854
4332,45.62463758146276
4333,26.921235553695908
4334,-45.76402634061398
4335,1.4081596355875519
4336,-6.434589504928994
4337,106.75386681469378
4338,-14.496097364880356
4339,103.32502595506868
4340,13.522255691855321
4341,-11.312068703253061
4342,11.77885596589941
4343,19.762266573275937
4344,23.361684029519026
4345,9.44781152634684
4346,-3.2426748084566555
4347,6.795757658173429
4348,-39.61566808491585
4349,35.81291719701503
4350,15.884765726477966
4351,-29.370860505748027
4352,56.68505371968696
4353,-31.955556697616586
4354,30.683302838851503
4355,26.531277403938205
4356,6.083271000713964
4357,-15.849467067821891
4358,28.709665781820704
4359,27.118973391133892
4360,12.367268170802348
4361,91.40826921539221
4362,9.668542313960643
4363,14.109393503187064
4364,-45.635796214717146
4365,51.482574518701426
4366,22.87333856806559
4367,7.702304427178376
4368,7.519188211490018
4369,-1.202538896864226
4370,30.294787231689412
4371,-47.75460638605344
4372,-38.92475328083586
4373,-41.99982076268162
4374,43.29205204104291
4375,-17.17403924627469
4376,-38.38056232379432
4377,48.939085830543505
4378,54.23088278503551
4379,-20.9259791502121
4380,47.053616587904244
4381,-40.90858995586234
4382,51.80139894915912
4383,74.8657051623728
4384,9.695759271742489
4385,-1.4814620235151779
4386,-94.12369262394907
4387,-82.40271442153659
4388,13.977530677579708
4389,-84.15220494257969
4390,-103.68329128978058
4391,-116.8702775048144
4392,75.29400151871076
4393,-101.69081957627623
4394,-74.1434115372659
4395,21.943502804280556
4396,17.175469195802734
4397,-69.65540366798194
4398,-54.94212802814587
4399,70.09440209927274
4400,-71.82329731391184
4401,22.71621770101605
4402,-91.94542071934731
4403,13.90236781553672
4404,-6.7205070452060625
4405,6.589434679114987
4406,-17.250498362817353
4407,-16.11695662510995
4408,-29.877788621064596
4409,-24.972652790631543
4410,-29.026356777723493
4411,-7.614445523111115
4412,-13.648732533702912
4413,-19.97705851278063
4414,8.003615904833481
4415,-0.6827205382983692
4416,-32.93239620196337
4417,11.490994576947216
4418,-23.0527036054484
4419,-8.240128870367968
4420,13.409517793056125
4421,-9.387494931904314
4422,-6.781204852026747
4423,-7.169462864846878
4424,-26.521298273549064
4425,-42.9489070620854
4426,20.601227604747706
4427,0.438899188142301
4428,-38.774296882377485
4429,24.494799597301537
4430,-5.333176948369214
4431,-14.433786096248426
4432,14.242798361157426
4433,-23.718568970484682
4434,-47.41764631887037
4435,157.27782194504096
4436,184.4852762096671
4437,182.43078782483843
4438,-12.092380590680861
4439,17.658146642413698
4440,175.97324628315897
4441,-1.793122504989526
4442,190.6506842039317
4443,2.688172537058094
4444,36.0573170668534
4445,38.7970920464554
4446,602.4331409197246
4447,-2.8616321973399863
4448,15.873761489572587
4449,1.531212159655567
4450,-11.629951052726184
4451,15.246003855370589
4452,-7.840463044720579
4453,2.6196136074831173
4454,18.97894667187603
4455,11.666472210027337
4456,582.3895835744131
4457,603.8173223425044
4458,609.5897443809179
4459,-2.1676083666729795
4460,-28.606493963772508
4461,-3.5399917298844628
4462,-11.272087121919768
4463,-40.959017066953635
4464,-29.566191220218144
4465,-18.696892750852868
4466,-34.294733432781044
4467,-0.0971512495053588
4468,-59.78020193940321
4469,-31.906471796652454
4470,-23.7915500870115
4471,-10.990590086680115
4472,-30.905477342515866
4473,-23.944489040763116
4474,8.646837009690117
4475,-47.708055645712676
4476,-22.64106611539094
4477,-46.027475715704554
4478,-7.719139208612972
4479,-33.429329161536714
4480,2.8745149622410935
4481,14.833269848095782
4482,20.60143894568894
4483,2.639540845906197
4484,27.626976618354036
4485,46.909817809064336
4486,39.66688188401203
4487,-11.942281118254698
4488,56.958332457218106
4489,42.940425900242204
4490,-24.800072156405278
4491,19.78303420550722
4492,-8.472431283175055
4493,-22.187603913465935
4494,0.9370351615145864
4495,-13.695809110123491
4496,-2.3539234241965517
4497,32.37318535059871
4498,-0.2283902393806443
4499,62.893974999901374
4500,33.3648527494352
4501,-17.43131399387744
4502,-35.93366834909801
4503,67.47074789070967
4504,39.51209865960534
4505,-9.90089943485745
4506,22.467167571379733
4507,16.556954418622794
4508,67.2531672021924
4509,48.442943901867324
4510,21.14942728859093
4511,14.920370899239131
4512,54.52070473840179
4513,-65.26027219199517
4514,-34.0907898825551
4515,54.01795348606817
4516,-48.90355675102546
4517,29.938654389551658
4518,36.618828210292065
4519,-50.4379976917634
4520,43.170754842984316
4521,58.16914757298938
4522,39.96769859443881
4523,18.66388284521581
4524,19.801003116397354
4525,31.710555007504375
4526,75.08517119619911
4527,14.307216888167389
4528,-60.05948163726114
4529,0.09543364823565526
4530,6.726626640201957
4531,68.57729414656487
4532,29.295055848412574
4533,-2.1822826260850263
4534,-58.189038965547326
4535,-6.081335334923764
4536,-42.68713940240721
4537,47.500820165901615
4538,-63.40896337100148
4539,-46.549431285133096
4540,-18.214601317364156
4541,27.932114151803773
4542,-18.331420836818467
4543,-7.1411929013357565
4544,-21.437245778086336
4545,24.487963276137336
4546,-40.19669292662269
4547,52.24137719435305
4548,48.52231708269073
4549,4.577586903024169
4550,-13.288320977672996
4551,-26.70679941617587
4552,-19.746855408659528
4553,5.6353759397935335
4554,-24.035703938524534
4555,-38.24298033902562
4556,29.398657420257834
4557,33.109094213632446
4558,-17.595565755762635
4559,-14.388600754806617
4560,7.780230736760032
4561,-26.587558191349217
4562,-3.326843061127434
4563,38.369387668285476
4564,-40.00183457908602
4565,-20.752903672028353
4566,-27.9741557071614
4567,40.555520109309185
4568,38.597354515891276
4569,36.294878776054446
4570,64.74729537107957
4571,-22.25899462390268
4572,5.462238980676389
4573,7.274379712799032
4574,21.848791638978412
4575,129.88107242149457
4576,17.17073460703267
4577,116.7452784010804
4578,22.045529961230898
4579,-21.68729627107639
4580,13.639471365547294
4581,33.792631528870686
4582,87.22887695729273
4583,-6.210129016939604
4584,0.9441558272885118
4585,144.7621573595536
4586,140.17166394386481
4587,-5.412328556291115
4588,7.9697908859375985
4589,-3.50709769237956
4590,-30.921026973320707
4591,19.237679107245768
4592,-10.479728468804169
4593,-15.501007840053973
4594,6.716496963707428
4595,-24.65579552214068
4596,17.11131848833172
4597,6.529871927084017
4598,-22.476581062935608
4599,193.8458111190934
4600,-50.8935137455571
4601,-8.134049451350293
4602,-48.19930006850481
4603,60.072697094105706
4604,-28.918735577692075
4605,-19.296270478772016
4606,-23.31551478344649
4607,87.94987650696402
4608,35.482008512054676
4609,-0.8744124474578712
4610,-7.860588171833015
4611,69.5819657588783
4612,-15.725850821427642
4613,21.512607975749262
4614,-31.3650726360043
4615,-19.456074678152603
4616,-44.41305701434234
4617,21.473335983864644
4618,-0.6229526215519599
4619,10.123502396628268
4620,94.88171842060152
4621,-39.686522347178
4622,-4.305632287323263
4623,-34.29521000115426
4624,11.02823443756509
4625,26.36058379832575
4626,-31.32273160167115
4627,-23.14274637115254
4628,178.39724504886567
4629,-40.51253673181165
4630,176.22572515881964
4631,-40.70493363199623
4632,-18.655979231182158
4633,2.683058348837207
4634,-30.139643875040093
4635,-16.150111287994136
4636,-3.720593331513598
4637,-13.834889994252066
4638,105.71630004636418
4639,21.329676413206414
4640,20.79226171734615
4641,111.12653697816653
4642,178.94441743627536
4643,-10.722512339985343
4644,-59.35102602684637
4645,165.21357127844433
4646,-2.863017349778545
4647,13.011046368171321
4648,-30.4107631703545
4649,3.1589591714529917
4650,-47.63691685797585
4651,276.0102677532986
4652,31.993074492429947
4653,-43.433789516649966
4654,179.76884605827615
4655,-6.298409906306745
4656,197.7414290480881
4657,45.024910808981446
4658,-51.186001307384856
4659,201.37575787733948
4660,60.24141503888966
4661,10.629536664684892
4662,5.791964167460449
4663,12.933146706701152
4664,39.05665092023521
4665,21.766752660839884
4666,168.28244004302258
4667,-29.793229521523216
4668,119.74693627233042
4669,-49.01073552390628
4670,8.01165044245694
4671,18.32399642747221
4672,-3.633892052425338
4673,136.24240502609598
4674,118.22983666702896
4675,-21.713792731709546
4676,-15.07161377547645
4677,5.445711033919849
4678,-16.541172387092388
4679,-25.548937253486258
4680,118.87028591392644
4681,-1.487772602908592
4682,35.61217697379227
4683,8.530597867643479
4684,10.795302739771188
4685,-2.245449008292738
4686,179.04899810012142
4687,-19.97528278744359
4688,16.790143739013644
4689,9.719633832150322
4690,83.47242737112825
4691,-19.39034277383415
4692,-13.758008546551764
4693,162.71016664684294
4694,-17.280342940799315
4695,16.2976180844706
4696,44.26369315601579
4697,-17.7314835860805
4698,-0.08004287919995079
4699,-23.79293001604674
4700,11.06055990546885
4701,83.50087529941082
4702,-14.549445853346967
4703,-14.006894739019344
4704,-54.82194822168847
4705,240.70545035381585
4706,2.526926462455876
4707,2.3176518037552682
4708,18.30046186187498
4709,24.900121111308962
4710,133.48878504865837
4711,195.80162405192704
4712,75.08268500204447
4713,110.7469825898398
4714,91.95546305992728
4715,-37.428987152586274
4716,-28.065563979340865
4717,2.842049182679162
4718,51.05577268733663
4719,10.890005783094168
4720,3.763250899102715
4721,12.012663716245882
4722,-41.3510252193262
4723,-37.250714918162515
4724,168.99934903292706
4725,38.81839629049987
4726,160.34180253115272
4727,-20.41897959229776
4728,-47.27629034742904
4729,46.273431286334805
4730,-11.24978550144435
4731,39.24311444667363
4732,-4.56547284309795
4733,21.10823760315313
4734,11.387351881808868
4735,-35.95914039480323
4736,-52.58942006776715
4737,106.66934976419125
4738,-73.6036396709568
4739,-101.79787822674038
4740,62.72513217650635
4741,-85.32298259710063
4742,73.11570744350672
4743,9.395798451208634
4744,170.32713897289068
4745,13.480394622433082
4746,53.57268569504721
4747,-8.53538473151032
4748,66.87756521072063
4749,74.45877852196574
4750,1.313502643803517
4751,-75.7233933051566
4752,8.892330240835093
4753,-75.58610232601217
4754,-89.32856857471305
4755,80.37412669022002
4756,-21.24608067675217
4757,-26.234116735276118
4758,-12.54668844568404
4759,-41.72638359162556
4760,-10.344031321579408
4761,-17.56992045731866
4762,15.979234782164312
4763,-28.301647190512725
4764,-17.601945504841083
4765,143.81981336886784
4766,2.450080163967428
4767,6.159598030676548
4768,-28.642063943289884
4769,-25.301728937828756
4770,-4.957118753587665
4771,0.9722238136433532
4772,-50.00978166071917
4773,-32.751003066738576
4774,-21.31313524713164
4775,-5.092498422851492
4776,-5.725997181797553
4777,-17.271852672047316
4778,160.67684866408712
4779,140.26384051427922
4780,-35.40360507254735
4781,43.85377755836895
4782,12.887967450333903
4783,53.74995187237079
4784,165.31361914579668
4785,141.4690803902552
4786,-22.15428480232518
4787,-46.97912550205834
4788,166.8071647477032
4789,149.94805598950535
4790,150.52159148577653
4791,219.6627003813777
4792,-12.26079951048898
4793,-28.02939003479851
4794,590.2045144570907
4795,12.50853335977449
4796,-23.375255945306293
4797,4.718468067257376
4798,182.56662260395086
4799,582.4828447480943
4800,191.68439904343512
4801,138.16250654705124
4802,-27.177705553639868
4803,-6.770420758541732
4804,5.099835202809857
4805,6.538622296011781
4806,9.504354090863131
4807,599.4183022799874
4808,14.618290475628683
4809,14.258095815203063
4810,605.1000957403821
4811,575.964487172232
4812,-18.313673506064447
4813,-31.03322984067755
4814,-32.3152301205274
4815,9.318125833197882
4816,-20.86909560745117
4817,101.05233909776723
4818,-18.657990007288248
4819,3.0973767540923376
4820,-31.93244028240416
4821,-10.415951644603211
4822,-52.137812600506635
4823,-63.66468778047499
4824,84.6354611607878
4825,-23.528710551227405
4826,-49.87721643652361
4827,13.664734434634454
4828,-38.61360152083324
4829,151.91850136007182
4830,-30.043862459107174
4831,64.05616442374634
4832,-5.757515635385616
4833,-17.652598299994366
4834,142.3798258724964
4835,-7.068424133975071
4836,10.038319752977458
4837,102.48128102927413
4838,43.267180228535516
4839,7.0717691209455324
4840,3.1015482722155667
4841,-7.741000199417272
4842,-39.925029390741116
4843,18.25615486493936
4844,22.584900223081434
4845,107.24495362788039
4846,-32.759635472482586
4847,47.61302293482551
4848,5.683460716169222
4849,49.80895330485702
4850,8.575386188698943
4851,-75.83639309527192
4852,10.841712223242979
4853,-51.384692064931926
4854,190.49851681035858
4855,-13.048381935174945
4856,142.926732400793
4857,55.63488945272234
4858,-23.592275705654615
4859,-14.636143714594326
4860,-25.964636756600157
4861,-27.53557122956329
4862,151.89156852517223
4863,10.49062876707599
4864,15.752916167096686
4865,-35.81962909078871
4866,23.05139155962327
4867,198.31413793304938
4868,13.537811448149498
4869,-8.691397675633496
4870,27.300116052345786
4871,223.15636148661068
4872,-52.679215226974975
4873,106.8304845827419
4874,20.12984678791824
4875,50.758133369740904
4876,-34.208062801712174
4877,-8.396133501160406
4878,138.99165038338015
4879,48.572286028246616
4880,0.016923646904956513
4881,165.13290631586432
4882,-31.029180648671968
4883,45.13364982062136
4884,-56.17078597091691
4885,-61.797484884116784
4886,-69.51760719041451
4887,72.33501801924261
4888,11.557684104546851
4889,-3.413901473294075
4890,-0.2920745344165425
4891,243.43854436966046
4892,-18.40985159408612
4893,16.775220347665524
4894,23.816074374681023
4895,16.67593806812482
4896,32.082557163475656
4897,174.734687600296
4898,-25.798046890872385
4899,-15.597130527880793
4900,43.950024608840955
4901,-1.5919032065935852
4902,152.36406312726183
4903,-29.658226588129082
4904,23.85004675451424
4905,3.568721047042075
4906,82.77918664143776
4907,-40.48216845021247
4908,-48.586088366239096
4909,8.950999177937945
4910,-7.180221654583107
4911,-35.9311201443997
4912,-32.283433537650524
4913,-29.514069552232343
4914,20.561468849126783
4915,116.03875493463312
4916,136.91474802130517
4917,32.88611788862169
4918,1.075410655348378
4919,-37.77764752371715
4920,-55.14591989204038
4921,36.43880907587969
4922,-4.794641141098992
4923,5.186178204080107
4924,10.739775014685733
4925,27.70170585916611
4926,-12.026281700091474
4927,12.276140842193882
4928,-11.910035926345728
4929,-10.501943833076552
4930,0.471102394026488
4931,4.452006003466138
4932,-18.972603792301015
4933,-7.487482267981818
4934,-7.985145335879068
4935,-6.493906880746437
4936,-17.254369170491927
4937,-20.682488673441526
4938,15.7592556114992
4939,6.760370021938186
4940,13.083068126857285
4941,-15.167123171726772
4942,-20.556830553575523
4943,-21.84690065119041
4944,-5.636956554068121
4945,-11.547294543395338
4946,-15.221727781008141
4947,-4.497419215221456
4948,-6.72244324132609
4949,-9.530598872287342
4950,-19.070931338205085
4951,-3.176060327156506
4952,-2.248221408422566
4953,17.697640909945576
4954,9.1793127756779
4955,-0.2749624421814758
4956,-20.50034665509773
4957,-0.47245916503187857
4958,-17.18659807256647
4959,23.21299555896212
4960,-22.50419831163697
4961,0.22935071032368626
4962,-34.26715346313833
4963,-11.886207619904184
4964,-20.58712813627946
4965,-26.48587448381251
4966,7.852900298788512
4967,8.863394247177709
4968,-40.51823852883331
4969,-23.498573858536076
4970,8.98133601222429
4971,8.064360261696962
4972,11.725275689255355
4973,31.886586604286386
4974,10.076351376807068
4975,-1.785789183392069
4976,-29.404932965922754
4977,-37.8804239102931
4978,-38.014587815120734
4979,35.53769886581283
4980,-19.73212942036365
4981,-28.309271604196155
4982,18.8443394625084
4983,-18.876552344809582
4984,-32.223033778451565
4985,-0.4952170232462265
4986,-39.86435532933211
4987,41.32489903949776
4988,-10.122303038104874
4989,-18.558564501159097
4990,190.62712083710528
4991,201.1641073814426
4992,-27.72592719504179
4993,20.934040629560158
4994,-13.27540615929557
4995,-2.747582404843314
4996,-11.207680268628849
4997,-1.1528640754685284
4998,-14.676044973320344
4999,188.78609373227522
5000,179.94955147659118
5001,-9.988066811993946
5002,-24.959986114016445
5003,-8.9934214265257
5004,-9.277804378711494
5005,-33.67795605764658
5006,10.96286275806699
5007,172.46342234413606
5008,12.482223439267955
5009,32.22441529712986
5010,26.416193942873633
5011,6.148513552771092
5012,22.42325055938423
5013,3.712820124052797
5014,-2.9016586636745387
5015,-17.659053787914218
5016,-5.239509733341947
5017,33.71659978281914
5018,3.442763804709884
5019,9.98422220389675
5020,-23.120812619191952
5021,36.223623079334985
5022,-29.58786204155487
5023,-25.770637764022496
5024,23.249421870743348
5025,18.597622955317178
5026,30.774641367479703
5027,6.087676177782697
5028,-24.78060118136034
5029,-20.925616739176363
5030,-2.792187900632186
5031,23.61447898999745
5032,40.137442232530084
5033,34.55487161860838
5034,-24.48193800846937
5035,42.275658437153616
5036,-37.36576077581336
5037,10.459377076445662
5038,-12.397118111000808
5039,-33.93761222663622
5040,24.01148803167264
5041,35.79213542390183
5042,50.46823761176309
5043,58.45264173623067
5044,54.996918920418494
5045,42.31100639102974
5046,-4.723575240499429
5047,5.3142799942884835
5048,-11.238129730099828
5049,-2.7891074016910693
5050,-9.465286098135053
5051,22.796803695549443
5052,4.307472377475676
5053,65.80221677208388
5054,27.945657100978636
5055,-0.4457235180789638
5056,-2.492269961280897
5057,-49.16869121763483
5058,8.302959206099146
5059,-50.54045426350899
5060,25.15483487067874
5061,7.674221938117469
5062,-54.63256175230302
5063,10.007214456346261
5064,-16.088432510171415
5065,6.479734518187527
5066,17.356412623514828
5067,-45.43654545059937
5068,11.210924219913792
5069,-41.25938896083301
5070,-37.005035688236774
5071,-1.1876982669134293
5072,46.43301118918805
5073,21.08768817624761
5074,-11.506109890409874
5075,76.4446799268449
5076,-15.252224196528275
5077,-35.42099753663166
5078,50.16812021692532
5079,-23.959945217481916
5080,-13.236949659827147
5081,29.625601462504136
5082,-91.5699025549975
5083,12.56930987119756
5084,18.311229283499927
5085,58.37189021880836
5086,77.97524064746062
5087,-108.63413363589694
5088,-91.39598839268007
5089,60.06048788237759
5090,64.31152059929889
5091,28.855001536157445
5092,-102.99990810301011
5093,-87.15891144346685
5094,40.646146256028146
5095,-99.07262087809309
5096,-99.34504273056169
5097,-82.41957573977038
5098,67.31454701013533
5099,58.69734363281392
5100,-7.077494425663005
5101,-0.5377080270488221
5102,26.914604393853722
5103,10.429901364151206
5104,25.856044239147167
5105,-20.24465068636067
5106,16.63514559977432
5107,-7.943039985896064
5108,-18.478249995967516
5109,11.988173440082079
5110,-18.101360884276943
5111,-23.38689669868583
5112,42.640301154840785
5113,-24.941135093023632
5114,-20.86688043137613
5115,0.888579118318944
5116,2.5078777672901396
5117,-7.994815388866385
5118,-32.02787590055408
5119,16.703929841925273
5120,19.107088224954936
5121,28.8299532639342
5122,-20.19390861822413
5123,49.1949819300826
5124,21.84741319485029
5125,-17.556659452964325
5126,7.260232629434483
5127,21.208241923239143
5128,3.487166841075222
5129,12.521419738405214
5130,25.175547083061574
5131,175.18068843884356
5132,178.48341051069758
5133,187.63174033903306
5134,-25.832704243150303
5135,192.14735328597376
5136,-12.17650096289691
5137,-14.27659677913249
5138,-36.8281638330773
5139,-14.24312084976168
5140,-4.6718950119648355
5141,598.1201157960656
5142,-25.746351977706325
5143,18.90990648689811
5144,-19.809973122666108
5145,-29.50482642526788
5146,-20.117818340480795
5147,-26.90004420490584
5148,-1.5769483938546216
5149,-3.8490642089719955
5150,591.6611888186817
5151,-3.835523131649211
5152,-29.253996943640033
5153,600.5758439899358
5154,-26.868451312229638
5155,-22.962346974039306
5156,599.2448560717685
5157,605.8547764325814
5158,-11.80586144291513
5159,6.322060958345219
5160,-29.19890072850825
5161,-33.82204068054324
5162,-42.58690335136072
5163,-36.69680625129163
5164,6.213307093439369
5165,31.552883949489747
5166,-19.708845803552762
5167,-5.654039855053995
5168,-7.476322637048881
5169,5.717456981628629
5170,-1.3331088763394803
5171,12.980120443617636
5172,-50.1728588052388
5173,-4.686624128057858
5174,-25.260587547786415
5175,-40.71501506790858
5176,-36.915664606929624
5177,18.23035254960847
5178,-25.113606242190215
5179,37.240943061997015
5180,63.11244258483239
5181,33.85031107908383
5182,24.96222410804809
5183,42.07316554561109
5184,33.55811893897795
5185,41.08700407096753
5186,42.75936422144707
5187,20.852503642667045
5188,11.684487424795421
5189,-1.1109726276394127
5190,1.5563544524315205
5191,23.177368730939932
5192,-1.9092407501640167
5193,-61.452496309807174
5194,18.421151929336006
5195,-30.596509543277463
5196,46.5545380471326
5197,18.82394509540144
5198,13.796652785969911
5199,-6.946695539171287
5200,-29.84215349140011
5201,-29.199283264616724
5202,18.558319278886174
5203,-24.671459899348932
5204,-29.91942842678779
5205,-5.341857443334419
5206,-18.26385224622514
5207,-25.709407527976026
5208,28.89871424791305
5209,-32.508669047337904
5210,-40.7651451989409
5211,-50.6406176234122
5212,23.576799444571634
5213,48.02040398273605
5214,-12.767595414139976
5215,-18.437053629366687
5216,60.83322248276458
5217,-42.8561457209064
5218,41.62346004664488
5219,-32.9205632972606
5220,-63.036438714265046
5221,9.681739253946716
5222,11.02040586149974
5223,15.409122882038432
5224,17.13178967657123
5225,3.7305722864814044
5226,5.801931416342853
5227,-66.03524827519934
5228,-61.42033204811747
5229,6.3187688915274265
5230,1.8574233318173299
5231,33.5912845509431
5232,-1.567289055542588
5233,-69.2736910856305
5234,-14.907538856976458
5235,-45.45785470155121
5236,8.30583940206894
5237,-3.2331772096451488
5238,-17.1732517594115
5239,57.8193490075596
5240,-1.7644523082707195
5241,-18.574167412987165
5242,77.52975208335006
5243,7.558317291455836
5244,-21.398758867219385
5245,-2.17241485740243
5246,16.932288415487776
5247,13.481686048086047
5248,-23.349908998313595
5249,-13.40111124492276
5250,-23.633070705643107
5251,-28.419845552280833
5252,56.12456145461144
5253,32.83725858537567
5254,-17.243434075582158
5255,10.483508115464915
5256,60.15133273405731
5257,22.47394487566278
5258,-10.040434189479654
5259,-27.35833376718392
5260,15.603334237591582
5261,7.425163527953529
5262,-26.409756684550842
5263,10.942436403456014
5264,21.661211913964067
5265,-1.7305483382540956
5266,-1.1578009288228657
5267,4.843542948891724
5268,2.056612401781379
5269,-14.17383576273096
5270,7.652440943232392
5271,-24.73679228194824
5272,-9.783007844717176
5273,31.519009382788163
5274,-22.78505980770946
5275,-21.41569476371896
5276,-16.099776286861825
5277,27.5798714698431
5278,0.5435316286717722
5279,-8.827227540733617
5280,-6.469516630959234
5281,45.89347572380778
5282,-12.102433380035976
5283,10.67978139075963
5284,-15.549866655471277
5285,30.778501108222414
5286,6.825729540477681
5287,-22.25586104351426
5288,30.242341238207445
5289,9.2341927014741
5290,-7.621663129693829
5291,12.664600059977118
5292,-40.304796439439514
5293,-28.136489170261555
5294,-19.434302622921223
5295,23.825420450941067
5296,37.577997200304296
5297,29.58727376701711
5298,35.06182561615879
5299,-5.635893556110048
5300,-40.191464676834386
5301,12.406904871614827
5302,-25.367372820655135
5303,-34.72961682550152
5304,-36.14874232032008
5305,-23.28710756024067
5306,-0.4375271523488351
5307,12.05258914029659
5308,16.66059110110325
5309,-26.879858483557783
5310,8.429036799550857
5311,-3.478819881049901
5312,-24.964058489585852
5313,-21.816117841713393
5314,-38.10486792635186
5315,-14.986017427160235
5316,-17.461228526887155
5317,-28.785238012425282
5318,18.70979672420185
5319,-23.501170852750533
5320,23.137956542043156
5321,33.262083532510815
5322,12.300594643494122
5323,-27.584958318177286
5324,26.476980912791817
5325,22.437335076472507
5326,-18.512787406835102
5327,0.22961154689669172
5328,35.772725444200304
5329,-20.571773491676268
5330,-21.314386683131815
5331,-5.606116992327628
5332,32.02792856214645
5333,45.30283074206622
5334,-14.175756301319268
5335,26.665511101616048
5336,182.13015455636884
5337,22.387212684904725
5338,195.81780185339323
5339,15.680012120106
5340,2.3406510929589075
5341,-3.9328577593785354
5342,188.9472863979939
5343,8.806039689528362
5344,17.782226360720685
5345,11.379140627700252
5346,8.609704977037765
5347,7.891910744426113
5348,21.53082523591921
5349,14.200568045630362
5350,191.20678312088913
5351,-7.4550885091728105
5352,181.70438911434633
5353,278.27714092677945
5354,19.111281690857183
5355,-23.775166307930277
5356,13.937755023446059
5357,31.7269582599318
5358,1.7362656752974885
5359,15.592490160617132
5360,-1.2586308679948246
5361,-33.96746327232523
5362,15.398912596710474
5363,27.424028025563985
5364,-11.034173731652245
5365,-4.016961147633481
5366,-36.90271363267078
5367,2.59228994025284
5368,27.72114377864942
5369,26.5541411216182
5370,8.602171416496347
5371,-25.943989800668263
5372,19.81989545608809
5373,49.905904318051455
5374,15.188174858535007
5375,5.942605589819806
5376,-3.9924253029049623
5377,-11.681976950918326
5378,11.170731947951865
5379,-2.6681684875775034
5380,0.6007785040431202
5381,6.415253931971208
5382,6.014907460710717
5383,17.536057585720982
5384,18.88586456912408
5385,13.180264466730634
5386,1.7861437988177755
5387,36.00922022118877
5388,12.885190446242603
5389,-38.240386008085835
5390,6.98693052371587
5391,2.533614130116945
5392,-4.128615913268746
5393,-10.19509732615802
5394,8.47140075733222
5395,-3.4050700932468203
5396,3.8748668114590856
5397,5.2434168380896296
5398,31.535324865473378
5399,45.18123555103423
5400,25.76837098210993
5401,49.04331653160785
5402,15.735137558135605
5403,39.25515335761463
5404,78.84658279941715
5405,-17.48368900513657
5406,-13.794512122944028
5407,44.40237488908643
5408,-51.71390005718675
5409,-44.01287153772515
5410,8.222558351149615
5411,-37.94324968183034
5412,5.744362035224185
5413,41.498818426208246
5414,0.3763457311152365
5415,-27.222855562459813
5416,55.58640085510827
5417,49.47343798543157
5418,-1.7502458960064757
5419,12.516282647803635
5420,-46.84833656954865
5421,72.60489116671806
5422,10.257525655498029
5423,-47.74530507519992
5424,39.756781023716634
5425,23.178358838438015
5426,-25.581943929628608
5427,-42.036447461327214
5428,-40.77410152879048
5429,60.29848251265598
5430,24.148512217624855
5431,-13.95484148707142
5432,-71.04762270635274
5433,-42.491761174891536
5434,-67.06292485430873
5435,-109.40712225572119
5436,34.904592980980105
5437,-13.320044249187106
5438,23.76191298746052
5439,16.619831452801094
5440,-78.04941109448771
5441,38.339899962630014
5442,-55.52908342354317
5443,-70.52737349080871
5444,-76.75713044794767
5445,5.350001726921818
5446,21.200111975030424
5447,-43.35374341141477
5448,-78.01794896889047
5449,-99.46562782245056
5450,-125.27045206852466
5451,4.256020897008497
5452,20.315434186041117
5453,16.428381644043284
5454,11.306761901860355
5455,-20.881514621696226
5456,-8.411326519589394
5457,3.4999174956312658
5458,44.702354815227395
5459,28.151514803280662
5460,-27.58746489165246
5461,-25.30578263258215
5462,-11.743268233775169
5463,-17.7768947191842
5464,-16.399678533804504
5465,53.595997275535254
5466,-24.713903772007896
5467,48.15377390799049
5468,58.4566394100277
5469,18.606069441142267
5470,28.285639577994075
5471,39.527752479249266
5472,30.160088996008938
5473,29.34188110569194
5474,9.512640476106938
5475,29.94517042655569
5476,24.994515704848368
5477,-28.994475454280064
5478,-19.125175213275
5479,-47.10777655022787
5480,-4.310587830637019
5481,205.34551607652372
5482,8.09551083479893
5483,176.21912989745329
5484,3.183832879660713
5485,195.85965979252924
5486,208.00235137586316
5487,3.6196291000920695
5488,202.48938426452054
5489,-7.023125720833235
5490,-49.442020149301726
5491,-47.42481001193275
5492,-3.6116114095976286
5493,-11.030137881329367
5494,-48.29138638992504
5495,2.59219206535613
5496,597.6848632272045
5497,-23.376735345492207
5498,-49.91324799948799
5499,600.7073270762397
5500,598.2082302016659
5501,596.4360895747396
5502,588.1825013326002
5503,-1.757889794748138
5504,12.018555077644635
5505,2.579115499842956
5506,6.660319126099452
5507,-10.593352981655698
5508,-4.461782123496306
5509,-10.643322226634382
5510,-16.078085682198747
5511,-1.9230682357479196
5512,-25.180189985498032
5513,-36.95209050497198
5514,-17.051214306116492
5515,31.54821158707589
5516,-26.62479495654307
5517,-24.119533132970574
5518,-30.294453326867554
5519,-16.771955282760118
5520,-30.697392864191457
5521,-26.52859592428952
5522,15.496487955617226
5523,6.4095542888566825
5524,21.857264679678224
5525,-22.928937624155367
5526,-44.2222803145375
5527,-46.83304449429701
5528,51.55775557351963
5529,16.016341685523017
5530,15.301190938773402
5531,11.710821358652964
5532,13.043556470980917
5533,20.03255466752894
5534,16.468536801669174
5535,34.631213190537096
5536,33.84568322415246
5537,33.60844157069153
5538,17.283868586380322
5539,-24.123851919748773
5540,-5.523284232542267
5541,35.28895932941593
5542,6.157101182103517
5543,6.963245707583894
5544,21.160319783595526
5545,13.840769163573214
5546,29.405917005677864
5547,-29.23594815609549
5548,-31.180664731719517
5549,10.585817086258913
5550,8.809321627649751
5551,17.808287460355302
5552,48.633876574208344
5553,-23.82894815051324
5554,-30.422290124143913
5555,0.648345984487392
5556,0.17749001938462072
5557,49.088458983242134
5558,44.66876868949688
5559,-40.90545653036975
5560,40.40698905655849
5561,39.41490832341144
5562,50.394807834690084
5563,-25.2762257907753
5564,40.776557204193324
5565,2.813696504194681
5566,37.06183005876779
5567,-31.98061165178052
5568,-0.3365735209927294
5569,11.586417893264183
5570,-10.57713460410126
5571,-6.031882654757922
5572,-31.424209488618374
5573,-7.415334035585545
5574,13.022294083963871
5575,3.551185959645224
5576,7.568778799683642
5577,-11.023053013783795
5578,-40.64013374642056
5579,12.6753167937934
5580,-6.798213694577228
5581,-13.708703838234385
5582,-19.499221967215803
5583,2.923185181044275
5584,40.22809227844893
5585,3.327986555687602
5586,-51.86825432375613
5587,4.145563075038112
5588,-1.5257421361662153
5589,22.24675863264946
5590,7.240939655015865
5591,-10.572570612477605
5592,-0.7729458626965595
5593,-25.189806386306046
5594,-4.1944346407753414
5595,-3.120447159065108
5596,4.499809956855302
5597,-14.703691773257177
5598,-0.018084986509933287
5599,51.68123030123255
5600,65.85712687176229
5601,-28.23533417561781
5602,-5.1333628046613455
5603,52.68807776453794
5604,4.943391747649514
5605,-5.125584331227017
5606,68.19289634655084
5607,43.45344590076085
5608,7.542257212773237
5609,2.274120549903671
5610,-4.605367728920797
5611,-13.373812887026276
5612,-14.72973289703559
5613,-17.3046520340681
5614,7.766029244423024
5615,4.3484994643574595
5616,-10.985358687273063
5617,48.84990930107934
5618,-4.215226198034273
5619,63.67687506381766
5620,-34.46995671737935
