,0
0,12.430848712143476
1,1.1031330334786826
2,14.846116334372415
3,-3.121036198840411
4,7.930322509429011
5,4.6841414778072785
6,4.16011182845703
7,14.241868659264135
8,-8.353278906884508
9,4.985130752083821
10,11.888283923553752
11,20.284130940550302
12,8.079362326837485
13,15.111147651759229
14,6.086342117703664
15,24.717215660674114
16,-5.336685462265827
17,6.236609790782881
18,0.4840461829698999
19,8.447803289432759
20,-5.254358846027742
21,-7.786045048960116
22,3.7888660085591646
23,17.321013447007775
24,-27.501580385840768
25,-8.92794621800342
26,-4.540588345741469
27,-14.33015158217627
28,-18.064229437433696
29,-4.499121752071932
30,5.318135202494643
31,6.304718439826056
32,-4.4175542327365065
33,-5.8315027777100035
34,-3.1948032055303486
35,12.668438451091532
36,3.4788104423350017
37,10.093019652973332
38,-9.30623357055331
39,2.484206809545711
40,-6.163859406522587
41,-5.344713732513206
42,-14.76576478741681
43,11.972075898838957
44,6.457515319460708
45,0.6710622495285925
46,-2.0881363306940806
47,11.725533311998547
48,-30.98792879706457
49,-15.177820991041052
50,-14.792499628508374
51,3.404754076906846
52,16.21258275987439
53,6.357359167725159
54,10.417532672218575
55,-8.129674177102402
56,10.158838919601935
57,13.395373250118737
58,14.172217235255781
59,-6.0927703886040305
60,7.874975124401102
61,1.5611154589132799
62,-7.7042326892087445
63,1.7841434580483906
64,0.20629552479283042
65,3.9081198599497107
66,1.023385388344595
67,-2.774199632718428
68,3.6578748026326515
69,-16.799472706457898
70,9.37575535768547
71,-11.65154707601318
72,-7.167585773611073
73,-13.90567052156129
74,-7.865747450163962
75,3.029230578172381
76,3.444640538859659
77,-0.08591446816058834
78,-17.404478501097692
79,-21.630052234135654
80,-5.350846133483969
81,-19.15197716128087
82,-25.318469044721276
83,-21.87239437619109
84,13.9210837656738
85,1.8802683141406913
86,19.60316937580412
87,5.2943789443151825
88,15.701667111906712
89,11.267672815293547
90,14.734093777539318
91,20.168334763777377
92,4.059326745939071
93,-23.309537968442065
94,-0.29615437362652486
95,-7.8268578892499505
96,5.488008162339783
97,0.8482455013884866
98,-7.009067697826733
99,-11.693873564849063
100,1.5675703552884013
101,14.851510475927466
102,-12.153501313427942
103,6.792580431813413
104,-13.439798127108052
105,21.377352347893208
106,-12.291039016659692
107,-3.176458100011935
108,1.150098622784128
109,21.806789577080515
110,4.322478025351817
111,-14.601327719110625
112,-12.414972687991394
113,-7.275985500154146
114,2.1380619472798017
115,-7.123080329433677
116,-1.1029915663478285
117,8.059609160623996
118,-3.311371552802644
119,-9.726701992795462
120,-11.342836943042592
121,-1.9811974338318947
122,2.6753960643165584
123,3.1316395450129733
124,-1.4939369436828258
125,-5.506487503206554
126,-5.222304426102134
127,-0.4585855605370668
128,12.349554446638884
129,9.815693219168956
130,0.7098335644885889
131,-15.135933514921721
132,1.2300060944243896
133,-10.307502219959304
134,-13.504540610966384
135,6.464815869752668
136,1.897033135209961
137,2.1160792730931046
138,-7.571582703949552
139,-3.075398118195377
140,7.548146262027666
141,-12.834864063817768
142,16.391653615847968
143,-6.652618348125621
144,8.35094184619927
145,17.953002794792777
146,16.74326845494471
147,1.8494224128698509
148,4.2613660103787065
149,-0.5430193495898941
150,-0.6506297114893265
151,-0.7891458538704796
152,5.510924374423551
153,-10.89902774768927
154,8.080822652207218
155,-14.341574483617965
156,-3.779583695237143
157,-2.952502676292429
158,17.315704212757883
159,0.44899744601716485
160,-26.975181354558536
161,-3.062489662781484
162,-15.87690601473593
163,12.621581872075957
164,-22.637236473364894
165,-18.63658577769793
166,-0.7684879833817604
167,-23.074298906800315
168,5.193512804348124
169,7.543894758073687
170,-14.631826118781685
171,10.192070592292946
172,12.633335191432948
173,17.56083727913368
174,-8.96133728195083
175,-4.580462063494366
176,-14.222650175441398
177,-16.273644702819617
178,-9.750143263407395
179,-4.615447057869357
180,-2.7776621359922693
181,-7.218860914689174
182,3.066613340224004
183,16.920209137610914
184,-1.891439239075794
185,3.2633432237351716
186,-2.2436353640772317
187,-5.211647365900237
188,2.3705002809115836
189,9.789986468223407
190,-8.544944911834627
191,-8.792718265623822
192,-15.733152772622695
193,9.022646530844886
194,4.036546921784089
195,21.28754619402642
196,8.847593618468604
197,4.9026267372530725
198,4.945298032003736
199,-1.5701585888079848
200,7.1128246134152615
201,-0.6685979978724426
202,-6.986991291298207
203,-6.35542454268133
204,24.053890192136322
205,11.367896451136062
206,23.731970229589976
207,-4.923314099564809
208,24.076980806937325
209,-16.506504059118356
210,-3.4923704198968792
211,-9.22315839855148
212,21.436057183162575
213,-19.414130106142288
214,-0.6885853220753759
215,3.128035256450012
216,-2.4213287409890967
217,-8.611510879197269
218,-11.511014026388558
219,-9.714272971070855
220,13.294235506458294
221,10.48543591791585
222,11.351494395327219
223,34.60475857849144
224,13.73071046011611
225,-5.6902139030341665
226,-1.432647737288864
227,14.783102568017421
228,9.648736220067558
229,19.426961405307868
230,4.491187428698176
231,10.969267119822263
232,5.840076651708221
233,10.252868592720667
234,29.768882543247663
235,29.362528198061412
236,-2.079366100860998
237,-5.245258147251551
238,20.10850346098988
239,-11.791708220219611
240,-11.135187324496474
241,-7.623527020587602
242,12.21981068243407
243,8.885367315880448
244,19.554886767101046
245,-8.819572516256915
246,-3.0932086158388934
247,10.2811030305181
248,0.3663506078070178
249,-11.249885582841909
250,18.199123547701824
251,26.412957590565508
252,2.525711039683923
253,10.728389096169092
254,-7.756714515726713
255,18.149388778113536
256,-0.3458181900729045
257,2.4656684179445545
258,-7.2056993921381824
259,-12.74764816598644
260,-2.3080353569383725
261,-13.077307659777347
262,-5.640245038669018
263,-5.915190876067804
264,-10.262359875909269
265,-15.653708509393006
266,-1.9689921129441785
267,27.680457930427508
268,0.5551259198857412
269,7.711242115126563
270,17.924373667469954
271,14.283579789195961
272,0.1967470686312378
273,-1.8269699906153676
274,0.6043766094047331
275,-7.9570039180193355
276,7.85530832753491
277,-13.434333692269426
278,8.007087127860006
279,3.659307847148483
280,-9.648669334594569
281,-1.481147222003802
282,-0.9593821124126869
283,-7.550588068328857
284,11.126117333748505
285,17.339994493207858
286,-2.9224769450863235
287,12.135868593043165
288,14.268173667230137
289,1.383773750395667
290,-7.384974372158705
291,0.7423452061164095
292,-9.32325902679149
293,-0.5503152440939232
294,-3.729230055223649
295,14.946965848695214
296,-10.677423874874737
297,9.977352179792906
298,-0.9713818177411397
299,17.97364648704869
300,15.997505136215116
301,-9.599162347690182
302,-4.024344656211657
303,1.4605702052447267
304,-5.67637481223721
305,-21.32343579513524
306,-4.500885613787432
307,-1.0833728785083956
308,-19.024341591510186
309,-19.572158744622776
310,1.0972228932634458
311,10.555892478138272
312,22.70537286115467
313,12.485883623461918
314,-14.070382541245984
315,-4.318280726268917
316,4.433724696796885
317,27.39496811057616
318,17.07998411518871
319,24.138691889121077
320,12.538042309256715
321,-5.01348873734451
322,-0.7245843073387057
323,26.11747572066853
324,3.755224384195815
325,13.76713702663192
326,4.6164533719219865
327,15.285283221693746
328,14.296320817704775
329,-16.485043378057945
330,-19.380281419598234
331,2.0996614923541035
332,8.351852982216855
333,17.411416340364855
334,7.166182470440779
335,16.860678108443842
336,7.859753563842865
337,4.823278943683052
338,19.033360763391734
339,-3.01343385690231
340,-5.77174082418178
341,-12.473705269728118
342,2.397043515622503
343,-11.584655858218937
344,9.990983797447413
345,-15.677129732486058
346,7.261893112236047
347,18.34514044761212
348,-12.79867781343619
349,12.629503401338875
350,-10.848963917139756
351,11.44953587766803
352,10.766574491945407
353,1.0449802265696917
354,7.106128619302515
355,-4.503480928561753
356,-4.491286300812369
357,1.8846235789848915
358,-7.617684849668169
359,10.287288433844417
360,-1.488147437185603
361,-5.942657112890906
362,-7.502152680007615
363,-18.457065105395145
364,-13.867726906304085
365,-3.914051143572305
366,-21.109705662837037
367,-13.64445519416346
368,-0.3582467738160666
369,-6.327801493458836
370,-1.667699805945837
371,15.062973974962345
372,-4.196942907954028
373,-13.281492924472541
374,-12.310824840406223
375,-5.952298763989724
376,5.987116960248802
377,7.071468054442251
378,4.540033935457057
379,2.2044769070473773
380,-4.211537183817505
381,-11.534024749111808
382,9.963917514482857
383,22.70938390390243
384,8.71352888342668
385,-3.7553833321789725
386,-0.5487690145543418
387,10.087792726094833
388,-7.120588681382177
389,2.551339847335255
390,-4.579221676123318
391,-3.739623292521717
392,7.628814733005784
393,6.596764149405935
394,4.283181971823144
395,-2.352683551805466
396,-7.303843545870414
397,13.83173044654871
398,-5.63909479167911
399,19.780460156650413
400,-2.354631800746244
401,-28.02773401281796
402,-33.46263669391575
403,1.9290849900914093
404,19.53938763390671
405,1.3282582177063773
406,-2.392615902185238
407,-4.844447615454381
408,1.601314330985419
409,-2.2536887839121285
410,-2.547629686175579
411,-6.911256053520052
412,-1.95548169670014
413,11.023883156361414
414,4.502303559862819
415,3.1580781526521537
416,3.557918478425611
417,4.1218462231568225
418,0.8245711305579793
419,3.2130143377807965
420,-0.4518176742522755
421,-2.5207950779917
422,1.6965654393535203
423,2.1986909122295906
424,-23.827240983079548
425,10.636411452391663
426,21.26648195177587
427,3.7154306802875325
428,-3.222311745969261
429,-6.477332424350145
430,-5.025211053317786
431,-11.92272835838925
432,-10.070592934257075
433,-4.177939853193461
434,-7.399114336046395
435,3.2257743032067037
436,1.6888139372321262
437,-11.988874428458779
438,2.8849469458836268
439,-16.804230451150076
440,-25.759346661582228
441,-1.1329948238273708
442,-21.850724823484732
443,-11.891409361599003
444,-1.2284179488842
445,4.7068933800248
446,-7.932023591531067
447,-9.860414007943476
448,4.643079551563796
449,-17.328845950319327
450,-24.19268942456422
451,-25.463289451791276
452,-2.140470560557347
453,12.441190200631553
454,3.7107657111306516
455,18.28064765566506
456,23.401721912465096
457,3.558822174929693
458,8.897346992846463
459,0.6130190955575952
460,12.436978091674352
461,4.553363824150846
462,-31.28580567210342
463,12.883209410405401
464,-14.441663688932657
465,-15.047882658599654
466,-12.04158522788083
467,18.46239924014611
468,21.022504883246526
469,0.9538693683013584
470,18.68471713719919
471,11.763840264028104
472,12.80031127409842
473,9.695882575175627
474,4.494982414892856
475,13.942365508294536
476,2.751704738828387
477,10.57000954133531
478,-6.25724917618227
479,15.999277616210314
480,19.075321529772715
481,11.817597206704807
482,5.762627045497872
483,-7.733714677152971
484,3.3094876489967238
485,10.375609147380999
486,-5.127365569298057
487,-9.977902220317219
488,-5.186604144980908
489,-12.86212262025299
490,-13.273243280027462
491,-14.913351813898192
492,-6.071094472981002
493,14.772582198433241
494,-6.602619449739617
495,9.209894549895445
496,9.340812698010957
497,12.146658880161642
498,-19.079323431604422
499,-6.38553653325171
500,-3.1696756912193216
501,-5.604635288672025
502,-5.145327376533647
503,2.9359651443870582
504,3.9926765678248426
505,6.130714647568745
506,-0.0677408813806899
507,0.5606597216554459
508,4.658505745591501
509,3.957634298926454
510,-14.505076947041008
511,3.942806133774887
512,-16.238906842164923
513,-3.34031497998307
514,11.871831930250334
515,-11.700320911104928
516,0.8235304370513106
517,-5.2768147886902845
518,-0.9425390667381208
519,-4.007343779603527
520,-5.206715244684322
521,-8.115320563145755
522,1.4110991349890387
523,-13.5417285212325
524,25.459695345074685
525,-5.3873830017566355
526,-6.813057933286316
527,12.073700500815763
528,-6.708025276163088
529,0.9292767244631399
530,0.7300475200655718
531,12.548084546885256
532,5.950394107498351
533,3.578088429043012
534,-6.202734374455119
535,0.10588620981098629
536,5.066610381270484
537,-9.450176066009135
538,7.237855102308226
539,1.0428648252941972
540,-0.9174343447981776
541,2.112864313222353
542,-12.008435446326967
543,39.40424421937841
544,-5.067274980607486
545,16.23246061313688
546,-4.132737260084539
547,-11.868445719312103
548,18.247996718252427
549,-11.521625190582682
550,5.545597179688201
551,-7.208665568050719
552,0.29202782262395566
553,-0.13291801804572856
554,20.222792279257636
555,-1.8761757588166112
556,10.804532977730988
557,-1.0449136414331015
558,-0.3938080263353996
559,-2.128909099651274
560,11.130060403064727
561,-8.931427679430982
562,-20.461269499425043
563,12.699536188049587
564,14.48735862492224
565,14.657580308683672
566,12.856844600435299
567,3.2112405361091163
568,12.45226736108492
569,-2.4329455917284797
570,-12.108297350012759
571,8.8140636071604
572,2.978197045093271
573,-9.80482570010588
574,-8.65901858334496
575,7.81539310917336
576,-9.184894468369624
577,1.0329208082388135
578,6.111466925718325
579,8.799139871686371
580,6.756826269995303
581,-12.212236179959959
582,-12.514136411770803
583,6.619071024926713
584,-4.03910757365367
585,4.296473789952948
586,6.263887058973101
587,-7.720506674747117
588,10.360906227987911
589,-11.019301015390187
590,16.798534471932147
591,8.126426124652003
592,9.074348738833024
593,5.317045971424342
594,5.591560559652429
595,19.883295857697554
596,15.94938049294825
597,3.4614279109738018
598,-16.571092401359422
599,14.244088903109306
600,-4.90199171400219
601,0.9134279284854028
602,13.950207186504029
603,8.993376698612206
604,13.784698961635517
605,12.354710088850153
606,20.361118677255412
607,12.71136621452468
608,3.903057655791711
609,8.542791491202752
610,-10.892902981065184
611,7.770890187222484
612,23.27303230074294
613,20.331029229966166
614,11.247130294077827
615,4.704566335948018
616,1.0027998007172982
617,-11.477986406917605
618,-13.687586630473255
619,-2.42677641071446
620,-4.134074052602237
621,-6.527784771488619
622,1.1586731971010273
623,7.750344497214705
624,11.16027665808832
625,-6.46770438077629
626,18.174612460803154
627,11.395352061930295
628,-15.989505994013342
629,-5.561875049519784
630,5.53622471864721
631,7.219646828247422
632,-12.813516946252225
633,-21.94002764798045
634,-6.105316646699237
635,-1.227452503339979
636,5.479842405738392
637,-19.143895385635936
638,11.080826958420197
639,1.1122320389541436
640,-5.63290941199061
641,2.8238433028483616
642,10.335948752677757
643,12.957374223328138
644,6.765729860206257
645,23.291918092284448
646,4.579667907981351
647,11.978477205223873
648,11.592868635196304
649,-1.345428237046299
650,-1.0835376711970426
651,11.51892211016861
652,2.443643672333309
653,-8.588759573609696
654,-4.423064145372091
655,4.61541428079215
656,-7.311641515886535
657,4.387999642607067
658,10.196883569995151
659,11.585737927891351
660,-3.3088190436264497
661,-19.228071168964874
662,-13.73392301406827
663,-1.4640904319453298
664,-4.181710425770664
665,-11.345336718177869
666,21.27541682901045
667,3.0643889026815554
668,9.09601116276259
669,3.901937687198698
670,-6.62575988684506
671,16.339273889250563
672,11.987850802579917
673,9.219585902135929
674,22.17434830561475
675,23.986160331365852
676,-2.4641834106392153
677,-4.997626178884499
678,-3.182642341535832
679,-7.196360878498851
680,-0.9901651713108919
681,14.566905977727615
682,5.134626204007093
683,34.06575418539043
684,2.722014044994875
685,12.893591024643719
686,8.649574994362098
687,18.394180631329533
688,13.063962247540578
689,2.3071005917000047
690,0.9390252294633221
691,15.130691348963193
692,-4.5696476198477995
693,15.03916706142671
694,0.5323638318924466
695,-2.3797798972595103
696,0.7745105359794966
697,5.86723012950174
698,-0.3740102318128251
699,6.565979871649246
700,3.951430064418174
701,22.361467053295364
702,-6.231740770501908
703,-0.38563236896208863
704,14.998380650870406
705,11.200984366977572
706,2.764947374103551
707,-8.055808726412387
708,12.22295134329891
709,-4.123960023608024
710,-6.405722679713346
711,8.51489007535378
712,12.588362668058442
713,6.524389915961271
714,-10.638385672669028
715,2.125741569238988
716,10.00191687226013
717,9.56055766728467
718,3.1628672036403565
719,-4.17643368211014
720,6.966362774321164
721,7.265242048767096
722,6.421399303825483
723,5.790491781352639
724,5.566164962844383
725,11.159191743319731
726,-7.864597724177269
727,14.647048231841392
728,-6.278629577419533
729,-8.965240615071313
730,15.511744913780614
731,16.851179708443624
732,-1.5391956230162265
733,0.8632214196594425
734,2.8797987079998997
735,21.48244706624158
736,-2.04665365035293
737,19.60536475204707
738,-2.4043104824216357
739,7.635461173055427
740,5.447143246998827
741,-9.418863676647451
742,-5.8992005138845585
743,-3.425873502645704
744,13.968886907701556
745,9.596263455808334
746,2.493182720043791
747,11.67425848808634
748,31.901763003853237
749,4.593865119625491
750,-16.53924087887718
751,9.84128092596898
752,26.31835762780662
753,-16.95030598146868
754,-18.76207999910727
755,-12.881010697437791
756,7.17287607170627
757,10.425250884815666
758,5.733651282428518
759,-9.696469619323981
760,-4.862711681250165
761,9.49506980591407
762,-11.36229732366014
763,-18.794022845014133
764,6.07589032239127
765,-9.365339174887058
766,-7.079881681763954
767,-5.6311084249966825
768,11.012028947372935
769,20.600995176951614
770,11.821529780764745
771,14.5461821584271
772,-5.999322982747419
773,-22.475878554876076
774,-22.443299403229922
775,-5.2590434005047975
776,19.31060661429984
777,11.916830143123686
778,20.543145205767015
779,14.140653969485372
780,6.096042911911569
781,-5.98997460540264
782,6.6043706710719245
783,26.215757509145146
784,7.836217641920271
785,14.756906168724603
786,15.496788748188969
787,3.3922410430106282
788,1.5860354331199389
789,-2.2550715287404444
790,-7.107780077900319
791,11.169374782308795
792,-8.036150960386319
793,-4.484406590134871
794,32.035208801756056
795,11.968553641216417
796,-1.195385189715747
797,13.432826195315778
798,-6.320135407993092
799,9.39901875903994
800,-10.8993696993786
801,-22.55932434170807
802,-18.751440425939833
803,9.945359409256163
804,16.857293280002352
805,-5.659356682189326
806,6.737766253299489
807,19.909814920178185
808,12.64489761177106
809,-12.042692371727913
810,3.952237271474571
811,-3.670266757445418
812,12.800398053861818
813,-7.838589354846107
814,29.102296889374024
815,2.7734356700118976
816,-1.6115952128843816
817,-1.2953034834438242
818,15.586224144264119
819,-0.6337143592365315
820,-2.613816646612534
821,3.087149475666255
822,6.7361218021877285
823,2.6601047180837494
824,-5.557280808823897
825,-5.660589446928977
826,9.586896345468137
827,-0.2662689115986083
828,4.839345743021791
829,9.273005037933935
830,4.679793817129326
831,5.75734553410911
832,6.057037431314969
833,3.312819633314751
834,-9.966370378680175
835,0.8621053133944585
836,-2.1869152353831964
837,16.690484443218473
838,-13.257933703497486
839,10.12598492122713
840,-10.27478043970753
841,-2.924203946262157
842,-29.727934815854802
843,-10.872443408469021
844,-6.903268497374764
845,0.9612083483860392
846,-10.780557109479524
847,5.62933073156125
848,-22.694874132728067
849,7.965333706416258
850,11.041367564148961
851,14.293911970337428
852,-7.799891085516755
853,-4.4831349438853
854,-11.450787534786162
855,-9.903664750371131
856,3.864903459394963
857,20.375996980439446
858,2.815398786954237
859,12.09489485521824
860,6.733905433638274
861,11.168102642266543
862,-4.655456356344008
863,11.61738846178704
864,12.397016425043383
865,3.394356089987406
866,22.246602867595467
867,20.019790195149238
868,-0.19463524592820391
869,28.179754321811792
870,21.953141352869174
871,-11.705006366052174
872,-10.121306612675706
873,3.120763386887605
874,6.37187457640125
875,-6.326984620289004
876,0.59924904571883
877,8.253506862711124
878,-11.956745116822617
879,-14.490799573479723
880,1.815833672423052
881,-1.120779970137118
882,14.195821864999283
883,24.599037362594103
884,21.292789318698226
885,-16.51375065144093
886,14.15276597495743
887,16.153818153887475
888,-11.708091152183009
889,9.665593503927585
890,6.577053176682428
891,7.358984444616155
892,-7.840451917474777
893,6.069983702016987
894,10.241681870617173
895,-12.481892049129229
896,-25.942652309339913
897,-4.908454737540392
898,20.077222471928586
899,10.30004521424875
900,26.120721820131752
901,1.2393792154810548
902,0.34852050007347835
903,-0.02523743484028884
904,0.9782754882932654
905,-6.506595063722067
906,16.4011059338095
907,-7.673712923466081
908,11.258968916677848
909,-10.246816556490796
910,-10.38497736921709
911,-4.641563038924652
912,-0.9027471382335648
913,10.89186762195746
914,-14.61435660078163
915,-12.311550972754972
916,-3.2783761538146976
917,0.35900559432220724
918,-1.3070213724350737
919,-21.632072532164337
920,-9.150931521566076
921,16.86824370900117
922,1.91204756048295
923,-5.854446720872659
924,-8.584642968296443
925,15.47372479733766
926,0.489214086356478
927,-9.887620960850171
928,1.740874602365455
929,-2.5957493716360176
930,11.766407801860183
931,3.0137321844768934
932,1.4771164564592407
933,-9.769405007844863
934,11.792616097779357
935,4.998956164625293
936,2.9633588132662094
937,6.683444908004333
938,10.062200666213185
939,-0.7365898038491672
940,3.4932784613141337
941,1.01135141332173
942,-10.23187457542118
943,-4.286812289018556
944,5.115112969122949
945,2.119872675385581
946,6.454624403972161
947,0.5053663842478713
948,-6.867342475636235
949,-2.4900813926275305
950,12.831215554288631
951,20.222155439702252
952,-9.120779685776466
953,-5.3477163333232305
954,-3.5230770890406617
955,13.279350146203948
956,8.113371276745657
957,0.4982968469105433
958,6.341611474296517
959,-0.03118344948024898
960,5.380568063862112
961,-0.11747565995700882
962,5.5551727761184555
963,20.075852300827087
964,-12.097508756845546
965,14.490476872602729
966,0.5156917955604072
967,-1.0317805517039815
968,-0.27487250838997923
969,-5.127220850220063
970,-16.766013252146458
971,9.369199459054212
972,16.37049875867103
973,6.619992594321602
974,0.38721370170468816
975,-6.868310042198178
976,4.496939253307586
977,-11.431859999618215
978,-18.796486390934987
979,10.952107526894277
980,-14.817011790514503
981,-1.3661696739159481
982,6.219206302400661
983,14.291282894134863
984,7.384984682174268
985,-8.018566949847681
986,-17.065501089009892
987,-4.582956938773087
988,0.023070929997807355
989,12.555312077007397
990,3.691917172906594
991,-1.8475809199835105
992,-1.54931832120484
993,14.342585743386081
994,12.758656300820183
995,-9.036938140596416
996,20.573516137716805
997,17.083543341076197
998,2.3267664421536622
999,3.5856373213943282
1000,13.974180756624728
1001,4.911574721265334
1002,6.576059250369314
1003,6.8432846367445865
1004,-5.030464853620096
1005,19.35764571392145
1006,17.377629713436516
1007,9.032145869129613
1008,5.800092620583028
1009,0.46821483011390796
1010,8.222142100931503
1011,10.585355641562888
1012,17.21923847130389
1013,1.9304181836527405
1014,-4.888903995945661
1015,-3.5840522647794657
1016,-6.914159331133089
1017,10.807760979869878
1018,-0.4484779261046761
1019,23.033851926483432
1020,8.066160566189321
1021,-2.483306143990525
1022,-5.518234908791321
1023,-0.0009264525500505272
1024,-4.452097438380669
1025,-5.627502089079766
1026,1.5709056620297694
1027,18.768153770087746
1028,16.01429969549351
1029,5.3110224222090014
1030,-4.1416463855874355
1031,-10.070063579204785
1032,-14.015359176186813
1033,0.7081207557081601
1034,14.389679487461763
1035,-18.14886038717306
1036,-6.3223886315790665
1037,27.3205544124165
1038,-11.006818527089894
1039,14.698676910434017
1040,8.569577509925072
1041,11.050961267707667
1042,0.8036034380938535
1043,-20.81260391348672
1044,-0.527679216876642
1045,5.357319693952066
1046,-0.4015013735042956
1047,9.866491077887034
1048,-2.554690115341515
1049,16.816620123975085
1050,3.866488221548426
1051,27.952424162202902
1052,1.6689795973803854
1053,-0.8466658763123682
1054,-13.907319251446065
1055,6.895850362405739
1056,12.165979397733508
1057,8.563118394573202
1058,-0.6094762678771275
1059,-14.522029969519732
1060,-8.389281450384768
1061,-4.551546547949979
1062,0.7534023375169934
1063,-1.9398769163574485
1064,-10.074410065996645
1065,-6.368662374956987
1066,-8.164116062439252
1067,-13.01675349494915
1068,-20.508691015605315
1069,26.554833400837932
1070,17.935470700960376
1071,16.26664531056886
1072,17.47140730427342
1073,1.9210563857573284
1074,-9.348349372049448
1075,-15.562530469879146
1076,13.046282769254832
1077,-1.4733263189523704
1078,-12.134056058529637
1079,-3.372698912110341
1080,-5.3422462293860455
1081,1.8334022694870207
1082,-0.4583214419456674
1083,1.7598877851576056
1084,15.082756704838362
1085,14.059884817871534
1086,-5.188273731985198
1087,-0.43102230245044737
1088,-11.328871550678944
1089,-11.983548646333475
1090,-2.6394395849354595
1091,10.862806829368704
1092,2.3993769120279733
1093,21.976718194020236
1094,-36.34755110240812
1095,-1.4297956939907763
1096,-9.354841745863393
1097,-4.0642059644371
1098,-7.33896634299251
1099,3.4831226194877143
1100,-1.603133780184674
1101,0.27208691981038413
1102,17.749641996206204
1103,14.40171477764725
1104,12.739803589257463
1105,-1.1035347284705885
1106,14.641528479444327
1107,18.490715533318756
1108,-2.086655412870922
1109,2.8190297130534905
1110,-0.42548686000682423
1111,2.5231483376124277
1112,-0.09157333121325806
1113,3.0424700558728333
1114,-17.65938413649055
1115,-6.343032618646113
1116,-25.621795398132427
1117,-13.356965383506783
1118,3.721196976759879
1119,16.42323713965936
1120,0.7434115811859918
1121,-5.318532469478956
1122,-2.886228908078401
1123,-0.7679037631668777
1124,1.7530593514234418
1125,-5.897706314400008
1126,-7.393931488947917
1127,6.55105205517115
1128,-16.406915326320295
1129,0.09435859163365024
1130,7.369995095262064
1131,1.749494321597318
1132,0.37116038380001193
1133,-0.6278491110928677
1134,9.269841864012626
1135,-2.9150478811422964
1136,-4.5194208905392586
1137,-5.5366890328679155
1138,-1.1937315485131599
1139,-0.08035929867414993
1140,7.6950059895656135
1141,10.35158922181835
1142,-7.576825705677283
1143,9.360466382186539
1144,-0.8880320267584594
1145,-6.49620575504035
1146,11.755372911494437
1147,-12.829656007738965
1148,0.1664535940522569
1149,-15.718908171616501
1150,11.219558048058449
1151,10.42947155549949
1152,-2.300276443957884
1153,24.097545885213215
1154,8.555952723033478
1155,-19.82717055422831
1156,-7.85104759549537
1157,-16.926164922530745
1158,-6.193038018705984
1159,22.333660803074217
1160,-6.877786698615207
1161,2.284717257201656
1162,22.016266052087953
1163,11.320039351724372
1164,-8.078609421656125
1165,-5.822576682614841
1166,-3.671897478222416
1167,20.538420084804173
1168,19.214395094459835
1169,3.481211777652062
1170,23.316445507819786
1171,-6.077253399881069
1172,28.297298580734783
1173,32.45064017584966
1174,18.42705186477594
1175,5.182033718068874
1176,0.8260320773973415
1177,17.276699096430622
1178,15.158820606776072
1179,-21.25445956946391
1180,7.0414993495697225
1181,-9.836970575994055
1182,5.7194803241021805
1183,6.469354019307639
1184,-1.52056388046433
1185,5.0627463747798505
1186,4.223266831462446
1187,22.56141728308472
1188,0.8729482579350449
1189,14.058846746011703
1190,2.7846413785469153
1191,-7.173120353136898
1192,5.206694940613495
1193,14.361937238557305
1194,-3.4628035701990143
1195,1.935984556567945
1196,-7.519932208258787
1197,-5.95100550210373
1198,-9.875066493374511
1199,9.724720611012136
1200,-14.452361943328956
1201,-10.99979430101596
1202,8.205763562878648
1203,-2.9401364236811
1204,20.443452626613755
1205,6.075844824202202
1206,1.5270034225001012
1207,13.663446603220763
1208,10.824376683294993
1209,-15.700504549002247
1210,1.6233140766136902
1211,0.08563342503179427
1212,-16.80533991588834
1213,15.216983490985822
1214,-6.297668130317213
1215,0.7897936004798964
1216,-2.688528062592731
1217,10.165064675144814
1218,31.656298762588953
1219,-1.6592372115100602
1220,-13.265839040546386
1221,-11.971769672311954
1222,0.3851658067579091
1223,4.12919141709547
1224,18.19551244325132
1225,6.334778910364857
1226,-6.783104495896431
1227,-3.1673775196462763
1228,-2.3011996232168954
1229,2.990077053696
1230,10.442534603634595
1231,-8.815581746439413
1232,23.358007762900606
1233,-2.9765387676370487
1234,2.2272074599747693
1235,-0.30922057201492237
1236,14.70663558834273
1237,-8.968500926406112
1238,-14.316404260053076
1239,-3.914148960944935
1240,-3.2747106111966566
1241,7.738196996312244
1242,-26.51116731301444
1243,7.858831213101761
1244,3.704031072259614
1245,-9.318215696719346
1246,-23.980297998959472
1247,-0.5352720070186443
1248,7.418140221744016
1249,9.880154370135212
1250,-4.863302568469024
1251,3.499832499610317
1252,16.860883608021215
1253,8.430081227100665
1254,5.189769043063624
1255,17.481470897962183
1256,-10.474088666172385
1257,-8.191552577519072
1258,10.62870528320092
1259,22.733102292596385
1260,-4.213792129996197
1261,13.803082316813814
1262,-4.914959134515495
1263,11.08139916433873
1264,1.9993569533430406
1265,11.692272435930269
1266,12.33934661574416
1267,20.79703909769673
1268,-5.407177981183359
1269,10.454700202932127
1270,4.730140189604425
1271,16.243406452926756
1272,-8.013273726088176
1273,-15.172307253999492
1274,13.422319707811766
1275,8.910330594328318
1276,6.7947285289405155
1277,10.59450967389801
1278,5.567885542392558
1279,8.766857840450413
1280,2.588982797812527
1281,3.343500165831289
1282,18.98283469761871
1283,6.112600363952401
1284,-6.501160726860938
1285,-7.938357120051876
1286,-2.750095727954715
1287,6.265989263413026
1288,-8.013249130108232
1289,-14.277259086138894
1290,10.371140441177186
1291,8.887887931715209
1292,2.438571127892768
1293,9.01824623378588
1294,3.612259312074892
1295,-4.119138132766963
1296,13.177674199762667
1297,10.841462746693818
1298,5.858712157199426
1299,11.7043906589437
1300,-6.159625828268844
1301,14.34819883970188
1302,14.82658588150903
1303,-6.133754357587218
1304,-6.374419183989382
1305,6.293514185717614
1306,-4.413857117452459
1307,7.038314608716968
1308,-2.8455800717062623
1309,12.122551695037746
1310,15.854751180333196
1311,-11.87787711375174
1312,-10.82406586038644
1313,11.158710928896383
1314,34.522840797112735
1315,16.152814766272307
1316,-1.460883081800528
1317,-7.965545450587548
1318,-13.439007332418758
1319,-13.435235551306608
1320,-12.510178428768299
1321,21.39918349812414
1322,4.218527326330017
1323,-9.991099449087375
1324,18.13051976328588
1325,2.1678381126598474
1326,-2.4928419626108393
1327,-7.046841649668334
1328,-3.2340292696924635
1329,2.4031481611059675
1330,-1.684168582661794
1331,-34.34557637431907
1332,16.82150282963579
1333,11.040763431543422
1334,7.375279961373964
1335,1.5047477330670045
1336,-5.361558013249862
1337,12.749675204260152
1338,12.02364851303518
1339,2.791505247027729
1340,14.268317584727152
1341,22.36851759710976
1342,18.153983505183373
1343,-8.13383166064444
1344,0.4324549900512302
1345,-2.2847549970014107
1346,2.659130988647629
1347,11.700969186327752
1348,24.314806100050433
1349,8.886978874975714
1350,-14.053167686605228
1351,1.9129828293288789
1352,-0.38443952434110074
1353,-5.97261718118288
1354,2.328342842279877
1355,2.107001538124104
1356,-0.7384586007055844
1357,9.0706885420461
1358,-4.628354874736743
1359,14.031839529843896
1360,-21.463469275748082
1361,-10.905526335637742
1362,2.73644386100052
1363,-14.06022581974652
1364,-0.6905118365138883
1365,-15.422211803967535
1366,-2.084049968622409
1367,-8.478690670776373
1368,-4.386883607178426
1369,1.1510042023890925
1370,1.9463067865106112
1371,4.037194470068478
1372,-5.306309258726863
1373,-1.0282853597277573
1374,7.164164581826297
1375,6.115601971971227
1376,0.14415254559104795
1377,6.441957711920871
1378,-4.0258314072900845
1379,-11.742718982328409
1380,21.623529394001714
1381,17.98839947948857
1382,21.671835357488234
1383,10.359984870960883
1384,15.625504046695992
1385,-10.04086290751334
1386,0.45694328089172487
1387,7.322158160421251
1388,17.29684697844547
1389,7.28173639514673
1390,6.534055534018032
1391,4.607457659979589
1392,5.712049781749066
1393,17.84786807688427
1394,10.118196819294521
1395,12.702037175495047
1396,20.167888060044174
1397,7.3725922125463885
1398,-6.551908471020393
1399,-11.341697084452228
1400,-15.861125073509974
1401,9.160408872262831
1402,6.446796050519097
1403,-13.207829319812166
1404,2.0029173296598355
1405,-7.753395040642069
1406,-2.5000185586248946
1407,5.563719875688534
1408,2.9388600407709102
1409,-7.041271248029599
1410,-17.818582627798023
1411,-0.07899190909891729
1412,12.78551925952673
1413,16.435945903284644
1414,15.253266311360155
1415,7.428915138627881
1416,12.939757556191342
1417,11.46326714431233
1418,7.022548655064435
1419,8.018861287789155
1420,14.249329641288481
1421,4.434789875297348
1422,6.392225271467746
1423,-19.580563283614516
1424,0.8792207470023747
1425,-4.854602135897519
1426,5.6253836786193165
1427,9.400094845746356
1428,9.906704490580179
1429,-7.032551424352153
1430,-0.23280550308804493
1431,12.260640314760826
1432,-1.8015818887557664
1433,23.446328076319976
1434,12.728162416951164
1435,5.5337591009260745
1436,1.6937974666113433
1437,2.3409579832970717
1438,-9.332166819994853
1439,-4.424974908095809
1440,-2.7568898392927785
1441,18.04639572435127
1442,-1.4936175633811857
1443,-5.969913261634151
1444,-10.819435308564284
1445,5.683619622194204
1446,-2.1386466719176624
1447,8.721074703330519
1448,-11.73749492670106
1449,1.3804806274207237
1450,-4.175270871158681
1451,8.376728850056631
1452,-5.195396370475983
1453,-16.002248307710346
1454,16.114768497311605
1455,-15.132170722642144
1456,2.4031646386903347
1457,7.489495407329514
1458,-8.44410160089787
1459,28.081028222168673
1460,-2.6423024427453896
1461,-1.7003670691238177
1462,-3.0395860652946745
1463,-3.04637824360859
1464,-3.816020280414129
1465,-0.7736111973082131
1466,-5.99399147317812
1467,4.155613900898306
1468,10.356950221958908
1469,18.6051013585857
1470,16.303577764609752
1471,3.1427190692787867
1472,6.95484477678157
1473,4.2261204540812045
1474,8.698630017953217
1475,-2.633891000891847
1476,1.611792377409678
1477,-6.51370532374953
1478,12.967814524283607
1479,8.045820674514633
1480,12.147477546568144
1481,24.984088651156235
1482,8.062415116184045
1483,9.95791956478904
1484,3.6935082236384194
1485,8.812949714249939
1486,1.1116501798304679
1487,-3.8902635924079476
1488,-1.5536235358735802
1489,2.3400245609578914
1490,-0.9533352252459224
1491,-19.126533964612364
1492,9.475601321170963
1493,14.313390872115848
1494,11.898840949990987
1495,-12.219823994359597
1496,4.306580927043322
1497,-14.262886709950763
1498,2.577724044889445
1499,15.000426283711239
1500,-10.570002708078931
1501,-19.042160224957904
1502,-9.0061710959869
1503,-7.945196092499749
1504,2.903902173621697
1505,-10.171856328100812
1506,-9.945397262611028
1507,10.654267432896756
1508,-9.452567595004126
1509,2.989702343491592
1510,3.3321906646263013
1511,-19.486859286354402
1512,-16.2422518152055
1513,-2.5281231277422016
1514,1.9265988691358995
1515,3.304650782870647
1516,-15.751288744069129
1517,-15.728711839319548
1518,13.459943403834815
1519,-8.48715325437394
1520,17.96856107666886
1521,2.389824850763601
1522,-10.238228805959494
1523,12.917283197242105
1524,25.17491380715989
1525,-10.655797292169655
1526,16.734668660655096
1527,8.86398684919907
1528,-0.6330467959387356
1529,6.687131777547
1530,-3.1659433665150125
1531,-0.2654611731355274
1532,16.577421221083213
1533,13.536307706911929
1534,4.9442223475534846
1535,10.352008455573621
1536,-11.344325791677853
1537,4.882837598081403
1538,-17.406153686101312
1539,-7.379777885253478
1540,-13.252848000004729
1541,-8.031254308383605
1542,-8.349151631704242
1543,12.071452751251897
1544,10.649620119463915
1545,-4.203331627602424
1546,-5.4073807141297365
1547,13.198027731297183
1548,-9.226145045159743
1549,-14.808836020406911
1550,-5.394908349123732
1551,13.203794387661437
1552,13.071419150507083
1553,25.914671090788648
1554,3.79430845611658
1555,10.699891775863488
1556,14.697776779096506
1557,-12.351849628291113
1558,7.541658982310736
1559,12.485534533049815
1560,7.0200324568277885
1561,19.642547530027144
1562,2.6181487025414807
1563,3.6356476604836185
1564,6.3818163371214425
1565,13.245305554983611
1566,9.560991740791062
1567,9.565999558466501
1568,6.88815015247776
1569,-2.3643320089677893
1570,-11.62307583819431
1571,-6.363517111251095
1572,-1.1760071194224224
1573,-10.415414075898418
1574,16.089632414072916
1575,16.82506820707458
1576,-11.170761331820135
1577,-17.074363544999315
1578,6.113498899468643
1579,-3.245782694695489
1580,11.636732710983818
1581,-5.669198103605144
1582,-11.553326241378784
1583,-17.852432246003723
1584,22.933999674270133
1585,25.048564771435494
1586,-0.012988634231142271
1587,17.67457266186358
1588,7.728113603868813
1589,-11.816286864891225
1590,-22.51384319721344
1591,3.183928468713164
1592,0.4199923335592466
1593,-5.847957418147626
1594,-10.299217356785558
1595,-7.326090596280377
1596,-12.855450502026113
1597,25.217805845445234
1598,18.126551233906394
1599,-1.4693102802707685
1600,-1.904061105619018
1601,8.27875219052946
1602,4.9858812711927385
1603,-11.47685125157437
1604,-2.7193978564465553
1605,-2.8636987492490995
1606,-3.803891640875637
1607,-10.083433623717081
1608,-10.759837277172391
1609,6.175855586707899
1610,-6.751290276822669
1611,12.71682207736591
1612,0.7642826725521612
1613,16.56362207953325
1614,7.2540881905049766
1615,-7.097325666687514
1616,3.2444770194155144
1617,15.053801758338748
1618,2.365876239066651
1619,-7.910848033880651
1620,13.601078274631325
1621,7.6440412235346535
1622,-5.133973286494186
1623,2.785768177307915
1624,4.408978080634766
1625,-14.093896939544802
1626,-22.330608212691267
1627,-7.269794340061825
1628,5.453499492282624
1629,-13.519831637174619
1630,-6.600201348239185
1631,0.4907469118750942
1632,-11.240427899207852
1633,1.9057395611929397
1634,3.1393972961385934
1635,-0.3829910081893608
1636,-4.360757378212149
1637,-12.422804512532412
1638,0.920185429244496
1639,-24.94216103979025
1640,1.0727748445920344
1641,-18.858692507403944
1642,-13.060774418415225
1643,1.876139870211615
1644,-0.12580731301523684
1645,-5.6818481907025316
1646,9.6681696996552
1647,22.14588331331743
1648,0.5083900429323638
1649,-0.9813300003850323
1650,2.770470435000533
1651,-11.102382935821922
1652,8.105379111120328
1653,-18.89613737254546
1654,14.654236173176205
1655,-3.181369662102938
1656,0.406568491973081
1657,-0.005661407354487835
1658,8.368407542298801
1659,4.082191178988818
1660,11.126797773298385
1661,18.989196674649374
1662,12.885729930096208
1663,7.845209741062494
1664,-13.74392877698854
1665,2.319634497884625
1666,8.301649750057038
1667,-17.21933123954272
1668,-2.6826077350599036
1669,-20.09624036424728
1670,9.295650458384909
1671,0.8363740268415096
1672,-4.997600819562205
1673,4.870789531822734
1674,-16.620162090726616
1675,-2.671354923921765
1676,9.753585251078855
1677,11.473998948066946
1678,-15.645586642658376
1679,-16.805547325578402
1680,-14.881617995767698
1681,-6.8871651177303725
1682,21.781105682933763
1683,20.338035089904785
1684,12.845028073958623
1685,3.618834556090272
1686,2.353968713825184
1687,1.384603967837597
1688,-6.688164196941862
1689,-5.236951987578784
1690,15.149930825288303
1691,-0.022307681358014975
1692,-3.100689629122904
1693,3.031858092856252
1694,-20.114173849470532
1695,9.159458587176434
1696,0.9200525285911603
1697,-0.6675756237909987
1698,18.034829364351022
1699,-7.377081336282302
1700,36.509751810451526
1701,16.43208088575345
1702,13.712704086349625
1703,13.450018656016137
1704,13.28195212037427
1705,-25.197885948587334
1706,-22.499084174414726
1707,3.784766330555435
1708,4.611635836071811
1709,-0.026118042259525964
1710,6.970706349551584
1711,25.721752395205314
1712,-11.208996659644747
1713,3.3277408978709424
1714,15.875633573952575
1715,1.1753018914382007
1716,24.733676880316843
1717,12.833119390619522
1718,28.037313452415397
1719,-2.7883479851295476
1720,1.4956177789612788
1721,9.923566860201298
1722,7.9343172890654134
1723,6.82688120619644
1724,-18.484823901406003
1725,-9.190252701458665
1726,8.174918720478173
1727,-11.88935981697701
1728,-3.362934375534479
1729,-5.706477183058599
1730,14.046193283081244
1731,2.7914570298125163
1732,19.471113033131942
1733,5.442211391648334
1734,1.1789195690785146
1735,20.572861472297916
1736,-4.574361400798409
1737,-0.5736873229769586
1738,7.539399144421209
1739,16.57960920311174
1740,3.662937584379799
1741,21.216019111878982
1742,3.5941384599576924
1743,-9.418816733303245
1744,6.485974503648897
1745,-22.24435730923166
1746,-5.965879889422364
1747,-6.172501599855405
1748,3.080091767030048
1749,4.081054673093215
1750,6.436249914560086
1751,5.571862975636618
1752,-9.173231161320313
1753,7.596995505894599
1754,9.375953088208155
1755,-24.334562243500095
1756,3.020422462732963
1757,7.703959549379787
1758,-1.3145231670576827
1759,-2.9764173994614183
1760,4.491694601059798
1761,4.0854797261831575
1762,-11.103589244286994
1763,-7.247806437402481
1764,-2.6373948499351982
1765,4.928798384514831
1766,-15.328537506962896
1767,-29.370144193471717
1768,-13.36373132585181
1769,-14.309228605728482
1770,-16.361483528223133
1771,-4.172304404942295
1772,-0.1782018554314817
1773,2.137773171767524
1774,10.190219552032342
1775,15.756061139125558
1776,13.879458275580319
1777,3.206740530206872
1778,12.210209473263426
1779,7.133325823969397
1780,-2.844024840416971
1781,8.49032677964287
1782,2.3111530085424636
1783,-15.023948537553053
1784,12.646764367522618
1785,15.791159262052108
1786,-13.15263175179485
1787,16.18464127302104
1788,5.0595974421870356
1789,9.577533584032755
1790,-14.984978566642972
1791,17.3180652593629
1792,-14.655960939017127
1793,-14.918776406695052
1794,-16.999665013370482
1795,-16.346265086667962
1796,2.633131642674673
1797,-13.642335830938048
1798,-12.49505797554416
1799,-6.053298806990281
1800,17.565709344507187
1801,28.054698746281655
1802,19.109759576701812
1803,10.805684433526924
1804,-4.106654102523677
1805,18.065407931506513
1806,-0.48882757605826654
1807,0.8568516259208998
1808,2.9582508951953024
1809,-17.464133147518616
1810,-20.863928237825768
1811,12.117801011926005
1812,-23.560626193831887
1813,15.849679602156078
1814,-3.3441685338862506
1815,10.533254436504091
1816,11.27117246483506
1817,12.76451941414434
1818,-1.9703308741234693
1819,-11.077860809899846
1820,14.30411918976411
1821,13.102090951992267
1822,18.6688659094468
1823,13.306676410004975
1824,-1.3027158216101853
1825,7.646376803044081
1826,-7.239289454842805
1827,16.1098335580568
1828,6.6245253646104665
1829,21.379107668332644
1830,7.651974593221237
1831,11.096096927636085
1832,-1.0757467355028076
1833,-12.953733908135963
1834,35.51021650761061
1835,35.53391241754562
1836,17.099257303645636
1837,1.5466916287477765
1838,4.924046633108372
1839,-1.9358403801528254
1840,5.779513623570914
1841,14.561243408890908
1842,9.642400768503023
1843,2.3652251031285463
1844,25.752613134233027
1845,-0.7759067530664687
1846,-9.661996475703852
1847,-9.922128377364292
1848,2.653094131464284
1849,-6.337764615269425
1850,-22.29330771574378
1851,7.116644740215754
1852,27.42753578837313
1853,8.484005984002263
1854,-7.6440624061376425
1855,2.7270794974565433
1856,6.522330060553452
1857,-2.0705830782206505
1858,-18.320745990136864
1859,-32.541750771265725
1860,-15.71069816644787
1861,11.365854147813458
1862,-20.923556495978232
1863,6.6457073365244685
1864,-4.357372313266097
1865,5.607760251279203
1866,-5.375595327749878
1867,-12.701973024142521
1868,2.7434045309746917
1869,-22.93796868164877
1870,9.029222390053942
1871,79.13540769713273
1872,14.412127897927403
1873,-38.85716342304537
1874,-10.943572555539607
1875,6.518646117230542
1876,-16.525734263957993
1877,-11.79999980012882
1878,-6.345261801521602
1879,-20.27031762065409
1880,-20.064129787033977
1881,5.946718988720502
1882,-5.546421714130872
1883,8.67140365460627
1884,-1.9533757768960598
1885,-2.2117210197266175
1886,-27.35020062500272
1887,19.88599331825106
1888,-13.05562118256201
1889,1.3310629938980387
1890,-6.858599859808873
1891,-8.825518316009347
1892,-6.787489174464021
1893,8.451566694537048
1894,12.184417318230558
1895,-6.5580214284963105
1896,-22.10587623041586
1897,10.901838060775376
1898,12.424580713700449
1899,-3.443956636487272
1900,-14.394542221051797
1901,-13.973543026503094
1902,-14.538679075526645
1903,18.587403124238264
1904,-5.998392949012796
1905,-15.138590087401564
1906,-10.02785015557265
1907,-1.8710462401833823
1908,4.180820187345301
1909,17.512944662169673
1910,9.403298566791328
1911,17.04161111656048
1912,6.357431666438382
1913,-14.259608597090729
1914,-20.738516277546594
1915,16.270634173976248
1916,-26.71466491882493
1917,4.842467465226147
1918,-19.047131385561336
1919,12.484647287931855
1920,11.63211225141267
1921,-6.5407648450059135
1922,-5.8765421528147606
1923,-12.593288587896765
1924,0.9213210537066043
1925,-25.28944290308595
1926,-1.3000598081219579
1927,6.742580921660483
1928,-32.97578804496624
1929,-13.972727988263436
1930,-5.999226331310101
1931,3.8493431907314637
1932,-6.7870718471782645
1933,2.0771551759203906
1934,-11.139890195430755
1935,6.8253989548662
1936,-5.0188703125662
1937,-46.7123507126635
1938,24.954550409915267
1939,2.1244863831240846
1940,-3.7322236031038685
1941,1.2150092629424378
1942,-11.050327897687662
1943,14.494847389322473
1944,-9.698057860997999
1945,-13.540287949548365
1946,91.38388116171845
1947,14.025184757756604
1948,-5.882447999090314
1949,12.57716514030697
1950,-13.8137566696792
1951,-3.400572843452604
1952,-9.032410356612939
1953,8.534237452849078
1954,3.460639849560133
1955,-26.796040675335874
1956,0.20344708241787401
1957,-8.939656789299843
1958,16.785114517453973
1959,21.867612802915858
1960,5.6893871602342845
1961,6.145763851598176
1962,-5.3414916934887735
1963,-5.224084536674141
1964,-1.1832824775945205
1965,8.817253819985405
1966,-7.338446191061923
1967,12.683089661802935
1968,9.554916639019083
1969,4.300568361850557
1970,-1.3382784418589253
1971,19.393856336865532
1972,13.665711142472485
1973,24.01385458767124
1974,-0.3067227439832969
1975,20.74565551634373
1976,6.7882918080418175
1977,0.12794271406449553
1978,18.0109637015207
1979,13.201348760140569
1980,-1.9657716905321614
1981,9.099862184676514
1982,-3.9471994174607907
1983,9.438880021290183
1984,10.399982452413436
1985,10.769985545765593
1986,34.63978985107854
1987,0.631675283195511
1988,-14.196715690431933
1989,10.004520503376536
1990,-5.187369733944124
1991,16.07637142098003
1992,7.44306796547391
1993,1.6246085391634661
1994,-10.589936209629954
1995,-4.1041449165701
1996,12.760017315628872
1997,9.923897235429127
1998,2.9623830959842525
1999,-12.825597061135056
2000,-22.64114717513661
2001,-2.5494686763940173
2002,5.355818877034837
2003,4.415316960226972
2004,6.970043298955453
2005,-8.9735543610499
2006,14.891690963768163
2007,19.505472485180583
2008,-15.869756447358277
2009,-5.3962700333260045
2010,-15.204837019732807
2011,25.37829732666825
2012,22.146308232816565
2013,9.185333994727866
2014,3.8896541318143623
2015,-2.400612753826948
2016,11.83202984891054
2017,10.951133268002122
2018,25.603427310512934
2019,5.891177561240115
2020,8.880925116462455
2021,-6.843062208294054
2022,-1.925712306238914
2023,4.419778538659964
2024,14.299716587406493
2025,11.756784197060728
2026,28.90628061140341
2027,12.592412255450043
2028,-1.568687819958889
2029,1.6420985422433194
2030,-4.2838210461886135
2031,9.558322065984585
2032,7.254839783098973
2033,8.89871828026553
2034,16.80986698561265
2035,-7.45724793186033
2036,11.413342590813922
2037,-6.916203004483609
2038,0.44550524984370377
2039,-12.178053720637504
2040,-13.807784342965586
2041,-1.1420822967322373
2042,-1.123349698090312
2043,13.03465780404961
2044,4.194885862368627
2045,2.8912745634836288
2046,18.1370817148263
2047,20.605969392733545
2048,-24.529937278442844
2049,13.834264962828001
2050,-5.76628058726779
2051,11.5542905524869
2052,17.17277294989248
2053,22.622731384204236
2054,-5.4147733208887985
2055,11.404382092630042
2056,2.513963671078109
2057,3.571691193957882
2058,-0.4831250743048656
2059,19.647645269962485
2060,-1.5276134875663665
2061,-10.93174448168395
2062,4.385843037679644
2063,32.32397821882927
2064,-11.860945782551028
2065,18.796761196416902
2066,6.699775797755244
2067,12.97467079052955
2068,4.236130931218881
2069,19.196693394657764
2070,-1.705123718113601
2071,-4.572055097084235
2072,17.79949776995164
2073,0.6243124880180311
2074,5.74644826338521
2075,7.261822659331488
2076,25.714583604224934
2077,6.246792872090387
2078,-11.39493657788407
2079,23.8922954534924
2080,6.739585100647801
2081,55.78556474916445
2082,-3.9002578159113845
2083,-2.3644937789078995
2084,1.1552199266844632
2085,560.3427962342338
2086,-7.6153182444730305
2087,789.7841976766935
2088,6.187196643279901
2089,-20.023908666846964
2090,14.43757005758333
2091,-11.975071966072782
2092,-27.50818029465072
2093,4.670124923713805
2094,32.17721705222808
2095,322.8983479402817
2096,112.52145703006363
2097,30.91952403359
2098,-0.7988136972937205
2099,-8.044863250583173
2100,27.029711671512693
2101,-7.466607615140983
2102,-37.59045222902207
2103,22.2899594960371
2104,5.505408146189266
2105,7.013143386093143
2106,-22.7237102275192
2107,1.7996234851738162
2108,-6.291552833779427
2109,13.516948497637248
2110,-6.831674903078074
2111,204.9343346303283
2112,9.189216443336942
2113,1.501811499183848
2114,47.85735782779555
2115,7.0115254936711295
2116,1.6758572442933755
2117,-2.6862837954232646
2118,77.78624681577315
2119,-63.297388987720126
2120,10.949148950677984
2121,0.6520287837888006
2122,126.86599263972026
2123,-17.910802838035266
2124,11.023314051424077
2125,236.07002212256376
2126,6.9506303391125766
2127,-15.926320399077248
2128,-26.772739433672257
2129,350.3084151608724
2130,4.470664018947721
2131,16.49913073305253
2132,6.254879991978175
2133,16.133400041045302
2134,467.272013154282
2135,302.7875096778654
2136,-15.068495353702943
2137,-16.76333386343181
2138,16.505479470541836
2139,12.545042478516393
2140,5.215996178024236
2141,720.2349288119026
2142,33.15465541400595
2143,-9.570616240148077
2144,5.4051080209931825
2145,-24.420530828545402
2146,21.880129181868845
2147,13.911984149648438
2148,636.4308106663494
2149,484.5527067658107
2150,212.11659717522264
2151,9.581266194477388
2152,8.509413988880617
2153,23.384995764034773
2154,-0.5940776912768371
2155,-5.283529173766652
2156,-5.376288006238152
2157,-21.168919315056833
2158,-13.020535065499839
2159,2.6003488943024475
2160,27.71018031785853
2161,5.813039095729298
2162,7.60439327275496
2163,6.226074914748208
2164,-7.045701760198664
2165,9.841470454287613
2166,9.086118668506467
2167,404.03682946073275
2168,5.8439310037552055
2169,-15.979865271462202
2170,21.666977531694144
2171,-3.2637991971071223
2172,3.760322779957386
2173,3.1511805851538135
2174,506.4655861416803
2175,135.11178318730265
2176,6.436416067199863
2177,6.029953088911485
2178,13.122033390285837
2179,0.27841714896717207
2180,-5.730452965548075
2181,5.004636734634159
2182,608.8366558106803
2183,10.279686413842514
2184,11.071848679195128
2185,11.489557335613702
2186,10.478989538633023
2187,1.4637801314001777
2188,-29.711450716328045
2189,5.027844444321023
2190,-0.11442666520385103
2191,68.11945740442596
2192,-38.485435923377686
2193,-7.713099570478832
2194,-23.888144306804946
2195,154.77964339697243
2196,10.3576876718893
2197,-22.276511029998865
2198,-37.46791733505484
2199,5.439272158817488
2200,3.5515053466386846
2201,62.936548874244686
2202,110.35290773119578
2203,14.129764719204937
2204,8.790962983096982
2205,-5.813714588233854
2206,90.78943597117907
2207,-13.676613187814759
2208,11.079862303348925
2209,-15.184444522171546
2210,34.19781978793201
2211,-0.4988459083446557
2212,9.859828303433446
2213,228.2038263933415
2214,-3.800695773275798
2215,11.659897460898158
2216,24.455039731857
2217,-4.743111918135003
2218,-8.074344959915763
2219,6.2448696514789415
2220,-2.683770223384343
2221,13.839648100132035
2222,4.988450979352862
2223,-1.169738838342294
2224,12.510453177579608
2225,-0.7759429316467461
2226,-8.840765311075234
2227,-3.980067964284796
2228,-17.417321059083044
2229,44.17910588974662
2230,10.218678356636023
2231,4.246396857364312
2232,-10.544334561307775
2233,22.16827701942058
2234,-4.617913646247462
2235,19.88876033720652
2236,105.4315944399013
2237,5.348963183459709
2238,9.349582356019962
2239,-8.505877097535024
2240,-8.936256160780118
2241,-10.240393504407432
2242,203.4175564778582
2243,3.667053695682055
2244,15.960471762444456
2245,-1.3794158427182168
2246,-10.272641881829525
2247,228.5606697279262
2248,20.143948312140996
2249,21.10297638705853
2250,24.039226333555682
2251,-2.2700731523141826
2252,-2.3368223678718074
2253,3.2137628677020533
2254,27.837886275769897
2255,3.9064194707700395
2256,2.803645410060316
2257,9.017031780559849
2258,22.000710964570285
2259,-16.002475959609022
2260,244.81011294966385
2261,-4.10677320551099
2262,-2.7694783577975457
2263,2.2461839710068983
2264,8.56464899069513
2265,13.113341819637071
2266,3.3006369619854556
2267,8.004558229492858
2268,83.77595470603522
2269,5.451361767966288
2270,13.761952389743112
2271,18.247780627562644
2272,50.75198021501434
2273,21.68221896949878
2274,9.656370993000827
2275,4.286849823252485
2276,-12.814622534006983
2277,274.66954451659234
2278,258.020301212516
2279,26.40626506671357
2280,-3.8774166828120187
2281,143.13641498730607
2282,40.862270780412075
2283,4.376599286649277
2284,-3.168472736222764
2285,0.5464160411775918
2286,-29.761844100921223
2287,-33.517884507464274
2288,-26.931776163590378
2289,17.21535225842822
2290,16.379944715572393
2291,11.701055927995958
2292,-12.044203892927207
2293,8.55950712736152
2294,31.17546278003288
2295,5.183372686096137
2296,-10.751674600419197
2297,25.59952430487367
2298,-0.6638640029944973
2299,35.66626466573274
2300,-4.317640609208869
2301,2.7871671369356488
2302,16.029239531735083
2303,286.791485310578
2304,-0.2174075496306287
2305,5.749715141146366
2306,155.11000072363808
2307,14.72621368843068
2308,27.370380513993428
2309,-9.064697787909939
2310,16.00247576259426
2311,9.180521937545471
2312,7.679826982672672
2313,-2.165928938391417
2314,49.73374706011201
2315,178.0858292225322
2316,-13.65026715432941
2317,0.6813146738311087
2318,-1.49873426269043
2319,-3.1210765093982253
2320,4.541539691201519
2321,12.228679270939688
2322,-3.9382589215728565
2323,-8.796711038398229
2324,-17.40337061748005
2325,-9.91185911461081
2326,-8.284814075946393
2327,6.034676148860129
2328,-4.478743382497317
2329,14.122023480173203
2330,15.741460997579376
2331,2.039344235465345
2332,-13.451356513203372
2333,-3.243637554251343
2334,-11.498960299012122
2335,3.2353296828869595
2336,8.71033722259828
2337,7.511741826317866
2338,-7.325736525947207
2339,1.3935483685802126
2340,1.009369897188975
2341,-5.089891797441858
2342,25.87395654787371
2343,18.209675020276755
2344,-12.037065531728317
2345,-2.844713317092893
2346,13.76077537461778
2347,-16.557424589294477
2348,0.9608780437936328
2349,-4.9806709920333105
2350,5.345705645420152
2351,-14.322915320132754
2352,4.721483573066253
2353,20.553260933586905
2354,-37.02788876134812
2355,-38.338653863512754
2356,11.724482839422052
2357,-0.5735090394807614
2358,1.9503619180106302
2359,16.55435970807651
2360,-3.86118255610889
2361,-6.313960596952608
2362,25.526676798413014
2363,14.279041582597882
2364,2.790806302982814
2365,5.445377846169313
2366,-0.752781874982233
2367,15.214371224715043
2368,21.120818608328328
2369,-11.648703586160451
2370,-0.9517790515730375
2371,6.463566607718356
2372,5.315626961889494
2373,32.073307084709725
2374,-3.4211352713877545
2375,6.9456788202563295
2376,-2.4147536827376577
2377,-27.900040065807787
2378,-22.888166224016047
2379,-9.799225500756855
2380,0.33604422311159254
2381,5.0118391372859445
2382,22.376564145256317
2383,-6.66475105382219
2384,2.5839374217159286
2385,21.0185723084498
2386,10.562817748025074
2387,-6.710131534059116
2388,10.179200312390194
2389,1.5645234251420632
2390,-3.1678531455698398
2391,2.1093250389195806
2392,8.445729652130627
2393,33.72482651847234
2394,-6.450501949598419
2395,10.125587528091234
2396,20.433298997293228
2397,11.525783110927389
2398,-2.6853472859748173
2399,-8.357264137706547
2400,-4.555083223510103
2401,-7.552234425821037
2402,3.407033539297011
2403,-13.400187520708403
2404,-3.9355447133017627
2405,5.205026308617368
2406,2.344974773192803
2407,1.03329266862964
2408,-2.854715969020269
2409,-5.992491644064881
2410,0.9614000527507098
2411,-4.326119947350353
2412,-34.25068502758044
2413,13.025124236752317
2414,-22.04490401905899
2415,0.22475444904942776
2416,6.493313128786541
2417,4.444030328040119
2418,3.6234423078540647
2419,-3.965979879009101
2420,13.660281866515398
2421,-15.5336050845107
2422,4.496592060422778
2423,-12.627893979505988
2424,-5.976094365859488
2425,5.096835142593655
2426,-3.574413859511406
2427,-11.326615519091053
2428,12.604393121112754
2429,-10.358628229040772
2430,-6.261104309350198
2431,25.655460895086975
2432,10.938119178108362
2433,-11.464588315002207
2434,-3.542263542375782
2435,-18.20847033297465
2436,8.093306176980459
2437,1.1401028051683735
2438,-5.988044324017363
2439,-3.3260683757296157
2440,-34.33772904282728
2441,-0.7841319247616134
2442,5.334721225491162
2443,-5.80623983981393
2444,-8.89145454934419
2445,1.862388076273966
2446,-2.001241794679938
2447,15.74989518217109
2448,-15.673225833569745
2449,27.94153079809508
2450,23.65823703311256
2451,5.722356299970961
2452,-39.6483282544467
2453,8.908993221030416
2454,5.0926632233708204
2455,-6.436508383983096
2456,3.1358332319139883
2457,-10.010124743599096
2458,48.54229707863613
2459,20.249395556659078
2460,-11.1375122511886
2461,-10.570982385338674
2462,14.568426314963546
2463,-42.907767231209775
2464,7.474256119638698
2465,11.75299920001818
2466,2.222202106492885
2467,-0.5543890113835097
2468,0.48462421943762557
2469,4.667930815579634
2470,-26.45015935644213
2471,-11.762405789648906
2472,19.200367539111145
2473,17.8437297677291
2474,-1.8598121422567502
2475,-1.9514669000203781
2476,-3.8015628345767105
2477,77.24961498796921
2478,-1.667427027944889
2479,11.845807846287592
2480,-10.156186955273874
2481,0.5770365908226154
2482,12.30881334609198
2483,-0.5058488485824313
2484,-1.7939067426707211
2485,9.199379689522813
2486,-12.078535641157416
2487,-8.879524568321582
2488,32.220619216734704
2489,-19.324228030313954
2490,13.867661998990064
2491,1.2008917423534964
2492,21.612358546204497
2493,-0.10995539321245928
2494,20.234883899942538
2495,2.9461451615084435
2496,20.300240889834853
2497,-4.223488432356458
2498,12.71405581753839
2499,-13.500709463837644
2500,13.041028097816659
2501,-1.291888654500191
2502,-16.2371224399906
2503,3.620532153227092
2504,0.3495066057909977
2505,19.715977970522417
2506,-18.016129040810306
2507,-7.540324721372176
2508,5.499718941694249
2509,4.807073209330056
2510,17.276867024303517
2511,-27.627332236359074
2512,-16.647126372782722
2513,-4.524531067477664
2514,-4.527063732810532
2515,1.028541681812884
2516,19.901105458163034
2517,10.002794650319817
2518,0.6412250301353257
2519,-0.2806081506318314
2520,1.0590282925221999
2521,9.269175716473722
2522,-14.678489520913363
2523,18.630863222298217
2524,-3.686375294258813
2525,-3.5372290430636752
2526,12.861307937356582
2527,-16.301659783857318
2528,-10.454780942945177
2529,14.820568632830609
2530,-8.049531736708428
2531,20.24423375784516
2532,-7.092301566216332
2533,-0.4915742719440992
2534,10.139386041610635
2535,2.622163328873569
2536,-8.399583182576617
2537,6.992810494061471
2538,-2.5888143191954534
2539,12.21898416961729
2540,20.413328816539128
2541,-2.9398264928613393
2542,0.8542938029539915
2543,1.6613916825664656
2544,4.686956949615556
2545,11.106238096726456
2546,7.661932567440097
2547,3.283442967478976
2548,11.667845124637674
2549,-13.57510885600793
2550,-10.403087513189785
2551,-3.9470841817040423
2552,-6.571660118117357
2553,3.376502454067234
2554,9.290106603825222
2555,9.681466071257606
2556,19.720749029436444
2557,4.969552809306959
2558,2.6352454635559095
2559,-10.696022517244995
2560,21.890248352344393
2561,7.533879525813701
2562,-1.5627794504277794
2563,-13.148173843154588
2564,4.445111890378707
2565,11.872737965116464
2566,19.077423063183087
2567,-9.44186202946699
2568,13.753547919342619
2569,-1.3871181778457782
2570,6.382028623794197
2571,4.815526839633291
2572,17.766983205176636
2573,9.383659162190455
2574,8.42364023475701
2575,-5.922012745400831
2576,8.846366501444287
2577,-17.790492258866713
2578,2.1052518858183333
2579,23.014005497451713
2580,8.371850719343694
2581,-6.197842847751616
2582,17.64312523939012
2583,1.1752566083644602
2584,16.429667549303936
2585,7.081061790561723
2586,8.321818174153403
2587,24.741431084844674
2588,2.651376266983764
2589,1.4146003706178405
2590,0.02671251571415212
2591,9.976054257931114
2592,3.0120875578830226
2593,4.338082251668929
2594,7.973083511300869
2595,15.014259328523304
2596,11.848954563860215
2597,-1.0615255252840043
2598,-0.21720125964949943
2599,23.94692052041545
2600,5.951694618985217
2601,-0.32090471215289895
2602,17.430386507486364
2603,14.13802587701236
2604,3.3010639399743784
2605,8.556872057946531
2606,2.325265689326084
2607,-3.3523403919633985
2608,26.38331872096841
2609,13.85571282295974
2610,24.945586670880886
2611,-1.240215700508294
2612,2.2550501627977653
2613,-5.736268532285006
2614,11.636421209543908
2615,-3.0863148420561615
2616,10.395953285895716
2617,7.76907472462956
2618,15.485771654480992
2619,-1.2807883891558305
2620,5.589760986480956
2621,-2.527144218994632
2622,3.781479563887574
2623,8.504670441503432
2624,-18.90599279977286
2625,13.809010471865877
2626,4.61538748243712
2627,0.4618342106607063
2628,12.54369737845634
2629,20.353163064258233
2630,-6.533338472164722
2631,-3.6970862461171308
2632,22.011916431755395
2633,7.333396937204613
2634,-3.1568829177158833
2635,1.4463695200078117
2636,15.172385569350507
2637,-5.914254728656854
2638,-0.41722851679289974
2639,13.716755231094172
2640,3.0243211868814477
2641,-12.646325007433184
2642,0.3670970209732989
2643,-2.6345012098140472
2644,11.337639142929836
2645,9.007575461635383
2646,7.36530453171399
2647,3.6524280368361417
2648,1.235994317058152
2649,-5.397567716685824
2650,-2.506750280605111
2651,-0.17878565500403454
2652,11.152168597765098
2653,-13.570115065793644
2654,9.991449499465801
2655,15.549665898913238
2656,21.73794590398415
2657,-0.7750889030272212
2658,248.30387421282458
2659,16.61401819101994
2660,9.713775811966169
2661,24.85516048616905
2662,8.708298235092585
2663,-17.34117232231251
2664,14.646672006903263
2665,9.48374839877875
2666,-0.340874658790991
2667,13.624592998136233
2668,11.282043633526541
2669,5.440914634963269
2670,-2.0433783974015824
2671,7.2346190081388215
2672,20.62633775209475
2673,-14.279809457211009
2674,0.29029794845358126
2675,659.3593513747401
2676,37.27178833276445
2677,7.3410729070310925
2678,45.0448828381263
2679,177.76812842970804
2680,-20.205536871690214
2681,20.301209538426
2682,11.608366083758838
2683,-13.624402741539242
2684,27.700806278330333
2685,3.871969661782636
2686,14.027793488965099
2687,139.11828243733842
2688,19.127900394195397
2689,940.7729068765864
2690,93.78255268804556
2691,1.5641242078390132
2692,-9.12406242361369
2693,7.174740115359434
2694,2.30512507126617
2695,28.07039797343041
2696,3.3935541272183354
2697,8.11766121612978
2698,14.727195368024278
2699,20.08030812600992
2700,21.720037303466853
2701,-9.006326312685719
2702,405.8191724145283
2703,6.431875256848233
2704,20.656893880854657
2705,17.28530524833028
2706,17.935054536408447
2707,-54.987849637654094
2708,-23.494456747598846
2709,23.412497634488755
2710,672.9150972894265
2711,152.25129234299703
2712,19.675186891047783
2713,-13.907614615266485
2714,9.009921602996194
2715,-8.71225633481912
2716,195.11770402877397
2717,13.646842374572131
2718,20.31204159686548
2719,6.558935439556734
2720,6.943615081639294
2721,17.376056775438023
2722,18.163410435518273
2723,6.260872607333727
2724,4.901762224511835
2725,12.695009739022753
2726,-1.3260596790063808
2727,-20.457181858835753
2728,-6.531354828306082
2729,24.759707196014517
2730,4.9287942335404065
2731,0.6167522553142071
2732,14.055671136891384
2733,3.5345006480516794
2734,17.869723509622343
2735,478.69524114607697
2736,31.894187117405686
2737,89.31729983473211
2738,16.1095608107677
2739,-0.6554607819949894
2740,20.390720633989652
2741,516.8348196558818
2742,15.492003229133605
2743,41.218879318587845
2744,166.11303658330417
2745,0.9964958486854787
2746,-7.855043043348772
2747,-15.063513860418944
2748,8.316757880531776
2749,18.07144813326133
2750,-9.76197421857361
2751,304.95551669700853
2752,4.239332088119825
2753,-8.010891737753294
2754,-5.659023609543851
2755,15.323957226427881
2756,-25.997302174085974
2757,363.82842305802853
2758,10.022920842068945
2759,-17.8130145254287
2760,26.154159845116347
2761,10.838297100136245
2762,38.51514798703626
2763,9.477025184533451
2764,526.0056629697506
2765,13.581311526625097
2766,-7.616437430544508
2767,19.496866650800364
2768,-16.124414667566214
2769,15.255725050824738
2770,19.984166605456235
2771,336.39753362847364
2772,-1.1091764700936508
2773,10.317725428482428
2774,647.2358324388598
2775,34.14358443404383
2776,3.954660038257428
2777,96.311042649007
2778,2.4248509135624605
2779,356.3619731503268
2780,19.395949120731373
2781,14.487242522870865
2782,5.044602571327749
2783,150.63371023673412
2784,132.44714162519477
2785,0.709124127835338
2786,322.0625844915673
2787,-10.535644048058959
2788,9.455386043371544
2789,-15.602158577140305
2790,13.186487463140091
2791,-13.44323624974444
2792,13.625815568064688
2793,-12.5925784367777
2794,-10.91741115348307
2795,-1.7205714927611133
2796,4.495469297542433
2797,223.34797800766043
2798,11.462602197435311
2799,111.32366217398793
2800,141.47588057345502
2801,85.47953886275363
2802,-3.077880040956437
2803,-8.35858636574742
2804,20.230272068697538
2805,18.16295940757902
2806,6.678939438863848
2807,3.446112920169954
2808,41.241455944114435
2809,-3.517659135032858
2810,19.06379938563992
2811,-1.044826058280563
2812,20.231212925692866
2813,3.6383979023195554
2814,9.31592718160223
2815,8.095379611540656
2816,-7.903823901446167
2817,-13.684358803838279
2818,7.1277896033048975
2819,12.264684532949834
2820,1.7521579454301168
2821,5.726732131291506
2822,147.77839934746243
2823,-7.662039327368667
2824,-13.62878302310903
2825,-9.283631618630107
2826,19.077078432862262
2827,-0.5287270536215836
2828,-5.870091201096567
2829,-1.443702347675842
2830,10.12861209546557
2831,-9.388484239102645
2832,-37.95443119247726
2833,172.05603336554827
2834,-10.907785849931553
2835,-8.764928587064077
2836,27.416075757290425
2837,10.135716394894136
2838,14.719363533342657
2839,-18.55112911263916
2840,4.524187416328255
2841,2.3915014661913787
2842,10.943282270935477
2843,19.361242719747118
2844,3.580624037354994
2845,-19.788327018272277
2846,-11.628435730615141
2847,2.7071921525396956
2848,-9.650156963377384
2849,12.558136384686769
2850,72.91755832664718
2851,5.247895252707753
2852,0.6666471351383105
2853,12.175495538677573
2854,-7.69755097824121
2855,20.230548431037924
2856,-2.702540449609593
2857,4.680613953940425
2858,9.073917709569606
2859,6.264583944241663
2860,-13.571349340421353
2861,0.9866077035572296
2862,-3.7062592716074185
2863,-13.174907003766513
2864,-13.485519758925633
2865,16.62086097153906
2866,7.858577698325698
2867,-11.635510881055602
2868,5.556371023431684
2869,10.343624966314099
2870,0.2996030793133482
2871,17.591768772126812
2872,20.233674183852322
2873,5.442047901301221
2874,15.659505138263762
2875,-3.962353903732602
2876,10.652161430286382
2877,3.947416136144822
2878,2.6642005512214713
2879,2.5991236137257907
2880,-7.879841290533676
2881,12.32652386077306
2882,11.092519537626647
2883,20.310591669644122
2884,-2.2427648650819627
2885,22.477391144797583
2886,-8.071133163716219
2887,5.262564468457548
2888,373.0667497677472
2889,8.390338034627243
2890,-5.637735523497785
2891,-1.2248413327927707
2892,13.215522177119716
2893,129.5165751261954
2894,1.0106075680579725
2895,-5.491022616902271
2896,-1.9780129382410934
2897,17.377316701408727
2898,2.860451871190305
2899,-2.924555558077426
2900,-6.63796929270671
2901,-13.346077955648532
2902,-11.703613737664995
2903,9.127982661191655
2904,4.562912011003835
2905,6.6777590706049015
2906,-15.111591311014056
2907,2.571032787813941
2908,-7.229279774709315
2909,-5.071183506527468
2910,5.188971198542024
2911,13.623894291408806
2912,-15.949663958576785
2913,2.4767206997565463
2914,-13.380388107931758
2915,-4.272978818596545
2916,1.7175314942134623
2917,3.7477044181705885
2918,-6.733664948367373
2919,-9.657546358429439
2920,5.556829699155427
2921,-5.416957371822697
2922,-12.841584580563591
2923,15.106223582885002
2924,13.765377230990142
2925,-6.0144161071829565
2926,7.236690844153346
2927,-1.6935399983738684
2928,-3.8520955960864782
2929,20.22799203040569
2930,7.597411154568274
2931,-15.581591677041267
2932,-4.825303601738781
2933,7.263560282143908
2934,11.751941093558502
2935,7.637203134522741
2936,14.256138408330889
2937,14.0106741659292
2938,12.191516916242584
2939,10.060659412303806
2940,0.18388239629308245
2941,1.1227867705711159
2942,20.22699826220208
2943,20.226587819421972
2944,22.208849191085314
2945,3.4566800905725596
2946,-1.3406624817646922
2947,6.384524658535758
2948,6.308665166653553
2949,-8.768396472162557
2950,-4.622808002498505
2951,24.31005539847733
2952,20.23713667549935
2953,-7.5112542547100425
2954,-15.005483349907841
2955,7.061006891446404
2956,-3.813135235242271
2957,1.3788519817121525
2958,-4.600233740212815
2959,-6.535155653529632
2960,-10.931032915419244
2961,7.7288900553578745
2962,-1.281897013866903
2963,0.6723169435796752
2964,20.230576365623335
2965,-10.572608086553803
2966,10.369329996632116
2967,13.555019243503526
2968,8.399317056747265
2969,-1.5705183673244534
2970,0.9150308375812557
2971,-7.8775356563502115
2972,8.82956123711892
2973,-12.563803056198896
2974,-8.909105883846234
2975,3.6811690711260603
2976,-4.382468075967186
2977,-7.748839722781842
2978,-1.1705287718486552
2979,-0.5740230486136433
2980,-7.1215784108300255
2981,0.1596054199237109
2982,12.0035793980146
2983,10.261128864971816
2984,-10.78282426776553
2985,6.393340485133702
2986,2.9062549232698167
2987,17.88557395344281
2988,4.277196402218191
2989,-14.826926966573868
2990,4.316195407003024
2991,-8.16587326309024
2992,-10.793992571571017
2993,-6.729566202503005
2994,-4.854630692754746
2995,2.324996471302608
2996,-6.232419040997634
2997,7.97360862539383
2998,13.984904731717013
2999,-17.831079942574014
3000,4.496433882143524
3001,4.107702893098956
3002,-0.3916658990397721
3003,-1.0393125700976817
3004,-6.940796257378565
3005,2.8998608127771597
3006,-9.525384582680665
3007,-12.986081056831459
3008,11.208670305044667
3009,5.65403790881515
3010,-3.6828038386421262
3011,-15.280560057780832
3012,11.232406366680141
3013,-17.158075087382052
3014,3.395396827099683
3015,17.96534315378643
3016,-9.962468840664553
3017,13.477790596780753
3018,20.22307694692686
3019,1.9668712920629225
3020,20.223581014946255
3021,2.5381648706084423
3022,-10.219361921145804
3023,-8.005162970416439
3024,11.473314997065742
3025,12.410408412725449
3026,14.16027456229705
3027,22.2886912932915
3028,6.282687481074564
3029,9.612885762528808
3030,19.363805252139166
3031,14.365927955198561
3032,-17.53589580793337
3033,-0.11696723105339046
3034,13.251034110325108
3035,10.449029191837154
3036,17.970974230684504
3037,-2.0661389636724294
3038,2.496146581972045
3039,-7.775603762658083
3040,-2.255992701077428
3041,-17.487727623189635
3042,-3.9490602141252538
3043,16.103008535888886
3044,0.4266858609012658
3045,-2.7197780490867167
3046,1.236772783366625
3047,4.543144846491961
3048,-5.8607188778611246
3049,9.636898321352334
3050,3.2220766768496247
3051,2.1651990546433115
3052,13.707842786249984
3053,29.046327398902136
3054,11.585056392125024
3055,15.547327383047874
3056,2.243929961242312
3057,-0.6440189549047339
3058,-18.91895350406032
3059,-9.929505725384836
3060,8.112692210176522
3061,-6.032332418061017
3062,-12.12708587194232
3063,13.591049583472442
3064,28.519395671915138
3065,-5.63356065888264
3066,5.899968373637829
3067,-19.335907670032988
3068,19.955693662298142
3069,12.94635032031251
3070,-2.5839134913751636
3071,1.7451689466425577
3072,-8.679864411290776
3073,-5.74446481765283
3074,7.526414017618913
3075,-0.4426329962307882
3076,-0.7346051410108743
3077,2.0626566695245803
3078,17.16141760586418
3079,-8.080532268928682
3080,-3.831053400777222
3081,35.031701935127415
3082,-14.12399582982292
3083,2.192257306258579
3084,9.734841650292008
3085,10.861190781409586
3086,-7.2722154867739235
3087,16.97982226244342
3088,-3.5163313420349205
3089,5.316286452373243
3090,-1.8297232634365557
3091,-23.35627169064606
3092,-5.170554436695145
3093,-8.420816979175047
3094,1.3445733759886291
3095,-14.601735312622473
3096,-4.91913765580782
3097,-16.88276942597215
3098,3.6297937745774114
3099,31.19568992455563
3100,6.0887807823769045
3101,-7.841863436518864
3102,0.4310598959722789
3103,-9.166804950575067
3104,34.60878903247217
3105,-6.656726032361561
3106,-7.215100158685221
3107,0.666847108353954
3108,-0.6498245588135205
3109,11.324147738316544
3110,5.68836517941023
3111,-26.49967041273925
3112,-1.1220042268688708
3113,-7.616756111669279
3114,-35.870730795617824
3115,6.842224643456811
3116,4.243064641885006
3117,3.7442829591289453
3118,-8.057322085792308
3119,-6.0322431189973855
3120,5.752622578127562
3121,1.9915499045808502
3122,6.142105073586793
3123,9.881307662155752
3124,11.460018701223401
3125,2.8151008393196193
3126,-14.519681978614663
3127,-3.7059258899496683
3128,-2.931006198165729
3129,-7.878859774364422
3130,7.848546689482172
3131,-2.1739074057293344
3132,-0.29851949497039953
3133,-2.9916169653535256
3134,-3.300454569013695
3135,-5.283099205119516
3136,0.42722169521292663
3137,2.0789200016889566
3138,-14.694175970188358
3139,6.814006564777255
3140,12.377515490417071
3141,7.8413203024900415
3142,-5.408135571092625
3143,-2.433855419770264
3144,-6.267101476975231
3145,7.690371553201894
3146,9.066908299123998
3147,3.382939866863719
3148,-15.425837091386562
3149,7.108471889791311
3150,9.692678064091812
3151,-4.398420189656388
3152,0.6957078405904138
3153,24.430251871506442
3154,0.7112518123622387
3155,-5.152839551090974
3156,0.9438125377039785
3157,5.142764862452902
3158,8.344681587763484
3159,1.6352741013143621
3160,2.8641833977220603
3161,-0.6562680222671098
3162,9.46390861450999
3163,1.3030810982788434
3164,4.216333435610315
3165,2.6768290217955784
3166,1.0550981711057759
3167,1.0904893681915677
3168,2.5346486652634894
3169,3.468713207185864
3170,6.792708445749128
3171,-0.470795437441069
3172,-0.757474426881025
3173,10.4316335319119
3174,10.914018852565132
3175,1.4202526453459363
3176,2.3223983893917772
3177,7.6878211210946965
3178,-12.973778987798497
3179,-7.448869368737121
3180,4.1044368816336885
3181,12.819497833554756
3182,11.283984096338278
3183,-1.1052623217052648
3184,5.666827185033654
3185,-5.542074818255255
3186,10.843665907040283
3187,-14.784289421927308
3188,-14.155135393271845
3189,1.3359729759900354
3190,-12.67596873067783
3191,7.4112223888064985
3192,20.064301844237747
3193,-8.842397204066653
3194,-7.951337472153632
3195,1.3930884772471739
3196,-9.567738411316821
3197,-4.542384916216552
3198,-5.751231193071078
3199,2.902860026988254
3200,-1.3647783805606046
3201,9.942670743544369
3202,8.803563768050513
3203,11.288576269422066
3204,3.5187513645001705
3205,13.952921400139255
3206,-0.5635434502135261
3207,8.310978239218628
3208,1.6779061757579683
3209,-9.894039068336493
3210,-15.196017930089468
3211,2.4279191624381014
3212,-1.9657514688748883
3213,-7.062689099994973
3214,21.43308262306676
3215,6.110286159668481
3216,12.155926257776873
3217,5.792175054814374
3218,24.14018801700685
3219,-22.670135472549475
3220,9.188650309787004
3221,1.6533602375341605
3222,5.855534656034106
3223,0.8033451833852201
3224,-3.7661077229804008
3225,-16.660877625483344
3226,-0.18855259732027818
3227,24.735124489567944
3228,12.221350850187038
3229,18.37126291021803
3230,9.288170287539703
3231,1.086790223789336
3232,8.482830268801788
3233,-14.818501561311546
3234,2.9191741008764414
3235,-8.413374819612873
3236,1.5462335362319646
3237,-1.1620585084773758
3238,-1.9616485855146664
3239,-5.869015042453665
3240,11.568765661830739
3241,4.615511513709178
3242,-11.562014614967168
3243,9.816979329451058
3244,7.477016631556813
3245,-7.194748945318114
3246,467.50400702520534
3247,-11.722647615886228
3248,2.1540298546796635
3249,8.108599063338307
3250,20.019405046067853
3251,3.939052315609537
3252,29.4779316403182
3253,27.04752189173537
3254,8.274891848865519
3255,11.210907667801354
3256,140.59908132599224
3257,12.960192760221402
3258,482.6014366595872
3259,426.77853730724615
3260,20.986551017645226
3261,-4.647022523510486
3262,-1.4726323445034097
3263,12.560328976809531
3264,16.72684412538387
3265,-18.704656339819962
3266,2.53147788972562
3267,-14.750050620636916
3268,3.9504013103179005
3269,23.29912884963385
3270,7.5885269323786595
3271,44.57391479588556
3272,132.4751994078553
3273,15.409113697983818
3274,-23.48145415011041
3275,15.950768095621145
3276,6.875937846392077
3277,10.613266628016074
3278,0.006532606795484952
3279,5.261210101822773
3280,8.044271018650644
3281,407.07542192756443
3282,541.7208103841741
3283,4.812261370439778
3284,7.019692168895709
3285,8.839343665505702
3286,-0.3224962181307234
3287,0.7164362372755892
3288,-26.189506254947226
3289,23.66331642627123
3290,13.788146727509268
3291,-3.246964269738722
3292,16.156425837883067
3293,15.618384834410186
3294,671.7995505615844
3295,310.99750732945677
3296,7.9386310750036095
3297,18.564680882713457
3298,87.7557457512532
3299,21.053597426746336
3300,-0.5102819930678351
3301,16.219209057768257
3302,6.938670262671952
3303,-10.895413943746934
3304,606.9272554210718
3305,-3.7428007911294543
3306,7.635402052223061
3307,2.9084570890753696
3308,19.600640916605744
3309,-8.802442368871247
3310,17.08874508115252
3311,-18.755316710941734
3312,-5.301338846945846
3313,-34.0634369158509
3314,29.52839984664178
3315,13.72870787380753
3316,5.030738771275981
3317,138.91634578540925
3318,162.86847160287493
3319,21.844258799383425
3320,-5.2521071925115415
3321,-21.432289639397524
3322,23.193554604438237
3323,8.84238606915333
3324,377.1429131506877
3325,5.631711496407776
3326,-24.586855134279574
3327,-3.3399873551876844
3328,329.91946965447266
3329,11.840905691187203
3330,-4.771622802722671
3331,27.85269686303799
3332,-23.154747834148004
3333,20.69364626256286
3334,224.45330356997994
3335,-24.94307423619994
3336,17.569098575887846
3337,2.7068440994011507
3338,609.2679095514661
3339,-21.700679446641146
3340,-16.11148976596224
3341,5.28732353819189
3342,15.216806192685167
3343,54.46597001526626
3344,-3.5687605293422244
3345,-14.680187063485356
3346,462.8479012992512
3347,15.439461185332707
3348,-10.698543234918954
3349,-17.65102860376426
3350,-10.737224852482576
3351,-13.613939880305377
3352,-27.858528371706903
3353,12.562665180228954
3354,7.4756175579900965
3355,34.0496756116538
3356,7.042683419171453
3357,8.641455174276548
3358,9.710643780187645
3359,-10.663668390696962
3360,-4.780511382500876
3361,8.934277924294157
3362,-0.5306610570109385
3363,5.2488372127875635
3364,19.902810808644443
3365,6.6835729987980255
3366,133.3151078496693
3367,-1.016323527012041
3368,-8.276130076431716
3369,25.00151208758583
3370,21.739565788232287
3371,11.076243817286134
3372,22.084104066089722
3373,-11.515431584543009
3374,5.251483102114863
3375,1.2954659905236348
3376,-19.19035712699293
3377,264.5502961460874
3378,-12.239016370113749
3379,26.1523399088828
3380,2.6845808988103155
3381,7.368627340935358
3382,11.356860919758164
3383,102.98785673025121
3384,172.35731059472448
3385,24.72060711511611
3386,4.41664620119734
3387,4.045077524340384
3388,79.45494625526837
3389,4.971741673472593
3390,-7.841733486499066
3391,1.628335098943415
3392,174.58531071457733
3393,-6.247298297313744
3394,222.40101572857577
3395,1.4321061886042248
3396,12.247741400375435
3397,25.831096252383727
3398,17.689600439330697
3399,48.477795794593796
3400,-8.706396444086312
3401,2.7437345341609074
3402,7.900615130953376
3403,225.55901649445383
3404,1.4956773182508876
3405,-0.7531070368668047
3406,-4.740880699659069
3407,10.724164563527214
3408,177.55568857021893
3409,18.70875478742688
3410,12.98937998773198
3411,-3.8909046085751946
3412,26.470759371154926
3413,4.672836831397992
3414,-14.485804940056038
3415,13.679524952584536
3416,-0.05867756119518219
3417,23.01118738465754
3418,5.698568658454889
3419,7.253725730817122
3420,5.758035352526932
3421,4.1169534108575565
3422,19.9570804386003
3423,9.338518733568584
3424,4.005451155467345
3425,79.62789139336567
3426,2.2907333991862284
3427,11.658604263261054
3428,-10.220847000202468
3429,-5.7448642432079104
3430,24.872445317776425
3431,0.865340928001709
3432,29.00573090871115
3433,19.33222920457948
3434,7.474997473237707
3435,12.406190206749859
3436,148.75601773389735
3437,7.77104345793547
3438,11.75733265266614
3439,15.873218316595127
3440,9.103418429217662
3441,21.32055623366262
3442,23.327908593880046
3443,205.0826517525503
3444,2.020671940062943
3445,11.010363452219138
3446,8.88745740988702
3447,-4.2265930638755975
3448,13.16998672999302
3449,-8.734803607860247
3450,247.07725081413318
3451,11.751151577848427
3452,-7.650441176892695
3453,4.4516257961292816
3454,4.689235507453823
3455,5.691397152945857
3456,5.679988335500379
3457,-13.714281980556468
3458,9.626603890760382
3459,-0.022773417519744044
3460,14.441220293294979
3461,100.99781291381959
3462,12.366347527717025
3463,10.436804421229823
3464,-2.4453529201921995
3465,1.4308590350821717
3466,11.690248886442248
3467,-0.9176721542504289
3468,-9.235182713071165
3469,15.744899442694924
3470,6.046992540625707
3471,-1.9713143502196715
3472,248.1477821646338
3473,16.698322946284446
3474,8.079926077585984
3475,20.13136377533562
3476,50.30895027147009
3477,16.32255645366511
3478,15.284972656000033
3479,-5.710740991948942
3480,5.346287627421557
3481,6.193111492076071
3482,14.81983768684919
3483,19.361869772100857
3484,-1.7821860131468057
3485,6.102621157431907
3486,2.665290117390448
3487,-8.87868890391832
3488,7.796182498168637
3489,0.7522790826824597
3490,13.537245755299988
3491,1.0489521899254797
3492,4.517209717323839
3493,-3.4163601804343458
3494,-3.1610586919914567
3495,-3.2442726531387365
3496,-10.546193452633176
3497,-7.727856124376707
3498,-4.55183359853849
3499,-13.925846590798944
3500,-1.9190394972314344
3501,3.0292902255047895
3502,1.4752958361042818
3503,11.852506081414678
3504,-0.4263924016499274
3505,8.906432862712272
3506,-0.5512669136311708
3507,21.282952335431553
3508,20.942689151099252
3509,13.128487192103227
3510,0.923914989477618
3511,-3.200506626141994
3512,-0.8033437912521251
3513,17.060208515674905
3514,0.13059156571059916
3515,-10.496222311807394
3516,2.9553391340529203
3517,14.848596205042536
3518,3.2237266739977066
3519,-13.525793321838687
3520,-5.315751534597926
3521,10.128708375653986
3522,-11.293336418432542
3523,2.2881905791053825
3524,2.7346982835637768
3525,0.7068720759778593
3526,5.679873914332106
3527,-5.2302514765859875
3528,2.0400829908063685
3529,-1.6115907073170952
3530,9.492830975578604
3531,7.9328043384564655
3532,11.884290027345411
3533,-3.0025361754864903
3534,-3.7417430013143615
3535,-0.9612033426651152
3536,8.054072391117645
3537,-1.5975887180088115
3538,-1.009776071412169
3539,2.182803653529973
3540,0.14133044367496694
3541,3.0519959718830556
3542,-1.0205312779424318
3543,1.4903329411290756
3544,-12.565119748368062
3545,-12.447297640304388
3546,7.826762460916498
3547,2.270248307749151
3548,-7.702205500539055
3549,5.007637780657037
3550,2.511900397408512
3551,3.1797537849979722
3552,-1.6007761571114152
3553,0.6124839677972993
3554,-19.414910485085016
3555,9.703541558527263
3556,-0.611392680783716
3557,-2.5800225594250428
3558,12.789069811751073
3559,13.944875898090944
3560,0.08702454958823225
3561,4.2422175333965715
3562,21.134710596541574
3563,-4.525972775771315
3564,-0.9757622233762966
3565,2.2448407551548026
3566,-0.8060587103253205
3567,8.00025210421206
3568,18.583962265206598
3569,-11.860714765376304
3570,-1.041085237398324
3571,-2.26821484781998
3572,-1.5698838684552179
3573,16.305707456440974
3574,10.45642213893644
3575,-10.66712904290306
3576,1.6889535802056042
3577,4.944139550733038
3578,-1.203344416720963
3579,-1.1974691148094614
3580,11.11049308743236
3581,6.987619687173586
3582,4.107095613081425
3583,19.860902892778512
3584,-3.769041698342967
3585,5.840726279314303
3586,22.09177921616706
3587,2.5624524374772903
3588,11.95204633706999
3589,6.816971110436093
3590,15.706557627896663
3591,15.06040429889728
3592,20.09483416407339
3593,-4.764747251897994
3594,-5.107308585647939
3595,-5.108185058587349
3596,-2.6152194115871126
3597,18.753294721295063
3598,21.535549802161718
3599,-2.2209855762009987
3600,11.155805208570646
3601,7.416673743861237
3602,6.471135164372244
3603,0.6183905512532899
3604,10.013929040592114
3605,10.186877703207628
3606,-0.5599004451191298
3607,30.71846678914864
3608,-15.835962836623715
3609,2.3916628188356626
3610,-13.50426018109766
3611,4.404366824024818
3612,-98.6456689674871
3613,1.465288466889767
3614,0.8969968208586003
3615,10.90282358059247
3616,11.015634511225498
3617,-16.73712730278111
3618,-24.131826595896484
3619,12.256616618294407
3620,20.73603119382232
3621,-17.67309656448392
3622,-16.331357225276847
3623,0.8249546893496777
3624,-11.680682039868657
3625,-1.794085947017841
3626,-7.507574719973839
3627,21.846033647084475
3628,1.5456348020549715
3629,36.91451053527018
3630,-2.853607424998966
3631,18.531909680377133
3632,-31.74495727152906
3633,14.724117408754104
3634,23.759255339788403
3635,-23.01346280298845
3636,-12.707853801894718
3637,-20.381286247629262
3638,-18.686275342608795
3639,-4.478695704481915
3640,-33.953612169416694
3641,0.8731239014115086
3642,-10.452662297700481
3643,13.099585213818042
3644,4.9408886630471045
3645,-12.852160075950668
3646,-1.1902230797746078
3647,12.964787707873697
3648,-5.029170211152643
3649,-6.287722093103245
3650,-40.21332680018754
3651,-5.7155938928389105
3652,-8.580212985261777
3653,3.7602791865042366
3654,1.0014449107744827
3655,-16.379730666731817
3656,16.805619045233506
3657,31.711626422507315
3658,-1.2162876855629001
3659,-17.71617593704778
3660,-20.73992183367274
3661,-9.844208457363646
3662,12.91392181397875
3663,-11.736056376899942
3664,1.9538892069880411
3665,-22.290145757184064
3666,-17.626945115795564
3667,-10.654199125312466
3668,-32.84604748753968
3669,5.2769346275731
3670,3.8497940829175565
3671,13.367626564209809
3672,-51.15096508697238
3673,-21.128975702330678
3674,-19.136802954674096
3675,5.67991165754283
3676,5.376377710584411
3677,10.728997537930592
3678,1.8174766859901812
3679,6.734724865890048
3680,-4.902879839923333
3681,-38.490577209441255
3682,-27.348691162818632
3683,16.172155065229394
3684,-10.143851535739977
3685,14.262594342636735
3686,-12.367086916905478
3687,10.32485168354673
3688,3.9067260552101644
3689,10.75496701363341
3690,1.2116090724627657
3691,13.87628707563531
3692,3.5123822690980795
3693,5.056338402727091
3694,12.240888342535811
3695,-14.753218836847669
3696,8.772747827617954
3697,-18.43186579605095
3698,1.2176071554022379
3699,-17.84751942649808
3700,-12.759259947761052
3701,18.012010986201144
3702,18.038477679053006
3703,-10.641261056337736
3704,-63.48220790802375
3705,21.18247419113586
3706,-26.168515513430513
3707,-1.4963375402599368
3708,-4.915397883894194
3709,9.566751434507369
3710,7.318621768641954
3711,-5.813714261723067
3712,-10.711486357491154
3713,-16.45516992061735
3714,3.1294944084129437
3715,-10.013980258139156
3716,-13.99024778556743
3717,-17.949126136253554
3718,-11.383464001262624
3719,2.3592181822878704
3720,-3.354699081265405
3721,-24.96124369703118
3722,1.7274378185706265
3723,25.787241703342694
3724,-33.290335123909564
3725,-2.4710767040335924
3726,-17.3887409915858
3727,-5.903041500756768
3728,-55.22771781337842
3729,-5.550078622213796
3730,-11.97988401541182
3731,11.671209330216566
3732,-25.778334838172
3733,0.5877402703439518
3734,21.271574691318104
3735,14.674780022153211
3736,-33.149848806059055
3737,-8.525640432666354
3738,-52.5033951442109
3739,-3.2236783586499556
3740,-5.69478148882526
3741,3.3828458522910942
3742,3.0770232860105367
3743,12.742244453694813
3744,1.7282876808083039
3745,-11.760043888958048
3746,-0.010732585357210667
3747,-42.579337259968405
3748,-28.435630790915162
3749,-18.16523780994749
3750,15.216465328511765
3751,13.393278790667893
3752,4.385639018435157
3753,-15.79875420625882
3754,-19.94540210842414
3755,-6.5196316037320585
3756,19.603839373733347
3757,7.860487500682806
3758,-11.854866953938785
3759,11.736437994236177
3760,5.927120168754934
3761,1.475539544470445
3762,-28.51891998485759
3763,6.619523458791036
3764,12.273419881255236
3765,4.356504332177758
3766,-5.000212734898145
3767,4.027450355887304
3768,-25.673065805402565
3769,13.66975472385016
3770,27.354023559996612
3771,-7.745090040161372
3772,-10.69424441050127
3773,23.434951226146985
3774,20.68474710620513
3775,-19.1944292831783
3776,3.0634004074591736
3777,24.697837033176484
3778,-0.718351819236208
3779,-14.600823194902446
3780,3.8044971340269367
3781,-0.09260470368306173
3782,7.849420979525831
3783,19.567410172452306
3784,11.773782969177008
3785,9.257977695259102
3786,3.263636671301228
3787,12.263622360485627
3788,20.29682594120265
3789,9.902025906180722
3790,13.533268819432697
3791,22.363279147413287
3792,3.3229532160929853
3793,-5.142896479028895
3794,-13.10713611358456
3795,11.40024464662141
3796,-5.639618714828053
3797,-18.243024360982858
3798,1.7557802055282359
3799,11.52582952113732
3800,-17.656000378782245
3801,22.039348241702836
3802,-23.9874430336326
3803,-26.1686398452715
3804,6.223303336803093
3805,7.205387182501163
3806,-10.701208034808076
3807,-8.770638286503676
3808,23.538063331034024
3809,-4.341275478972566
3810,-0.1807456213416252
3811,-19.95313853087511
3812,19.162051704973052
3813,-25.656557152541943
3814,8.418775045687823
3815,21.77998828726808
3816,16.888679570537033
3817,4.9589800863323745
3818,13.232845706023419
3819,4.437367311095427
3820,-33.57671967228802
3821,8.051556365996042
3822,6.26746947542666
3823,2.486504912564154
3824,11.003100632643818
3825,22.205905789618978
3826,1.7191959720703363
3827,-23.322321949155544
3828,4.285482837268605
3829,2.1235268793284714
3830,-4.315799402641364
3831,-9.999436107705694
3832,-4.844515843774115
3833,-3.674063841659475
3834,-6.936479733130778
3835,3.6895477153538785
3836,5.129079123719029
3837,-19.608440118819253
3838,4.921633314285485
3839,14.373447378910962
3840,8.218241175293212
3841,-13.699889451896926
3842,-24.9194843980953
3843,-18.00239724891142
3844,7.200152813509872
3845,9.647146575514824
3846,10.607230459455423
3847,-23.70938453087131
3848,18.3870441249275
3849,9.296246647737025
3850,3.0043117417849956
3851,19.50252030410082
3852,-21.33104789337689
3853,-22.50737844273017
3854,-4.353534371571431
3855,-18.82630095298903
3856,-33.18789327542278
3857,16.664204771127466
3858,19.27539361755988
3859,3.5508788864477356
3860,-16.500914605433053
3861,4.243287115775194
3862,0.09599364377066166
3863,28.54798524980866
3864,16.71629590610266
3865,16.781877859886766
3866,-0.2331732556446653
3867,9.910054845375885
3868,-1.6583057476109886
3869,-21.6124219151533
3870,11.352551704582083
3871,-12.437162530560897
3872,6.417108879570364
3873,5.845935748986182
3874,7.7814421983842905
3875,-2.508664071863599
3876,13.672918699860489
3877,-18.469870962086475
3878,21.71357002186906
3879,-8.330411564477675
3880,-5.512152674282483
3881,-19.197615669682072
3882,-18.410016994745753
3883,18.18142283790652
3884,5.643192288293854
3885,5.460525834197188
3886,8.49178649184983
3887,-11.00048832369724
3888,-4.810253755119046
3889,8.743148207130822
3890,-16.256922245279
3891,-7.269771285025222
3892,1.6729189194651894
3893,-4.423259331234192
3894,-6.3370519454643315
3895,12.081644974585359
3896,10.429294442000405
3897,-22.998969790317147
3898,9.761670585880434
3899,-6.187178728839644
3900,-14.298694118007589
3901,16.850665368724407
3902,-9.101050003483042
3903,13.089463281757471
3904,1.0028554001065473
3905,-20.892200607467608
3906,8.68588059366717
3907,-20.216299065205753
3908,-33.900149850352584
3909,4.757932754726697
3910,-18.780838895672893
3911,-19.207521658204087
3912,-22.394048030700702
3913,14.456288540022129
3914,-23.214455800956387
3915,8.336828646059779
3916,-7.876039580271055
3917,20.652650745909387
3918,-22.5822961686735
3919,-24.354280330534493
3920,0.046575406657105134
3921,14.909116359945887
3922,-3.734258805399854
3923,-12.531365054245022
3924,10.682887125585264
3925,11.18448805015188
3926,6.282838906418521
3927,13.561043673625363
3928,-1.1963131963697222
3929,-0.10896389364981829
3930,13.230964837861352
3931,-9.273004799709664
3932,6.3854530569327945
3933,16.666716881097706
3934,15.295881526884544
3935,31.79710360525341
3936,-16.549924692359035
3937,7.5454515110348765
3938,14.427912030464785
3939,18.67779359721357
3940,-15.848836178882948
3941,2.1721117296222783
3942,-11.266795155604918
3943,9.78403441543212
3944,-6.434410687351143
3945,-15.703791892812191
3946,-28.875351119039905
3947,-3.860391689490058
3948,-17.556597731208313
3949,-17.840502118190066
3950,-11.888300404532941
3951,13.452472606078583
3952,-24.175608665942484
3953,-0.3364228516302781
3954,27.551094835572968
3955,-5.253159906717517
3956,19.08762163010048
3957,11.552816663133989
3958,-7.568882741396074
3959,9.094112100500976
3960,13.682722278774488
3961,-13.088604865968573
3962,-19.597643179400293
3963,-2.387208105625799
3964,3.7200139989968477
3965,-5.977190826509158
3966,-0.1671685226107762
3967,-16.93533350828048
3968,5.183738749514617
3969,12.248886567580056
3970,12.44884814019925
3971,-2.016809518081743
3972,-6.190602377195482
3973,-12.661304533240024
3974,-5.080486386179846
3975,13.820454577719387
3976,4.265802479963201
3977,31.973463325570194
3978,4.630510772253761
3979,-31.821510214063416
3980,-2.3408696000797597
3981,-10.410379790705775
3982,-10.250812996910131
3983,-8.460711658322605
3984,3.160516887404752
3985,16.873448798345507
3986,175.26578187255316
3987,8.4694009443723
3988,699.0145606323629
3989,16.202751523475442
3990,54.2656557891113
3991,2.2490855740604907
3992,-19.373438672065134
3993,-4.498371229063924
3994,25.305257899093206
3995,0.5071298781254203
3996,668.0595848429837
3997,17.062696221461504
3998,14.905991298323137
3999,62.12788459579678
4000,-2.0103181085578257
4001,3.7633555699247196
4002,5.441801006896137
4003,237.41885397935465
4004,-24.663144304781518
4005,-41.027632984172726
4006,-33.24940564188768
4007,-64.82847368823423
4008,594.5726247627647
4009,-30.59622615308077
4010,143.13860964624507
4011,0.19093068409044633
4012,-14.395576120805156
4013,11.801239776295187
4014,10.614970237870882
4015,-17.60241516648493
4016,-3.8520540234064278
4017,553.9057133860373
4018,5.569023462017096
4019,9.265419721172318
4020,4.9677207181722345
4021,16.876645063294237
4022,1.3436492197436163
4023,-9.494262333469312
4024,3.8044168032183148
4025,13.946449280783469
4026,28.856109368512872
4027,-24.085406648932135
4028,7.035356854027958
4029,-17.921356120382846
4030,701.103048441447
4031,16.964664477432844
4032,7.6159004448130645
4033,166.12893386337325
4034,29.487861243884204
4035,-16.25305181264458
4036,-2.3442226067425445
4037,5.477824144857026
4038,1.761833198825272
4039,25.189417210877103
4040,19.004850110232635
4041,-17.25659445542132
4042,13.146565664036041
4043,-12.720046183131043
4044,-13.46475434272686
4045,571.0611315406326
4046,1.828090209345083
4047,9.700163280184036
4048,2.9762346023729265
4049,1.8844428418562664
4050,165.22608283512278
4051,924.5750380577709
4052,-33.32481634681053
4053,421.3922390832887
4054,389.39074181147635
4055,20.683147574658566
4056,-5.331976339736244
4057,24.59929937156648
4058,-10.454816655262736
4059,-3.3496474312174804
4060,832.7748764121746
4061,16.06401345959276
4062,47.66446688976201
4063,-3.6889322195453325
4064,14.689271017400443
4065,208.10230240048747
4066,-23.078052253560607
4067,8.0098016805862
4068,-9.70705635670009
4069,3.3042529626875687
4070,14.34056952385475
4071,-8.703259767143543
4072,-26.242459528131157
4073,23.294990974958495
4074,-12.66796836863342
4075,12.859995972151667
4076,-2.118715775331843
4077,-4.681365578473702
4078,-12.344317831884883
4079,-36.05989802491276
4080,28.20311599245324
4081,226.30695210364064
4082,8.157401907496093
4083,512.1412540791027
4084,-12.25980755856838
4085,8.810047185147166
4086,-16.804695457575377
4087,-15.143392263290746
4088,21.14224361472847
4089,-24.202357974135047
4090,-26.518519969524327
4091,-28.70796573127427
4092,-4.98326604490196
4093,0.9632163213608145
4094,4.366065236021392
4095,-9.10195133380224
4096,14.688115955832869
4097,-6.0054698936794715
4098,-7.586625265789248
4099,18.902319391253528
4100,-30.14999608011543
4101,13.608892146017975
4102,196.40496850355592
4103,812.4272751516936
4104,-15.255121724047424
4105,23.87528956876439
4106,138.48942074186883
4107,42.89251836718002
4108,-28.578996689233307
4109,213.37670394626042
4110,6.303230986529774
4111,-10.370306014646335
4112,-73.85452740792094
4113,16.702166590376173
4114,-15.279399539628525
4115,11.367726469280981
4116,6.1623103387302205
4117,9.418924125781706
4118,5.071761497655379
4119,21.01536864167614
4120,4.90290303879028
4121,733.289548361853
4122,-3.184160270781213
4123,12.163329772970634
4124,13.880535035875136
4125,95.62934983641351
4126,-0.6552621851135427
4127,-12.871595635917153
4128,5.697163856291917
4129,16.278853035734766
4130,2.906945838821594
4131,27.026364225002695
4132,10.743796508608252
4133,229.28605919917752
4134,-0.5274892674951595
4135,0.13054338680573707
4136,738.3988159638981
4137,-17.46115088773312
4138,27.58554871099806
4139,7.472071234429093
4140,-7.198374692031674
4141,15.466679438731527
4142,283.9875083004112
4143,580.5445860313039
4144,0.23091902084406435
4145,-6.5127420117793555
4146,6.78616784223189
4147,-0.723648693589034
4148,-9.456955624367644
4149,10.953936633303309
4150,-14.96999192621815
4151,17.668537912603888
4152,-2.4757070414952196
4153,-6.45192915307533
4154,-17.99408762501305
4155,30.471672209822998
4156,-4.40820162220783
4157,-0.6737801746212817
4158,5.598971317128491
4159,10.547645535707534
4160,-16.048991060878315
4161,509.73791621118926
4162,10.837799164027686
4163,6.998858566874469
4164,0.40748446053997256
4165,6.733718381678068
4166,179.94802997597168
4167,316.4440331952162
4168,-8.618097766591834
4169,-15.808626506935163
4170,474.0908620188802
4171,35.7464197168546
4172,-15.633764633730152
4173,-30.438255968164434
4174,-25.493497344967082
4175,-38.529445145748504
4176,-78.82237978745057
4177,-14.027737892139733
4178,9.063685997225837
4179,8.215026700611295
4180,645.2176286676325
4181,6.864810316465668
4182,631.0381003623204
4183,-4.1171180022016785
4184,72.31226997248076
4185,6.6029031707483075
4186,-8.829149141586893
4187,458.80893162095487
4188,63.913070945375864
4189,-15.674000561812079
4190,277.2606586735994
4191,91.67745795584818
4192,7.063013907634872
4193,237.56890859609857
4194,218.88879888552486
4195,2.8677806448028527
4196,1.9267273572990185
4197,3.4416394078630965
4198,15.070218069135697
4199,-7.602011007716108
4200,19.153254279341898
4201,67.88339719234432
4202,-21.796214970830626
4203,-11.082434354529703
4204,-24.94772548268564
4205,-10.055533905758903
4206,-5.561019356094068
4207,-7.84316607506813
4208,159.78899140035327
4209,14.872340737141727
4210,12.169219468569912
4211,-3.522329005892047
4212,-0.6678223346023735
4213,-1.5547515288341067
4214,-5.6401063437244545
4215,3.2224351199965113
4216,6.834904395930277
4217,353.49364582600646
4218,12.424817755301486
4219,1.9996860651282962
4220,-15.345242361974982
4221,0.1334642202119305
4222,24.093641259505716
4223,-28.633019545382254
4224,-19.396058311442523
4225,-0.8911867268411129
4226,-3.7108376033004653
4227,-5.772534196896192
4228,0.8036037112168728
4229,4.072989611538471
4230,1.0246531032480455
4231,9.099280477978471
4232,1.9714964478299208
4233,-7.460334377643644
4234,19.331448138767563
4235,-27.061253736584582
4236,-11.098108387996238
4237,9.491183034503642
4238,12.377740955802413
4239,7.368465470008788
4240,226.416863993634
4241,63.96707303762359
4242,18.747885258311793
4243,201.5505618816831
4244,266.9374019626972
4245,-8.433730009463414
4246,-11.927085325236597
4247,4.767661938474712
4248,88.73789981838887
4249,-2.1078580862258285
4250,304.5754049178125
4251,54.975959834756424
4252,-7.997716469893593
4253,22.12433272408041
4254,-73.34277323370551
4255,16.377228384680468
4256,-4.618428339450887
4257,11.796537798298942
4258,-10.193563037252094
4259,-7.051588283772492
4260,353.5465490881451
4261,-5.9880796981453415
4262,19.496235527197076
4263,9.886081747742992
4264,-10.645838810414148
4265,13.282519014137424
4266,-6.337791229311023
4267,-16.978310735467986
4268,-5.012866469319764
4269,10.039727643378532
4270,-0.4225106908361198
4271,10.545151933972496
4272,-9.293480429472503
4273,303.72924002946166
4274,-1.8870253116688325
4275,-25.797804141404256
4276,-25.979145552942697
4277,15.780923327011324
4278,13.523652012244572
4279,-10.520673649828915
4280,-4.7679142410255615
4281,114.34563595037437
4282,-0.46015514939897884
4283,-1.7715036809927511
4284,9.75139150760327
4285,324.36839190761515
4286,1.3359126009719997
4287,-16.723438122165966
4288,2.9368533715752214
4289,8.860182580886072
4290,-14.743933005672645
4291,-12.34987246930747
4292,-27.767722323398793
4293,-15.827062125000182
4294,-25.845369464598065
4295,-4.850769312271321
4296,-10.789846245449684
4297,6.809714821194714
4298,2.0845739445106606
4299,-5.523588415913551
4300,0.38279997084458905
4301,-19.863366874388603
4302,10.213111636988694
4303,-16.40525563621474
4304,-29.00478427439152
4305,10.682833215923079
4306,-0.9223776900735032
4307,11.308248390405353
4308,-16.469362953211785
4309,11.934716036850833
4310,18.67646121936485
4311,283.4704553129428
4312,-12.827569529510676
4313,-3.4178151273272057
4314,2.2794510040563303
4315,19.585728743732034
4316,336.08645097262365
4317,-4.2660771090527305
4318,-1.5174054075766357
4319,4.2404439004467065
4320,339.2175182144188
4321,13.91175195099228
4322,9.873327588108747
4323,2.547483418145344
4324,45.55173063066988
4325,-3.195124278005739
4326,7.5021122039582355
4327,-16.64806696726513
4328,5.960771813057777
4329,16.46457144456634
4330,-10.716021963408572
4331,-9.611999772022713
4332,13.278560149936173
4333,22.13964037987496
4334,-3.502381632815986
4335,5.6100223063541
4336,-17.52805271150661
4337,-34.62609899535482
4338,-6.802762749686927
4339,10.608516340049185
4340,-5.50350694067016
4341,11.490924404028531
4342,-9.01120568941807
4343,-12.694438074383882
4344,-6.63789893368109
4345,4.110755498464046
4346,0.498931240246856
4347,-6.283560827301169
4348,-3.8303940530827525
4349,-25.099395929862695
4350,-4.437954773492503
4351,-12.879208620702414
4352,-25.295307841572175
4353,-2.062403674781443
4354,4.928476394760921
4355,226.57906565168634
4356,-25.376735980159218
4357,-2.692167672596195
4358,-13.442999385631772
4359,-11.53924927545198
4360,-10.933009175480837
4361,3.656934302193159
4362,9.402387658168315
4363,18.097248780900046
4364,85.80951901907838
4365,-10.229373434791814
4366,165.86385155824556
4367,-7.7599212517400495
4368,15.24738676274922
4369,11.299256682446648
4370,71.95225255282512
4371,188.31283326632646
4372,4.92876963863689
4373,-13.123769837632736
4374,-6.082968196502261
4375,169.38059233268527
4376,-5.094240799627908
4377,304.17941587346536
4378,2.8632513310245074
4379,74.61838950711852
4380,156.90542225707227
4381,-13.659362815227393
4382,10.039590901521635
4383,10.442516115047441
4384,-10.002824379225892
4385,14.72702405337489
4386,10.514800846716874
4387,1.469742527517198
4388,-8.718192844896436
4389,5.996245681211494
4390,-7.763092874630949
4391,10.913742924824934
4392,34.341347337775275
4393,153.79532703863043
4394,7.195786915897672
4395,9.214971799473737
4396,-2.6421314077944906
4397,132.467377189967
4398,-15.479304141985402
4399,-5.163713083661882
4400,-19.095991407585153
4401,-2.407551532698939
4402,2.9978965763211
4403,-22.446353848893743
4404,-1.098199606540593
4405,-1.9857784604447204
4406,-8.928069409938633
4407,6.691639672842088
4408,11.295267222082623
4409,8.387427928273034
4410,-14.278014474859166
4411,-6.429240066453385
4412,-14.015755599793351
4413,1.0535586438784055
4414,3.8941190889924986
4415,-2.75918769912251
4416,-20.961527738288467
4417,-0.9878152660768365
4418,12.833921433114728
4419,11.316243000995762
4420,-11.487026216469491
4421,-25.754590818357812
4422,2.582947294122693
4423,-5.978984143525285
4424,-0.006250606102803147
4425,-7.851944456066082
4426,-0.6513592975761675
4427,5.628636499097176
4428,4.115159110780105
4429,6.695240614623531
4430,-13.331842281166558
4431,-11.932382354623506
4432,7.666774831782089
4433,-0.6010056470239782
4434,-17.992684760560337
4435,-15.648030607845648
4436,1.1889274048138798
4437,1.4083165160240565
4438,-8.88006046002484
4439,-18.581192920501323
4440,-9.26968884344452
4441,-3.8857491414580565
4442,-9.12678612461557
4443,0.8680950276037294
4444,8.591692792677424
4445,-26.222414869603192
4446,-2.08091586045607
4447,0.8663965540136704
4448,0.4593061937987759
4449,-1.6091162925243019
4450,5.130216523210468
4451,-1.032258134138484
4452,2.495395638959291
4453,-11.138116639856705
4454,13.100878776516247
4455,-11.987207160327088
4456,-26.127430281354357
4457,-24.552960585179477
4458,0.2023060110064403
4459,2.8852400888151575
4460,-5.866401440148866
4461,-5.310407615978253
4462,-9.008870113791616
4463,2.861834668882709
4464,-5.660200547725584
4465,-17.316900138156875
4466,1.3917393350962293
4467,-4.685585444946927
4468,-3.269996734389604
4469,-7.732342713150334
4470,-25.69420399237422
4471,0.07515590649679282
4472,-10.433334168306363
4473,10.629180953302583
4474,12.176907786340907
4475,-18.131511879433283
4476,-20.73007613162646
4477,7.242950701908274
4478,2.328608299444234
4479,1.1292187638518687
4480,11.127988389316975
4481,4.620573155478825
4482,-6.633415561100275
4483,4.904519568305803
4484,3.403778906051963
4485,-17.24459389618174
4486,-11.960086180221303
4487,4.862567869901238
4488,9.026011719711637
4489,9.06518946706256
4490,2.1845186950400013
4491,17.21183666967342
4492,-11.615560090280773
4493,1.771148056880003
4494,-4.638924976329882
4495,-22.133569127268046
4496,1.491784988012114
4497,-6.106521157585593
4498,-3.5514078886852865
4499,15.56395606579204
4500,-1.1014644127520157
4501,-6.944688362107701
4502,2.1419665961537238
4503,0.08059039658573752
4504,-23.322157837415894
4505,-15.45600009266077
4506,-22.320675188894825
4507,3.252150736099436
4508,-3.546316825744455
4509,10.092332398672053
4510,-0.6984765287320087
4511,-9.66920512201153
4512,-17.987291792084136
4513,1.7984515346519334
4514,18.90477497511016
4515,-11.987382885928668
4516,-5.640756068846013
4517,8.47709273542202
4518,-9.740957537900343
4519,-2.4756561647417605
4520,5.737340417016378
4521,2.182926293974127
4522,11.129842409765025
4523,-13.932728209819516
4524,-13.02554906421351
4525,-5.240013284845631
4526,10.297454686610283
4527,-5.775461882737613
4528,-1.6373964845626254
4529,-26.058121986012324
4530,-21.425722348855793
4531,-5.133235261469672
4532,11.604882197849292
4533,0.9788862777593383
4534,-3.4835808394346515
4535,-10.346577537027333
4536,-14.318228638775604
4537,-3.8697647489460962
4538,-4.694962348940702
4539,-7.114466362118357
4540,-13.18809084192382
4541,12.698545532297276
4542,0.4769667619896669
4543,6.9387851833379415
4544,6.112664016989461
4545,-10.27576572889129
4546,-14.022574978505197
4547,-10.242844379939683
4548,5.496517209376286
4549,-11.33658792862105
4550,2.930013536454096
4551,-4.677193994711303
4552,5.8465550369075245
4553,-1.1903845186642599
4554,-11.838200640753247
4555,6.510759320196591
4556,2.453600548078919
4557,-10.234176091245015
4558,-10.004428463326285
4559,-10.206085777511376
4560,12.840451495697787
4561,-16.95627082998373
4562,6.895992066344126
4563,-2.2846866312735905
4564,-15.975280355755984
4565,-13.586302135004424
4566,3.2311585739863844
4567,-10.19578960123295
4568,1.2758697142992492
4569,6.281912194795087
4570,9.594167537016055
4571,-16.079284504630763
4572,-24.099754343037134
4573,-1.7683692779887394
4574,-9.396894678628787
4575,9.51229191698645
4576,6.921475230016744
4577,-6.2196019785430146
4578,-4.128475689841153
4579,-17.7278763337763
4580,-7.414967403719952
4581,-32.255539725590225
4582,-18.7275200361534
4583,11.021080608388589
4584,-11.744516504366263
4585,3.8569295041656773
4586,-4.9191642469780845
4587,-0.9767198936366412
4588,-18.565107783228285
4589,-12.050822321263642
4590,0.5468091457483588
4591,-16.050201903580565
4592,-22.75745698865105
4593,-10.131773318796746
4594,3.158922107491822
4595,8.14623935906834
4596,-13.996941797603515
4597,-12.733204695925831
4598,2.461200686256678
4599,-9.597231452289392
4600,-3.4325680763883284
4601,-10.819019250421082
4602,-20.028169040895627
4603,-12.36197108359671
4604,-17.562179483755628
4605,-17.939889194795605
4606,-16.289606975941325
4607,-30.710361991677125
4608,-4.401695596172669
4609,-17.71687949737189
4610,0.6723679517312924
4611,0.05965003035895222
4612,6.27198194768936
4613,7.149153752318938
4614,13.44482023910247
4615,-21.17436835741634
4616,-22.324145145413816
4617,-6.996629894641362
4618,-6.71301885285094
4619,-3.8783226833202846
4620,-19.750313742630794
4621,-17.708040748199295
4622,0.5201452735498737
4623,-7.223369428582572
4624,44.01005563457087
4625,-7.5976519820222705
4626,-10.332629113329912
4627,-21.51989475816893
4628,-3.6078025422946105
4629,1.6576577639849006
4630,-10.345093412037311
4631,6.591964456663597
4632,-10.662973523189272
4633,-9.19501894062741
4634,-6.83885851688656
4635,21.96793172823641
4636,11.777227214804446
4637,21.12230258863213
4638,-3.213946738422539
4639,-3.9186864284697442
4640,6.229294786356032
4641,7.051164145515962
4642,-2.1027733559842723
4643,1.1746817507134448
4644,15.467601043792614
4645,19.408215685896277
4646,2.395356076161532
4647,15.923575698557734
4648,-13.382856884113519
4649,8.63597777996123
4650,12.804200695521955
4651,-15.129743670399279
4652,15.520344139670689
4653,-2.65075414961818
4654,-14.151196473951245
4655,-16.49117740449045
4656,5.830770459120043
4657,-7.02346793201243
4658,3.998090413366551
4659,23.214240109969627
4660,19.60692987766393
4661,13.73374232411957
4662,16.55489431988936
4663,-0.1799949630619615
4664,18.797591479186995
4665,-0.8018350711510074
4666,33.93198377422247
4667,162.2577860448074
4668,14.484054918365462
4669,10.37275573522368
4670,1.9910162705662984
4671,-4.707737081959451
4672,22.6458762845105
4673,507.01331755530424
4674,18.373826437441025
4675,15.310076902645935
4676,368.10107107250917
4677,-4.748224849851059
4678,15.041717348955743
4679,-17.50435507400242
4680,-53.842401412621484
4681,27.935073134098474
4682,3.2647665073736647
4683,-4.425586342714823
4684,-7.192904288809874
4685,-2.837314941888252
4686,3.027259310137964
4687,-1.0932381986681463
4688,533.8651853946448
4689,19.545989981544807
4690,-8.854743701874252
4691,14.777010268793846
4692,9.726955466687809
4693,15.697454400862224
4694,24.076610810256508
4695,-3.2163605541653375
4696,3.7371882993103664
4697,-2.9874101340466055
4698,-3.88372885038903
4699,-12.668631576956443
4700,9.854157191144122
4701,15.2412886653486
4702,-17.472857278393477
4703,-10.91035867118877
4704,-14.398861541297766
4705,-3.168324274079417
4706,-2.9373000635662727
4707,1.5695072600448796
4708,9.358470107324493
4709,83.75867376822978
4710,-5.333815135450411
4711,-4.602142176778845
4712,8.645522506583436
4713,12.032997545660237
4714,127.10555552582616
4715,2.1654141219712724
4716,-1.4154179374977076
4717,5.915468231697343
4718,6.338162453934103
4719,-4.240195001746038
4720,-2.5332172461569407
4721,-0.6594213083990361
4722,164.3054988912659
4723,8.189355372930283
4724,0.7758391998510632
4725,-0.41221371913576377
4726,10.624365247265516
4727,-20.674628081396165
4728,3.9705850185851794
4729,2.8642242279564307
4730,-8.436296538767966
4731,-13.04135059606799
4732,8.587039158472585
4733,11.95215119005546
4734,-10.230865134827972
4735,0.7882794764663572
4736,0.21718403712097256
4737,11.04298580543921
4738,-4.225596001811429
4739,-14.118701144320795
4740,-6.95686332963275
4741,10.8032947724238
4742,-24.819487803626195
4743,-16.571819923949683
4744,2.3400645653968635
4745,-15.6388344824917
4746,-25.90977155501035
4747,-16.7220021779114
4748,-22.503705989791797
4749,7.54799679754902
4750,-5.094094019276323
4751,1.4950068054010384
4752,-6.9465154963095905
4753,2.0376987615497217
4754,8.839099178838726
4755,-8.048037516304458
4756,-28.077901487176312
4757,-10.096794688764607
4758,71.91377896441367
4759,1.696901054785073
4760,-10.24029305640467
4761,-25.94974311655465
4762,-26.434431742229016
4763,1.1570105435759146
4764,0.015681048630252548
4765,5.475963854858147
4766,-31.068929454208067
4767,-3.607784098948404
4768,-0.5546562154839094
4769,-1.415243336343618
4770,-12.554640428075327
4771,-6.494057095174195
4772,-31.226869442274754
4773,-7.48714398653868
4774,-21.956648854442577
4775,13.360301060816841
4776,-2.470877319021305
4777,-1.5522392479256908
4778,-5.204469088804036
4779,-5.635736319630919
4780,-3.002398171668805
4781,-12.351704773190772
4782,-22.0214011947336
4783,-25.33409159756671
4784,-7.130278471021224
4785,-4.1854563286943645
4786,4.7028089340291395
4787,0.022274462246095084
4788,14.254022527151072
4789,-15.656641742083995
4790,-15.664804904756494
4791,-10.425738455115752
4792,-21.618733774203328
4793,7.33110939729502
4794,10.316992225276746
4795,-15.622642295123352
4796,-3.059486426198319
4797,4.928104950457426
4798,-4.155439867226864
4799,6.6675193064992015
4800,-7.973446426253975
4801,-12.234944501983321
4802,-11.348645183026527
4803,4.6649468456455825
4804,6.676192198271579
4805,-4.183825659336637
4806,4.86131983296629
4807,1.9164454383624943
4808,-14.9769401676743
4809,18.88851734464998
4810,-0.1471513219783347
4811,5.5370183950220895
4812,5.86126311827231
4813,64.57549493499178
4814,-19.40249102385561
4815,-5.990554047974577
4816,-5.604856818126866
4817,-5.794390548077992
4818,0.8529433466445013
4819,8.894875897143152
4820,-14.952912549794569
4821,-17.38803795012658
4822,4.242655083631819
4823,1.0799249067496977
4824,-25.089011392869914
4825,-12.127432845710029
4826,-13.527984521069786
4827,-7.5076524704370335
4828,-2.276370596581348
4829,36.68393331018329
4830,-15.919811765213467
4831,-20.683461756970964
4832,-0.2202722928137284
4833,-21.473417717713204
4834,-7.844914865746116
4835,3.523454109634855
4836,8.706403567321429
4837,9.703468180651882
4838,-12.614820568979386
4839,5.254162519402719
4840,6.988440627371613
4841,4.370976392777655
4842,11.255187568192351
4843,-16.519933752064134
4844,-19.663919883726344
4845,2.3653006085111805
4846,-1.5445204747758936
4847,-22.592053720003378
4848,9.25692430487744
4849,-27.202020863923714
4850,-14.513920939945184
4851,-0.03757874398633021
4852,-2.0856171785282633
4853,16.912664365936376
4854,-14.151725396073118
4855,-21.095805761509403
4856,-21.69862907605946
4857,3.8496294390338015
4858,-8.060179976026443
4859,-31.867914398311726
4860,0.7090293458781503
4861,-12.839218201715344
4862,-6.4300091397218395
4863,7.177263716578638
4864,9.335825477834604
4865,-11.396363261718232
4866,-4.575831873761203
4867,2.6721918358363563
4868,4.75792131633203
4869,-5.63083480683585
4870,8.25158200928808
4871,5.420947148517907
4872,-23.17493258175007
4873,-35.108911507065926
4874,2.999645386662303
4875,-8.655555697219725
4876,-1.273842364766569
4877,-30.830754975967288
4878,8.165662096963063
4879,12.47957392025571
4880,-0.42657075910909015
4881,-3.567507825857273
4882,-24.876409968166456
4883,0.3926316290757157
4884,2.020793480238325
4885,-3.678240268065661
4886,-0.47905025816799096
4887,-16.35202469806675
4888,-1.0896997876739931
4889,23.896041622125765
4890,9.720318147569667
4891,-12.843652014387107
4892,2.502572582446046
4893,-4.913529477939473
4894,10.586967165954643
4895,12.326046781996968
4896,-3.6610134143666357
4897,-0.07087642812764727
4898,8.43167881850861
4899,14.751025707778124
4900,-24.5160268306267
4901,-15.115527339648718
4902,-3.3654130366264035
4903,-23.43416323725397
4904,-10.50200582930691
4905,12.601995227098783
4906,-3.516129635745365
4907,-15.915992474895248
4908,0.40230757028758646
4909,2.074130317225176
4910,3.798082515459928
4911,10.849350195677342
4912,25.42755796507806
4913,-18.799571798743344
4914,-0.7169199425984374
4915,-8.25993238631418
4916,-15.954132513224444
4917,-6.352380951846914
4918,-7.4615269057562195
4919,-0.6353347667677482
4920,6.339686949535697
4921,-1.2572540622308352
4922,-4.064316328020489
4923,-0.45752859054883643
4924,-13.24591185779649
4925,-19.460604970278368
4926,-14.256704770134753
4927,3.57301455026856
4928,9.03607817210786
4929,-7.0804090834047315
4930,-9.324783324348953
4931,-4.637922743062706
4932,-5.497226901369203
4933,-11.35735161118669
4934,16.22517678900614
4935,-4.360195926054409
4936,8.706948206585075
4937,12.092779517674114
4938,22.167042830825288
4939,6.230223942067166
4940,-8.560255098955892
4941,-6.839497305467493
4942,-7.7624613724339575
4943,5.7426821931352645
4944,2.084541427624785
4945,3.739133573457215
4946,-15.170263670862305
4947,3.673459552772517
4948,-1.6430242393605674
4949,6.626853661460325
4950,-2.9929899052290843
4951,11.74380663401297
4952,29.935078807949957
4953,-10.856907306383537
4954,-3.9467072858797962
4955,6.792769825135258
4956,-21.517628289296432
4957,-1.1915482068483954
4958,-5.909309342303526
4959,-6.0286193494007705
4960,4.194899557344607
4961,14.192227168000395
4962,-1.975978289011156
4963,1.993077001644755
4964,16.298208925073546
4965,8.347214252253409
4966,3.873585105449795
4967,13.348761147719896
4968,-7.015757791879317
4969,7.74907578649424
4970,-13.086717583173897
4971,-8.777823909480247
4972,4.16498524768865
4973,11.668393562291666
4974,13.285350607361899
4975,-17.674352669533853
4976,-4.078221938542132
4977,-4.148204609259508
4978,12.938413833693566
4979,-10.86092450521959
4980,-16.09408221177201
4981,9.233206780470905
4982,-5.3150288315564325
4983,-14.121365812913808
4984,12.683364338648671
4985,-0.28750766072748135
4986,-10.725002843062175
4987,-17.242825748126954
4988,19.57717605069961
4989,-27.13234882333851
4990,5.660813232703866
4991,8.793140854809652
4992,7.244752530454779
4993,-10.754427127895266
4994,-7.488581716937247
4995,3.8648524368254638
4996,-1.5318558346828404
4997,-10.647750816472367
4998,25.169374701032357
4999,-21.657902568174926
5000,10.045207050683619
5001,4.375540148163591
5002,-9.478918410037512
5003,-6.0439089439074785
5004,-22.44785740042873
5005,8.456337327617753
5006,-16.352413071863268
5007,12.066254245719161
5008,-20.327975470341535
5009,-24.614123603371027
5010,-30.370918309795698
5011,19.278424231583543
5012,5.861819117401605
5013,11.165089283886047
5014,10.528331246934517
5015,8.6218664083341
5016,15.551424720052353
5017,11.225429786409013
5018,5.677164939505387
5019,5.169470480439529
5020,-5.106482317815075
5021,-19.31619859040184
5022,-10.271374990699737
5023,-10.774433934673674
5024,-8.450404809587674
5025,5.744570426663039
5026,-10.932140418302339
5027,-7.845989660057612
5028,3.5392811193308784
5029,-22.101091807014242
5030,-5.172622012685846
5031,-20.183864974831785
5032,2.48686242747109
5033,1.7082321947088666
5034,7.5087698316794675
5035,-4.801336618865911
5036,18.321136879985392
5037,-1.4938114555444564
5038,10.445248825206384
5039,-3.9741358206612034
5040,15.261561462857223
5041,-12.011406385468359
5042,10.95993269594123
5043,-0.9266727374148758
5044,-8.984502605268979
5045,-7.1731349500727575
5046,-17.31793874519326
5047,1.284610753112032
5048,-4.000446916520126
5049,-3.5931708494308943
5050,0.600969115172143
5051,-3.1233951489849296
5052,-10.402292681335197
5053,7.83609506735276
5054,-10.937413887400602
5055,-24.734486910083056
5056,-15.330311209320413
5057,-8.781950147559147
5058,19.775737066816752
5059,8.359957490667565
5060,0.440732851538419
5061,-9.589484395405073
5062,-24.686280580324876
5063,17.260333261792212
5064,-11.081815118748302
5065,-15.743041323507157
5066,7.35694489679029
5067,10.558413119535597
5068,9.053216430741145
5069,2.8033541557587256
5070,10.431607428321236
5071,631.5161554313077
5072,798.7034513535893
5073,-4.110739378539726
5074,675.2440089427114
5075,10.806204154172542
5076,13.031475040876813
5077,684.1734909471944
5078,12.640725440657729
5079,-4.700674464153863
5080,-7.306635646143153
5081,-24.20205018227432
5082,-2.476992069252077
5083,25.456220815460952
5084,-0.3827504709804259
5085,-23.796370661842296
5086,-31.01718200172825
5087,905.3018650329104
5088,34.6547432562529
5089,48.42217518824274
5090,-18.401362936151486
5091,-10.979376221218896
5092,-6.51877011312105
5093,1.0271150606470894
5094,35.508202567837444
5095,14.29304652934234
5096,724.3722082300343
5097,-28.348830526475517
5098,21.176382554763265
5099,12.72944200524788
5100,-0.5024241528819431
5101,10.39493901568202
5102,1.5057882327578476
5103,17.860877334619868
5104,-6.249759871153206
5105,21.660657720503444
5106,-30.3601530862516
5107,-0.4231762066880158
5108,-1.4861641331256479
5109,16.90649445029445
5110,14.688090274146106
5111,-15.874218980692014
5112,-16.681459294338538
5113,1.3505965557436355
5114,14.3925671159224
5115,7.143753099120676
5116,-8.680100843557042
5117,5.605764492090993
5118,-7.298590487386001
5119,402.3629783096363
5120,106.89472615306016
5121,558.6939126042641
5122,-15.558499595026717
5123,-1.7728838905734605
5124,0.016847680496802298
5125,32.84538050757337
5126,-9.208930349964945
5127,735.9843918401759
5128,-14.202414867693808
5129,24.88021643147595
5130,-23.575367287081505
5131,-14.778597606218309
5132,1.4344159363819067
5133,85.44147028685997
5134,4.870822686171426
5135,-20.263029447371153
5136,7.140376560542466
5137,9.87990754505785
5138,-2.984091810973215
5139,-19.463330186501466
5140,559.7060605827976
5141,237.36066513860152
5142,-1.2844484510047351
5143,5.628807988062517
5144,-5.494400899456426
5145,9.523096034566464
5146,-7.921486890519784
5147,170.8076085516715
5148,4.0593864253557985
5149,932.2257266723917
5150,1.9369074404556503
5151,-1.9476316175919273
5152,13.69877727155013
5153,-2.159210288707161
5154,679.8111727750652
5155,1.546924638136291
5156,14.594088145553402
5157,-8.253269624128777
5158,-19.409066128745422
5159,0.5197032032169826
5160,-2.911706817455787
5161,1.4678804753849573
5162,-7.59738356827669
5163,559.3708133326745
5164,-22.311482161113958
5165,-19.473074206213674
5166,13.213134470270418
5167,9.624672456002756
5168,-6.970165291186078
5169,855.3547378923536
5170,2.3487607256438174
5171,-6.650077849566266
5172,18.318672170229004
5173,-7.771710930265435
5174,-5.5152689079912385
5175,0.1697826998681684
5176,-18.832249421024457
5177,241.12584346429009
5178,-35.87338859966539
5179,488.5949638898503
5180,18.89966304079907
5181,-6.51598194985587
5182,13.336351419444206
5183,-13.18121730562157
5184,-12.612343363871336
5185,12.497868017828186
5186,33.55841985029106
5187,388.682313047992
5188,11.203205176412578
5189,32.45089653448119
5190,138.0159870854999
5191,322.929241208727
5192,13.975606862417308
5193,-6.872849541661303
5194,3.185002967435036
5195,-9.959779841071736
5196,5.551935673666385
5197,-5.769913340841519
5198,34.662106060263596
5199,-3.758437199647023
5200,-9.350148400121135
5201,8.58951544736496
5202,514.9326155322556
5203,3.2323765236095436
5204,-22.526386872791726
5205,-9.05758116091032
5206,-3.2908859168107867
5207,-30.11600444676734
5208,-0.013244065696941476
5209,11.73865929977153
5210,-25.846058684626115
5211,-10.98612807925555
5212,19.179920288139297
5213,-10.496454859550738
5214,0.21085263187942438
5215,8.169674848685002
5216,601.4194998202205
5217,11.94484122875342
5218,0.22878904382890042
5219,-10.66916688508671
5220,-6.435992040694671
5221,-8.587064980051704
5222,14.654145337310023
5223,-2.6448085452271854
5224,29.107559895860813
5225,8.174601773297429
5226,2.6426719150607116
5227,-4.0790940949157
5228,-5.991259409809036
5229,17.77882796838612
5230,2.4406557339206305
5231,9.50952939788344
5232,29.235409448596677
5233,5.226563575100423
5234,43.932442813161
5235,3.2783055052773236
5236,13.823739947387654
5237,114.80801621647575
5238,157.5947078997465
5239,13.861852243333098
5240,-24.564156619418057
5241,17.836998721867378
5242,274.8174914000099
5243,87.37144427269419
5244,52.619456228625474
5245,187.49669608043126
5246,1.368743066649726
5247,11.076383486719461
5248,-16.590271302980078
5249,-6.700939305034357
5250,-7.972854896615107
5251,1.3313656242584635
5252,-18.362146924303858
5253,83.59476398777326
5254,2.007592100009399
5255,-15.786099546677097
5256,-6.102654529290781
5257,313.2709467455131
5258,-12.972453055995643
5259,-3.6601488253667718
5260,1.9330012789812727
5261,-5.516104600731701
5262,6.289580911153514
5263,8.449364424243086
5264,-5.040992370213047
5265,6.080124725374093
5266,265.08694188963653
5267,48.62816806221084
5268,-20.904879652773516
5269,-0.39834425550754204
5270,124.4587044636711
5271,-14.56343983338115
5272,77.02082244663848
5273,172.05469385033155
5274,-10.10849597231445
5275,298.9832213143815
5276,6.720088933508032
5277,-9.470036753785553
5278,-2.5180048550272893
5279,-31.771828778398344
5280,-14.6206503605096
5281,1.0755455919927641
5282,-13.85306825725197
5283,8.730886463421731
5284,-9.191184956858773
5285,-15.433769035782479
5286,-12.070529255514472
5287,-3.991050768142273
5288,4.598064168361553
5289,-1.1938602818380772
5290,-21.41178145747154
5291,-3.616552173416011
5292,-1.9166825853299336
5293,-4.590337895747794
5294,-3.4172244020180464
5295,7.3770010033723405
5296,-6.716216825634547
5297,-6.498664986414887
5298,-16.03056643817297
5299,-2.7508242126897215
5300,-9.094268498376955
5301,-5.141335703994521
5302,-14.08541893783827
5303,-17.977756452113837
5304,-8.881469892124088
5305,11.266964460903619
5306,3.3390499015974235
5307,94.5542861859833
5308,-10.685331476075966
5309,-20.52130357629067
5310,4.535657712087934
5311,15.076748837555135
5312,3.2549480634448678
5313,2.0178713994708986
5314,-6.105969367879474
5315,1.7689776884605433
5316,383.20095144107603
5317,17.746534185027095
5318,149.97680718923627
5319,5.357898679545356
5320,-2.479704968515179
5321,178.15262276518166
5322,-8.361575775799416
5323,-17.897707084051703
5324,-16.862101047493255
5325,2.760807927534781
5326,7.448165578987872
5327,4.683775294284127
5328,-11.310495174287432
5329,-2.8800214850529215
5330,6.8138361476275335
5331,12.048019638249501
5332,-5.144747908737212
5333,301.82727991895825
5334,13.046738160876645
5335,-21.765430801204886
5336,-20.85845134242146
5337,-6.790093263055741
5338,5.215469652752654
5339,-21.97195466506588
5340,7.656020503368204
5341,141.2693560647763
5342,-14.341953350787133
5343,-8.949770348218184
5344,361.59779435935684
5345,-14.608189068275095
5346,-8.169552451084215
5347,10.196037374642552
5348,11.793913497496735
5349,351.08196028996065
5350,108.18444499325732
5351,-8.353182019988726
5352,-4.069162956151516
5353,350.72231600826814
5354,4.188480995004689
5355,-5.257543320371177
5356,9.710581406366131
5357,-10.774297279488355
5358,334.89464674587146
5359,-9.903988380071016
5360,9.803002262935394
5361,-11.694280028834275
5362,6.321003731141067
5363,363.33314192638113
5364,286.18475859919255
5365,10.277980163412543
5366,4.443434492312177
5367,-0.10246499621863236
5368,4.973190178823719
5369,0.2779723781026693
5370,-5.532245960419328
5371,290.28197513281145
5372,9.464924947662944
5373,15.849456756903246
5374,-1.0517283195091096
5375,-11.006163267572099
5376,-4.9732911452449216
5377,10.45454411248773
5378,-0.6109441607058663
5379,19.99606284463041
5380,100.91054006263158
5381,227.04399470284298
5382,115.98537344215069
5383,-7.820627998813986
5384,4.131701836344366
5385,-4.315917646004621
5386,115.00400524148165
5387,1.3833365176084538
5388,5.525445079226445
5389,17.95827941618756
5390,-24.84902517614639
5391,-0.04669684814704311
5392,6.61657365866
5393,-3.7420876713805633
5394,-19.907090006034537
5395,-0.3409503893919599
5396,0.5167726831880373
5397,-6.7973521043025045
5398,-13.040180729014903
5399,-1.8735070853982236
5400,-13.428516936583044
5401,16.318173945042957
5402,-3.401242909647344
5403,-3.0323113017645973
5404,-26.793489909486993
5405,2.5644455238215027
5406,15.973599934323897
5407,-1.0579155289029814
5408,322.513518751287
5409,-3.2320281267201203
5410,-4.541639190325771
5411,-10.463366264430658
5412,-7.501568743589356
5413,-0.5516511247793794
5414,38.5768323661979
5415,4.074394209847378
5416,-5.15239852512147
5417,182.1008948654309
5418,0.8338644312907633
5419,10.700070673550549
5420,11.958690275676988
5421,18.37300633182865
5422,-15.538894243623293
5423,-4.716686434814829
5424,-7.8882849622920475
5425,126.35461166662368
5426,8.416036214429084
5427,0.9746750540778528
5428,-7.422979066710504
5429,-15.618045241760921
5430,13.001826729367906
5431,-11.816073262147505
5432,4.871070284344391
5433,-4.587667948942748
5434,1.8704895576413634
5435,-17.772590758385235
5436,-13.256670400339566
5437,-17.180146330059316
5438,1.6183596700328646
5439,7.397432079493617
5440,2.315887858954227
5441,-9.325949933087305
5442,-24.799779538269796
5443,-18.333486046192874
5444,-8.2758461885116
5445,-28.339630066777445
5446,5.434009037950654
5447,-22.202494199941356
5448,-3.4454799999841086
5449,-3.558307953919279
5450,1.2536099254320057
5451,4.007873248600822
5452,-16.667939405817428
5453,-5.6463839591152905
5454,-7.2061038429642785
5455,10.71780048704657
5456,-1.9892767575941086
5457,-13.21830952985378
5458,-19.12700413357426
5459,-4.942995077226133
5460,3.410434142837728
5461,5.352944208740917
5462,9.435743942938124
5463,9.725203100579428
5464,-1.7348321023648694
5465,6.05341613102739
5466,7.3160257389253704
5467,-11.44639973831594
5468,-9.415268318833544
5469,-4.508068525986264
5470,-18.6790142545087
5471,-18.893106005877065
5472,-12.981810545180892
5473,-24.308405605515986
5474,-20.27967830277599
5475,-0.5527987198061659
5476,-4.721240537123897
5477,-16.360246883483008
5478,-6.50311355598819
5479,-5.176750904120873
5480,-5.926035441180243
5481,-3.3115900711762087
5482,-3.667531904897853
5483,11.100890504718585
5484,6.007522441680948
5485,5.065081893582777
5486,2.4901225407778718
5487,-26.353981573508847
5488,-3.0842158966563815
5489,-6.597537206846354
5490,-8.715504048510628
5491,-13.588099933347824
5492,9.186844873440172
5493,-8.245786870322743
5494,-3.2102031993615228
5495,3.3140655741563307
5496,-0.10793089438940129
5497,-13.520243392762605
5498,-24.01891526573187
5499,-25.991595042104677
5500,-11.879172542403175
5501,-9.341582869233548
5502,-7.670424268815971
5503,0.29390567512352206
5504,7.268814527240721
5505,-21.22214821713962
5506,1.3841684266759664
5507,-13.564145055330275
5508,-1.4640614369550065
5509,-2.770956653567243
5510,-3.2729707057067294
5511,-6.1861103456190065
5512,10.280272117977216
5513,-26.573493238634093
5514,-2.1692337056358824
5515,-4.277836514292908
5516,5.28622463284411
5517,1.3190610454703187
5518,-20.61186336395741
5519,1.9183669334966336
5520,6.812354755381083
5521,4.594819417672555
5522,-13.282179391853372
5523,8.432789358819722
5524,-16.524836480059022
5525,-4.05431439268019
5526,-18.643590720948218
5527,-14.178174785827984
5528,-5.316906125858356
5529,-2.3188810465298957
5530,-9.473990224403924
5531,-3.900034764469332
5532,7.507602801568321
5533,11.874474618272203
5534,-0.7146751372370304
5535,1.136843965337663
5536,-10.785344131819357
5537,-1.0975105073040794
5538,-5.082132937687533
5539,-5.182109815292016
5540,-4.44706260274717
5541,11.827202790036992
5542,8.550827267192874
5543,4.059328556847548
5544,5.115153996024244
5545,-1.4741100768127495
5546,-0.8155092198768763
5547,8.095489620212392
5548,3.145085691136286
5549,1.861437457731812
5550,-5.729287218196443
5551,2.4873748439364753
5552,-5.610181930405517
5553,-24.56076563415023
5554,-11.893272957748426
5555,-3.6264261899920704
5556,-0.6756675699167545
5557,7.493815181681548
5558,-1.1091027601248697
5559,-10.543268969663018
5560,7.0645432043876895
5561,10.866095675873883
5562,-9.357362535514913
5563,-5.721997403764721
5564,-8.49499483567299
5565,-17.58517350806467
5566,4.31953060271306
5567,-2.217244214203685
5568,-19.709942194861803
5569,-26.43971584629869
5570,-3.719168968102178
5571,-20.981360604598898
5572,-4.817450331223725
5573,3.1805221989767976
5574,-13.04600809599443
5575,-2.753103806971872
5576,5.848396822063197
5577,-2.78590565348971
5578,-24.767602318816465
5579,-2.371469371000323
5580,-6.442248158020817
5581,-6.649037810763588
5582,-9.294558988239213
5583,-0.9446309504130674
5584,-4.898360584853588
5585,-34.342745033876064
5586,-7.718125781541513
5587,-0.45705665433998277
5588,4.30992664866999
5589,12.533887709561332
5590,-16.9825563903915
5591,-4.867606211444663
5592,-13.25062945929474
5593,-6.362090350885012
5594,2.928929044561574
5595,3.5670033060966873
5596,-10.126649030112898
5597,1.3374065588143917
5598,-7.640515162692829
5599,-14.605073202929706
5600,-3.316856898979651
5601,3.4301894380737448
5602,0.38873215558476737
5603,-20.73937212252151
5604,-25.192537104856903
5605,4.898029328827969
5606,-14.128819389707637
5607,-12.76153480507515
5608,9.063571704478882
5609,0.7846768826116648
5610,-12.942792571493857
5611,1.477755237745928
5612,4.960400310989327
5613,3.8843419003841806
5614,-4.84165108195273
5615,-14.835553695062671
5616,4.2176419404991385
5617,-7.59478993718886
5618,-2.608309496401123
5619,-4.248716847892929
5620,23.920097375780283
5621,10.476831412951212
5622,-17.58439298903906
5623,1.4977772916120315
5624,20.877581374042617
5625,1.3170296276112392
5626,-18.769794572839594
5627,2.2284617028947338
5628,-8.740157925962215
5629,0.9404531820906019
5630,13.917367920584757
5631,3.9012961489230573
5632,-6.216951977412599
5633,9.331896710602031
5634,-7.392874579198587
5635,-27.001044351207526
5636,24.82379206813625
5637,-15.676583691241298
5638,-21.951931551698785
5639,-17.63733480314302
5640,-1.4018554271197274
5641,15.153355925028155
5642,-2.0000425151489196
5643,3.164595802292384
5644,-2.7103538077207503
5645,14.785441209059021
5646,4.120942898853274
5647,-18.05652675980737
5648,19.91137939575947
5649,12.169972947028686
5650,-2.7075204752655253
5651,1.6167743829278098
5652,-3.6324884651894216
5653,-8.568070792974833
5654,-0.8360749616451102
5655,2.7213489537971878
5656,4.87991502953691
5657,12.007609355452015
5658,0.6844580127081876
5659,-11.406873922233586
5660,6.503538883518683
5661,8.580512741476053
5662,10.602873183059323
5663,1.3118555857573124
5664,2.6344866098820905
5665,-16.167773240065145
5666,-9.519005737685251
5667,-4.066115152010632
5668,6.150943128509699
5669,25.15199884878756
5670,-9.437647939324727
5671,-0.6875363761854736
5672,2.601167448242906
5673,-10.211127309011154
5674,-8.623437560087787
5675,21.08370013526222
5676,-4.726475930981859
5677,22.631362861048416
5678,-4.504480275316325
5679,11.542757498530825
5680,-21.624398961684122
5681,1.303743166205738
5682,8.836046224431946
5683,-18.908793640955324
5684,-48.06517198131439
5685,-14.929586984489525
5686,0.07357882608443589
5687,-16.893327662061196
5688,15.079319634385653
5689,-17.431994651805354
5690,-4.5693405486258385
5691,-15.097106785837223
5692,8.253019399519252
5693,4.329726894167257
5694,-13.3331838634431
5695,-3.153965336158276
5696,5.848328317874559
5697,-9.579171460394548
5698,-23.168966968665224
5699,6.907026466916754
5700,-1.3529747450850103
5701,-20.189280510336886
5702,-29.334711954728682
5703,-4.051955040051396
5704,15.913704169260145
5705,-3.3455883955799806
5706,7.354110110328696
5707,-7.9420209292487804
5708,0.11892307312033168
5709,-23.633449378393877
5710,-21.103498544063157
5711,-33.58512796839682
5712,-13.041628844021663
5713,13.247458677381411
5714,2.56094509439534
5715,18.792417771136364
5716,12.691697516031795
5717,15.322079771989978
5718,22.224562866284153
5719,13.002836143705366
5720,-20.288146031568523
5721,-8.345622968581193
5722,3.665223064164582
5723,-7.861438265948699
5724,5.381507461116019
5725,11.883542521042525
5726,11.00897290720092
5727,-32.32548391046732
5728,-17.99755241514152
5729,5.612209144091198
5730,-16.42418957963193
5731,-13.690220048183075
5732,19.348494098334267
5733,17.26210607278258
5734,3.4483103061923472
5735,6.668124617568575
5736,13.339805884209422
5737,-10.8743817045744
5738,-7.254754043913117
5739,12.11834784548947
5740,-1.2998919649156484
5741,2.903682542035053
5742,-39.54987549369151
5743,-2.1976638609570642
5744,-21.68078906749618
5745,2.5134678622082465
5746,7.987570453061037
5747,-15.293043067910855
5748,12.295015805208003
5749,6.375465530776793
5750,22.595307948322535
5751,-16.731069827656974
5752,4.086029889409238
5753,7.23174296837975
5754,-19.802480750273347
5755,-15.936278293591776
5756,10.64654323485635
5757,-19.78114190947891
5758,13.106103833943367
5759,23.949240103659008
5760,7.096661879449334
5761,-3.8803600462984846
5762,-6.751334791709343
5763,-0.8517532342568153
5764,4.6714861386098505
5765,7.486456976518673
5766,17.047775621075676
5767,0.4057281794735914
5768,3.5945646603835364
5769,-2.251768737085321
5770,15.875878954466879
5771,14.330982799423737
5772,7.797486606685547
5773,15.501496277422635
5774,9.82069114344097
5775,1.2520567120688249
5776,-21.587949226691286
5777,13.755949379719965
5778,20.294632382947263
5779,15.012910241053136
5780,19.503224748125337
5781,11.144030796947831
5782,12.646146221548385
5783,-7.699972932034591
5784,9.204786855956018
5785,15.524580745589718
5786,3.585995773591172
5787,8.675377132873656
5788,21.554724049882534
5789,12.595774271990562
5790,14.444755972397349
5791,13.216896090342841
5792,-11.058359503356403
5793,14.3879416997767
5794,6.827366803281851
5795,8.439273241711811
5796,22.627017533976257
5797,13.227261085006223
5798,4.914860635568315
5799,7.205423493946224
5800,7.637444115020379
5801,6.238177843297203
5802,29.88856770431731
5803,31.420020484850923
5804,3.8630853589399
5805,12.161193607454278
5806,6.195705947570717
5807,5.373842638779113
5808,-0.1730295442079388
5809,-0.33105902297658574
5810,17.122397358277563
5811,9.28375191874294
5812,9.577533001554027
5813,-7.229509915370453
5814,28.630396939398914
5815,11.72368306881353
5816,20.202605998336004
5817,3.2718698054081354
5818,17.22949489588026
5819,3.3493965613336893
5820,5.751894285082697
5821,16.002860471488894
5822,13.874240268351688
5823,17.59584387572623
5824,29.272150127734786
5825,14.100363399250725
5826,8.87100741070855
5827,19.544855278228713
5828,13.425846496566997
5829,10.989479227609122
5830,19.94129518751098
5831,18.552669538371873
5832,8.280873677214856
5833,-1.027479327728031
5834,6.598042896411677
5835,24.431615058982445
5836,13.132085362787148
5837,-22.045686109602038
5838,1.8979100443902688
5839,16.865590449037867
5840,-4.39715617330118
5841,-3.0901125909618976
5842,-12.863789488917057
5843,-10.480353484447402
5844,10.12645168333575
5845,27.48869115196207
5846,5.708945396432764
5847,3.3358313403994444
5848,-3.2702357276679273
5849,-16.89588595501172
5850,-1.1692771123574346
5851,30.88233472258476
5852,4.986551623687973
5853,25.257875075162026
5854,23.03819994376461
5855,11.190327539191262
5856,23.334757063693633
5857,1.2847814524110337
5858,-19.877375096383766
5859,14.874810247405124
5860,21.091322720753134
5861,7.897696506490158
5862,12.439083495647886
5863,-13.251304870214149
5864,7.453231885762541
5865,20.054615122092144
5866,14.569363928701494
5867,10.892408763724484
5868,2.1973937404110337
5869,10.86911890976673
5870,-2.2321318428588874
5871,12.015291219548633
5872,12.878818356104475
5873,-25.708618329725844
5874,-2.6356808934511236
5875,16.380371828606442
5876,29.703490952595313
5877,15.1748238226636
5878,24.597224007026597
5879,-8.69438419248296
5880,12.939241098994263
5881,30.93686109612142
5882,11.370048133949483
5883,6.753875843272521
5884,0.719718795283919
5885,31.723882871433638
5886,10.113571458148705
5887,-1.018674652017662
5888,18.851431692110307
5889,7.827726136338978
5890,8.922530137370748
5891,19.439164340628043
5892,14.713280178844958
5893,-6.018505813447916
5894,17.563766566861272
5895,8.309571219980867
5896,13.977871119538706
5897,14.283469750982006
5898,29.36750598025506
5899,19.341984540347312
5900,13.261299849742958
5901,14.530507024436508
5902,10.037388494409775
5903,4.586345462570204
5904,16.526441309716237
5905,13.598310692299863
5906,7.819139982650082
5907,14.64701628302837
5908,-4.177101520787126
5909,-6.595280768168955
5910,34.00799714148591
5911,9.265718273779125
5912,8.277327226074846
5913,28.90197121984098
5914,-11.805803382997219
5915,29.747109216802507
5916,35.28951253974468
5917,26.86142120434468
5918,25.526074658087616
5919,2.5997777231621306
5920,9.873533572803236
5921,5.933710417109097
5922,15.50391857087411
5923,24.276093710473532
5924,16.48799392840758
5925,13.006443073565114
5926,2.0403103552093214
5927,24.31712728743475
5928,3.669351253986168
5929,20.341151105070516
5930,33.32696679849761
5931,-7.851790483253726
5932,17.148303863033828
5933,-13.422873566823753
5934,16.11684758203635
5935,18.861905997380372
5936,6.164640983395863
5937,26.01249561285637
5938,5.655800036409694
5939,21.441729863854743
5940,14.50273083175998
5941,8.528585088291523
5942,7.17568660249465
5943,15.971567442997115
5944,20.258040473780298
5945,19.54790035802387
5946,13.638801814887437
5947,9.760111187031765
5948,8.666005193867761
5949,13.09606814936971
5950,7.191079199382889
5951,-8.715892776659576
5952,1.9014839511440407
5953,9.346369959909364
5954,22.544651743291
5955,-18.5609519431506
5956,0.5969427535802883
5957,23.015331559875506
5958,24.469126111796953
5959,19.363218711772735
5960,12.884903921239246
5961,22.435204287617992
5962,-24.564487005889774
5963,-0.6929575158081995
5964,-9.846986917788247
5965,-4.000758562099669
5966,28.349267046636687
5967,24.735999145849924
5968,13.559849190203703
5969,19.602802606691434
5970,15.450441458050507
5971,9.373535549012667
5972,4.543028710761055
5973,11.198749809800756
5974,5.012135385338825
5975,5.7391922388446766
5976,-18.737845074416775
5977,3.9285172969833653
5978,22.362193196423874
5979,1.699726939780124
5980,19.355755747629075
5981,16.467826388263113
5982,-2.329990695305405
5983,6.716503618845859
5984,45.304411877597964
5985,33.17206972815812
5986,10.201017102928189
5987,-6.641361330169282
5988,12.932673331307047
5989,-2.1592471305301864
5990,221.9647575942311
5991,-7.979443773899366
5992,10.572171459415237
5993,389.63515347291786
5994,-40.98263170527208
5995,125.76260618847216
5996,13.62032488350278
5997,23.59777047168209
5998,26.781427312401977
5999,-0.40806381698026684
6000,8.604118786178784
6001,364.7449492582984
6002,29.69157065837176
6003,164.3035245321435
6004,3.501063228520776
6005,333.96499472050226
6006,27.881347847694684
6007,1.7094401739034861
6008,11.765003809355036
6009,-16.689625001955655
6010,7.273900342408709
6011,14.200315563180313
6012,-12.84077756221512
6013,15.644804743214351
6014,208.12059252142706
6015,-7.25491736279648
6016,-6.25123236068702
6017,15.559609262280715
6018,1.7854625222010014
6019,13.462492546926452
6020,19.117490224480854
6021,6.11931844874222
6022,-12.289625271419457
6023,510.5688460278059
6024,570.2904624159753
6025,626.5776532053583
6026,12.547691969819873
6027,722.3896890925455
6028,25.354778674318247
6029,3.112372159212578
6030,13.332598928893859
6031,18.32355662969063
6032,14.822561427478284
6033,-0.8280249293923596
6034,125.89034705684176
6035,5.689445583918786
6036,-11.715938836508798
6037,21.12696284301459
6038,-4.785277206747182
6039,9.644997695019766
6040,3.693659602674799
6041,28.343303719696856
6042,0.9395196985116048
6043,309.2523400399105
6044,-27.72733374675027
6045,173.43089290891376
6046,-1.999807535964564
6047,-12.16937759426309
6048,537.0122788076143
6049,10.820213054054234
6050,133.66968031102815
6051,6.407675886034992
6052,15.75942656894444
6053,436.5003835882719
6054,0.40343462758658966
6055,-29.6551531499641
6056,-53.17794749880915
6057,8.7715176854338
6058,17.818378016121578
6059,23.916562712959383
6060,2.27845037040367
6061,16.196595504716385
6062,5.742063759053639
6063,27.520287842712953
6064,22.676491204988746
6065,-5.472149026208076
6066,28.39207831936409
6067,24.906392137602808
6068,-28.967664395551992
6069,16.442732975821656
6070,0.3234196625863177
6071,9.107576264387724
6072,8.986775710542945
6073,13.804318825002063
6074,-7.245379985802398
6075,378.9612550610454
6076,4.4202072807613355
6077,20.22734467101406
6078,-5.742877398869087
6079,12.58892427028549
6080,478.2182041256941
6081,26.1759784880121
6082,25.323472567312372
6083,-40.31931032397797
6084,1.8908741253484713
6085,15.486974010470105
6086,3.5932935079500243
6087,629.5381726953816
6088,518.2473527682686
6089,143.27443499174979
6090,-15.288662320733618
6091,414.5368005121832
6092,16.649608170736272
6093,18.560837585247064
6094,11.547778912453534
6095,18.716813468262345
6096,78.68394756525967
6097,-7.906255117300034
6098,-21.19993724815653
6099,24.957977564654023
6100,18.173300887211127
6101,7.951801428367082
6102,8.10165435493913
6103,32.182235130759125
6104,6.381526170183177
6105,10.326221202109103
6106,2.9845775425736125
6107,479.36929788085104
6108,-22.20302448921983
6109,565.2327313326533
6110,-28.10792897545401
6111,-1.389595570331938
6112,-22.83823133142716
6113,-22.6851956297187
6114,-7.978362152265294
6115,135.5123509883269
6116,5.961168133751215
6117,5.58157916725871
6118,-0.14666418240523882
6119,14.518885213158715
6120,18.158588135696455
6121,21.77765508683919
6122,6.375245045361808
6123,5.53108591606286
6124,24.435295474306674
6125,7.59489307871778
6126,28.071341876792502
6127,-0.863494649576932
6128,25.31518047654403
6129,-9.398129117031228
6130,11.738409065240017
6131,439.73778616355645
6132,-3.727178486764192
6133,24.09539052671941
6134,12.066603162783684
6135,27.571721737197606
6136,11.79970138672248
6137,-10.642124298188605
6138,-24.057148676900546
6139,9.138191185756625
6140,15.93498246258467
6141,-0.7004199255297721
6142,-6.523050239090434
6143,-51.06746163301898
6144,-0.40539446430287995
6145,-15.453550653874121
6146,613.2913678351464
6147,16.60846134164152
6148,29.209391486607952
6149,19.009426080712522
6150,12.544301772729959
6151,5.507012006263389
6152,28.29078001877512
6153,-4.237863704230374
6154,-9.64041272457651
6155,17.669703634947442
6156,-10.865836813319827
6157,7.768826556362635
6158,4.187362570517005
6159,554.7448722235619
6160,461.02008667131497
6161,9.978712914754926
6162,-3.0999631309333004
6163,6.023929467511008
6164,150.56146575769066
6165,36.87242716353495
6166,-5.125083732038597
6167,-17.70566727713743
6168,8.528116095232711
6169,2.896406280625712
6170,16.815918255923933
6171,14.249020650578764
6172,-2.3993573105155477
6173,8.375986323812882
6174,9.80357922573258
6175,-2.7298017376813135
6176,13.554279873243699
6177,23.32057578517987
6178,17.75151417215594
6179,21.022613791423275
6180,18.43952914169121
6181,9.139025322451527
6182,-1.2658303037266805
6183,-17.679170167307788
6184,1.507118767745201
6185,20.708113779731868
6186,-10.36396894390959
6187,15.22243228795764
6188,10.408270514936593
6189,-3.2461149209664164
6190,8.791240315708883
6191,27.562627338276524
6192,140.6610217837236
6193,-4.798337938852569
6194,21.466855776950666
6195,123.58703181151147
6196,-2.0981985547220567
6197,-6.211820667883227
6198,-3.0336297830192223
6199,10.969119467988534
6200,14.76489779992375
6201,8.975296652317176
6202,-8.144696607589307
6203,137.1571641567161
6204,18.2084049579613
6205,10.54245514238605
6206,3.58362560020902
6207,-21.594865562584268
6208,-22.82878898752407
6209,-17.9166501351256
6210,25.10302083609507
6211,-9.257362629186442
6212,21.031234080133952
6213,-6.873907436698428
6214,21.15704631382707
6215,2.380346789404724
6216,10.709942003965802
6217,-1.030106037821536
6218,0.1624516669287388
6219,-18.386894070991175
6220,-3.671952833440045
6221,305.7998696301373
6222,11.043158835047427
6223,9.754281599668225
6224,-9.33230264088835
6225,4.760073878405867
6226,13.513904826604987
6227,11.60529542522477
6228,20.84286581815571
6229,-15.786884572002357
6230,-2.21443680248062
6231,5.702556542250763
6232,-4.19029484161581
6233,6.755680839671147
6234,-0.7865603036242526
6235,9.834393735837349
6236,-26.729558002534738
6237,7.168579601347465
6238,-14.085888154678493
6239,-6.938415036209296
6240,9.126486168344936
6241,25.178239241335422
6242,18.135260741973205
6243,-5.021806147027547
6244,8.290418897210794
6245,19.90963603267596
6246,-17.61861970792367
6247,23.360725533554152
6248,3.350956692949346
6249,92.48638099938583
6250,75.54855278143083
6251,10.389305646933899
6252,248.4556690573733
6253,14.422800395904957
6254,8.39124734680215
6255,-12.886908708521045
6256,12.401011041081668
6257,12.806877255899451
6258,10.95216944454723
6259,2.682953077176501
6260,13.686222988590742
6261,-6.1795184494938304
6262,1.4716399022194526
6263,-1.6101841230602396
6264,23.957896277815237
6265,27.438714295475492
6266,-11.485724730170649
6267,-12.228741462933296
6268,1.764330559326602
6269,-2.362881994528898
6270,-0.34076630624577575
6271,1.9894493399715802
6272,-20.544611867711083
6273,8.719622050679105
6274,24.595313137440456
6275,16.41596542714614
6276,153.1575071211147
6277,22.695243392153586
6278,2.2559698785894398
6279,35.825880332349925
6280,2.8913814836167564
6281,9.781649876637463
6282,26.935536364383026
6283,1.382273117230751
6284,-4.417213937008139
6285,14.745719682279248
6286,8.794152289240298
6287,119.86053443661338
6288,-16.41971033289171
6289,147.81945651425073
6290,-2.7893657940509122
6291,-10.823886636853185
6292,116.33560055196297
6293,15.786853249527391
6294,-5.72734543930331
6295,111.17722879694576
6296,25.204636671021092
6297,13.082197694661765
6298,32.19213360598161
6299,-5.766096303868064
6300,14.253104458471977
6301,2.615882724650371
6302,19.90963570323967
6303,7.059405374403378
6304,8.134413870434418
6305,-6.007113442898966
6306,164.67635185420497
6307,-22.490909792311115
6308,-1.795692785740119
6309,-3.346745000928724
6310,23.349670731213216
6311,16.377779857259554
6312,10.36645683726104
6313,2.666150080247915
6314,-22.6858557120256
6315,6.176276447691688
6316,262.96721855170335
6317,10.459254003551916
6318,104.67339981374062
6319,-24.836517042225204
6320,-25.54103981402867
6321,-17.327211952297688
6322,-10.954919721430095
6323,3.3215987114002203
6324,10.598563489602881
6325,25.46475639063901
6326,112.96869048118597
6327,2.0524008045015787
6328,10.039674487696583
6329,-7.870872193776286
6330,10.580172480819417
6331,17.730675842550244
6332,3.2218108312713323
6333,8.566110531133257
6334,-11.653000011663767
6335,1.0770307461858195
6336,-9.38267495082306
6337,5.42046131804822
6338,8.240795661824475
6339,5.727229118669117
6340,-19.861843256644946
6341,312.27004151482606
6342,-3.805118266706881
6343,174.71223871361607
6344,5.102967108770869
6345,161.21019806332757
6346,238.06290634681008
6347,29.24676624970929
6348,-1.865959881925658
6349,20.900864322144038
6350,-0.9579440869805573
6351,18.557141101038667
6352,-5.812888748854768
6353,2.3507614774531778
6354,-4.2850718193134725
6355,267.36443440908323
6356,-2.2284863608439984
6357,6.131550681953653
6358,11.003851941095544
6359,23.209735282644747
6360,14.042773416218962
6361,291.89063068412736
6362,21.49424177849206
6363,-2.0946978150962963
6364,-6.367249650898543
6365,-29.07916690585251
6366,-16.649802570373296
6367,12.2480629726588
6368,-1.345458178197351
6369,10.74752107816266
6370,5.15490385052834
6371,205.64083320904268
6372,293.11148573390443
6373,-8.043964968414887
6374,-1.0618742949486482
6375,5.334660563891752
6376,26.583567566052057
6377,43.52681242962612
6378,13.14175523534405
6379,23.73938415603155
6380,122.48805413953265
6381,10.531324352714302
6382,18.375873539745253
6383,28.349706782222583
6384,6.944228376416454
6385,339.2765668179408
6386,20.9771841338516
6387,20.449016089331455
6388,5.3597467348189785
6389,13.04834463510242
6390,10.300474735911875
6391,-2.1849736811624467
6392,11.769509000049442
6393,1.0831307639247214
6394,17.514452301104114
6395,-6.52173597576078
6396,-3.329530340537275
6397,32.10968942854281
6398,24.331331231673897
6399,-8.975301407847354
6400,9.623280574431739
6401,6.727122919842262
6402,-0.18067827003309134
6403,-12.47570822906659
6404,-1.9059536927146574
6405,0.20430682198680472
6406,9.303689886277002
6407,-3.7592652019717647
6408,-10.520048577379079
6409,8.940335266718435
6410,2.3501425866579826
6411,-18.32331057069706
6412,3.046282748631379
6413,9.304649265248656
6414,14.30444837583112
6415,4.688454999249995
6416,0.6087160359876727
6417,3.936697681508601
6418,-0.7486012947394727
6419,4.13436303885085
6420,18.776354734647835
6421,-10.538778213612154
6422,16.892835990039828
6423,-13.535390214962906
6424,-11.6995619396894
6425,-29.064640354226363
6426,-14.52021136159216
6427,-12.19104334272399
6428,0.3785841090488766
6429,-11.207956821747722
6430,14.057832638324436
6431,11.450082028025069
6432,23.767913759987884
6433,10.358461956357004
6434,-2.476546957764267
6435,18.168896757114187
6436,-3.1150209735299548
6437,-7.455849596870216
6438,19.7741155181602
6439,0.5940383109124845
6440,4.473687184907748
6441,-6.2034044958952315
6442,12.297891414312103
6443,-0.6516752010465865
6444,-29.845055160918115
6445,-3.801143144084808
6446,-10.495757555472334
6447,-13.64329718905881
6448,2.9786134402399878
6449,-9.924554229626768
6450,-8.68361366843368
6451,8.2176172054928
6452,7.805691091161785
6453,4.387422491838107
6454,-6.967429581577722
6455,-11.159917474991712
6456,-23.549076789291007
6457,-6.588948270639747
6458,-11.532182086689655
6459,1.3735491729643616
6460,7.929903650492518
6461,-16.583767796935177
6462,9.337085627273929
6463,13.966507972775243
6464,7.244974392943275
6465,4.864026676089994
6466,-6.676358126315733
6467,-3.6665807533566444
6468,2.3004881518560794
6469,-9.807961961720537
6470,-15.297549280054977
6471,-11.681439702498306
6472,0.33021379446655885
6473,1.669571686329661
6474,-8.406670100326725
6475,-21.153510190793654
6476,9.606381589177145
6477,3.2685169520145614
6478,-10.516813493359582
6479,-0.8238151313816218
6480,0.8217369089516442
6481,-2.4645938285028706
6482,-7.576055003468831
6483,10.15592855449488
6484,4.7358115873086515
6485,-5.429246531201759
6486,-20.375373687129063
6487,-26.75441790276527
6488,-21.05124662756794
6489,6.351527302123154
6490,13.716416423343322
6491,-3.66285506053449
6492,10.284416137255594
6493,2.924260443915678
6494,-7.988801663417934
6495,13.540565708787579
6496,7.937050822507036
6497,-8.32936809850733
6498,-16.079017025279448
6499,-14.054863657482539
6500,2.7989670104229347
6501,8.585930658963658
6502,6.596534953506195
6503,2.2946875145044725
6504,3.081644267323581
6505,-12.810268718016072
6506,5.819129332780415
6507,13.991802637247273
6508,1.5677310409282832
6509,-5.805871159004084
6510,-12.802231812896459
6511,-3.7212961136848683
6512,8.546406034521667
6513,13.26035696751053
6514,15.559568748851428
6515,0.9906056009793645
6516,-3.6222131625311107
6517,-22.346986666210235
6518,-3.329337391846977
6519,1.7072870474748463
6520,5.0991022946444655
6521,-17.747022547741302
6522,9.998378986572376
6523,-5.138841008854325
6524,13.351293972282612
6525,12.215879795565096
6526,-0.27111089646801645
6527,8.127668316530466
6528,-7.658409959170527
6529,10.668110542846922
6530,10.824291914721105
6531,-17.068977621672467
6532,4.294047756826222
6533,11.811398057132367
6534,15.288974502988264
6535,6.07977421053765
6536,6.484748708388578
6537,-0.838857296342713
6538,-6.27468136169259
6539,-18.370921910947665
6540,10.306759247005488
6541,5.614766880931851
6542,2.597857919913915
6543,5.2301204182771475
6544,17.265216776963193
6545,-2.209413377965223
6546,-10.67848157643473
6547,-6.267074512652485
6548,-4.993360924793205
6549,11.369099464239202
6550,-11.07142506071306
6551,-11.467350363928237
6552,-7.149422446294409
6553,-1.698983255119611
6554,-6.2208911265096845
6555,-1.1885591056984133
6556,1.0372553854710667
6557,8.373192001487938
6558,6.461249440300492
6559,-2.2228119031500455
6560,-30.970136210921417
6561,-8.709733558946986
6562,-5.666574617570241
6563,10.552707115640224
6564,-2.6612804031612782
6565,12.822261890645116
6566,3.3441313445374607
6567,-4.4932160434262585
6568,2.0364314116568227
6569,11.174883977991442
6570,-5.163115280557616
6571,9.62896118456733
6572,-10.42509385886865
6573,-0.675647954724834
6574,3.416920395258362
6575,-9.294411903881834
6576,-6.84644238755752
6577,-1.7393026262011233
6578,3.0093062966057325
6579,-13.272572188281078
6580,-6.889514144508723
6581,-1.7100815912795184
6582,-9.94152825803306
6583,19.67505637255293
6584,4.440003804391333
6585,2.7683482461124544
6586,4.908715318677812
6587,4.80856000559951
6588,-24.093846569769163
6589,-5.795472746526514
6590,3.095309641371415
6591,17.679629270841748
6592,-5.761179204153748
6593,3.3459802958551865
6594,-13.27317912502799
6595,4.769764216659599
6596,2.4621729425884418
6597,-11.257018685772547
6598,15.816961805947379
6599,6.980104983594053
6600,-0.7716750487448536
6601,6.009486260339608
6602,5.935076399456928
6603,-17.95460079813398
6604,-7.392233393572425
6605,-3.481034650768855
6606,-4.669936866431964
6607,1.9603658690742627
6608,11.940524670631477
6609,7.551444845586586
6610,-31.19182543418448
6611,1.3042748172156955
6612,13.721850930132545
6613,-0.5358330735187629
6614,12.921447500011551
6615,6.34524044152092
6616,-6.594783633812622
6617,-15.81200252445645
6618,9.008696425740208
6619,2.1611088536883862
6620,25.141361828664646
6621,23.46004717927348
6622,6.243052510674236
6623,19.745449612985208
6624,-16.932067503571083
6625,25.511095428126318
6626,16.233981469675918
6627,18.93701701662581
6628,-11.290994639093991
6629,-6.304637411537808
6630,-12.606199210222702
6631,-7.286355222826295
6632,-6.05163744687238
6633,12.909581933814845
6634,-0.43305310395126995
6635,-12.360700577373294
6636,-6.283063345157764
6637,-16.379449325664325
6638,8.988000419647802
6639,-2.5296911086125995
6640,-4.098511287924143
6641,24.609840428864658
6642,-0.3942847844205879
6643,-1.4363803648713578
6644,-15.981687603583993
6645,16.32987410722863
6646,5.44164095229336
6647,3.315065941068081
6648,0.17077137843972068
6649,-5.121264567650147
6650,11.010914925905933
6651,-9.951969993300402
6652,6.5567476859154805
6653,-5.705468796307791
6654,9.209085914937088
6655,-7.789993946546925
6656,15.962492119359792
6657,-17.80353306731702
6658,1.9468963057608946
6659,1.2457094923267373
6660,29.126433298994286
6661,8.761638205092819
6662,12.05026028753996
6663,7.176642481243704
6664,16.082316688303372
6665,6.058323625860506
6666,13.075758497808422
6667,4.8634217016503705
6668,14.45016546636292
6669,1.4516550358864144
6670,9.182852892722238
6671,14.012277172500404
6672,-0.9217065349663578
6673,10.392864973629017
6674,3.0576987040148182
6675,0.3611366974675896
6676,-1.3985857521266247
6677,2.21020544854159
6678,11.891087436014384
6679,17.183842461654905
6680,19.09059500660624
6681,25.70222953516066
6682,5.39078939072947
6683,4.777844372620491
6684,8.36359901773011
6685,11.777711536600256
6686,21.395262500180685
6687,9.95110643111377
6688,11.182533330048793
6689,2.002744848938965
6690,12.838158327595163
6691,8.487970579898882
6692,-1.7228976920967938
6693,10.744449191405469
6694,-0.649046520946186
6695,7.94572898820153
6696,12.052050494792855
6697,10.394308190814547
6698,10.096605862329255
6699,5.5194032496535534
6700,12.667732458266094
6701,8.031431955421397
6702,0.2698560451526042
6703,12.619061085024672
6704,-2.4509593247313184
6705,1.9845629358994383
6706,17.45323529536906
6707,6.449720510328518
6708,9.652203474128932
6709,19.639982482687024
6710,3.3499264722870112
6711,5.140545652277289
6712,17.439299631872952
6713,15.816104512157407
6714,5.8368328425124805
6715,4.445966540290298
6716,8.663293570577967
6717,7.937544741386496
6718,5.043658138072352
6719,12.853839991562047
6720,-0.25252487547239255
6721,2.3342756117085095
6722,19.633239824523514
6723,9.422501565419314
6724,3.49792345937632
6725,478.8940609254615
6726,158.54523916739464
6727,30.615743233788567
6728,20.12245865795025
6729,25.627929894928652
6730,5.237383650143078
6731,331.80404939324217
6732,13.926921693125294
6733,38.488125546298534
6734,11.362512594685793
6735,21.379893845798694
6736,1.5098034511746867
6737,18.61301502437788
6738,18.24931040776154
6739,27.620434549231263
6740,3.0323119319256033
6741,11.443333457057712
6742,-0.5130770067673609
6743,7.741101147442114
6744,142.08737831107558
6745,23.62578159686953
6746,13.599941447151323
6747,17.652908160353817
6748,4.387037025556388
6749,8.673348888333194
6750,286.35438780827474
6751,-10.86577719454009
6752,8.663122574675153
6753,-2.763643179275853
6754,11.82691713471543
6755,19.989142523492177
6756,15.14454011057644
6757,-8.63044259934017
6758,25.435383409712088
6759,-10.126826354636126
6760,10.096183473566018
6761,739.6692817776257
6762,2.3438145718184096
6763,32.557420714759445
6764,736.8298477500119
6765,27.94932543693331
6766,14.96992006560913
6767,5.7011327355004315
6768,58.753901989701575
6769,636.0428370890063
6770,560.652061682041
6771,7.0344895921632435
6772,796.8130781963165
6773,11.21080822610312
6774,7.029834748591574
6775,25.938610260480267
6776,6.456549686081518
6777,0.6201755719538848
6778,6.85933030620002
6779,32.51466523503618
6780,27.7508373512333
6781,3.6104774179420627
6782,-1.5733230479064275
6783,-5.093084379375512
6784,24.744822411176244
6785,10.126423884246321
6786,14.885696973120721
6787,-0.520116231901568
6788,120.90423852372523
6789,-7.242774964001526
6790,9.911182739857932
6791,8.514794192800185
6792,-5.810858490565003
6793,-3.3891957574533897
6794,11.613860475142033
6795,4.323985692550789
6796,285.1293202205726
6797,246.51246390430032
6798,0.024491012881561858
6799,-0.97624056099637
6800,-3.8652015729293474
6801,9.648673256026639
6802,16.221461737936544
6803,15.985817579526843
6804,86.65016369062432
6805,12.23186036419492
6806,0.5172782245421139
6807,1.0093171857394623
6808,6.802480866358755
6809,-4.270671908748135
6810,76.3794651222594
6811,-5.525859996036402
6812,220.91763756244603
6813,-4.170464618834011
6814,30.35820672123602
6815,5.065872295026688
6816,3.350804026104953
6817,17.844229464083245
6818,-0.13443017963286863
6819,10.355752551565654
6820,9.13090649331995
6821,13.877586760970074
6822,-9.789927558592726
6823,318.57208839985316
6824,8.356584848222028
6825,-5.412311854288372
6826,0.3557362734230871
6827,7.4450144902675195
6828,3.2789016262881
6829,3.9298869542618426
6830,3.467022475252918
6831,-15.283264249161313
6832,291.0847251894928
6833,21.126520349119396
6834,11.681604471507761
6835,10.066312373830957
6836,1.4524247668590835
6837,6.176958781516197
6838,255.3182016533719
6839,90.17589760872728
6840,12.845410307241732
6841,-4.182330585374775
6842,0.5396731948976043
6843,11.706403115838086
6844,-2.866033050499663
6845,11.339698439955498
6846,3.277375603859003
6847,13.156964826917655
6848,9.42915995927175
6849,5.575024649752022
6850,8.369424652772818
6851,3.773811688219821
6852,-4.1606291409222
6853,-2.8733251646115257
6854,13.634901126368536
6855,13.122390821396303
6856,5.083839874242976
6857,8.53390491849665
6858,18.495867077299316
6859,-7.130252731617439
6860,-3.545979225321009
6861,2.6446094461618657
6862,1.1914301165758587
6863,-1.4505897775656464
6864,2.029597238565282
6865,4.612128681446286
6866,-10.142181615209157
6867,0.12290097006131617
6868,11.763532527873085
6869,10.360745366635907
6870,6.152839679068634
6871,-2.198945037756161
6872,7.253748037261319
6873,3.0478135822537276
6874,1.2836017180292316
6875,17.263588679635507
6876,1.3123800253870197
6877,-9.230653103624839
6878,0.0013979248759063978
6879,-6.777790338844088
6880,4.035107491516904
6881,7.130878460988594
6882,9.015391552145102
6883,16.064671411248426
6884,2.414146996552711
6885,-6.577793077673114
6886,2.450332089461595
6887,7.555391055564611
6888,5.114552786284694
6889,-4.614938395245925
6890,18.408632857932247
6891,5.925878821291519
6892,10.65689160848892
6893,6.581786555284896
6894,12.434917478289897
6895,8.624529607457713
6896,13.670256142894015
6897,10.121378587796556
6898,-17.309104472872882
6899,-12.458066424536838
6900,14.420911664253833
6901,1.6039302516680447
6902,4.896079533682082
6903,-0.8850702462693647
6904,-5.354944229621761
6905,7.576264519854165
6906,3.1639118386293283
6907,4.4572933741370235
6908,3.5085659756764276
6909,3.612026321137625
6910,8.563335959428603
6911,-0.7355622579726315
6912,4.900273950873068
6913,-9.156557176228436
6914,11.42964297198546
6915,20.761297210345145
6916,29.437656443229923
6917,6.719181229528736
6918,-3.7631455183350297
6919,11.411337795317195
6920,18.19241370896052
6921,13.294628815603485
6922,14.41998659464045
6923,10.157995693042505
6924,3.4460039361187675
6925,38.40935681540411
6926,21.717789718666943
6927,-6.443588208623556
6928,-39.32870331399481
6929,15.328406293372584
6930,11.570562536745413
6931,-13.111751008524067
6932,1.397700448786745
6933,-5.261402672224236
6934,-3.7117551281770496
6935,-14.39089734558883
6936,-9.496446000473178
6937,17.158485101886594
6938,6.157479111351666
6939,8.288202136203292
6940,11.631319472624027
6941,8.254056086476746
6942,2.879545699580742
6943,0.08301487069100943
6944,-5.116987042227144
6945,3.8349793142939816
6946,21.051143057657313
6947,15.981392135177556
6948,16.634353478228338
6949,4.405393387360389
6950,7.988154731165444
6951,7.499526590767344
6952,9.683316176967239
6953,28.610198241965215
6954,16.397265874358308
6955,2.4343832284781346
6956,11.081541166528588
6957,-6.372737614804027
6958,4.587883816502934
6959,9.355220644987991
6960,-1.3401029168656855
6961,11.504441720030197
6962,8.798967843133237
6963,14.471698678163687
6964,9.84197481132938
6965,6.932540545829514
6966,23.544140356567876
6967,4.978866626238963
6968,-1.6427771973151657
6969,-6.349800200880878
6970,2.161059588307694
6971,-23.000295111242785
6972,-10.3820590525308
6973,2.2583623294337443
6974,15.460290858910735
6975,13.974048299844283
6976,-11.552477813084582
6977,-16.436177426326218
6978,18.624355302177996
6979,15.235622662517581
6980,16.428763125348972
6981,1.9848421515382917
6982,32.50684218156478
6983,-14.508050380170296
6984,-19.974579256719956
6985,7.025175864896408
6986,15.268611568566325
6987,-8.787743734293954
6988,14.567338043848489
6989,15.166305504634817
6990,5.050845969134418
6991,10.559204380001212
6992,-1.386390548275564
6993,-19.316895684752424
6994,7.10765237053274
6995,23.739602150073093
6996,24.56922538624994
6997,-11.833567146867587
6998,-7.924510811871379
6999,15.206289731623169
7000,11.475543738735238
7001,-11.756486542626849
7002,-14.941926184300268
7003,6.650395091149646
7004,29.255127133074758
7005,10.805201396255185
7006,-24.24989316012128
7007,-15.404607769624608
7008,13.407239997528956
7009,-20.674098815383154
7010,-8.147040316213097
7011,11.531180374518913
7012,-17.203853225995665
7013,11.83135044549081
7014,-0.32869981973465556
7015,24.007141647953798
7016,8.14969922743572
7017,-1.2733192462556993
7018,0.025124924556894968
7019,-6.959507126236559
7020,-3.1502130923169105
7021,16.09577290672286
7022,30.88749817980633
7023,4.105373347260423
7024,19.26413330722572
7025,5.942974837868231
7026,18.64389816757379
7027,10.223301002579591
7028,4.377713970845299
7029,-1.5645688050074291
7030,20.82492786012877
7031,-16.526774016830146
7032,20.19319329653979
7033,27.132224050303865
7034,-15.215824625939572
7035,12.14097808422451
7036,-13.007342172477873
7037,14.915612789577944
7038,-2.2014005129700145
7039,2.164671954863687
7040,3.2388437800719334
7041,10.870222028361578
7042,8.856912158593412
7043,3.540136879836357
7044,-21.608181864999196
7045,28.70323548677363
7046,7.937629746972354
7047,11.874011863290939
7048,-18.66910809174245
7049,-0.38878835409296997
7050,8.49799889589587
7051,24.268600715598325
7052,-1.7760676089774776
7053,20.170881889666738
7054,-11.585445106713866
7055,-4.244140769864064
7056,10.949272119587997
7057,-2.2405920182937145
7058,10.313692334348644
7059,32.17098961263916
7060,17.850668695816395
7061,21.055370435090495
7062,-10.520549438389583
7063,42.63541790135519
7064,-18.8427106722476
7065,7.510745488804192
7066,20.63152474879423
7067,15.604156951620118
7068,-5.558616645372325
7069,10.529932851682265
7070,5.122959441773602
7071,10.54111421751547
7072,2.204545737292948
7073,25.394544533992523
7074,-9.55723201765257
7075,-8.333576395838573
7076,37.92499886955608
7077,7.127396520901536
7078,-7.12417483643646
7079,21.976633135290363
7080,5.36080763731222
7081,9.285287539761804
7082,3.197168356715661
7083,2.838528834239014
7084,-0.9766327644157684
7085,5.74570990519719
7086,19.34491056611668
7087,5.536341241509945
7088,8.884906916113476
7089,-16.365253450750544
7090,33.9823306987349
7091,5.993621461830159
7092,7.002697547334591
7093,5.434277320535664
7094,6.616042942231031
7095,7.5777386324261045
7096,-11.79813546824947
7097,21.298851632758836
7098,24.291701134926505
7099,-3.7493000868671658
7100,6.88735536943557
7101,19.777572889434882
7102,29.51414318995473
7103,10.433864472985324
7104,-14.62186368046219
7105,18.95281881802711
7106,13.464046430772285
7107,22.905987542985113
7108,10.04713635909857
7109,3.345133719063476
7110,-2.4762678158830127
7111,11.159849947156252
7112,22.951487322768852
7113,11.257155317196531
7114,38.533478190764384
7115,32.79149146140959
7116,25.645429627797704
7117,-9.228749151037501
7118,20.006760363331214
7119,34.38633255991539
7120,31.355634615567084
7121,11.127601458366975
7122,-5.921698323742557
7123,16.00960002522329
7124,9.878116269154798
7125,14.093301235246
7126,-3.641868779338747
7127,5.166893008286802
7128,22.342775146466803
7129,12.185601085807477
7130,5.920277450598503
7131,-8.514605124119502
7132,5.756899287873969
7133,12.39397209698556
7134,5.300933154970034
7135,-0.21068675841680573
7136,8.5844014851625
7137,28.39566558674996
7138,10.819181294060513
7139,8.181978654065073
7140,-0.2761077247611716
7141,29.810894068271683
7142,-14.107748002846026
7143,20.573796750623806
7144,12.451263227611857
7145,3.44633004583131
7146,28.07081610682718
7147,7.872346850280607
7148,7.615158588350566
7149,10.798082647185748
7150,32.15248367368132
7151,-7.887633692452859
7152,14.533075302661562
7153,1.9221507482132232
7154,9.83715110801717
7155,10.79435069773022
7156,27.69303287500786
7157,10.106724411552548
7158,-0.6884999173163564
7159,29.332149448667906
7160,-5.689437305602684
7161,-6.0704682899410685
7162,1.1034461175851344
7163,7.70622049546296
7164,27.6614083644339
7165,-1.2520134903321605
7166,9.088587677275687
7167,2.4695847754465223
7168,5.9831581588740494
7169,1.4766790109136565
7170,19.93015173397776
7171,-13.023755356142775
7172,-17.96490375335859
7173,17.585616122712555
7174,24.851170773384368
7175,13.245882479001267
7176,9.485174227255706
7177,29.871565100202872
7178,-2.0260075880481097
7179,0.603832162203414
7180,3.4113070070678333
7181,-1.7462104228186064
7182,6.437172042415803
7183,1.2038154527717975
7184,20.345220651226384
7185,-4.527585184431864
7186,17.65976791228853
7187,22.55460223448111
7188,-2.7175032413009497
7189,-7.716872369396576
7190,23.121548204742005
7191,4.921188323214183
7192,-11.7899315015835
7193,28.8299534575806
7194,16.738400606373297
7195,7.509957031742685
7196,2.5049392106186747
7197,13.160646282467642
7198,6.719386269777456
7199,-2.8577090865788364
7200,-0.9920954716526182
7201,23.454443146194283
7202,9.889488163516564
7203,5.374312527671293
7204,1.5183189270142972
7205,27.404371817213303
7206,23.75705423488348
7207,1.156309280708319
7208,27.672351194965504
7209,11.919884861781298
7210,2.997679833240369
7211,-5.4359883368124
7212,16.443721734060258
7213,2.649297351042442
7214,-6.666638236822788
7215,-6.6448259425244025
7216,21.040695519361257
7217,29.824435232769225
7218,-0.8151263005533025
7219,10.174544582846778
7220,4.050643446029053
7221,-7.400139209437846
7222,-10.287354389884406
7223,0.20369650575101161
7224,18.945544432604812
7225,6.869574767315443
7226,9.611388926910664
7227,9.285045812848942
7228,17.820543971156376
7229,10.724579928673768
7230,32.08115324695415
7231,16.868086376254464
7232,34.35149437153227
7233,2.8401745263400127
7234,-7.129247493444463
7235,0.8146883554329314
7236,23.04306762449665
7237,3.73504282369551
7238,32.62587203172959
7239,22.097705293123934
7240,10.829242671913626
7241,-9.944114456163899
7242,18.012352915797
7243,-10.465986086799024
7244,5.58407570100448
7245,4.379463304204821
7246,10.40035437593723
7247,-3.8799041474370135
7248,18.08432083322093
7249,7.578371132263751
7250,34.85424207177083
7251,2.4256331199155277
7252,4.178040487782907
7253,-20.12998416763618
7254,24.658426119895584
7255,24.41186926322424
7256,32.61028232623062
7257,19.18353586055098
7258,9.204075417997313
7259,22.45328161206516
7260,22.716645195108434
7261,3.98239353141439
7262,14.558153824982202
7263,6.528808931541256
7264,9.80492253371296
7265,5.97271672043105
7266,23.722812316913796
7267,-5.496724115578846
7268,27.135252913575805
7269,27.366079825289447
7270,4.732645836658552
7271,9.215242620876229
7272,32.190073352862825
7273,33.099765155357446
7274,-16.498588664292576
7275,17.6666509896711
7276,6.945884976100993
7277,-5.240364357916999
7278,14.592928593875884
7279,14.251590685884572
7280,24.837462016075328
7281,-15.258462005359313
7282,3.6970803602954074
7283,-0.6531896911373067
7284,34.87152279201868
7285,-9.055895165957434
7286,-2.5091968561473124
7287,-0.7871709969713265
7288,-8.252531169264433
7289,-25.1829420264717
7290,7.984149932663131
7291,6.769380628780471
7292,3.5605490026511575
7293,15.211560465348558
7294,-9.319348379992807
7295,66.22344348914964
7296,18.395881216831114
7297,34.321549638908515
7298,-7.442423533035644
7299,76.67982298292549
7300,-13.907109369508984
7301,-14.591518586422154
7302,-39.901800478103766
7303,0.20018991512771045
7304,431.27328558865446
7305,18.166721515733396
7306,117.48559745904832
7307,-1.1279456411533175
7308,-18.607955163234216
7309,-0.7258936146808388
7310,28.022836583135287
7311,507.8195376696819
7312,22.451418902026816
7313,-13.845075561497644
7314,-11.735461371858246
7315,664.172028241804
7316,160.23353552210529
7317,259.5104204294898
7318,1.6556725231419929
7319,12.916251474463667
7320,32.748062380358526
7321,245.43030842027594
7322,11.317473112492394
7323,-10.318430192600378
7324,-4.472295682785678
7325,10.076280995591452
7326,3.5494259868266838
7327,2.9843118122663324
7328,14.202243339148977
7329,584.59029552837
7330,283.78388525825034
7331,174.26921155791447
7332,-9.52676456079205
7333,-2.331062646090647
7334,-6.262553111876052
7335,30.474849668198168
7336,13.325659665371719
7337,31.744466927014003
7338,17.442479717303325
7339,37.56512229032863
7340,29.147226071587127
7341,1.4651251152334819
7342,2.1655146807169086
7343,-2.6966218225873817
7344,50.23736778858099
7345,30.255214983815485
7346,18.315828537791415
7347,13.652134607099944
7348,3.2817675576295198
7349,17.73573014596409
7350,-12.936826451088155
7351,-9.701885833045463
7352,-0.9235580692768188
7353,-8.165640285240091
7354,13.772110894462177
7355,39.067653397221406
7356,110.61613855696771
7357,0.92760698443292
7358,2.319580324777796
7359,-9.37443386458338
7360,32.02697732411152
7361,-16.502578681183522
7362,36.11111219789191
7363,6.651687476345442
7364,15.029716245573065
7365,12.529409683047014
7366,7.7101883346621385
7367,1.8407642665409174
7368,30.774806763865143
7369,46.34729794566092
7370,9.220509109952513
7371,25.380970314894242
7372,11.86964971313606
7373,18.289375798959682
7374,5.447096600460005
7375,23.369374728471477
7376,15.200416857329103
7377,4.6033070107333725
7378,5.775367819805991
7379,528.7939175033589
7380,32.904894130251996
7381,6.073744657168987
7382,620.6257172896114
7383,-3.603000150776058
7384,-19.06452437152857
7385,25.35524785056257
7386,2.532461774175113
7387,329.69131196934484
7388,5.724395475475918
7389,-3.1646791049465115
7390,294.5764009856342
7391,5.4374484398310265
7392,8.344406345422065
7393,-4.171056406490834
7394,-4.875452333773097
7395,9.520832954687135
7396,2.6610103952787565
7397,-4.419417420608781
7398,44.710642211035804
7399,213.39214894533632
7400,41.437302088619475
7401,33.73519510038818
7402,-6.381871152355064
7403,22.952430670069727
7404,198.6738833973829
7405,13.000236262897378
7406,153.64031894982853
7407,2.2595023821637827
7408,9.963491356841791
7409,577.7621906686626
7410,7.534032305352884
7411,12.528675942782057
7412,-3.7803995134047383
7413,617.3987315949992
7414,-1.6673040798110108
7415,20.306496315948813
7416,390.965662393507
7417,31.59473658577059
7418,-9.700141329487149
7419,9.553478255005274
7420,4.86024685116891
7421,-11.535916575433106
7422,13.867722165366505
7423,17.813988035790075
7424,-13.75144800023729
7425,6.011621648677394
7426,11.115723618482864
7427,9.565319796563033
7428,-4.6612071118454566
7429,25.35309684709535
7430,19.04145941078329
7431,9.71125546250645
7432,217.3031660703692
7433,374.06844817257496
7434,389.581403746468
7435,28.966453512883213
7436,14.11287544227859
7437,10.047034153764823
7438,33.125026479322536
7439,-13.338076175894582
7440,32.62283838484207
7441,-10.366672570877132
7442,3.3841350138788275
7443,8.859103862190008
7444,1.9336291798984302
7445,0.14800541007598156
7446,15.919679184190741
7447,27.526509372509942
7448,13.837303861540061
7449,8.056338885435174
7450,41.664428708351096
7451,655.2081699879651
7452,9.065905564840351
7453,348.1776115277313
7454,8.85753211387112
7455,9.96109146481105
7456,18.033567325726008
7457,11.37259385747101
7458,3.751414963502608
7459,435.43774326686975
7460,33.089603813125834
7461,-17.68439496219387
7462,3.8562279105013264
7463,6.135380203779569
7464,311.96170329284314
7465,22.88179107638883
7466,-7.172684617274793
7467,-6.617306816889798
7468,20.091832965624562
7469,4.391583792381608
7470,161.72166982775047
7471,11.324398004716269
7472,533.3238849277108
7473,14.208583034716032
7474,-6.242001945509738
7475,26.74692724338776
7476,33.87600768213764
7477,0.18270858911373367
7478,-6.371904502147704
7479,3.5270694509806724
7480,35.75253435586289
7481,-6.598027239117648
7482,14.9626411468501
7483,-14.000166593897145
7484,119.52444204760364
7485,6.908894025959192
7486,266.0922736208561
7487,17.208943615828037
7488,3.9743884819574298
7489,3.32049198376148
7490,7.720578158378851
7491,11.414113205214022
7492,26.2127976425285
7493,-6.269219440933817
7494,-13.359791351231351
7495,37.1120832441781
7496,19.947576458725308
7497,22.879496822935774
7498,-4.383718232582769
7499,26.38898911023674
7500,-19.404511398383676
7501,-12.452506206258782
7502,10.979139023195842
7503,5.283802623133022
7504,6.177401518140716
7505,-7.6846710256899975
7506,0.8073302878626532
7507,1.8879512302112005
7508,55.11376688318246
7509,11.242930502864176
7510,-12.137175196865137
7511,-7.502321576682874
7512,16.77904769687571
7513,8.678931650558077
7514,-20.689966116970268
7515,-8.421132235336508
7516,2.263267169184086
7517,9.726404512229244
7518,78.19779748700608
7519,6.1152553645900145
7520,12.535795660286414
7521,-18.062816357819074
7522,-4.088592340003789
7523,21.91856689802518
7524,49.69316019471187
7525,56.48978749364037
7526,24.588210659314363
7527,-1.1772075758005762
7528,-7.2797858959988275
7529,21.841271793507566
7530,14.314043398954208
7531,7.8494231963744046
7532,-5.203220639899481
7533,4.339528004567137
7534,-2.845559441623031
7535,218.28836075676816
7536,-5.9297308691722215
7537,16.66463812261567
7538,105.78721010114519
7539,184.31936688139973
7540,204.23441679865394
7541,21.605314976036446
7542,2.8594242827792193
7543,2.524675845418807
7544,55.758236287168934
7545,-12.720637354527241
7546,12.08634457559389
7547,-10.676280463861797
7548,6.827877750090799
7549,167.6411860424549
7550,35.60905948715475
7551,25.68074293656515
7552,9.116020873179774
7553,6.321751781705851
7554,12.640237301729021
7555,11.1438437790286
7556,1.660786182636878
7557,96.2193602555963
7558,8.6483835501327
7559,9.999019440552214
7560,169.57069287420174
7561,2.728574843786628
7562,0.36462375619940346
7563,7.158986705040338
7564,9.519591067392017
7565,21.275768055371252
7566,15.981358452429983
7567,22.649411341619402
7568,89.02011978219029
7569,-11.465878054177509
7570,13.595965812185483
7571,-2.3644603470622307
7572,11.506204391206092
7573,6.197753836609936
7574,7.141672107925153
7575,16.620097833400777
7576,10.775366669780656
7577,0.26575241739384303
7578,44.239592879310145
7579,10.139044387592385
7580,128.70712998379852
7581,3.4318404575517683
7582,-6.487308671279081
7583,170.9475912776137
7584,32.81534175942599
7585,-7.349224455391106
7586,1.726542895349045
7587,11.872878683682066
7588,3.5048062954247836
7589,10.65098634175822
7590,-18.439707036217072
7591,5.479125322574857
7592,-6.912994227777087
7593,-5.019608671351676
7594,25.899994505065386
7595,5.22945225541679
7596,25.021297274278382
7597,165.0365152108587
7598,6.046226036047113
7599,12.477609446700964
7600,-4.328306393880553
7601,26.91129980069786
7602,9.935480878741515
7603,1.447346952399938
7604,17.04934491247377
7605,2.518081209421686
7606,2.4312040226029588
7607,34.299944546971034
7608,3.5691206776615285
7609,37.22802886787697
7610,12.137009384399725
7611,-21.311347820917092
7612,-5.761296088433461
7613,67.37893703756464
7614,20.629362299289294
7615,-11.551674354694946
7616,8.388881173737136
7617,184.63682191860173
7618,7.832046173304718
7619,5.8091977370682315
7620,130.42025155277312
7621,-0.3538359877296564
7622,8.314473464554329
7623,16.738915186808633
7624,10.986474651361723
7625,16.417216797738842
7626,0.1714734000384297
7627,-15.740761738668951
7628,2.578262769113609
7629,-11.637291766939253
7630,54.41047701845359
7631,13.82296941823232
7632,21.838631394936773
7633,19.51929596272072
7634,15.637005516241082
7635,10.307013787700006
7636,70.33637615258684
7637,12.134004893300414
7638,48.45570192273884
7639,177.64076537113422
7640,-2.5195034006243233
7641,-3.006950582256877
7642,5.448431071287496
7643,23.413199022592302
7644,46.009968732916896
7645,59.67730264784944
7646,-7.91150345850394
7647,10.918436834392146
7648,6.566322950198629
7649,15.847171433382838
7650,19.77978238462716
7651,101.89925768582805
7652,-15.260262109929574
7653,20.156383367056577
7654,-9.55181810022366
7655,-3.9543581885977233
7656,17.016873378687738
7657,35.2654216295403
7658,22.9805444268476
7659,26.27482390405207
7660,1.689887936340961
7661,304.08346653869273
7662,10.596321956938702
7663,25.470787546642637
7664,8.167013985381335
7665,7.692838381834836
7666,7.030628511185595
7667,8.522322353012651
7668,-1.223585045732971
7669,13.232575108630137
7670,22.145132710928614
7671,-11.258598393042956
7672,-6.077945215198795
7673,-0.5186145236895356
7674,-9.629482579102568
7675,13.063975208185955
7676,9.570936127856527
7677,145.3773467193627
7678,213.3162259246031
7679,-15.417090304154438
7680,12.33635879900356
7681,223.39691063041832
7682,-14.643766216381568
7683,20.108661755994447
7684,14.543280075818622
7685,21.76914333066376
7686,-5.300870449804211
7687,8.517012031138776
7688,7.638157244082725
7689,20.912451528510267
7690,27.23890683047872
7691,8.534606831186553
7692,21.96082115078935
7693,8.430568637703637
7694,-19.2670653366691
7695,2.2656778691919595
7696,9.618205382514823
7697,1.0199684065440966
7698,-0.7601207115819228
7699,14.054489227295743
7700,10.322800369679108
7701,8.85317302194741
7702,-1.4020662771091175
7703,5.919981177426649
7704,3.408584800834415
7705,0.8033235720819967
7706,3.905023214518696
7707,3.8311020228409536
7708,4.091407236644661
7709,25.827391478802397
7710,14.620955692073672
7711,10.007930786629004
7712,6.881431069153789
7713,-5.862426843137133
7714,20.13218234730743
7715,17.77459888784746
7716,-10.2872207494703
7717,17.736078604692665
7718,-5.5035629563167205
7719,19.429583159987605
7720,10.26097776878738
7721,-3.4762185816402926
7722,0.29727793655837154
7723,-1.3462997677715371
7724,9.43182506305261
7725,10.125619759189396
7726,5.607906901850901
7727,25.91429664648315
7728,5.741699263234549
7729,-8.178187477808233
7730,17.88621399764002
7731,-3.981033237795142
7732,-12.051802375925021
7733,-14.597113054023364
7734,13.780125411064294
7735,17.930941573460018
7736,-13.21515376823228
7737,-14.096448080288923
7738,9.465680297034666
7739,7.748237279082241
7740,-11.970245393135915
7741,-12.605180608316932
7742,-14.896230579299413
7743,11.56484583712632
7744,-4.883696202402209
7745,19.114985072738477
7746,-4.670729038977683
7747,-0.8024511849907228
7748,-3.589032386177788
7749,-3.9864043626672263
7750,0.7456604041689037
7751,-6.605158339964973
7752,2.386903030695878
7753,14.538789188378445
7754,-1.333060798451939
7755,-4.916090810093003
7756,14.220830811674581
7757,2.759807314348473
7758,3.787549693349625
7759,-5.856359668784943
7760,-9.50520790328773
7761,10.312123488359253
7762,9.581562123949883
7763,7.652982476046345
7764,-4.679560490485802
7765,-6.831920921633692
7766,3.236242043649101
7767,0.7917165284169503
7768,6.805439676680313
7769,-2.200793289055653
7770,8.949188473768302
7771,0.3025477783497994
7772,-10.22918090780416
7773,14.192023219801428
7774,-9.566769791347852
7775,12.003764207858131
7776,-1.8618807870650578
7777,-16.122209760037897
7778,1.4330463260943986
7779,13.746905724020909
7780,6.187510555609796
7781,4.715117489841777
7782,-13.28598694887448
7783,-9.98428190430415
7784,19.509038121262268
7785,7.882175122100474
7786,-0.8252963394757735
7787,11.656405169631263
7788,3.0535066944450406
7789,-14.699669071615105
7790,14.255632927667516
7791,14.753590661780207
7792,7.331917235066573
7793,1.2903500477155578
7794,-17.51369626478578
7795,-1.802202232360525
7796,-9.831379331453373
7797,0.5762062014472793
7798,-12.372794564708155
7799,2.3071473785055936
7800,-20.46739154519682
7801,1.4565125818635387
7802,-20.167484960678777
7803,-4.229143603347257
7804,-11.124355687807025
7805,-3.9763538932453386
7806,4.297111094644389
7807,-0.4376996695569275
7808,0.7940685498214801
7809,4.251557452013136
7810,10.920579124872953
7811,23.010419180906677
7812,-6.2062391025310895
7813,-15.358466519061725
7814,22.895379245608783
7815,6.040696907628462
7816,3.904331525247322
7817,0.24116026767783616
7818,5.053727948123061
7819,-5.387144548498004
7820,-3.597709158794842
7821,8.614860842244244
7822,-12.6640409792162
7823,8.835050771736178
7824,-9.469474318535209
7825,-9.358591484369025
7826,-3.6032050044848702
7827,-11.097112221088047
7828,11.888632406649977
7829,13.679715978801388
7830,-1.783940441593515
7831,30.882219127521545
7832,-16.064670141472696
7833,16.25822844643222
7834,10.209645690947035
7835,2.364054529033748
7836,-3.340144880144578
7837,-5.292706599222427
7838,4.785660562444052
7839,3.731110326769368
7840,11.138643034724424
7841,7.364179990658439
7842,15.11055321026256
7843,19.08409732920348
7844,4.246348750683449
7845,5.998467986000092
7846,-11.1446234694058
7847,4.883714823609306
7848,2.7992163100682568
7849,-0.22723622905183305
7850,-9.995071438812651
7851,-0.43580231349928056
7852,3.1200693885948283
7853,2.1480094938001724
7854,-15.863100810766198
7855,-1.7401021151323839
7856,-2.547155971420281
7857,11.202309390431807
7858,2.4270556201481526
7859,-1.2411199973085658
7860,10.342870817638385
7861,-12.410078564125605
7862,-3.3909166083562354
7863,-10.782988908514469
7864,-4.508256742039496
7865,7.255754561626084
7866,18.991215986028532
7867,-0.2600126576106412
7868,-2.3836501708640796
7869,1.3774769570133358
7870,4.664640450732948
7871,4.660088671331428
7872,-0.08984281047165865
7873,2.2690808121484043
7874,-8.651376084716805
7875,6.705122584071676
7876,7.970208460265193
7877,3.2776496352273217
7878,13.775072296948387
7879,19.5560420317701
7880,-12.303447096857273
7881,24.742246933068216
7882,-2.6770403358897603
7883,-0.5216734396218854
7884,23.535389901835842
7885,0.8432201699776805
7886,-9.77958478721876
7887,-3.2747162604677094
7888,-14.265987364342568
7889,-5.779679551277635
7890,-14.429527186006528
7891,5.486913611965511
7892,-20.568340542443444
7893,16.75506412707777
7894,33.499004584685636
7895,-19.70435788207776
7896,3.24846846691576
7897,-3.4644161390751655
7898,-4.190236562421326
7899,6.035840044879567
7900,-12.370590649676899
7901,21.58297397949756
7902,4.559256036287405
7903,16.845923691419124
7904,-12.843571555148635
7905,6.752031682146484
7906,-0.29868109007261623
7907,13.049997149740046
7908,-13.334343509147732
7909,-11.333081739459626
7910,-5.672046597884975
7911,10.99017560524657
7912,-5.3213517680343685
7913,-0.6515280593557407
7914,-8.988177746800314
7915,-12.119707134011382
7916,-29.315650669744947
7917,-16.82421066939795
7918,-5.536364972543073
7919,-12.340461177264956
7920,-11.476032018945197
7921,0.5130404429920237
7922,-16.36435521054716
7923,16.035311958836896
7924,0.41688123378829545
7925,0.2348278070331169
7926,2.4609031044047818
7927,-3.5114432856092854
7928,-12.732074448208895
7929,-13.838509065393982
7930,-18.435187564619085
7931,-19.32698057244866
7932,-11.39387847830001
7933,-18.341363755230482
7934,-33.21746170137506
7935,-9.016598610434439
7936,-23.543081161081396
7937,-30.113789254649873
7938,-34.641080446558554
7939,-12.05401520404553
7940,-2.609928945733124
7941,58.49467795003894
7942,23.037153398484126
7943,12.370573650924094
7944,-47.27003814416248
7945,-19.46220681312557
7946,69.90316165516046
7947,-24.287051936781758
7948,-24.03417096626213
7949,-35.11937896835579
7950,-5.626809912744417
7951,-20.435236611772204
7952,-19.85977998896948
7953,-3.2815370732472005
7954,-15.256926153644244
7955,-16.905471941782693
7956,-21.95324963292972
7957,-6.4832941438241996
7958,-7.486415793577301
7959,-4.95678025425234
7960,35.98117316418208
7961,-7.528971821493499
7962,-22.903142602269348
7963,1.8695412327536296
7964,-12.274199108322865
7965,-2.75129806991772
7966,-35.302268008614384
7967,9.076126021139599
7968,-4.654063813752764
7969,-0.593799852708333
7970,-6.904849119870676
7971,-17.68517379342064
7972,-21.77868108011807
7973,-9.581255539693622
7974,-9.21606379367623
7975,-14.250077157406846
7976,-12.704496449118189
7977,-13.956675645355563
7978,-32.17792337289205
7979,12.328554918305173
7980,-15.318480763241826
7981,-15.302309144636638
7982,15.834556723697059
7983,-2.667412534279695
7984,31.481422761690492
7985,6.11488509972094
7986,6.437712764585019
7987,-13.984166286463413
7988,8.055056133682728
7989,6.4904383194543165
7990,-3.00871867230903
7991,-13.043704882790372
7992,11.197909115010365
7993,15.031883654893212
7994,-4.010683042918679
7995,11.177538212051735
7996,9.397492347020954
7997,5.303682420584559
7998,-4.51345300439651
7999,-3.264234862567605
8000,-2.890849871306063
8001,-4.924107258654214
8002,9.90000824276309
8003,0.6698188483588101
8004,-4.969228026545913
8005,-0.9200559575612779
8006,-9.481594011108399
8007,-15.087864550580356
8008,-11.060134115326331
8009,7.657424084433583
8010,7.976084123357344
8011,4.7805401537505645
8012,-2.239323811625326
8013,14.34851627322561
8014,0.9918001852408871
8015,13.138609774163983
8016,0.21890141146841735
8017,18.452732543651184
8018,3.3027175359672984
8019,-10.446903996850562
8020,23.215867356001596
8021,28.085953533494017
8022,12.679947446998
8023,3.6367162977504552
8024,-5.366297132988166
8025,-10.903641208693202
8026,1.9795805297904945
8027,-3.8627468490686354
8028,-12.95072425031439
8029,5.585602038040626
8030,9.233511859072454
8031,-14.168687022392803
8032,4.357417633377262
8033,-8.098424184661049
8034,13.270051722281526
8035,2.2712038658287845
8036,1.1116493046492284
8037,-9.468589318884213
8038,25.64347645938328
8039,-15.352123844159962
8040,-0.48899635897463156
8041,0.9503653102148473
8042,-2.8646265572216763
8043,-18.678300044846488
8044,18.34121877230882
8045,9.24369989576466
8046,1.117763653315757
8047,-0.18590443674987256
8048,-0.25714863476869
8049,7.327957286676938
8050,-0.25846794601731915
8051,-1.3948096905821146
8052,14.245373643061134
8053,-6.7463561385400155
8054,-0.6224113610020332
8055,-7.463399292172138
8056,5.278073275163825
8057,6.170865587233957
8058,0.13181391656365804
8059,16.14396609644436
8060,-1.1593135850945693
8061,-9.411174412860753
8062,-8.266614444911443
8063,-6.893168975342558
8064,12.18114078068437
8065,-3.734588352059223
8066,-12.176136643600046
8067,27.601167690710668
8068,13.410773149197066
8069,5.532124917369556
8070,-10.408169672320067
8071,2.3776085160409544
8072,1.9242089683520138
8073,20.28166900235809
8074,-9.151010555248487
8075,2.0122169730388233
8076,4.146868642835797
8077,30.732794804973295
8078,-11.773033421897516
8079,-12.30611613327774
8080,-8.715345372806894
8081,-5.72318034213971
8082,141.28668499409648
8083,15.141187390089039
8084,-1.907715232025911
8085,6.474508098089689
8086,-4.150058630604214
8087,523.6715900823469
8088,-13.939192245233322
8089,-10.345850267153459
8090,9.20562990934322
8091,2.598049591066655
8092,37.251747482613254
8093,-2.087326522224977
8094,1.1690949379609634
8095,670.845967231811
8096,-6.192499840550926
8097,-3.49773919500948
8098,3.239572687445097
8099,79.48954357918188
8100,-16.015823653448784
8101,676.5119943847131
8102,16.602578919207634
8103,29.490875169239956
8104,24.62471170250454
8105,-17.40267370161338
8106,-7.527042551251778
8107,1.0299122601865083
8108,24.93700121292963
8109,-12.741529432548905
8110,27.816739558709827
8111,58.168317620081325
8112,7.064285354524397
8113,414.41138059720294
8114,26.186866781652192
8115,-6.63084439512442
8116,-34.95617503046298
8117,7.631381314610779
8118,25.55274666812721
8119,-38.02956443889951
8120,15.058645964928616
8121,31.175230182045272
8122,-16.612192171950802
8123,-11.421755627365211
8124,0.14934407571477593
8125,1.0639834635413905
8126,23.090472170078364
8127,292.64809143414067
8128,2.294082582201307
8129,-8.365398682512328
8130,-20.634609976898787
8131,54.6989390718137
8132,15.148105071561398
8133,1.3841505402459262
8134,-35.873914206047445
8135,-12.804685716248809
8136,241.35378492986257
8137,774.2334888650425
8138,782.8494551911817
8139,-8.287133723224311
8140,967.9821023237554
8141,-10.68465340166519
8142,10.604840478151743
8143,0.09255354050148412
8144,14.621648238232376
8145,21.96479246781814
8146,271.664397672155
8147,-10.057707798937649
8148,-10.0107850084495
8149,3.3076911623383296
8150,6.214008823911149
8151,-9.858750267677767
8152,-1.039200462903267
8153,3.6048215403275474
8154,-8.778055016544776
8155,-5.542116788998232
8156,860.65269225842
8157,245.61550401054916
8158,860.4288211423265
8159,-12.704343274659106
8160,714.1129435987086
8161,7.109850688858151
8162,41.37728373096065
8163,-15.266732486524543
8164,12.91822322297206
8165,-7.951524304439722
8166,10.514017474930537
8167,-16.670453439989657
8168,-11.599411955026635
8169,-15.081387597733428
8170,88.83657006406875
8171,117.39509727338142
8172,-9.646479358708383
8173,3.841253043739508
8174,-22.07998387639436
8175,-16.34328275979859
8176,-5.505913758926905
8177,-11.724048142374354
8178,-4.832205477166898
8179,-4.771710385341258
8180,-5.014577064730183
8181,-9.627287835618631
8182,-12.295393280142658
8183,-13.182330267797365
8184,315.93099472792557
8185,-12.030441240312253
8186,-13.26001955516847
8187,-17.532554650369498
8188,-17.458576850499796
8189,-11.41373009968385
8190,-28.353341908308003
8191,11.42589819083603
8192,35.617014197402504
8193,-5.165941475537423
8194,263.91331015997184
8195,8.24778270681254
8196,-11.623574677288936
8197,9.795904638690967
8198,5.274781015415357
8199,-13.269921385076174
8200,-7.445694463296213
8201,-8.709707363113669
8202,-3.506117852616665
8203,-27.7306557071741
8204,2.3626610859993242
8205,-9.46353161819404
8206,-14.117917557502537
8207,-0.5419435368920951
8208,311.0916574048049
8209,-28.75933912133508
8210,11.992958218168997
8211,291.23043519541613
8212,126.4163240770657
8213,335.80506762633337
8214,387.4400939651679
8215,0.38881863756429524
8216,-7.948150121242307
8217,26.210420149855363
8218,-19.603388164703922
8219,-11.030509273884835
8220,-14.087759122043678
8221,57.14091270138125
8222,-16.081744685228806
8223,253.77114604397445
8224,-15.103208468993987
8225,-0.3329065158823923
8226,13.499590747513475
8227,0.5942726787343258
8228,-11.181453766675745
8229,-2.3122720585748304
8230,-12.452062719683607
8231,-15.333814570390178
8232,-1.7118261539399562
8233,0.48657492055084894
8234,-14.988427540479808
8235,-3.5045400914856373
8236,310.2704554787363
8237,-15.320822872549982
8238,-6.638907323712367
8239,58.5591020250927
8240,-14.221578745845779
8241,5.7980654608941204
8242,3.159584234294943
8243,-17.022166075912743
8244,-14.35064843091035
8245,-14.769500503508528
8246,11.164988186157974
8247,-5.9727541036654905
8248,-20.17699812523275
8249,-17.39376985704439
8250,-29.24779495547328
8251,146.38882575265296
8252,-2.1792210856355645
8253,220.43693587262487
8254,-3.706136038336041
8255,-4.010634827744475
8256,-9.241840399832597
8257,-2.898251220449687
8258,-17.998812985074366
8259,-13.045948794936027
8260,-19.854323957004866
8261,-5.579439991031659
8262,7.127759411696797
8263,13.99916991460445
8264,-12.48748503097876
8265,1.6249798702410665
8266,6.506376251666895
8267,12.083139612221014
8268,-7.916594831064614
8269,-3.920192744313212
8270,-2.4992181303364873
8271,-12.82240631363775
8272,-11.106065227685466
8273,-3.8580477357300644
8274,-3.061705585485768
8275,-4.48851031248503
8276,-0.6272302360125117
8277,4.3260415825923655
8278,-2.4005594404958295
8279,2.8816678855368405
8280,-8.742994291347657
8281,-15.188875455566176
8282,-9.355492597257342
8283,1.13882192719735
8284,-4.810712504558371
8285,-1.1152518585493674
8286,-11.053288641263375
8287,-2.757049664971806
8288,-39.815194889224415
8289,-0.02994929956243908
8290,-17.11834645832451
8291,-4.373157033293431
8292,1.0399468844399244
8293,-7.819067913708114
8294,0.9641063728864268
8295,1.192180138419534
8296,-8.210977516139643
8297,11.08608901591191
8298,-4.490830839251796
8299,5.165527194220989
8300,3.6498873579512257
8301,-10.16892309974271
8302,-9.342615686167516
8303,0.6065661449007003
8304,-12.969458126977582
8305,6.313070022286109
8306,-3.531148151360206
8307,-16.80572442548422
8308,-6.586555834551703
8309,-6.76724029530947
8310,-11.498808200248796
8311,-5.139339062538404
8312,-1.386448195606743
8313,-19.097474286455608
8314,-9.06862614014203
8315,-5.6371169101445915
8316,-13.451246396274307
8317,-11.563243311261921
8318,-10.102721524884178
8319,-17.306534590170898
8320,8.713394060626271
8321,-7.234739966331176
8322,-17.091256926187782
8323,-4.846744818613676
8324,-2.17669990673917
8325,-18.87480249815009
8326,-27.7160726563937
8327,-19.566749145489197
8328,-12.064724394229554
8329,-0.6737862003733035
8330,-8.389382231877725
8331,-13.067059524325888
8332,-13.700687987533087
8333,9.25042225188949
8334,8.432719332548459
8335,-0.6777830952749966
8336,-6.118747075184743
8337,7.262547690172955
8338,7.459587557916137
8339,1.5099487798357885
8340,-5.584101911177623
8341,-0.603293362417265
8342,-3.0739315247850385
8343,6.233297513292181
8344,9.022123396048261
8345,-2.4509508810557215
8346,-1.5797217495491935
8347,-0.5006400089214651
8348,-20.11572288695011
8349,6.588520820427169
8350,19.822497098986094
8351,-6.874358900289341
8352,-5.258931152234474
8353,-12.977684653068266
8354,7.7804400543459575
8355,-13.381717040936895
8356,1.7436316877130444
8357,-1.7307131147838106
8358,20.848029308332663
8359,-10.996111407741253
8360,16.52866745534695
8361,-11.674045797515117
8362,-11.341966667531118
8363,27.15696919407914
8364,10.92248647785627
8365,-4.6269885695874855
8366,8.419444897362474
8367,-0.25424959847895323
8368,-25.887493990250576
8369,2.1621064506434937
8370,7.96874466804592
8371,17.10051466610673
8372,-18.55546512595796
8373,1.200676632474556
8374,2.6703789698183726
8375,3.7308628106197848
8376,2.703559607158601
8377,-15.063559083892624
8378,-15.105145899052442
8379,-27.858384255316174
8380,-42.28819638832978
8381,18.054496085772147
8382,2.4459985030266047
8383,11.355069134766223
8384,6.591160867372148
8385,-32.225206225053505
8386,-16.46639981788894
8387,6.658812081011641
8388,-12.907735314330125
8389,-6.095345824456803
8390,12.96653117414834
8391,-11.082613472448838
8392,10.976519637632338
8393,55.311611902676034
8394,-6.009508097829205
8395,-0.2879559188001366
8396,2.0302013619853234
8397,11.5234857902248
8398,10.49445397224478
8399,-19.594426069294393
8400,-0.3261749688080009
8401,-7.480795797408462
8402,12.759883364260055
8403,19.408798632558625
8404,2.1645066663546206
8405,-5.065522237957474
8406,-12.193533656517403
8407,15.387096570366829
8408,8.279133936464557
8409,2.0605800503516427
8410,0.5831747817343444
8411,-7.227724330064827
8412,-47.89686705395734
8413,-14.689531383781098
8414,4.510685190451667
8415,23.883915865462395
8416,3.0540722566846252
8417,-2.011910498609506
8418,-0.9301716670010123
8419,-42.712801156405945
8420,-21.821836870494884
8421,17.263850428079742
8422,6.737799968526312
8423,-2.6223918667193225
8424,13.41865929455284
8425,-12.393683984673991
8426,-20.129562659734894
8427,-9.523686652807498
8428,5.548870867703265
8429,7.417922766610349
8430,-3.9071044664426573
8431,-21.144999362526114
8432,32.045402535475816
8433,17.44511972506531
8434,15.489272236756154
8435,-4.363544076375884
8436,2.958170380717778
8437,-21.597802985829816
8438,-14.162033871196467
8439,-32.18960865700551
8440,-12.290223778728244
8441,-10.540916701098332
8442,5.855264568655121
8443,-17.159458674585032
8444,24.339741160217052
8445,15.065886058542814
8446,-7.446479351780194
8447,-4.230195491706024
8448,1.4989028450679722
8449,-20.188610389812702
8450,5.9638818237014775
8451,0.9599391634703967
8452,17.77843530611894
8453,9.492518344347292
8454,4.566765312838639
8455,-17.66183824291405
8456,18.871077916492126
8457,2.7232590125700877
8458,-6.4738412559029825
8459,11.024626506881495
8460,21.116705481897416
8461,-38.78102066424287
8462,-18.594475520485872
8463,2.7974924630340663
8464,1.9423203507791094
8465,5.004426114298671
8466,15.645829286749304
8467,3.071808678449628
8468,-7.982630034469576
8469,6.290887100251792
8470,5.556030090602892
8471,18.756429121382894
8472,-5.661300730810915
8473,-22.165747340778886
8474,11.662359025320534
8475,-1.0348186143669302
8476,14.324331890114063
8477,5.830520195419128
8478,8.675595009356737
8479,15.22555778287667
8480,10.057166536320338
8481,-0.3661412843639198
8482,26.086315494949062
8483,0.9786104998868748
8484,12.470161574663363
8485,5.126786631056881
8486,6.70619159242281
8487,12.996215388131029
8488,-1.2055553389441336
8489,4.275745238333844
8490,1.9028236525300564
8491,18.4583350161788
8492,11.961373883867578
8493,14.471837583123893
8494,20.333683877557473
8495,-1.7403791588716757
8496,20.87224136363676
8497,2.932115316193368
8498,12.62553082388827
8499,20.389196023933447
8500,18.58229178487376
8501,6.739031243963369
8502,-7.573126727351134
8503,-13.835654965239545
8504,0.22476242874975583
8505,-3.980098408335987
8506,1.2086234818562342
8507,10.545688263268584
8508,20.74094403162124
8509,2.508467827512817
8510,22.007311631015966
8511,-8.32781672046799
8512,-11.40388062259153
8513,1.1747380399958054
8514,-1.1760487908792072
8515,5.803018204031748
8516,11.972033506759836
8517,5.658360212957453
8518,23.36785839865389
8519,-3.549530223025144
8520,12.842428853463298
8521,16.98084691119725
8522,-20.996264878659517
8523,-6.377668527573146
8524,5.736927278074823
8525,0.934452682826084
8526,5.595522492376793
8527,10.878121848070272
8528,20.4160408331059
8529,-2.507451224615238
8530,6.433716936166409
8531,7.76582658058544
8532,-2.056404210880906
8533,8.938422773282822
8534,-7.232691265390599
8535,2.7433811051441452
8536,10.667858336722466
8537,20.30568647669898
8538,8.280971991845146
8539,1.828474255829173
8540,19.449559617925157
8541,29.137742012957183
8542,18.844086506857963
8543,5.197263570553517
8544,-16.707691490916275
8545,1.7765185062879159
8546,-11.886188427148753
8547,4.3844795515695605
8548,13.662455739640418
8549,7.209647073687931
8550,16.342016083352885
8551,26.42910357044058
8552,-6.083302710770916
8553,20.31257096794508
8554,-9.27109709969028
8555,3.914821144470638
8556,-8.536981604186785
8557,20.6877997309652
8558,29.931230697933636
8559,16.22677788450608
8560,15.319038598861766
8561,-29.468306256171047
8562,8.587015863938781
8563,9.611875625105263
8564,4.120225209172258
8565,38.482338438785504
8566,-1.0825796215790398
8567,8.224910273189174
8568,23.21460728154574
8569,11.935384433379816
8570,14.345718005893985
8571,-5.288407168511899
8572,-2.470089430864224
8573,11.29474635902135
8574,13.90317447470385
8575,19.100000563786658
8576,-9.346707967186287
8577,3.691816162736009
8578,14.767059289431735
8579,18.865452009906413
8580,9.627912019470282
8581,4.269794627145199
8582,7.31143382045364
8583,5.954534182878703
8584,17.36748787214443
8585,25.30187871754054
8586,27.357628093939372
8587,9.613783776792555
8588,-3.6179695677741037
8589,19.751203896911235
8590,12.56830878378325
8591,3.232962447382656
8592,-7.232637031191182
8593,5.916105360738905
8594,13.930029304500767
8595,24.196486881640737
8596,6.874079113501285
8597,7.709992422798722
8598,8.80439504502124
8599,-7.3217975642636155
8600,28.207437785733884
8601,17.008604397544204
8602,-2.8676258660586065
8603,20.709720515810236
8604,9.73672313018435
8605,-9.094582335859236
8606,14.761610062814393
8607,7.6198006848699595
8608,-3.4744890836460023
8609,7.7078941948744575
8610,11.671572067830766
8611,2.9234267823783266
8612,9.342465402363114
8613,-9.719008008676216
8614,3.2194018860611866
8615,8.361612517365518
8616,23.109348192813556
8617,-34.45184004011096
8618,9.981563719151865
8619,641.4747305964954
8620,27.084054245940543
8621,336.63051332173427
8622,19.63305150763263
8623,-1.0294922147187968
8624,435.33026998822425
8625,19.09452799162539
8626,11.000556924551166
8627,-1.0630759517277184
8628,5.987659780700577
8629,-13.0034885871368
8630,11.336038039746407
8631,5.514569413561727
8632,-19.73297801312053
8633,10.602842760648539
8634,607.3174899098634
8635,616.9941844496485
8636,30.47336351191531
8637,23.379273191432723
8638,7.623953307450295
8639,18.47310610960198
8640,-9.965081168812727
8641,5.0925622958460295
8642,2.1183780520392137
8643,5.986397814100831
8644,7.617737025651424
8645,-8.922675913208884
8646,-6.550836165667249
8647,6.980397124816173
8648,20.619536544362465
8649,0.05955409320545968
8650,15.30285402948041
8651,-41.057659827497
8652,-6.443580178727302
8653,286.3704789880392
8654,533.049192874762
8655,12.428619246934197
8656,26.16624207729253
8657,8.093730364498995
8658,27.342207815949216
8659,8.956731669193793
8660,14.521185452645271
8661,-2.3250488087939623
8662,-2.240845584224598
8663,-13.064323899330411
8664,12.001654290570949
8665,-17.3907526330238
8666,434.3672671336643
8667,1.8360891905761303
8668,8.911016984165563
8669,2.9364406528156604
8670,1.1839337628534725
8671,0.9038928349270972
8672,216.27599645171372
8673,-5.351633974643448
8674,-15.377161576283545
8675,-47.846435137433346
8676,3.573121625337828
8677,17.489490525314196
8678,-12.243803490027194
8679,-15.079054861668112
8680,-23.390574530362585
8681,9.11639328872063
8682,3.8359855323786185
8683,13.363729865491784
8684,5.430549011979284
8685,17.156534904779953
8686,22.89715843024345
8687,-4.705694112544894
8688,-3.1364156428607615
8689,150.96829979759636
8690,86.48389105897637
8691,10.664699855222082
8692,410.97494058399417
8693,2.629189732994746
8694,198.3103013323591
8695,30.281516904645365
8696,461.088208119794
8697,-16.5308708206558
8698,486.1100184657528
8699,372.08709318559636
8700,-0.7375585197595669
8701,-0.18364133039426989
8702,20.167143033600397
8703,16.129855391478515
8704,-2.60221381349859
8705,34.9012448867949
8706,4.015453524367107
8707,-9.203011281755067
8708,-12.571203323792286
8709,-25.133437123751413
8710,-4.6836852870404115
8711,29.02337185317705
8712,-5.459632412416198
8713,7.378338752330384
8714,-4.439179975818178
8715,18.656459308100004
8716,2.538691807313789
8717,-0.14611729504216697
8718,11.731105683989819
8719,670.4463413583089
8720,25.351537141295005
8721,17.348762045595823
8722,5.886426130411136
8723,217.82609882245322
8724,-1.2878407024540763
8725,471.27676346247915
8726,-28.159157936247794
8727,16.604427049234086
8728,19.941423752218657
8729,-2.4842883229349226
8730,-11.92894878327369
8731,17.94343707769782
8732,15.13303178638102
8733,-5.739510817656626
8734,-3.469045229117736
8735,-10.808395329855536
8736,13.039611109567375
8737,22.345884002215925
8738,-13.268215212929096
8739,10.444175958446216
8740,143.72754464190416
8741,-2.9475678419705638
8742,-1.211464035716027
8743,-7.6517051906148055
8744,-4.687102952754113
8745,15.207565478327078
8746,5.901248261632416
8747,14.754056639250454
8748,540.177640504199
8749,20.80884931366902
8750,-0.25216417333162866
8751,-12.773974209404852
8752,20.893337799375573
8753,-0.6316849589519151
8754,-14.852263810810552
8755,9.508571257592088
8756,18.490949663951067
8757,4.851288618348377
8758,-83.99439081626987
8759,-6.293766475560481
8760,12.31027084748304
8761,-4.050074195058915
8762,10.02814765478351
8763,-2.2316154701179727
8764,-10.418697961788723
8765,225.17664478282708
8766,29.53545277117521
8767,17.95573050324554
8768,-2.8829794291755846
8769,147.83324426442226
8770,229.92887776059996
8771,8.310935510358735
8772,-15.263374709537391
8773,0.5879201188124483
8774,-25.950675749164617
8775,162.01847645096782
8776,-22.158933153485854
8777,26.97771982839391
8778,12.151525647795125
8779,21.136010782804657
8780,6.575467960362868
8781,-1.0678317724059028
8782,-10.366924372706311
8783,9.033809599260401
8784,30.34369751317702
8785,-15.757739204831207
8786,-5.620971040657583
8787,-8.742397072174203
8788,-22.258572640227882
8789,-14.685727475106301
8790,0.6130236192620782
8791,9.819944806403148
8792,23.674198118286057
8793,101.6227218227976
8794,259.53345043066906
8795,-9.450473127901699
8796,37.33730119516728
8797,255.92408627744877
8798,87.88990681286725
8799,24.513873876018373
8800,29.37977766050211
8801,-2.4264041796178404
8802,-3.4962518550474613
8803,-20.48690804086766
8804,11.029057510613296
8805,31.31444673363503
8806,29.717517423308244
8807,-4.887058066681387
8808,68.16066489112876
8809,-6.897998601013139
8810,262.29387633190345
8811,-20.34661417259992
8812,-13.234214143911657
8813,9.889552532173905
8814,-7.792634169799268
8815,4.547187907008595
8816,15.88364019462303
8817,-1.9357379440581042
8818,20.980274204664415
8819,12.809326938027095
8820,-10.901286046723545
8821,3.197032007032142
8822,-40.41747589952132
8823,155.16537348032188
8824,-10.41793033210326
8825,59.14858208050264
8826,-18.482478497978207
8827,143.44408181039597
8828,-7.501147200513483
8829,19.191278991610332
8830,17.823479999787725
8831,128.38681000969746
8832,-3.2836425712965074
8833,26.661478454338358
8834,10.280377809187717
8835,21.06467071202215
8836,-18.592374694563333
8837,66.08280117268507
8838,11.956842514430637
8839,0.438729852234669
8840,29.017031770662676
8841,9.264996836593715
8842,19.48254692173703
8843,11.170845788899378
8844,14.186368066287816
8845,-35.089628999846
8846,26.13440287497777
8847,-8.539116586207868
8848,-11.497333118441645
8849,95.42380796328408
8850,-7.060665857447255
8851,-23.285525838946853
8852,-11.573116382342636
8853,-2.496699906703501
8854,-0.6658150667331952
8855,7.356264744961717
8856,0.983839593933963
8857,112.23211848504147
8858,4.8548077182044285
8859,20.327814605485393
8860,2.2805373254368533
8861,14.752279381159877
8862,-11.019193177282194
8863,2.537417906435449
8864,-10.017108202408284
8865,-6.810851906562167
8866,0.3017039278569946
8867,0.9979872319876382
8868,-10.264549530644214
8869,-14.173992649748502
8870,4.507444043220637
8871,6.240834314923914
8872,-3.839092270531385
8873,1.4721260532827323
8874,87.93881046739263
8875,11.363808102023583
8876,-4.02281082932738
8877,-13.224813329084906
8878,-4.131020876669268
8879,-4.02011298412096
8880,-12.503116960686516
8881,22.6971595171215
8882,-16.462270032215756
8883,9.630990093356196
8884,207.81928052041332
8885,-6.167517177478121
8886,20.212753049562288
8887,7.711928434573879
8888,0.797478081419392
8889,-32.46047927836158
8890,66.65343191258148
8891,-14.427211670185148
8892,4.757366317495441
8893,25.840174635757386
8894,15.875056997758005
8895,-12.789108703868862
8896,5.3091400256090555
8897,-9.721940953788703
8898,-6.373764878865234
8899,2.020210553009184
8900,-7.205600892105711
8901,5.588374148711816
8902,-7.14064582116303
8903,-11.359385323138724
8904,-14.55146435433661
8905,-3.0925298682943634
8906,-14.363569698807364
8907,-8.3196971984257
8908,202.02709616613126
8909,-4.413824638701897
8910,-8.96759700799797
8911,22.901393605031238
8912,7.840834143513577
8913,-2.7717578694417995
8914,-1.5145576788340271
8915,76.35134548576389
8916,-0.7055522946189008
8917,-10.086005562280182
8918,-4.411194602926383
8919,-8.204367530614064
8920,3.1200312995293604
8921,-20.056168283178245
8922,-3.358140062602306
8923,29.97464472238813
8924,3.574245625087473
8925,23.652457900293058
8926,20.43130652467228
8927,15.3285398293264
8928,8.483803438737304
8929,-8.136323759903199
8930,14.80833376451904
8931,-3.6239244220727187
8932,-14.446781674614261
8933,-26.521945313054452
8934,-8.42245828784149
8935,17.410782441741887
8936,12.322889786689007
8937,-2.81706928419554
8938,11.505938417120543
8939,14.506718963105254
8940,-0.12602710042962073
8941,-6.141810341500122
8942,-20.642208060810958
8943,14.377562600460232
8944,-6.099793688916929
8945,15.305739450214467
8946,-17.82680325791941
8947,12.145528117208771
8948,-5.960056670358586
8949,8.148421115482126
8950,-19.163753358936788
8951,14.319339017308465
8952,-24.23553693002821
8953,-22.98649805193385
8954,-21.686781727869935
8955,20.875852211161533
8956,-2.5357070722023565
8957,17.91762173588928
8958,8.607806790626437
8959,19.752160489789304
8960,-4.766807801486944
8961,-3.819960314052988
8962,-0.026554454557654594
8963,-7.575290494977843
8964,0.5149625639624809
8965,3.901374517860397
8966,-4.9801814556712145
8967,9.816492276108164
8968,-6.885742307052023
8969,6.549877896624434
8970,-19.081634345421676
8971,-10.32423561048078
8972,-0.5020951321930909
8973,22.89834765348033
8974,12.607774527262258
8975,15.995726994614333
8976,-29.160815661359493
8977,-11.88802900025458
8978,-1.0673819760211067
8979,0.5273304212260879
8980,3.8750768234462196
8981,-15.117510251009243
8982,-7.056707670633969
8983,12.571809905749834
8984,12.227420653457564
8985,11.126987291830904
8986,4.463598836277749
8987,1.6091801501879317
8988,-4.45074386201
8989,1.4234647316139526
8990,-20.015326953689765
8991,-9.201722394898837
8992,5.948687285402903
8993,-5.115618456216751
8994,-17.449351193953085
8995,7.528671125661461
8996,8.637818315845141
8997,8.601982986252422
8998,-10.59702699571454
8999,10.784055734278233
9000,-0.5748940039183843
9001,-23.2407099005083
9002,-6.339582764795331
9003,16.505160488166634
9004,-8.817228842176768
9005,-21.971683703529635
9006,-16.494767490369227
9007,-9.560364616804442
9008,10.754779509403733
9009,14.0431472815363
9010,-14.796875473387423
9011,9.451473189376438
9012,0.2992543012533879
9013,2.549796563756683
9014,-11.554198900608888
9015,18.4658816033582
9016,20.99953240511444
9017,-13.166053104602753
9018,-7.5667656492507405
9019,8.057400218694601
9020,13.239074916704663
9021,14.729034122496113
9022,8.812314356702588
9023,-9.924720232343205
9024,-8.566604026122132
9025,15.168744731950433
9026,2.443286327157951
9027,11.87704395826832
9028,-0.4953151011167627
9029,-7.011357164831431
9030,23.331713787840346
9031,-13.02304240728214
9032,-2.9237570023170854
9033,-6.966289848110833
9034,18.553478024102603
9035,13.960230958351666
9036,20.51381109723939
9037,-5.846771468829427
9038,6.755550973492367
9039,1.0685402073759889
9040,-6.099414614097604
9041,-10.968518685347966
9042,-6.547439928153096
9043,-16.013291193283685
9044,26.72902546433035
9045,-12.362087553094266
9046,11.44779036899378
9047,18.641956552275616
9048,16.158033450642467
9049,16.643804510666143
9050,13.114360769623108
9051,-12.406741523345424
9052,12.24152898086826
9053,8.651181052005137
9054,-12.024355129852108
9055,-7.014152112144377
9056,-25.23192022474931
9057,16.27463211018013
9058,16.172439808792014
9059,-3.314714560168582
9060,1.5655748371110878
9061,7.769675926954488
9062,7.009399159345582
9063,7.743243924424828
9064,-2.749050307115084
9065,-12.162615755244033
9066,17.767882905422223
9067,8.273450147109738
9068,10.154299187954814
9069,-1.813959296973323
9070,2.1175649594808146
9071,-5.120702761999986
9072,-1.8819849109528413
9073,-13.32191618271558
9074,-10.009761068226755
9075,-16.388775426926053
9076,0.25941259830200103
9077,9.74460340261467
9078,-15.629355667244528
9079,22.2254758458784
9080,10.98571572478083
9081,4.534505910218305
9082,-27.8802226666838
9083,10.947576372748015
9084,11.481360567342596
9085,14.563554099409515
9086,0.14669892019961495
9087,-6.653938219804683
9088,6.675236918321762
9089,-25.702764345856778
9090,-2.0667944765922073
9091,-16.767587479611365
9092,9.1996898343107
9093,-32.61730074064134
9094,-3.7100838586069287
9095,-5.923796218931422
9096,12.449296926581056
9097,-2.4955323305305157
9098,-13.386199890024841
9099,11.619261390164137
9100,-18.901474503638482
9101,14.177608620711268
9102,-2.5531704049769424
9103,-29.88145989863156
9104,9.68765164884743
9105,-46.2013785581159
9106,-36.3677854111944
9107,11.040122627519082
9108,11.687847032470716
9109,-10.983476948496445
9110,-5.859886147994263
9111,24.038408328300367
9112,9.442683986815675
9113,32.764924074551175
9114,-0.5328721585903509
9115,-8.724947689834071
9116,-12.910609362185031
9117,-3.671505050825086
9118,1.0061676707627019
9119,20.92392506327848
9120,-26.367764932143714
9121,-13.42442606490377
9122,2.4863128279995124
9123,-4.8802667250816505
9124,-7.402225737160979
9125,4.062790022879428
9126,-17.03538315900615
9127,14.546865828345023
9128,27.12345306722228
9129,-2.1285741523018125
9130,-7.686002137386588
9131,-3.653899360833986
9132,-8.511246857871601
9133,17.844610495689015
9134,3.216120753019677
9135,-4.345255069529276
9136,5.595220958157306
9137,-7.377915020301739
9138,-12.318848847348363
9139,-25.28764981224358
9140,-23.564965396228374
9141,4.114575388759349
9142,-21.65395456886217
9143,-3.2231304142812327
9144,5.590997712245436
9145,-5.733746685224055
9146,-30.064320550228686
9147,-24.389599188132486
9148,-5.011510274067419
9149,-10.454975159958785
9150,-24.69397434746692
9151,-12.957580426461057
9152,-7.569752640954842
9153,-0.033672395054225035
9154,28.04379042060498
9155,14.562109939181331
9156,25.661645017369683
9157,5.917494714488315
9158,-34.87081909703172
9159,-10.418751755412462
9160,12.094644113109322
9161,-1.6167506277408883
9162,0.27482571259637467
9163,31.96625244154413
9164,2.2182739019936797
9165,-2.5936556005724825
9166,-14.514580988497041
9167,-3.165373988887186
9168,11.5220435228735
9169,-13.324414688557908
9170,-1.023309463247866
9171,-15.900671340622623
9172,-21.332133564911416
9173,-14.016405717135047
9174,11.349498270205896
9175,16.68222838477141
9176,-15.924938676830372
9177,-19.420885110712916
9178,11.154240276404378
9179,0.9380835483000318
9180,-16.239989519183844
9181,-0.5021424782490556
9182,-16.89103042117668
9183,5.849357757153081
9184,-18.817226019155804
9185,-15.3921423999736
9186,-6.837588290280433
9187,-7.016287813213754
9188,-1.1286762570434874
9189,7.723485590640445
9190,-6.486058969770479
9191,1.901297470826247
9192,9.978999320855877
9193,20.69130001980549
9194,15.035101889794454
9195,2.2936289628714714
9196,16.896458229087727
9197,25.848716939226954
9198,-10.717762817993734
9199,4.769207296263598
9200,-13.971381884003055
9201,14.52625507614109
9202,-0.49596920955660906
9203,23.25188285298031
9204,0.3776916118608913
9205,3.485507544850867
9206,2.0881814523134157
9207,6.281197058307097
9208,8.659923765229184
9209,23.27571672559904
9210,14.377943356981591
9211,-17.4096334798678
9212,16.40022587172132
9213,28.851409024396755
9214,20.61622336167534
9215,13.005972428276028
9216,-3.3105222565216117
9217,-3.1074493603503726
9218,14.268620697235114
9219,24.02037829569977
9220,8.61755682176157
9221,18.634298271107706
9222,-10.385224837599427
9223,15.86459124787858
9224,6.500111745388898
9225,4.834979192227831
9226,9.369083004485109
9227,-1.169612476083632
9228,18.350439662404654
9229,8.09900313252187
9230,22.189224545101254
9231,3.3418791992184076
9232,11.175106704083017
9233,10.064337766885552
9234,13.627904599027566
9235,5.468131979350613
9236,16.362661876038842
9237,3.135582259706318
9238,10.568782700508482
9239,4.061497672236122
9240,23.224608123758276
9241,28.597702603277213
9242,-0.2496166871898673
9243,1.4473884143108897
9244,-1.1206212043549613
9245,-7.925463243897287
9246,5.830352389014843
9247,11.399683116285985
9248,15.623708459716976
9249,28.96166356859174
9250,19.629339102272002
9251,-14.030992123958924
9252,7.167488975077831
9253,14.831582210120274
9254,12.341055403664638
9255,15.817623754227409
9256,-12.229370307514891
9257,6.752036953468997
9258,2.328785407553596
9259,20.72683163108364
9260,-5.830017471842002
9261,15.014167229070162
9262,-4.906011098983811
9263,10.291818813016146
9264,9.89490396923419
9265,24.375256568525437
9266,13.182825804486377
9267,0.5947324438898942
9268,29.78929203395623
9269,19.393644774158773
9270,19.503959096561754
9271,6.3323503303324316
9272,23.191522333369438
9273,9.983010740537356
9274,25.505052522414083
9275,5.092230664940002
9276,10.43917978916213
9277,-8.049226717467452
9278,7.078190865996328
9279,22.69455561092858
9280,9.655775335260447
9281,19.1314712500688
9282,19.843724095417826
9283,7.230369918080422
9284,-3.3137441167057418
9285,29.20004062869824
9286,15.203239196087171
9287,20.225771339779662
9288,-4.345730965704536
9289,-3.143441659176517
9290,-20.131275670752373
9291,-14.680266116352325
9292,10.430118885626307
9293,0.8700444976973909
9294,2.9150557118807274
9295,7.680294713547324
9296,6.781981558091957
9297,2.8812661651564433
9298,-2.476691785503366
9299,12.759407987497852
9300,18.496257577369636
9301,-4.994972421865423
9302,-2.8009216395730405
9303,11.417332807350533
9304,15.391946181374633
9305,30.305480591669742
9306,9.395615088764366
9307,-16.004590331953196
9308,11.18238826841706
9309,21.068258178351655
9310,6.098369549121587
9311,15.148264064425653
9312,-0.6545500473489199
9313,26.646307813343004
9314,31.93118997428696
9315,30.669038558018325
9316,12.626306770313594
9317,-5.943115066793613
9318,-9.941066171965776
9319,6.886093969081244
9320,17.437244245340345
9321,-2.9532160707301642
9322,25.578236969571286
9323,28.02987169923406
9324,10.983942244885963
9325,1.3801415930057725
9326,-0.8184199437577071
9327,-2.975476487258316
9328,3.7908576742969284
9329,2.109309683660179
9330,25.085739583798535
9331,12.37759478516221
9332,7.400089433817923
9333,17.104050901756242
9334,18.475782016677023
9335,6.854005757580458
9336,9.233218446773556
9337,11.123427103002484
9338,12.668617688162758
9339,19.406842213886094
9340,26.68234040191623
9341,-5.713733509244811
9342,409.95119619648494
9343,-1.2699977063329655
9344,-0.8182033349031705
9345,19.1276186907634
9346,14.997340975745617
9347,-5.320134559310016
9348,9.802635344189405
9349,3.1009650674504012
9350,-18.014047500165688
9351,205.1141678639075
9352,158.34260105219835
9353,82.69398703627994
9354,3.5760493063067305
9355,22.929031138652142
9356,14.365373178680871
9357,0.26393385295244975
9358,1.0654713939692506
9359,-26.4595289463615
9360,18.382652602496293
9361,7.927795641111773
9362,-6.747738756891341
9363,43.93809249138303
9364,3.356862754736108
9365,9.854902422214451
9366,11.039057767006291
9367,-26.79945521177131
9368,12.990241930046917
9369,-3.3968387173096666
9370,-0.45937707927481597
9371,-8.234318176095375
9372,11.660457782956449
9373,-6.055102921659685
9374,-14.878976513309304
9375,14.454353661839518
9376,-7.055416519854152
9377,-7.331358939914825
9378,609.3181328018696
9379,-11.514483565541582
9380,31.79251202391821
9381,-21.334267361693513
9382,14.40010637473811
9383,1.3863001145951106
9384,15.352335545531343
9385,799.6549870798674
9386,442.7273666419097
9387,87.09867924237858
9388,13.403478683481225
9389,-21.63007600858831
9390,13.782172114565016
9391,12.072055240202886
9392,424.8301595364105
9393,-1.4183158351574576
9394,-0.36859661045883385
9395,506.1788388086218
9396,205.20960137327774
9397,224.68675776645244
9398,-6.172103850042667
9399,-8.835031296719066
9400,-19.858066296363525
9401,2.2391790063051413
9402,-4.47392708014182
9403,-49.263567493604526
9404,12.443151745935324
9405,717.6108216985477
9406,7.987708739244107
9407,-4.34712554705332
9408,20.824292505793327
9409,27.20999943742173
9410,3.7322859394886407
9411,629.1123171571378
9412,-14.341522129328691
9413,14.177500882627363
9414,15.137602869932865
9415,-16.868344568657896
9416,-13.34179409705423
9417,20.927971763339173
9418,2.269906533780727
9419,17.568509737614363
9420,688.6183423681781
9421,25.934453300340103
9422,19.733912807460726
9423,21.95328818826519
9424,15.264373340882118
9425,262.57429358333366
9426,112.5364422503079
9427,7.357736211772869
9428,-8.972896224209734
9429,11.633333750200048
9430,-21.530966995152568
9431,-11.932117338567199
9432,-10.68972149569283
9433,17.35035066524429
9434,-10.559992186848461
9435,1.1198664069596074
9436,19.622702822535413
9437,484.29451624284053
9438,0.8123154158731651
9439,543.7835005249445
9440,35.51536039450555
9441,-3.500089920491554
9442,-7.69498743808591
9443,-7.699595293504014
9444,-14.729362605498203
9445,-4.825350139757095
9446,15.546955177104664
9447,25.76462744748215
9448,4.765578764307612
9449,-9.75500528527752
9450,21.679931116741326
9451,8.580266876234191
9452,-5.524060373747645
9453,-4.069923747452815
9454,-0.8885437416429411
9455,17.192389946235547
9456,16.258685349217245
9457,675.4865573797231
9458,230.48641960173435
9459,27.010993129465618
9460,6.345348403861102
9461,6.5959596007450045
9462,14.782770787944427
9463,623.3659473220206
9464,9.994901529804949
9465,-8.610691246738394
9466,11.257993323305499
9467,188.7478435375305
9468,10.714235071939433
9469,4.780004977011998
9470,-25.902366981065015
9471,5.998676503862946
9472,-23.525980016557853
9473,-13.011520513454744
9474,-22.311541192471672
9475,10.186069304104876
9476,24.767404370044922
9477,20.06504306789574
9478,25.754565003016737
9479,11.06101292613019
9480,-1.5402415374614975
9481,-22.53228128532902
9482,47.62212526885352
9483,-7.697769044749396
9484,10.59700547956322
9485,4.4374268264729775
9486,-23.63714695542167
9487,36.03009609868158
9488,19.54690532887271
9489,660.4759154023935
9490,513.9453442403781
9491,6.0068966738111556
9492,7.902561752467543
9493,30.157580912554863
9494,2.5306754604426516
9495,-3.311783022231676
9496,5.2666812993508945
9497,-7.058744383817665
9498,157.3729038169925
9499,-1.7513769684195495
9500,11.916759706544688
9501,-10.637358136026016
9502,-2.3005455555110217
9503,6.375508664874751
9504,-5.855837682718473
9505,325.4355566588982
9506,-8.051719255150612
9507,-8.506579280737917
9508,-4.21626009672929
9509,17.35174719444646
9510,0.8299577928257165
9511,281.9640562237818
9512,7.202519949726556
9513,40.57385218888864
9514,34.47192236093746
9515,3.4482570930919465
9516,9.758510091042425
9517,13.06460623967834
9518,17.73068561977368
9519,1.3882504338373227
9520,5.20747137034588
9521,-2.8276317867186442
9522,10.34771732053188
9523,-12.808033633228348
9524,-1.3380796837505358
9525,7.177930490915601
9526,16.665469135564834
9527,32.26906210731444
9528,-1.7371989545470221
9529,10.757708685300333
9530,-20.595056813043584
9531,10.280590590598461
9532,11.106424669637919
9533,-1.1549346216007415
9534,-14.52654017803546
9535,17.050246187796557
9536,21.447671754017726
9537,2.8375572525389057
9538,-2.8905442074302954
9539,0.8444775456778579
9540,-4.6185705130970724
9541,-11.787995510086073
9542,7.786069452908082
9543,11.811468684990775
9544,6.416192398032237
9545,194.04506135063215
9546,26.05364752904519
9547,-4.1094108216711795
9548,104.23683660566375
9549,29.114504409613225
9550,-7.4059095299381354
9551,109.35527683076404
9552,5.584380152202302
9553,-2.041198313686319
9554,3.783600649725292
9555,7.995755969455896
9556,20.75214202425254
9557,35.468561124454645
9558,255.3645644474767
9559,-17.46259561907766
9560,4.747320002297165
9561,-10.95064279496367
9562,0.3073519251140926
9563,-1.0567320023489657
9564,-0.7949462891044625
9565,9.270182825335642
9566,7.117696787288427
9567,31.77051901510093
9568,334.3135203098926
9569,14.453043760669244
9570,-14.58822172463228
9571,3.2551082045002726
9572,52.80998584036593
9573,-16.462396287646115
9574,15.339746537355413
9575,3.226796731747765
9576,-24.10683493210901
9577,240.58029248451913
9578,-5.413225288209851
9579,17.920901052933683
9580,4.598774737382113
9581,194.23627791586105
9582,-6.874295023713515
9583,12.53975511787222
9584,7.024113015363653
9585,306.00655468808856
9586,14.124633330342151
9587,7.969223742960802
9588,-18.211600289632933
9589,3.9764596419570886
9590,18.046868010707627
9591,221.37761705080115
9592,12.2559009606288
9593,19.251800891337
9594,171.58496814445644
9595,19.405106386405695
9596,12.667999706955642
9597,5.195281078570902
9598,17.440060191875855
9599,21.67348300312365
9600,3.040072342334186
9601,-10.898862487008731
9602,10.963956992750598
9603,15.428364156051952
9604,222.3463015612604
9605,4.457938301966955
9606,243.92660495827533
9607,1.7961241300601962
9608,25.268065994960942
9609,18.847374616729606
9610,12.043914563270892
9611,1.145820622579551
9612,-27.671108164593754
9613,88.97631840136384
9614,60.89982614056751
9615,163.96710914827244
9616,39.01514711607807
9617,-0.5561842342483132
9618,16.907662704017167
9619,106.09681825776471
9620,-4.126651074766038
9621,7.765313073165055
9622,-16.678000821885156
9623,-4.975015507423425
9624,164.37657075383015
9625,9.236614624409619
9626,7.980769521641248
9627,-4.4304083742618126
9628,10.925838133276025
9629,3.303574905068377
9630,-6.6292769724624065
9631,0.8761392064669167
9632,6.818358122508547
9633,-22.90430186909498
9634,37.152353125276996
9635,20.18335347183747
9636,60.789331607623154
9637,6.805686014936347
9638,227.2823574196949
9639,-12.988278031950877
9640,8.108405296122845
9641,-6.117661755161979
9642,-3.164678680351699
9643,6.106746296274231
9644,0.6535722725768434
9645,6.725430906861915
9646,-3.6937820013478735
9647,-4.338361662757983
9648,9.13005373146517
9649,-0.839806488591389
9650,19.901844518424518
9651,6.82614931235735
9652,-3.5006868040200594
9653,-9.531811005291736
9654,-1.011675436653384
9655,-5.4186961563174805
9656,-2.167124665558628
9657,-0.3835890568550937
9658,7.2440006176526435
9659,-1.059678279057799
9660,3.795257365123435
9661,-29.603807836519707
9662,4.268408828979087
9663,17.944357906767028
9664,5.088104733274092
9665,-20.998105750653444
9666,-20.6300832230368
9667,6.265128055257451
9668,11.557547802096485
9669,8.55232747858722
9670,-3.3951787635777997
9671,1.8119264778585595
9672,1.8929730543970944
9673,-22.658943035508074
9674,18.181444808117796
9675,14.068961738361375
9676,-17.869045470442373
9677,9.197349181626208
9678,-17.27274573482657
9679,-23.2470404893867
9680,8.806374855805295
9681,-7.782348412769988
9682,31.463049141797587
9683,10.378274940468891
9684,12.381313332865577
9685,17.353287524713217
9686,-17.849903813534382
9687,-5.916409446804522
9688,-6.69003717976878
9689,1.1958190513149454
9690,-3.3457966460918342
9691,-26.679613486531892
9692,13.580436495282644
9693,1.0946171415312023
9694,2.650634317929491
9695,-5.574893172179607
9696,-28.79472193219879
9697,-1.3202839048814603
9698,11.939725964338018
9699,-5.079935468909394
9700,-1.7048451230180177
9701,-3.4775645205876025
9702,-7.095574066832292
9703,-14.272088075676521
9704,-1.8888847601024956
9705,-1.4234744077239014
9706,2.383312984619037
9707,22.068759593267274
9708,4.869250025032649
9709,-1.472689514197178
9710,9.70228929606316
9711,22.00788891811311
9712,-2.7386312042913694
9713,10.562693004979694
9714,19.0508318726489
9715,-1.3607457317281053
9716,-7.865462834691549
9717,2.106116178537599
9718,5.011961869540222
9719,12.670393250073705
9720,13.02519550850494
9721,13.77869398228634
9722,10.830756398747623
9723,-14.12917272399525
9724,20.394803605758238
9725,1.5640082448111574
9726,6.521925650557378
9727,10.520028850621262
9728,-9.462658848046658
9729,-5.979182517584533
9730,0.2142960242617562
9731,3.672506675110421
9732,5.864365627613575
9733,0.42225994720467597
9734,-17.862966694973835
9735,-11.937931640604091
9736,-8.773830376379514
9737,-0.18696893886360044
9738,-9.494521061214549
9739,14.668916095711621
9740,8.00188901785694
9741,3.0395480361537626
9742,-1.1274908278236317
9743,-6.870066104439708
9744,15.675440589980917
9745,-3.396548230062475
9746,-4.687713949525644
9747,-11.234470202768719
9748,35.31918246642556
9749,26.139030621308834
9750,12.18319533348912
9751,9.653614221999947
9752,-7.877414156501548
9753,-28.191580939577086
9754,-6.991994632708774
9755,-7.881833101726674
9756,7.283448204681182
9757,10.57556878447249
9758,2.59291706524081
9759,15.16994708048006
9760,30.336519026162485
9761,5.553779630881488
9762,15.14618092785708
9763,-15.05911662661623
9764,-5.407661526475774
9765,5.213675090818189
9766,18.06939974871195
9767,4.852189552313915
9768,3.9695795425989964
9769,-17.82765423329655
9770,16.61371416503966
9771,11.940905550946493
9772,0.834645948627152
9773,1.1217201071736103
9774,-0.675922791864842
9775,-4.27591406416893
9776,-9.26623974348298
9777,6.824020595464482
9778,0.4039191016377366
9779,1.6306249272854743
9780,12.834721844264642
9781,18.284792518668773
9782,3.2645296377840705
9783,14.991695342354676
9784,-4.457909899774769
9785,-12.210697168026659
9786,15.877816310890323
9787,19.594990866747143
9788,3.2736264550659993
9789,-7.073713584956959
9790,-4.544731578857981
9791,14.554591510969685
9792,6.515523946724365
9793,16.06988954718873
9794,25.964548479625815
9795,18.603738520774435
9796,8.490716942119803
9797,-9.698255133107327
9798,-22.635200252118644
9799,-7.697567158316581
9800,-9.450009488069355
9801,-8.92421153938367
9802,-9.93650249059841
9803,2.3213106398685444
9804,-31.03017025854276
9805,1.2072365188909533
9806,7.897406087244976
9807,10.608339997839753
9808,-18.62882381400768
9809,-18.064403107709687
9810,-9.71846791453693
9811,-6.548544242589124
9812,-10.660479854334028
9813,-5.29637288149571
9814,1.0642370305158426
9815,16.015400300453674
9816,-11.909857026400445
9817,-0.624558734292993
9818,-1.9196737884710515
9819,-31.523685166528175
9820,7.532116423096607
9821,-6.631897785422673
9822,-5.3427047880025
9823,17.530927806524204
9824,-14.115932124497146
9825,-12.8927622379801
9826,-10.925307248738793
9827,-4.2429559766704195
9828,5.677124712759207
9829,-1.5160718538450482
9830,11.50108732355496
9831,13.135912382383081
9832,12.092844881551962
9833,-21.97848020115118
9834,-21.409710673660598
9835,-1.0931157421339641
9836,6.332552821733332
9837,-13.940592328180617
9838,-2.510214062490096
9839,20.3978138732874
9840,-10.15108431013902
9841,-11.514935396526539
9842,-34.584197650171355
9843,14.754398668004074
9844,-3.0359749019474087
9845,-3.0442574025178324
9846,18.33191168136318
9847,-1.7593412794664793
9848,-4.034403365252874
9849,18.281353200926407
9850,1.636822474312364
9851,-3.6619732083409815
9852,-23.881621653588134
9853,-11.103766995712704
9854,-2.282804043239736
9855,21.30968703011025
9856,20.463149812405504
9857,-4.325287896047726
9858,11.588919997184114
9859,1.3837733042520721
9860,-7.1455498774838055
9861,-15.975995691637515
9862,-45.488403224521285
9863,-28.46553341567663
9864,-13.90639657997298
9865,-3.81872273795895
9866,-22.13032217051245
9867,-4.694531292992167
9868,-24.91824649961815
9869,5.297507898654914
9870,-0.7376655729306165
9871,-9.359072756252523
9872,15.833158446389527
9873,-6.78047996013812
9874,-24.05491710760731
9875,5.8554933541460255
9876,12.6502183299267
9877,18.977042276013236
9878,-24.231103198786798
9879,6.020327419067309
9880,-1.6255597838471232
9881,-12.81371265042473
9882,-28.349854672315935
9883,-23.020719624988764
9884,-0.5518115390352136
9885,-18.586583420696257
9886,-3.818000956065049
9887,-3.486364277100467
9888,9.147579395610762
9889,-17.060477069734944
9890,-27.216355311577296
9891,16.2985321284643
9892,9.23378079796393
9893,0.5152982109674689
9894,5.038446515195435
9895,-11.015030193414905
9896,16.706748840439122
9897,-11.208564188279489
9898,-5.748552739138045
9899,9.337790381590938
9900,-23.15733442684867
9901,10.02341499928324
9902,-10.876786320012158
9903,-38.53676482575193
9904,-17.942593805550835
9905,-15.359401485339415
9906,-6.453462672345076
9907,8.526520193549619
9908,-7.84013074626025
9909,-16.347295289459446
9910,13.669327816096986
9911,-6.12658523413873
9912,-24.980708253346876
9913,-0.7838307042360917
9914,-10.54490523622895
9915,-15.273056943680093
9916,-3.6469586838423
9917,-4.171337541522028
9918,-19.774983558021773
9919,-17.667618890934556
9920,-13.753580726941475
9921,-4.016208966092048
9922,-12.770413435132866
9923,1.5066974770264743
9924,-7.992337895763917
9925,21.634943175153275
9926,-2.996302843550282
9927,-7.57021400203373
9928,2.2156728567805075
9929,20.916011312105677
9930,-7.562846066165413
9931,-9.566405266436451
9932,13.119324016007925
9933,1.2883948658687245
9934,1.4367190071142133
9935,-6.680092116442012
9936,-7.96909950155176
9937,-14.489732627895656
9938,20.519366321049276
9939,-4.370218899196807
9940,20.69391837613563
9941,3.176867353868518
9942,18.163461947939023
9943,18.902120443965504
9944,-5.98658683816895
9945,-10.070149396374472
9946,-15.470397458711176
9947,-1.9438689563844562
9948,3.6009385230061426
9949,-3.220454681246327
9950,-4.39741703832588
9951,-2.8733138392462365
9952,-4.093701752087412
9953,7.666126910813453
9954,-8.35225412801621
9955,-12.370809022361112
9956,-21.756112733052895
9957,-9.739613048121637
9958,10.050110108678453
9959,22.9755364615587
9960,15.436357821848734
9961,18.456273528919226
9962,7.530739327555773
9963,-1.5292787687912117
9964,-11.357330520759042
9965,6.552370924343673
9966,-22.540818822205857
9967,8.45262829757868
9968,14.711280865567876
9969,4.041378297626313
9970,14.269722833638438
9971,-2.9034608851910697
9972,3.680661960926818
9973,-4.209927267751215
9974,-14.739456166428209
9975,-14.662350055489938
9976,24.09626706028949
9977,-11.25936554260009
9978,-2.2304918964645175
9979,10.613111446326606
9980,1.8828501508312403
9981,32.236317454501005
9982,-12.489878849904436
9983,20.04858604135915
9984,17.726365265009523
9985,-2.583463588472007
9986,14.761574214488075
9987,5.46207002743745
9988,-6.254390595223136
9989,30.69711968352712
9990,9.173169014233693
9991,10.50736154545838
9992,6.803114270606439
9993,-5.380847878459736
9994,14.346854629524033
9995,23.812310478766783
9996,-7.967070037537354
9997,-9.660174072544446
9998,-10.142057068224084
9999,2.78899882427808
10000,0.7278503779882648
10001,8.315980337684255
10002,8.579131341176911
10003,9.04609040622582
10004,-5.18634523495756
10005,-10.625776230514724
10006,-0.17065196380354308
10007,4.219985460210269
10008,-5.498237121952901
10009,-17.400260388458243
10010,6.581035202179885
10011,-17.433085872591256
10012,10.597103022678585
10013,21.872347879361413
10014,3.590437363576765
10015,-8.814406051022534
10016,1.575266167982564
10017,-8.90674819078777
10018,16.052389868517693
10019,-5.165773662999047
10020,-13.387834017736317
10021,4.847529509940086
10022,0.3797623833019088
10023,-6.83401199754902
10024,-5.073519672640298
10025,-6.624370905257958
10026,4.613638269164261
10027,16.537993914561635
10028,4.8430575511426905
10029,13.622208843835253
10030,29.33118700757452
10031,-8.75144795963487
10032,2.904235234912072
10033,-4.422105914111032
10034,-1.734714820622525
10035,5.238810351123632
10036,-1.7758131861418853
10037,-3.7452175369756198
10038,10.705045749685109
10039,4.54152746659949
10040,9.912341244609738
10041,6.052771764687261
10042,4.811872518868093
10043,6.730458631723751
10044,20.001342607350164
10045,12.30712980007277
10046,20.36844639472484
10047,2.2088899380263634
10048,-1.0328985503558172
10049,4.9328167122917534
10050,4.802149300239531
10051,6.176896985832945
10052,13.144511854725591
10053,-7.92110270761399
10054,21.683941417391264
10055,4.015238842185569
10056,8.665229040031452
10057,-4.394515001461333
10058,-0.5135763696088773
10059,-2.793552475483498
10060,-9.360315773945658
10061,14.614051727875182
10062,7.361171048641026
10063,20.034342515345415
10064,9.72523011313007
10065,-15.917572015458
10066,11.14382936529752
10067,-17.821064868014062
10068,-2.1470107045222413
10069,16.070023190134194
10070,4.835639603227282
10071,1.4061116713013906
10072,-1.2682515816189337
10073,-2.713451803297197
10074,3.910876434157604
10075,6.518822734330076
10076,15.817899905547446
10077,10.866252678713536
10078,-10.089781543121962
10079,147.29576635620435
10080,9.852628845177794
10081,590.0887274344178
10082,672.3512104367998
10083,-36.93790487936265
10084,-0.1921295211987477
10085,9.964717120051914
10086,6.65882452834235
10087,-9.86019035409408
10088,5.7191828591421014
10089,-7.980547019242284
10090,7.067103852838439
10091,0.9176509213823216
10092,7.870706849889796
10093,-16.599369799231106
10094,15.615049573781455
10095,-23.23962401720369
10096,19.136979324628975
10097,-10.976734011085618
10098,16.761750049877566
10099,4.463972483234677
10100,5.001955733236837
10101,-5.741537580306904
10102,9.386154542205595
10103,-83.04263232536562
10104,22.766500675925773
10105,3.7891354312613217
10106,-22.80310290274152
10107,1.6643322106076255
10108,-8.526804722791812
10109,-9.603047623541023
10110,11.6381046313799
10111,-5.350168227273379
10112,-6.428820431792303
10113,-0.12094081659361322
10114,-2.9090613788109607
10115,15.562795633816854
10116,-17.175481111091493
10117,-25.025999289645654
10118,9.503208447875078
10119,-21.3785985271072
10120,-1.9272645970836102
10121,5.735255054718303
10122,-7.179696334999363
10123,-11.483025184350296
10124,763.0165494340031
10125,17.817496095281843
10126,5.232575311352548
10127,158.02266217144745
10128,-10.92485504946329
10129,6.91422472634364
10130,-17.60637859505419
10131,-6.260838643469999
10132,-14.484760922889414
10133,-26.611103259165233
10134,788.3785089963463
10135,-12.295920510134383
10136,-13.984369986617576
10137,137.42850199485935
10138,-0.8538778123748827
10139,-2.6227882812708465
10140,11.37529586396749
10141,26.511333135103285
10142,-20.657887020697522
10143,-9.817910295304483
10144,832.1654573192365
10145,435.3392248726905
10146,13.914409271270557
10147,-22.080347629524177
10148,-8.968776563690177
10149,-15.375419023230041
10150,-23.178458637830893
10151,-8.008228545859158
10152,644.5131633644191
10153,5.59804132677705
10154,1.3575101436233723
10155,-36.21598589671505
10156,602.0945306363029
10157,7.054282486314905
10158,-8.33295787646637
10159,18.561871678174878
10160,902.0577569489404
10161,4.032034607896918
10162,-10.116116202037851
10163,3.971113514175178
10164,508.9633201708316
10165,-0.7073685522119639
10166,9.970375841120019
10167,153.39590697012383
10168,631.4999398218148
10169,31.308729080567602
10170,3.02308914856048
10171,1.1074259891123326
10172,-27.42050977150793
10173,5.539607753901635
10174,8.031156109949752
10175,-24.613707719819594
10176,-6.041460874187006
10177,0.4851366901180878
10178,9.038014214420782
10179,17.502780023905068
10180,6.425888116817754
10181,422.82401316743227
10182,-22.605647713401467
10183,-10.664208245483753
10184,3.2076261117388274
10185,259.60755305519933
10186,5.446429184305227
10187,-7.711216189460256
10188,24.92902926252275
10189,20.030266914000514
10190,-17.80763241038826
10191,0.5664686537188395
10192,210.4571113438082
10193,-5.74923474581308
10194,525.2471492177197
10195,0.0493402187229286
10196,1.1410668106094324
10197,-4.1509662600941795
10198,4.359602541448089
10199,6.094052403314125
10200,8.216643211168792
10201,117.96908258019647
10202,-11.533554290526602
10203,10.048130491531714
10204,0.2722278433162728
10205,-1.0853015962000079
10206,20.451070929307136
10207,-0.18658313284259265
10208,26.546342631414987
10209,-13.629194874513647
10210,16.27140973265144
10211,-7.731454399124402
10212,157.6041136873173
10213,-29.801604054699176
10214,-12.431592730363338
10215,5.025012954375512
10216,7.018981450075026
10217,249.43869161675045
10218,153.24050053976566
10219,586.4437754936044
10220,20.187312262648252
10221,532.4716999756141
10222,244.57651436510028
10223,10.617183619205619
10224,-53.205309286406845
10225,19.797380128697622
10226,19.48711055196095
10227,-0.358426002519149
10228,-0.24750375131926816
10229,19.056868532736267
10230,14.69998213133149
10231,38.28785635408882
10232,-5.39002889477829
10233,3.8627161070661433
10234,7.281161797785954
10235,0.6682105389554778
10236,-3.3644833942879337
10237,-8.90704119136318
10238,-0.04879065093250645
10239,-11.533752216795545
10240,176.33193724423953
10241,4.765823723792872
10242,-5.8024869643345305
10243,-3.6284597997039683
10244,-3.4978998546571134
10245,-6.532647240928522
10246,-12.558007046443674
10247,-4.058406549073737
10248,11.857160810908347
10249,390.76730487578817
10250,-12.390928931870071
10251,-2.1648417189513722
10252,249.9344399339285
10253,15.956222135839878
10254,19.796932711953218
10255,17.356028150655973
10256,2.02229753206627
10257,-5.313941809523886
10258,54.38495740034727
10259,-2.798141181650454
10260,30.049678578989855
10261,120.63004898892407
10262,336.9773613543287
10263,-1.7832537035015967
10264,7.9847408627849354
10265,12.38870159232673
10266,-10.356190847904585
10267,-5.964779734010747
10268,9.29994400214672
10269,-11.031049243071575
10270,6.116168590797834
10271,-12.385436573445066
10272,-9.451322431995443
10273,6.131535843522554
10274,7.216677431253759
10275,-3.5742463453865803
10276,341.6828768377393
10277,-6.454412898807053
10278,-2.5180061103254054
10279,246.56051567665025
10280,-17.983842291619297
10281,-11.915409048406332
10282,2.021809267343654
10283,-7.830429404756103
10284,25.717962822723074
10285,2.929001105143593
10286,249.27736662540502
10287,10.901876852161372
10288,3.9397753491883947
10289,9.343390140786706
10290,164.74448142480105
10291,-2.1779730640113613
10292,68.01190132439999
10293,8.991043165375881
10294,-2.630030973906358
10295,-7.804543618778595
10296,-10.394221719274174
10297,-9.190551434586922
10298,20.157138900861792
10299,13.32383615138968
10300,0.010425946864742741
10301,-9.191914572946583
10302,-6.479279664368466
10303,-12.052158173813158
10304,-5.467837480441588
10305,-15.626322258153149
10306,4.9967908544072674
10307,176.587362542585
10308,19.53120615254893
10309,-6.378436258018535
10310,223.63216254670968
10311,-8.241223725678804
10312,-35.48585531174899
10313,-7.868674811272896
10314,128.03734664636647
10315,-11.929681188733344
10316,-10.98335709067742
10317,-5.691002238446341
10318,-8.197643030334156
10319,2.9797278699228436
10320,-5.653526872011799
10321,-10.16145508631519
10322,268.7578065528862
10323,-5.04692060487719
10324,260.5931102399336
10325,-14.128940301827182
10326,-9.388810198287441
10327,-5.49692570541259
10328,154.74983231502534
10329,-18.591815814151914
10330,2.082758868984161
10331,7.821345571435753
10332,-10.430243737514758
10333,-1.8700800896011778
10334,3.786636343188597
10335,142.00919779055045
10336,-9.082486704880882
10337,30.3302483975743
10338,66.4211974505466
10339,13.957633460629147
10340,15.532759657674399
10341,11.4115807378245
10342,-20.16899579061407
10343,-3.1522134079599375
10344,13.726479629792836
10345,1.7148119777862352
10346,-7.844645406409384
10347,-2.11141936118538
10348,-5.7669035551129895
10349,-10.966212751987623
10350,7.752594022515305
10351,-2.464327087982177
10352,-13.608861142200137
10353,-9.529609902103033
10354,-12.512720575287599
10355,-6.443679220961705
10356,-7.271856147326702
10357,3.5675886278220066
10358,22.172963120645534
10359,5.141537637078052
10360,207.21764064238087
10361,69.61708553208481
10362,-9.097595934679713
10363,-3.6418304912740425
10364,245.02737478084745
10365,-9.977380244802397
10366,1.4585535305959851
10367,58.66597430872487
10368,13.121356744989939
10369,-8.67548760090278
10370,285.18388274012875
10371,345.6801761898694
10372,4.392329602384173
10373,-10.65495521045835
10374,-0.5276637621997651
10375,1.88726150804602
10376,-7.316838504645801
10377,9.55085087451221
10378,4.634849043796789
10379,12.152521281855918
10380,8.184437809896602
10381,13.534919182010274
10382,-6.724031063444343
10383,-31.16690698707672
10384,3.1975013678742474
10385,-12.184311035919457
10386,-11.316154236195583
10387,17.458676141427336
10388,3.0736307044424613
10389,-4.303887919204051
10390,10.257011052196255
10391,-0.45634607099727376
10392,-5.789457255593913
10393,-2.5782720450289425
10394,-11.259152590058129
10395,-2.979580154187431
10396,-4.947623888470979
10397,-9.816329508776978
10398,-4.366808361317116
10399,-3.2981834198677653
10400,15.903350039215118
10401,10.715192507223131
10402,15.994019577955854
10403,2.4295343308594006
10404,-3.1326987991715356
10405,-3.6611145302265378
10406,-13.778326890392748
10407,-1.1637726361782903
10408,12.19534784876783
10409,7.1933254436408625
10410,-7.413488378612545
10411,-7.554873365842155
10412,-10.644025810683065
10413,-3.4528225266514134
10414,-19.710197338428735
10415,-25.060959851878934
10416,22.32831647251969
10417,3.2364747087777683
10418,0.9891878582756117
10419,-4.4345333309783115
10420,1.372218688462656
10421,-1.4742365340100356
10422,-5.952630984115821
10423,9.612559905705785
10424,-3.7922272446542102
10425,5.491861373171389
10426,-4.615260722637455
10427,-7.562363813379449
10428,-0.07938406327844305
10429,7.86922812155618
10430,-9.95649295115333
10431,-7.56247164393633
10432,-15.109648887380612
10433,-2.686738224810913
10434,17.734109018644002
10435,-14.136825715581494
10436,8.65020444688135
10437,7.344527819776813
10438,4.646575633455717
10439,13.755180318312755
10440,8.88083633793823
10441,-11.223463101367596
10442,1.9797733158008146
10443,-5.544949735450821
10444,-10.849562517461791
10445,7.904444543811719
10446,-2.81317928015363
10447,-6.820965383897558
10448,4.187849595168522
10449,-11.442361690095364
10450,-16.62784741177134
10451,0.11214101698035961
10452,-8.107577162382547
10453,-0.021305791763342796
10454,15.426286641546739
10455,13.227537109198426
10456,2.029246051309123
10457,-17.06626744797307
10458,-7.781742549553968
10459,1.7407584766702584
10460,9.618122050800277
10461,1.4895519335049379
10462,-2.6686563011108753
10463,4.774961597070934
10464,0.6454092133438092
10465,-14.542383606848773
10466,0.914971094730781
10467,-7.925225182598769
10468,-3.07024587242476
10469,-9.04468483936476
10470,-3.67192435559776
10471,4.5122611124902505
10472,-3.8077787035225903
10473,-7.291854953587411
10474,-3.1627132232231645
10475,-8.979535743487546
10476,-9.52948767934458
10477,-14.490871854193347
10478,-6.0357126199904485
10479,-10.739053988650564
10480,6.551611684569275
10481,3.9196498909351405
10482,-4.195870347249514
10483,10.710176082773803
10484,9.827121589473363
10485,-12.399668932812158
10486,15.352217329645281
10487,-19.54998090971349
10488,-17.40499402230877
10489,1.4298280638748828
10490,1.0890613407176204
10491,2.597530322340754
10492,3.3268870237142707
10493,-2.3358547864935737
10494,13.357228449772972
10495,-2.363853936258984
10496,-7.101598885174074
10497,4.583118200623664
10498,-7.487054003749524
10499,-6.58591669301925
10500,-5.833053716621649
10501,7.910010266530534
10502,2.628236861494546
10503,-11.00706613167593
10504,-3.253335045859938
10505,-10.14821274969496
10506,-2.5085241623972294
10507,0.5247546770561193
10508,1.2524382253867614
10509,3.078201352853217
10510,1.7853343088821756
10511,-2.911965851823485
10512,-0.30250444863542114
10513,-2.589836518084823
10514,2.560353255953352
10515,-2.1261040191176477
10516,-8.275009858255874
10517,1.3275184317917468
10518,-8.164097098595025
10519,5.44720587095102
10520,-5.088022957990226
10521,-10.637998078790961
10522,-5.651006722915575
10523,-23.471013094614214
10524,5.431619714983082
10525,-1.9141173005010828
10526,7.6676996180879335
10527,-0.8895752122815992
10528,16.769201831873637
10529,-19.448028353144196
10530,11.405985819939222
10531,-14.462577730901018
10532,15.36098238683338
10533,18.47582148776308
10534,1.591972823214677
10535,-17.164550941353212
10536,-13.99248493887086
10537,-3.7255426977475246
10538,6.358490181950538
10539,26.077256863911913
10540,-33.30276384513791
10541,11.219303658802863
10542,-2.1691023149480095
10543,-3.698534440589686
10544,-10.12937060891226
10545,-6.508876987167181
10546,0.9366785048168538
10547,14.61567264961172
10548,10.255978733769826
10549,-10.698517678089953
10550,10.884502613852927
10551,38.482941596199936
10552,1.9574956969681399
10553,18.02354428766934
10554,-30.235081541471033
10555,-7.374457245157359
10556,-0.7065932733704905
10557,38.54769570409714
10558,16.776976999028633
10559,-13.648799320587635
10560,-41.539970577185564
10561,-11.987956010087458
10562,-12.18494448402361
10563,16.259768627396785
10564,-15.642454672969567
10565,-13.503344131389508
10566,-23.631739431836756
10567,-19.977323408176794
10568,14.641605249599666
10569,21.576940956429844
10570,13.921689145397297
10571,15.303142837738596
10572,-18.3003338198398
10573,-17.5000066206974
10574,-5.54701639536486
10575,10.001432569589166
10576,-19.797654414603734
10577,2.1456218364713067
10578,-31.212559637046454
10579,19.596541770874392
10580,5.078069789681072
10581,1.3528953276267703
10582,1.8501141461714639
10583,-3.7481061067247765
10584,24.967520986592902
10585,22.34746466147595
10586,17.476290842650638
10587,20.26311703012277
10588,-23.29642817340472
10589,17.60291476795987
10590,8.03310957170932
10591,-27.017449640408017
10592,26.80307436930441
10593,-68.36534385769272
10594,3.3209246315500494
10595,8.621645096847892
10596,1.5300873266704453
10597,-8.68430497214474
10598,-12.154090330536356
10599,-10.10146382247843
10600,-5.5896926911500024
10601,-7.655136568517861
10602,-13.546125173849337
10603,-4.726112689391407
10604,-59.167959570461235
10605,9.425182613500507
10606,-7.911810592021929
10607,14.878645511380746
10608,7.786610374341931
10609,32.48885090471495
10610,10.99157552922562
10611,15.510448658678191
10612,9.78450120967782
10613,-21.001358539237188
10614,-13.350553700577251
10615,6.309675156441207
10616,2.8982968149473383
10617,12.088505175890106
10618,-21.3604793506739
10619,-6.260533894114545
10620,-28.612918544668034
10621,-27.98759540934565
10622,6.99936014717402
10623,0.41475815218650247
10624,11.630578598958406
10625,-3.967124250791162
10626,-2.618489204982886
10627,2.7759650461665295
10628,-2.0303628772485887
10629,11.25977299022546
10630,25.835661443793963
10631,6.94418586297488
10632,-21.57131616480153
10633,-13.099102083654678
10634,-6.7123437230388205
10635,5.6555537219494525
10636,-0.26934136597052927
10637,9.591612738283892
10638,0.04271325618130106
10639,-17.828363574929668
10640,-27.68336959292963
10641,-10.263396128028663
10642,-28.19084052396117
10643,19.05245203927633
10644,-18.78709129424415
10645,5.764689532679862
10646,-18.445373807415557
10647,10.550853403939055
10648,-11.649240543924375
10649,-14.299343562445223
10650,-7.436036400853958
10651,-5.915150165282199
10652,4.268497854005981
10653,-7.366127874461956
10654,-5.203005853045024
10655,-8.203834829549585
10656,-9.402383226976287
10657,-1.8110173950790909
10658,-9.671339870663502
10659,0.28080084490818713
10660,22.859411908701382
10661,-18.14331770774524
10662,7.655607021504833
10663,-11.131759160934472
10664,7.0980018573614245
10665,9.678002245080465
10666,-8.92226345562295
10667,10.725836890091298
10668,-9.043345631057068
10669,11.6294153128614
10670,-29.723145463413964
10671,16.735590427413882
10672,21.65030492964052
10673,15.54235706285487
10674,2.674335078744045
10675,-14.968869236076163
10676,-16.143376712957647
10677,-15.770606776775406
10678,14.645988720074952
10679,7.345601947967927
10680,-21.666324516055347
10681,-1.320082511425234
10682,3.156875083361804
10683,10.605631055318517
10684,-16.27445092931034
10685,-11.138936171396729
10686,-27.44114654076649
10687,-8.009926358639252
10688,-24.03156890186615
10689,8.282884880811062
10690,-28.17008358079665
10691,-23.801653752918227
10692,-8.375608735124981
10693,17.946987654238633
10694,4.278363797933865
10695,-9.2287010231753
10696,18.328556097868294
10697,-18.018647012223894
10698,-30.549645700059003
10699,2.6351871202528176
10700,0.9634243662910098
10701,7.631729096529881
10702,3.375429636370324
10703,-3.805251007209389
10704,21.8284780916498
10705,8.639063679061238
10706,-2.4566654705101527
10707,2.4097319778827018
10708,-0.22945618101500642
10709,-20.569827265342333
10710,26.289835972998002
10711,-10.027131943732691
10712,9.485826377391302
10713,-15.485044150065512
10714,-7.060410826472744
10715,-14.283123820712923
10716,-35.57616462753514
10717,-10.869004178002324
10718,-3.77125408178998
10719,-3.991056572993365
10720,6.560918101205209
10721,-11.763667625066596
10722,-13.268506755974393
10723,-11.621677085436346
10724,-15.076703148058833
10725,42.67811144309975
10726,3.8295660000717575
10727,15.756896541572914
10728,-11.237429854045715
10729,14.088291096592812
10730,-22.397608753180286
10731,-7.172429802555232
10732,-10.718163936128555
10733,21.713601980197744
10734,-15.687181974873205
10735,11.913516563517355
10736,-5.051466678983793
10737,-23.878895454541606
10738,37.28364580272667
10739,-1.0532630116444395
10740,-3.0261423134918743
10741,-24.883377851201388
10742,-0.8013474545635475
10743,15.848400670959172
10744,-51.5202333630656
10745,9.210974356298266
10746,6.905349985570783
10747,-20.64788012631766
10748,-14.115021585339207
10749,13.712266794330747
10750,-6.810504460743925
10751,7.5175415149277836
10752,14.8700664806565
10753,-11.406654455459556
10754,-18.480986352617393
10755,-19.77399598701198
10756,8.293895436861469
10757,-15.321947146462424
10758,-4.2584646991072574
10759,3.2930376699876174
10760,-0.37191357705523487
10761,16.610290651397836
10762,-3.759819218609561
10763,-3.546329017944956
10764,-2.656272729069091
10765,16.614934058357726
10766,4.443936250361066
10767,7.293270007231573
10768,21.430920713756862
10769,-13.911536936027932
10770,-15.485712101484676
10771,32.86389583187541
10772,0.06815733552023318
10773,-19.791203386541603
10774,0.5951896411258772
10775,9.12038607429717
10776,12.394599776207812
10777,-32.21361839294827
10778,-4.57075166569053
10779,21.76764510101465
10780,23.07584350929781
10781,-15.607972840571755
10782,19.37940385250141
10783,33.059944463608346
10784,5.38905765354164
10785,8.303514464244667
10786,-4.013573266815904
10787,21.802847478408626
10788,6.308635254989113
10789,-6.127369457291557
10790,6.189360650660989
10791,16.609493108724436
10792,-23.391463174018163
10793,-0.515544481681804
10794,21.571489151988008
10795,7.8112079288885
10796,-3.5514739680459826
10797,-9.830209871599425
10798,0.024894622238807784
10799,19.497434868499962
10800,6.241751346009714
10801,4.7537027021238405
10802,-4.809461390992819
10803,-15.057020585191395
10804,37.71447756027102
10805,-0.08625894946547064
10806,-31.938313883150897
10807,19.631678951420444
10808,2.0803566229476207
10809,10.360183860155672
10810,-11.9089936034689
10811,-10.554925888708595
10812,22.334776613542
10813,-8.987729455802924
10814,16.52033508073561
10815,28.79671464664137
10816,18.29472794333213
10817,36.78671150536408
10818,-20.789116493835323
10819,2.714170766719695
10820,-5.837855432503524
10821,25.06877914201422
10822,-6.200242633927168
10823,8.627156679373241
10824,21.19572425523418
10825,13.038422240629215
10826,19.82557269357339
10827,4.736117346929335
10828,-7.96938410690537
10829,-1.3114603418126585
10830,14.425465987363047
10831,22.22393607431354
10832,9.03589533760913
10833,0.4674046923244628
10834,-30.221334494635563
10835,14.656602574724538
10836,-10.30177238353976
10837,7.233732237109566
10838,-5.3574259711188965
10839,5.498029150502923
10840,10.128486777875814
10841,2.78759831427665
10842,17.10730840280168
10843,20.01102046332292
10844,12.721658852740914
10845,-19.31763642355996
10846,18.45700387393623
10847,-10.125133426723472
10848,7.975299805601111
10849,-0.9939669889878964
10850,-31.518721456404734
10851,15.934579690094523
10852,-27.913067041365665
10853,16.5481917159636
10854,-2.2506859547698035
10855,9.784081173788032
10856,16.823578876739788
10857,5.865794487957585
10858,14.118688902491195
10859,-8.13085115603296
10860,12.70472931093307
10861,-8.065129272996675
10862,-23.90947140835617
10863,30.998927619174296
10864,-7.091611835100082
10865,-20.727006666586725
10866,-21.801676703939258
10867,1.677064905533813
10868,7.521941124042117
10869,-3.906240717841534
10870,-9.689719656063364
10871,-5.738019570709191
10872,19.54998046721056
10873,8.722445108959388
10874,-14.061771629734423
10875,24.554666062779575
10876,5.135982038213379
10877,4.331448835711997
10878,11.65556966719615
10879,10.441536337188591
10880,17.351006251777594
10881,3.5839596766548336
10882,-3.3769236249220214
10883,30.97682163177872
10884,-3.9316768106841415
10885,-0.6103575052188148
10886,13.01986306051875
10887,-2.4343649536546756
10888,2.042306046893767
10889,-17.561747115477246
10890,32.46963957368787
10891,8.230124468497385
10892,23.347227348913506
10893,-22.789055460237726
10894,30.74933229754277
10895,9.060107024345756
10896,6.494909415860283
10897,3.83073517821148
10898,19.474132702628495
10899,12.80132092992038
10900,-9.284551910798328
10901,11.385224790881683
10902,10.280806256405604
10903,-8.505577487970275
10904,-18.738687000125303
10905,24.775077221079066
10906,-4.735132560757538
10907,22.892833336480656
10908,15.259423551667659
10909,15.575865854844928
10910,5.76457325742024
10911,38.60267261786201
10912,-12.901147847173647
10913,9.879363235198902
10914,4.685039521686226
10915,-0.8920822112716209
10916,11.341870768883565
10917,16.297983588796704
10918,17.247092870845975
10919,15.581263429468255
10920,-0.7192457403758787
10921,30.527833824553092
10922,7.894434586021385
10923,3.036149725039067
10924,-15.603482692511314
10925,20.30494836887291
10926,10.069186440775955
10927,19.857422208725406
10928,26.0538495805181
10929,17.785023377817605
10930,-8.325366950956624
10931,7.893461004687492
10932,-3.6645632760359597
10933,6.0164480641584515
10934,11.378255562326448
10935,-26.948946949365784
10936,22.828706081675406
10937,24.74932758146496
10938,-18.3558336428269
10939,4.281548909306636
10940,-1.5259671546933333
10941,-14.938093779923076
10942,-25.882830045758155
10943,-7.537990684216471
10944,-27.591192537093036
10945,12.889414667853398
10946,-1.9354378306949798
10947,6.803862851099282
10948,3.577343508839876
10949,8.720646971483315
10950,-11.997398721465476
10951,9.368765224893686
10952,-0.46959236480674704
10953,-12.622306340120534
10954,29.93175964560575
10955,-2.3317557525208663
10956,-15.657770219397996
10957,23.492549888432237
10958,6.900365843382966
10959,13.40385920926878
10960,-10.190454596949564
10961,-0.610266677713831
10962,19.069221354002032
10963,16.006304474563304
10964,8.245393616209368
10965,14.319972017205263
10966,30.405315885696425
10967,-8.99718262651037
10968,8.896201574922873
10969,-3.670237006872064
10970,-33.60559051343122
10971,-0.6649851396267046
10972,-4.929398153769537
10973,-6.752585069853566
10974,-5.436840224976574
10975,-10.092472222512608
10976,-12.80556278671293
10977,13.645408350755364
10978,-6.984077361837823
10979,2.0923794795552126
10980,-17.05972115727915
10981,12.626662781985978
10982,-4.451826940465523
10983,14.493563851982234
10984,2.305451528787266
10985,12.418518690552832
10986,5.186973232060396
10987,10.327358544916665
10988,-26.10645706792581
10989,13.754558053952035
10990,-5.676127031810147
10991,-10.716535022176434
10992,2.329030355296407
10993,9.880132849258903
10994,8.30350799635335
10995,3.188693183024645
10996,-0.4516837422231461
10997,9.134107522574592
10998,-9.309432581534299
10999,-20.02416509477178
11000,8.38032996016306
11001,-11.231096018677807
11002,12.226275508906275
11003,14.946548225340226
11004,-27.335451541139363
11005,-6.698116014033918
11006,12.553707982106388
11007,-1.2007728308032348
11008,8.077424423724414
11009,25.214345564545226
11010,-1.8099053797183409
11011,31.286396817573106
11012,15.917283861301312
11013,5.9228734832097825
11014,-14.384001365066535
11015,24.232929671880175
11016,-14.945652258159651
11017,-17.799598383381515
11018,6.940810894087939
11019,11.141905279368988
11020,1.092598345197148
11021,26.7072881352006
11022,16.146440368088328
11023,-16.164666307218837
11024,16.002333215384862
11025,3.901717295612732
11026,15.508356321463669
11027,-10.047477875493872
11028,-4.894941072013886
11029,15.034327673344245
11030,17.970184201527378
11031,27.331908313456097
11032,3.451320000808364
11033,15.124151761683196
11034,-14.81312605862843
11035,9.60302918503734
11036,0.9060922436972536
11037,-19.03496046371633
11038,29.592824130117236
11039,15.21677984514594
11040,-14.057454673323967
11041,9.856704612980757
11042,7.291934178560943
11043,10.248192248228786
11044,4.391828882223672
11045,-1.7420522925596948
11046,14.907851923063989
11047,11.798850464693455
11048,10.584843741047791
11049,5.026506841578692
11050,13.202510191253362
11051,-7.050954629693646
11052,14.081140356584005
11053,27.159789507356514
11054,9.025868851890955
11055,9.515863165266083
11056,-3.160835897990438
11057,538.1510675082574
11058,-16.95300456284356
11059,637.4490394852431
11060,-19.560020669868948
11061,22.65830223002092
11062,2.928100672204005
11063,22.25835792620311
11064,-8.88355428088187
11065,10.976222765219553
11066,-6.629523461405739
11067,-17.02369808339907
11068,5.7016086109723805
11069,13.995086402571943
11070,27.893754466829243
11071,-22.766732007981133
11072,21.17331189707751
11073,29.36616094625553
11074,24.443380662096672
11075,-20.72871604575944
11076,-8.18438404153494
11077,10.619300945530465
11078,23.070398441029386
11079,-15.763625307455605
11080,-40.20739303296344
11081,321.9241800334018
11082,-19.135633440312347
11083,106.64296614435096
11084,-7.416818497706231
11085,10.419991631716503
11086,273.1450086686319
11087,23.13971318606772
11088,3.501896408268239
11089,617.1214078574206
11090,13.50160589458055
11091,213.55754442877435
11092,-4.172534469976696
11093,10.84596859519765
11094,11.850978625350779
11095,-10.72494127281842
11096,27.73682043993915
11097,221.55546153646736
11098,-6.497394450002197
11099,2.5652689081846347
11100,489.8949268460443
11101,573.8297240286943
11102,757.2414299900072
11103,244.00101299279092
11104,-22.988858628179592
11105,14.465993165234226
11106,7.963604086243111
11107,334.62810791842145
11108,17.710473716367254
11109,-13.862801409749693
11110,205.58081471134017
11111,-5.734675507452259
11112,181.76120417169366
11113,25.07696518058698
11114,3.238570600817633
11115,-16.655395654145757
11116,0.6017356605823387
11117,1.9243367086661465
11118,6.551729367835421
11119,-2.7877861771454917
11120,422.12621745349463
11121,11.507327581888099
11122,17.83089921186701
11123,-14.420472781174023
11124,327.5250259963244
11125,307.97289619983565
11126,208.0704409459695
11127,10.981316458649605
11128,21.271848840392114
11129,-0.530180801461988
11130,-7.446813035099421
11131,-0.9127877933121518
11132,868.042448864845
11133,-8.577243891180736
11134,-2.9063446560454906
11135,8.302400925116984
11136,-5.46093992204818
11137,22.258245316648512
11138,4.283769728174526
11139,-13.826616042038538
11140,10.686031930119537
11141,3.924704556976357
11142,-12.01587741975965
11143,44.99996629750584
11144,-21.983605520436747
11145,-17.399482064778553
11146,1.6800778385580681
11147,7.360156273806549
11148,-0.7763464396165958
11149,257.6237808686754
11150,-16.679363885876185
11151,-23.349627776522354
11152,24.658200019744974
11153,-1.7466252942603155
11154,414.3162874132989
11155,470.2892310224233
11156,5.987340288724971
11157,36.62453226437876
11158,27.642275930218254
11159,542.8053715445966
11160,41.43974428485717
11161,9.081679766343871
11162,-63.20073602843078
11163,52.89657039946095
11164,-11.243212484715695
11165,9.48407164892035
11166,-3.99080932231427
11167,205.0071507655682
11168,-7.623742024833149
11169,2.1070896693867613
11170,2.9335302531652783
11171,-6.963286419364874
11172,5.323691665522569
11173,-8.482704555558492
11174,-9.28609149548807
11175,-0.3024212829555708
11176,3.661144384227054
11177,15.781590879773582
11178,30.82323121146295
11179,-5.395668845641701
11180,20.45578967334331
11181,6.257089702644381
11182,7.61162607122972
11183,-5.624477933896518
11184,-1.7320798537294912
11185,6.331403714211618
11186,-20.48598742026217
11187,-10.671522828554867
11188,23.10363662910567
11189,-2.1709941373086075
11190,590.5410281639879
11191,224.2074995111185
11192,14.228387545762073
11193,-22.722686003030333
11194,51.36567347905713
11195,-3.6673976628233014
11196,-2.4841853073569595
11197,8.956907864951496
11198,16.134515001004072
11199,-11.086853520846276
11200,-1.833117558579616
11201,236.58893423443658
11202,-7.627533514580783
11203,-27.814294711170902
11204,2.5704733522923053
11205,17.68026593445058
11206,13.322168515072182
11207,-4.881664069844781
11208,10.503716718947459
11209,-12.319702620732155
11210,651.8359744419664
11211,10.664002917523543
11212,7.797314533464913
11213,800.5935389462551
11214,-22.858402380982568
11215,-5.214939804453309
11216,-37.87807275280899
11217,-19.616889526508885
11218,-8.070290947234025
11219,-6.79938646574384
11220,18.972889402732253
11221,-3.8978414925728906
11222,3.098866520554612
11223,22.856995472221357
11224,10.081243165124782
11225,3.3596066909010034
11226,20.947921817862444
11227,8.248416140858357
11228,12.245498864394946
11229,-16.170152208306384
11230,294.1245333495815
11231,-22.489994123479057
11232,19.76479807015718
11233,17.388795013408522
11234,-12.559748592196787
11235,10.19043695736533
11236,2.6888989827367276
11237,19.80725725644982
11238,26.710206175581344
11239,-72.72696950253278
11240,1.4169977634725335
11241,28.156520700111933
11242,3.735234160995981
11243,24.649046039015527
11244,-52.102309307018956
11245,23.94998071883149
11246,-20.56984674345854
11247,20.34750793923284
11248,0.813335165451619
11249,-1.5735125006630888
11250,10.37450595145204
11251,-6.575282018819287
11252,11.506182987147982
11253,-13.017644430735025
11254,-13.285313322024564
11255,7.076942344406808
11256,-31.858214605356366
11257,1.7399873581719518
11258,-3.130517539145295
11259,5.066360231993215
11260,666.783541038008
11261,1.0945288673686857
11262,15.189924713399405
11263,15.5820351147889
11264,21.39392110425227
11265,42.54690121095372
11266,-15.072227485266602
11267,-0.9523640407601093
11268,143.51113514025883
11269,4.941570747480407
11270,-14.441498739199247
11271,225.65376974891683
11272,-8.080584832169176
11273,19.648801182891496
11274,3.268682816018053
11275,-5.7849587567071445
11276,12.413183914830492
11277,6.470450598061413
11278,12.111943066916792
11279,13.678944638716864
11280,12.428439779681755
11281,0.44588776922857676
11282,-7.025553819722116
11283,32.131684562815586
11284,91.02927426059017
11285,57.83980716005074
11286,-15.02432080467953
11287,67.13846361435539
11288,33.08276367892199
11289,5.761679804756184
11290,-10.844052325710003
11291,21.07795019924325
11292,0.3001848334171964
11293,-1.8221244975804787
11294,455.78672389165956
11295,746.6497157844316
11296,124.60776246203767
11297,8.375045376676256
11298,16.49563775692144
11299,361.32230810644984
11300,0.7494300413427126
11301,-34.275563846710924
11302,15.711497684778244
11303,-29.911780840717142
11304,-3.7425206699210385
11305,21.02002025758332
11306,-12.410363711148143
11307,20.41222113816255
11308,16.71853239206615
11309,9.347249305595296
11310,21.186149290905767
11311,26.373291783336523
11312,-18.46291802023618
11313,-4.90708361964343
11314,64.73079067578482
11315,28.384390142446573
11316,-16.856564115215306
11317,623.7647119763539
11318,-11.214725783638539
11319,12.17244736268401
11320,17.305038620946604
11321,-12.911160480008544
11322,6.489138275743237
11323,-10.255670477171115
11324,26.754947769055846
11325,504.3250467311132
11326,25.325637073890398
11327,-58.411889149385246
11328,-2.4703443424989686
11329,-8.146581458158163
11330,-10.56853969387075
11331,-9.782700040279071
11332,6.232341146008739
11333,443.3293830196481
11334,-30.233788186412397
11335,524.4177189865991
11336,-1.6003955280790159
11337,-7.743848187853487
11338,-16.293384655080843
11339,311.4820067869764
11340,11.549795772024538
11341,567.7698649602178
11342,34.96301147359546
11343,27.77386920535735
11344,-12.489423557851435
11345,8.962639021790057
11346,-15.118281239749145
11347,24.241519762490377
11348,13.540058786944616
11349,4.582966486702821
11350,513.7131553330121
11351,11.2504584883092
11352,-19.15168500111968
11353,7.712307438613394
11354,-8.829426161348408
11355,12.313151432670095
11356,18.505624743389003
11357,-11.590912663827183
11358,5.498254351606681
11359,-1.348108806938125
11360,8.090719249478735
11361,-4.619719987870656
11362,287.18790626482746
11363,32.332786521290416
11364,-0.459056040550994
11365,-3.9191670553516396
11366,16.53895739352887
11367,-15.209219740015733
11368,-27.69828324796618
11369,-3.355120312542045
11370,234.99170616450274
11371,178.39474230714228
11372,11.160139203154824
11373,-10.05125044769412
11374,1.0059712162840988
11375,5.095767501997836
11376,-7.529883273205936
11377,-2.9270459355974694
11378,-3.015598601174112
11379,-5.607045635095851
11380,4.745705406840511
11381,41.339397550132816
11382,-9.60250790298517
11383,20.28108151340731
11384,17.896909629664066
11385,-23.403761166287048
11386,4.566037041908732
11387,-9.259540128207913
11388,138.84740045334934
11389,47.11706667000893
11390,32.534301731814836
11391,-0.028277314866492986
11392,-16.219624430820076
11393,-13.192122552351123
11394,6.535017918600678
11395,-19.78721245200817
11396,-28.821770165053046
11397,-5.291650904677031
11398,-5.8908137605809365
11399,-6.956838818655555
11400,13.241516144678991
11401,6.36370855368231
11402,-12.981137203153793
11403,240.87388492249463
11404,5.083021659761249
11405,6.532895750716058
11406,38.374259560689026
11407,-4.149645022695758
11408,-18.977197244862168
11409,66.26585489249393
11410,-4.035146597862212
11411,12.452203161771175
11412,-18.1849840174156
11413,20.37115797093994
11414,98.75243414055994
11415,-3.594776919581605
11416,250.04007353504528
11417,-15.59053960649091
11418,-13.03180661031584
11419,-1.1894662579060906
11420,271.05534159195525
11421,-7.510601544696602
11422,10.70283006858429
11423,0.5599349321980078
11424,75.04089306638632
11425,8.953445985601551
11426,-6.4277156820123444
11427,17.714836612244486
11428,9.154203560335944
11429,-1.5080585523448136
11430,-9.241982021908424
11431,352.8659296548935
11432,-13.35868861057051
11433,-5.213166895897544
11434,266.66316354540504
11435,-12.017937582198133
11436,9.256197135207746
11437,-7.620933003942621
11438,13.3521899851259
11439,-0.5952188368227951
11440,5.609564644858809
11441,28.52184676610858
11442,67.20756180974936
11443,-6.803268901431355
11444,77.7901010518471
11445,135.19160585985054
11446,-15.901216928912312
11447,7.699177342626436
11448,-1.6788643070862292
11449,-0.04523569443569997
11450,-13.530934734386193
11451,14.342263796821047
11452,-0.28726039226315336
11453,3.777734750505962
11454,-4.584446584837799
11455,15.174593176651843
11456,-19.119630048354892
11457,7.8111772633784184
11458,-5.54513902304512
11459,-23.043268932037336
11460,0.008794288416805074
11461,-6.584663183724064
11462,-12.005742198472998
11463,-14.704727393097205
11464,52.66405059707521
11465,-17.399467348034698
11466,48.98071203754191
11467,7.61281553482317
11468,20.02428083171342
11469,14.238554170572083
11470,-1.1910492641610695
11471,-13.505116321743081
11472,269.88049444583856
11473,-13.693923971941626
11474,6.8701192216887375
11475,-5.113591251024349
11476,8.317363566080601
11477,2.9141521248402515
11478,2.179447792633523
11479,-12.390304774935146
11480,-4.980674640491468
11481,-9.910001354423368
11482,-10.868244956756264
11483,8.213518292972585
11484,-21.938502667759984
11485,21.859827875429797
11486,26.580479870270935
11487,1.8255464768177951
11488,7.76171044993465
11489,-18.98887002449502
11490,302.2365471950957
11491,2.5265028728050325
11492,-8.628326191974992
11493,19.047425848419657
11494,-8.70182698404588
11495,25.158857558054883
11496,16.748959747130197
11497,2.6313934974796176
11498,-6.461111894388107
11499,41.140464863522624
11500,193.27721989185085
11501,9.21265660579251
11502,-15.460433253465418
11503,-21.32778563971965
11504,-2.191009950712086
11505,119.36924313388485
11506,-8.577722711820357
11507,24.07176267114204
11508,-19.686876503019604
11509,-23.84397426539804
11510,8.686321366955049
11511,1.2618925851330687
11512,43.057242460231905
11513,-11.004017425154014
11514,36.188687191556845
11515,1.6948716877076482
11516,-4.436637368746879
11517,-8.795170813718737
11518,9.80785784014919
11519,-21.85102899354588
11520,-20.936137743682465
11521,-40.05685289738002
11522,19.961497225980402
11523,-6.692209273050082
11524,-1.9382094450873133
11525,-9.605347184219436
11526,17.08263931774996
11527,-0.45126969231472813
11528,-14.315008772408692
11529,10.645573028983975
11530,-3.3907232634380264
11531,-12.180118338156042
11532,-7.9650186622997445
11533,-5.885218660162582
11534,-7.878959527737095
11535,-3.4924039150688735
11536,73.87341019225437
11537,8.384210770261504
11538,11.136328973782689
11539,-15.420164249633956
11540,-13.124936572671775
11541,35.34531682955945
11542,4.83190053459119
11543,6.679587562774728
11544,-2.1885949299584055
11545,-30.42231159811648
11546,122.00581365996219
11547,-3.304586108268218
11548,11.309090254058294
11549,0.03983899815277425
11550,-4.389159453971033
11551,17.904654705081814
11552,-10.054455573629753
11553,107.97085367499922
11554,-3.3536951628495366
11555,19.443448512829423
11556,-16.84179038472712
11557,-9.82157395207923
11558,-8.811361701645936
11559,-8.205210046002684
11560,248.60626312979122
11561,-17.3058605933981
11562,26.051348457860698
11563,5.52977215274686
11564,9.223156789718306
11565,96.59884801371075
11566,-15.003177527069209
11567,-4.6909868992039065
11568,295.90018615685307
11569,35.41464055694177
11570,-22.91305052142443
11571,98.7784689477495
11572,5.811258098512269
11573,32.61678996089108
11574,3.103827978087141
11575,-11.017354096030541
11576,12.719923115357897
11577,16.90064232398582
11578,-7.684972867988137
11579,25.565694128365706
11580,-4.625061801559948
11581,-13.439754820828988
11582,4.584291775754556
11583,-7.969411149628222
11584,-16.38309670782033
11585,-18.84597153687846
11586,-5.952479311279017
11587,29.031245415728883
11588,-8.272934070547354
11589,2.6457012107572346
11590,-20.176415716287792
11591,-14.186538739564536
11592,-5.924290681073757
11593,14.94941532632616
11594,13.505805183534799
11595,16.47580678618481
11596,1.4642873168024728
11597,281.3509567423878
11598,31.180467377474244
11599,10.511335246502789
11600,23.291844884130217
11601,21.883504336495402
11602,-33.60845726161792
11603,95.13889288080499
11604,0.579675452978206
11605,-5.077557420476452
11606,148.5351042162037
11607,18.905773915814688
11608,-8.27032305864044
11609,4.092064271206006
11610,108.43061768359297
11611,8.080364555242884
11612,-40.89681184466283
11613,-26.565849125469924
11614,368.024120860176
11615,4.2252823723729875
11616,22.077846064657983
11617,263.70236222792323
11618,2.312995146048097
11619,3.503864668762816
11620,130.39660109666835
11621,0.894092054182142
11622,-13.27189698213071
11623,3.9898900120459757
11624,-8.71363028054298
11625,295.84614315745733
11626,7.496506681599822
11627,28.47942926187208
11628,7.647799088789478
11629,60.10520841873412
11630,272.3197089211678
11631,-0.6647440669732987
11632,-9.306900335132593
11633,9.911657721942884
11634,15.107026509637947
11635,-22.801552159626688
11636,5.533780268853706
11637,5.292200045939685
11638,22.381652403531305
11639,24.996127826349934
11640,-3.3043658763123993
11641,157.968552619596
11642,11.104666093337388
11643,8.075216863547375
11644,9.925384432035056
11645,21.976716182369763
11646,116.03467804099886
11647,10.007092077993509
11648,-6.872227013950408
11649,10.268837181957334
11650,11.347507417914148
11651,199.08239556195582
11652,169.41523726770944
11653,22.439035174670703
11654,158.58859199198227
11655,0.4566574023890464
11656,-0.32874595282958907
11657,-13.761395876545599
11658,-2.9997705603834888
11659,-5.565353726130816
11660,17.92086918451281
11661,-6.18273878892515
11662,-7.776124599797566
11663,-8.73871314216273
11664,-4.0266565615446375
11665,-13.770954010085998
11666,-16.39831270886367
11667,8.55402749162335
11668,-16.857212078660986
11669,-9.68646719727736
11670,0.7838926289378172
11671,22.0674750561073
11672,6.606553717178343
11673,11.35070234737924
11674,9.485987729966077
11675,-16.651228625355436
11676,-4.379333768649637
11677,-2.463147831995741
11678,5.440179881316908
11679,15.15032281051411
11680,-7.8578406548251
11681,-18.29972466445227
11682,13.230268940812568
11683,-22.280330780202114
11684,-21.157879688169146
11685,12.66296630622452
11686,-20.99023187971349
11687,-11.753617949312819
11688,-19.085528275250958
11689,35.692224632077796
11690,1.1134476475331887
11691,17.38592788830137
11692,-14.143297310210958
11693,-9.169921811180771
11694,28.945422330737184
11695,-26.78141698827247
11696,-7.765831545992562
11697,-14.103184265757474
11698,-17.826340656710343
11699,-0.8289042669546909
11700,6.374136360773592
11701,-0.8842808984568009
11702,4.385697774794712
11703,-14.062990551608813
11704,7.5364029070649625
11705,-6.494320940809075
11706,-1.2725851876018197
11707,-1.7565305936983577
11708,2.2185840733099766
11709,-10.809946194098707
11710,-17.364175990717648
11711,-15.171657271487131
11712,-9.949034347649981
11713,-8.194545904415268
11714,-24.123173925363062
11715,-3.2966791134441884
11716,-14.333319970352338
11717,-17.14674760609809
11718,-7.570708637618431
11719,3.424834868628494
11720,-4.408039568138719
11721,-9.236500626585308
11722,-0.016147921720268243
11723,-6.229926999050537
11724,12.000235946398847
11725,35.561769958192144
11726,4.912613424942657
11727,12.810953598730501
11728,-16.178741048095105
11729,-17.63247851343492
11730,-12.869838123929473
11731,-9.200323258786497
11732,-2.265069843868158
11733,2.8886625896986207
11734,3.994132397005833
11735,-12.436725199925515
11736,4.290155275628122
11737,9.524444823298287
11738,4.304647351080922
11739,-6.960069682251586
11740,-8.300570671010295
11741,-20.376967437263943
11742,-19.78642718476872
11743,15.373735233453118
11744,-17.2490931972877
11745,-8.779986817371057
11746,-4.53984905301132
11747,-2.964231981747897
11748,-13.715635850518087
11749,-11.119624750202938
11750,-9.871054760104592
11751,-2.018533291484083
11752,-6.742814595416494
11753,13.677284297752383
11754,22.171039147506573
11755,-8.224150153410601
11756,-7.505445252028604
11757,-9.76670974346948
11758,-0.2501335933255575
11759,11.42376395950271
11760,6.682028800856486
11761,31.597737443107654
11762,20.878926426644416
11763,1.7794899235984527
11764,-9.013746313526159
11765,-7.352919344505224
11766,-15.360468567184054
11767,-0.2019305254793089
11768,-2.1678860139928346
11769,0.07753958875165523
11770,9.658635900509445
11771,22.52872609088317
11772,-9.944528226057255
11773,-4.900975930684741
11774,10.699838401539623
11775,20.72703309527829
11776,4.303861768509014
11777,-6.385907861051052
11778,5.475741200184906
11779,3.461858210027817
11780,12.344714713585061
11781,-10.66131634847159
11782,-9.294580293877608
11783,-6.410622090320448
11784,0.6494124919530009
11785,2.1563444913749006
11786,0.1906922996739251
11787,-1.0935096801017927
11788,-11.026027773606817
11789,-11.780736730655729
11790,-9.389708230673538
11791,-16.22961338146645
11792,-21.153890255616908
11793,-6.930483744604
11794,-5.77139429372837
11795,-16.494174451457127
11796,12.251013654346234
11797,3.891917313782171
11798,8.057163386023301
11799,-3.7406374094560917
11800,43.7395686301017
11801,-4.8720106296471
11802,11.101278567155985
11803,21.30172076442531
11804,13.318222050182266
11805,-3.4380854438181494
11806,-13.393525746151958
11807,7.004270175254803
11808,-7.3791549704679404
11809,-18.255928270981407
11810,15.151497076192438
11811,11.582391459331308
11812,2.2385589094861427
11813,1.6589286664823586
11814,9.700798381053044
11815,-0.6956435679424189
11816,-2.544769310601616
11817,-5.1758120337240285
11818,4.288787624148799
11819,-3.11871625419883
11820,-18.127273383076478
11821,-3.117240852899471
11822,-8.4533950198526
11823,-15.481465243240901
11824,-2.7295610419117082
11825,16.042355858156572
11826,12.099753057976699
11827,4.807102103966129
11828,14.789972195779166
11829,-0.6066027472855886
11830,-10.28875127883947
11831,5.229927858655426
11832,11.2931453772307
11833,-18.104709623862306
11834,-4.387728792423772
11835,5.395318482983521
11836,9.032089389048078
11837,-0.44963578534525794
11838,11.195164756309364
11839,3.414129278288332
11840,-17.0260053800027
11841,-5.667583152020761
11842,-24.29385756295415
11843,-5.41010639050106
11844,26.712601933659887
11845,5.865065238627189
11846,5.223424951671047
11847,12.713084481581102
11848,3.259801653158787
11849,-2.5351813357093036
11850,-4.765681002624525
11851,7.315008216519027
11852,8.773175014015303
11853,-15.445558253949539
11854,-12.954329468680285
11855,-17.836341719701544
11856,18.05297651061636
11857,-16.03085148952136
11858,-24.76687122432051
11859,-23.768706276346364
11860,-2.5136499938553243
11861,-4.794438325897357
11862,9.903850463091434
11863,-7.064273646997407
11864,-12.674722442411888
11865,27.674562593153468
11866,23.8321152707375
11867,22.10190850806207
11868,17.77521293442546
11869,16.406416997042513
11870,-8.843000392854524
11871,5.6047440680871965
11872,-6.789041485969378
11873,-5.554321811121067
11874,19.062298570528956
11875,-8.65816048900178
11876,-9.55405572399221
11877,9.473129126943533
11878,14.54070940791367
11879,-20.06621423433087
11880,-3.2459285015475388
11881,-11.449986084886593
11882,0.641058750181621
11883,21.05363317774801
11884,-10.734043173565777
11885,4.32180289273599
11886,-7.158158393892236
11887,-10.361286718776526
11888,-6.159529380479274
11889,-3.7879064229300354
11890,-8.869252982130075
11891,-12.552753752549137
11892,-17.101955025864044
11893,-18.725269598756427
11894,-23.89058541682145
11895,3.786682778068224
11896,-10.825609246598816
11897,-2.0752817324353003
11898,2.023465741543909
11899,13.54391890152867
11900,4.323666456723686
11901,6.693597759042369
11902,-1.1701605773148174
11903,0.6808415738464362
11904,-8.61254121793906
11905,6.52044609507011
11906,-3.7190810010038113
11907,2.4081728477328586
11908,-11.024815669262889
11909,-8.98616929254938
11910,0.47612505331330723
11911,-10.832202476324273
11912,-7.147000556801416
11913,-5.473066514329393
11914,-2.217923105926392
11915,4.919683617321406
11916,-15.541355294306051
11917,20.429894939589786
11918,8.256033294469306
11919,2.4394258073383632
11920,8.654377434191957
11921,8.872520624810168
11922,1.3461465245202824
11923,22.57203915616045
11924,11.573615221778821
11925,4.315532757071635
11926,15.140412376672556
11927,-3.5138977187917497
11928,-1.4086801249646186
11929,-3.8243862815002103
11930,-1.9822775662145595
11931,-3.7846550156376857
11932,-12.578711954196613
11933,-4.119421190284239
11934,2.24710928621208
11935,1.9819079621854812
11936,-0.8296191824893029
11937,-14.892972722019145
11938,20.99141473876535
11939,19.97707530767842
11940,9.134199715675082
11941,3.12117612767271
11942,-18.04644879334772
11943,-14.625867582897968
11944,-6.4790752824072015
11945,7.265098516530244
11946,-7.880845985721809
11947,-13.237043803682617
11948,-4.198742651872532
11949,29.545091686524547
11950,-13.21998232600718
11951,-17.533902269499144
11952,-13.539838535196342
11953,1.4202659937790454
11954,18.852617544632125
11955,-2.6488137465271926
11956,-16.981739867382444
11957,-16.640389088596066
11958,3.8831599902375302
11959,11.397789197971349
11960,-16.1759846226861
11961,-3.0947865414627955
11962,-8.270069031667845
11963,-7.625394451766052
11964,5.215979773049321
11965,13.104620730537652
11966,19.38672877924612
11967,-0.9389404564216228
11968,32.16528168777077
11969,-5.066736163289509
11970,-5.34140573993119
11971,0.21878032150790894
11972,5.217518182435635
11973,7.03731147861993
11974,2.4970815819321075
11975,-11.237860656340143
11976,21.760347658101473
11977,-8.790927628162386
11978,7.590219791143365
11979,-13.106265953915955
11980,-37.328143973888416
11981,4.578311364487922
11982,-4.078383175299308
11983,-19.084684853826758
11984,-6.132970011991716
11985,-3.8800212216015524
11986,3.2707630635663563
11987,-23.538443544985675
11988,-7.742718478122498
11989,-9.27430374509504
11990,-56.08633439737454
11991,-14.053618539535027
11992,-8.75957945424367
11993,-7.825772699984611
11994,28.84293539439402
11995,-8.795795149596334
11996,12.246649840072033
11997,-7.386361142308129
11998,10.998613642326804
11999,13.536774294717864
12000,-16.35048891147858
12001,-3.800168629759767
12002,-19.941885190538116
12003,-18.859890114636748
12004,-6.508189229968604
12005,-7.943763294447727
12006,-10.01989039185412
12007,-3.7082949788293895
12008,-8.509812428394351
12009,-4.641086251541157
12010,-18.29542888579094
12011,-15.265544684772443
12012,-35.87831929314459
12013,-7.557090389473473
12014,-19.757766754077437
12015,-6.201014077593964
12016,3.4590220000985656
12017,3.266469970956834
12018,-13.106606062822276
12019,5.295900016629561
12020,-16.690279484071823
12021,2.6935058691938583
12022,-11.22745640177629
12023,3.669269654576837
12024,-7.58195227023316
12025,-7.1218942925412385
12026,-9.094004936372507
12027,-20.656177439614133
12028,-28.927495876239703
12029,1.192492334143889
12030,-14.556171120293964
12031,-32.02120029261175
12032,40.25391464606963
12033,11.528672324281356
12034,10.193355176257164
12035,-13.746328284177114
12036,-38.18107673766748
12037,-11.067785431920285
12038,12.880143920241569
12039,-2.679290338954466
12040,-2.2437431432221118
12041,6.4904814177827586
12042,3.3392127522233395
12043,-5.056270911056043
12044,-6.858124393228266
12045,29.61812773292008
12046,10.318631640260008
12047,25.6445536742565
12048,6.65394749796485
12049,-3.789973716784722
12050,13.661337458796961
12051,4.728574919342417
12052,-0.047681423828940694
12053,-4.53447786826241
12054,-10.991778864488957
12055,6.4502611799653895
12056,11.037318174713977
12057,2.7418862231444567
12058,1.939759664178192
12059,5.338291966171905
12060,-0.1356986129492448
12061,12.94938161475185
12062,3.0633820356779005
12063,19.136675348276547
12064,19.012102779413716
12065,2.7924439245907067
12066,6.366507235690252
12067,-9.202659102970546
12068,12.946280993496464
12069,20.977792009418863
12070,-7.929157936326792
12071,9.31936731631499
12072,-8.911532618705202
12073,-18.08330045757613
12074,12.469277610062928
12075,22.687784632587753
12076,1.1752324181859102
12077,-6.59417639542572
12078,-2.9827080773065013
12079,-6.668746940267447
12080,31.6105862795156
12081,12.033834520870808
12082,22.427523843269714
12083,4.628848284987031
12084,-9.924892810367236
12085,2.466085415271447
12086,-19.887076101892582
12087,-16.84898855975281
12088,-4.992720577984791
12089,20.66030554278248
12090,9.972694612832825
12091,6.112529200837821
12092,-4.881395930171639
12093,1.0979625124991692
12094,-7.677006843387705
12095,2.117281092614709
12096,-5.178388731207111
12097,20.930190265225715
12098,17.551236672085707
12099,19.783904314945946
12100,8.950221043890604
12101,2.0922024988665697
12102,-0.17414960654656397
12103,20.300553009056035
12104,-6.79416499382674
12105,-8.880621254363046
12106,-6.436581088308305
12107,5.607048997477538
12108,3.7038198409555942
12109,-1.4708602390944527
12110,-3.2538299770532184
12111,5.4099687591527985
12112,-7.2294766651201385
12113,-7.656930332961267
12114,-3.4510844595632726
12115,5.621898074365578
12116,-5.0054611253049615
12117,0.0984993792018436
12118,19.718163111250213
12119,-1.107338493100535
12120,-21.54250181854257
12121,-11.999346205603292
12122,13.196319104789106
12123,11.38586910771686
12124,-3.8756092866671423
12125,4.027935528368898
12126,20.58352096081201
12127,17.95206989146888
12128,4.598255547902744
12129,1.820189163443219
12130,-16.269560618852132
12131,0.1683955619777926
12132,7.412752101785982
12133,-0.2805058491260084
12134,-37.47829790567098
12135,12.1893405543096
12136,14.28102664961645
12137,120.13704243732097
12138,38.51422875326637
12139,-16.821832351461786
12140,-12.811105939220006
12141,151.91335197794695
12142,-28.015231866609213
12143,503.5166907671747
12144,-38.534459804555574
12145,-7.082845481128576
12146,6.352761783786505
12147,5.496460760944014
12148,-10.248997562278745
12149,5.644480999508108
12150,13.371170569468811
12151,1.1339538388917774
12152,-15.642767800268999
12153,-5.671492664916009
12154,161.83890767957826
12155,-30.150142560969137
12156,-27.930571500488092
12157,0.059623370593644864
12158,421.0280727595671
12159,6.118174358325263
12160,-2.80658956000309
12161,6.181854080300591
12162,699.984637078462
12163,-29.849835406832383
12164,-26.42193432147588
12165,-10.174979268278367
12166,248.39666100859657
12167,-9.088553980142759
12168,-1.7801829469958257
12169,22.203257827284485
12170,-0.39984702396145977
12171,15.273341689765246
12172,-8.22546825688761
12173,-12.864075399470565
12174,519.2856819786664
12175,-5.323796714543686
12176,9.782937974670617
12177,749.5808930736206
12178,120.90400354044779
12179,6.415994057257905
12180,-1.2325154661001854
12181,-33.520684306206824
12182,-8.040072492186933
12183,-5.391783783705275
12184,-15.827011408591858
12185,36.86640813429688
12186,11.848071489605163
12187,23.299520713456765
12188,6.364460278947098
12189,-19.22818445405916
12190,-8.131165076658966
12191,-27.00707907372997
12192,-2.764320713041368
12193,0.5460469099323433
12194,-24.95392112538292
12195,543.4105057453926
12196,9.311928935514697
12197,135.43699784337804
12198,5.223292732732244
12199,-6.353727592374494
12200,-13.085881657526553
12201,465.4950993611744
12202,19.96451187785373
12203,-1.3394457410284417
12204,-8.992243165320062
12205,-34.59512215459073
12206,10.775534098813317
12207,-27.990714604705616
12208,-13.16856220513084
12209,28.450467707454187
12210,159.43617184120507
12211,4.792559049992391
12212,24.18173309706635
12213,-7.7972192976247
12214,3.0515240985730543
12215,8.239527009208379
12216,5.045787512981589
12217,635.7167460287372
12218,-7.075309783506732
12219,246.21019443518904
12220,-15.054862034544485
12221,-14.741045024860465
12222,-6.768385244889835
12223,-3.8091959349378364
12224,-17.20073160995866
12225,-12.266052938747436
12226,-4.089779018692241
12227,-7.812244134577398
12228,101.65624499887825
12229,-5.812159826765786
12230,-7.550168557965364
12231,6.463130603826913
12232,2.2124288576651843
12233,-9.710654083510487
12234,-2.660479238308845
12235,-3.613539395236902
12236,-18.287744826350306
12237,-6.513174350266873
12238,-4.29729461851743
12239,253.5119825671746
12240,220.37497667472928
12241,1.8136444201303625
12242,3.5211847657122686
12243,-3.8135945321645615
12244,160.18804218739115
12245,-0.12670669760230524
12246,-6.358875795282682
12247,-5.4327661305040245
12248,-9.613234020453756
12249,69.71058183978926
12250,-2.1644414630484228
12251,1.6894853263077323
12252,0.2559261324865094
12253,-10.214904940782144
12254,86.92707871416245
12255,123.35837509143568
12256,3.179578287589676
12257,25.24214380762961
12258,28.563069274604928
12259,-8.055618099675165
12260,-2.686715146590821
12261,20.90287135893882
12262,-0.861365752668128
12263,8.59473391680525
12264,28.85214020963494
12265,-5.92035827005018
12266,19.061855147448505
12267,-2.320470466841833
12268,26.861312047775588
12269,-16.473838453940452
12270,-0.9059593915839521
12271,2.68819419770408
12272,-1.789587724183857
12273,2.5209238106705243
12274,-12.655042791196255
12275,197.7080543416814
12276,57.164852177062166
12277,-8.357248233698815
12278,-2.269574564323662
12279,0.40574655615897903
12280,0.8139535450300261
12281,4.74745549698271
12282,-16.388797162752766
12283,170.98260051038534
12284,-7.803769506881245
12285,232.34740318870473
12286,-0.0014045681017726963
12287,-4.0362736259877074
12288,0.6317744318436951
12289,7.755783250424697
12290,-4.264179706331753
12291,2.7399663585180374
12292,-13.192563662860834
12293,-0.3212705711173349
12294,2.714093419957484
12295,12.147540116159927
12296,-4.023534751081389
12297,-6.472004896534575
12298,-5.7038826893566
12299,4.57903647103606
12300,45.984719450510816
12301,-16.67924513470267
12302,219.074193181928
12303,-15.46298014731327
12304,-5.167380496435868
12305,-4.610235308094612
12306,-9.316544897039321
12307,4.2430538909841555
12308,1.6589991615830897
12309,1.6983483925089988
12310,-11.912682536131548
12311,-3.334453415057631
12312,-5.815863796417389
12313,-3.7632343931482275
12314,-11.918636572746994
12315,-0.5208231507095213
12316,-14.914556482885207
12317,-6.662032167089297
12318,2.5449535260356857
12319,6.307341034932337
12320,-0.4082906689358232
12321,-1.1613977856843754
12322,4.504965646854519
12323,-21.019900286246767
12324,8.923543036556245
12325,12.13848505236827
12326,-2.66462855951227
12327,26.119370313440104
12328,1.5667972842904039
12329,-1.6959121556215706
12330,-4.573018209576201
12331,-5.420247230626529
12332,1.2382438163380698
12333,27.425611362179886
12334,1.9753231819919979
12335,5.90918522433558
12336,3.0000553807491332
12337,-2.6241849518443345
12338,-4.49741350814606
12339,-2.8856025864304193
12340,-8.736499981294816
12341,-3.749134330760505
12342,-0.7060013626365738
12343,6.0221860313333835
12344,-26.002028997776108
12345,-6.500399755002487
12346,-3.892834926519221
12347,-3.43224933657374
12348,5.470121677131974
12349,-0.46951678872139624
12350,-0.7532253318613265
12351,-12.121200536919538
12352,-1.697119312681025
12353,-14.555796658834812
12354,1.9996583618773016
12355,-9.57121997026681
12356,27.88767149845645
12357,-3.385782416219982
12358,-2.2439677075091637
12359,-18.854021888328006
12360,2.029104275880046
12361,2.1889721187003364
12362,-0.4059720123262629
12363,-3.0396638357540944
12364,-10.904744862452596
12365,-1.3084973256517003
12366,-13.956671727715179
12367,-14.069830214633821
12368,4.458657313852083
12369,-6.494232671382591
12370,-9.66384667261952
12371,-11.782555231379973
12372,0.7018465064072519
12373,-5.845805382534021
12374,-2.5273227044583777
12375,9.260249595185684
12376,-2.9428876237418464
12377,-5.158967163761304
12378,-8.888061794218114
12379,-6.4754546245121425
12380,3.023956639586535
12381,2.039669515905185
12382,-1.5587820278602038
12383,-16.77247364717263
12384,7.974354423023318
12385,-3.5021896915761523
12386,-3.95703063132078
12387,-9.327356461977462
12388,4.760690478162674
12389,-8.015965787838105
12390,-6.657982493381876
12391,-1.1069360680056803
12392,25.829377252620667
12393,1.5009480026981752
12394,1.2430769402224637
12395,25.042414640624177
12396,-17.04155335800428
12397,-7.126073184455315
12398,12.722435759659538
12399,8.72956773802013
12400,27.13143770895029
12401,-6.73894967097343
12402,-2.900041803141246
12403,5.387587239654431
12404,-19.92679652293519
12405,5.072397767443805
12406,6.472925935684845
12407,-9.872110504640549
12408,8.427418879497093
12409,-16.022175384073634
12410,-8.263877256416603
12411,12.402773126486045
12412,3.7830089142839185
12413,-3.94357848246306
12414,2.045743090487271
12415,2.0461878056694456
12416,2.9562809115304596
12417,-8.198251972010421
12418,9.972249912651137
12419,2.519458034649208
12420,-1.0717801775535492
12421,-5.0190814707328215
12422,9.035555080183217
12423,-4.718956137189558
12424,3.7038947077544346
12425,11.095857856239792
12426,-0.9950550717697375
12427,-10.3558629121864
12428,-6.787735410375028
12429,-4.82004943386044
12430,0.791526954451701
12431,-6.515702631317819
12432,-20.151065620679148
12433,-10.191161020690945
12434,-24.881567731853877
12435,-4.623191291550967
12436,1.3672904635525516
12437,-21.78012590689506
12438,11.787635305008363
12439,0.6409992975389471
12440,-8.50214883231412
12441,-7.7530518562678274
12442,1.613064945709187
12443,-19.53822677706814
12444,-9.358604990774197
12445,-16.57928497140859
12446,-19.134337203522314
12447,1.4442055674822214
12448,-14.343221975841992
12449,5.264865923688305
12450,16.759244818739845
12451,-9.913294808035829
12452,-3.4122168040833856
12453,-2.734848365693825
12454,11.727075850828507
12455,-10.073352183318697
12456,-11.687977362137246
12457,7.584718550410466
12458,-17.934741435260797
12459,-10.260335824396911
12460,-0.6974867261594007
12461,22.265444295562855
12462,3.191780671174252
12463,4.496797940469307
12464,-3.370480839238379
12465,27.412338949152115
12466,15.31005965574942
12467,-7.397539730398201
12468,4.974993977106667
12469,5.98896963480216
12470,-12.526869565089182
12471,5.722905772171265
12472,15.242314822511856
12473,14.339170350817483
12474,9.610863333981277
12475,-12.076544569148904
12476,-6.618012708607452
12477,2.2767194315286723
12478,-12.486164706588532
12479,-4.165911246880945
12480,14.217564451565085
12481,0.17793184126858463
12482,10.22932585523564
12483,26.2905358128529
12484,17.08478528340121
12485,22.707134621624355
12486,12.384768984269732
12487,0.9052123352074997
12488,1.8629578287433208
12489,7.024602059226552
12490,4.143959265307464
12491,-8.618519571194248
12492,-5.4590823279200755
12493,-3.8845195018764187
12494,3.1678958383657747
12495,6.334198884184367
12496,-0.6735531757653526
12497,19.515949960004768
12498,7.29509386522165
12499,13.807212332175654
12500,4.089846647681332
12501,6.009678353848683
12502,-13.597963037469718
12503,-0.4979448554146977
12504,5.795526105831273
12505,-3.7776444711821675
12506,-1.4156666135989013
12507,2.960528747061966
12508,-10.40885859546438
12509,-15.993766549664933
12510,-8.58628138225274
12511,-10.433298316595
12512,10.652009237773655
12513,-5.726703514791865
12514,-5.248162904531458
12515,-6.529538366982486
12516,7.053264401044711
12517,-0.3362620950778883
12518,-6.728262722598313
12519,-4.168304365664852
12520,0.7106870506464773
12521,3.1169190658195856
12522,5.310082076934078
12523,-4.468248728205186
12524,-4.827569799724845
12525,9.10210665651013
12526,17.16876590850985
12527,-6.288632289121999
12528,-1.0848808890440225
12529,8.350302025485222
12530,17.370017187616572
12531,16.054041424844257
12532,11.672931218835291
12533,23.39188807941001
12534,-10.791012089072915
12535,9.279289707246683
12536,10.104048631145323
12537,-23.656925525317227
12538,11.018345463694892
12539,5.350782830466786
12540,6.808325628894989
12541,17.758709050649436
12542,21.566648883868847
12543,9.417191990998862
12544,2.2992400773905324
12545,-1.9573993684582867
12546,3.3962129995034367
12547,17.08115942181284
12548,-11.748408253168616
12549,13.226487048973201
12550,22.168499915624448
12551,-6.9257372227194445
12552,10.612055218256106
12553,10.968438073941062
12554,6.052712339887012
12555,7.421889500757967
12556,2.5388302939380747
12557,2.0719375886364766
12558,-0.39486324712952126
12559,7.071406170803417
12560,-7.011385609639344
12561,-3.977355282002371
12562,6.274092240715355
12563,-34.618543877224155
12564,5.779798383206655
12565,21.291519941816304
12566,8.156934441908682
12567,-7.087720278676954
12568,-9.210195088125392
12569,13.889028847647905
12570,-3.9925907573149644
12571,21.22673668829456
12572,11.048939076958177
12573,-0.12126420325391507
12574,0.9192081313310059
12575,14.327952486755084
12576,-1.0716631313698244
12577,-3.1738875035050995
12578,0.06237685769574597
12579,18.060648561691906
12580,15.134260566281728
12581,16.855302010246696
12582,7.534013663406794
12583,19.031042453320303
12584,-7.831499502852161
12585,-9.450073106490102
12586,9.945064137280621
12587,-0.7119633106612469
12588,6.7111528398667115
12589,4.948273783662193
12590,36.75618219324237
12591,37.2728645775848
12592,0.8016433465244202
12593,33.966056536322355
12594,11.073047090508986
12595,49.523665784490866
12596,15.210528234877714
12597,-33.835802982096624
12598,-2.2702810314801347
12599,11.75073275944149
12600,-9.003843910524587
12601,-9.700807424540468
12602,-7.385216151067752
12603,19.171070685066812
12604,10.0338595477179
12605,11.170278539340554
12606,36.58600375611603
12607,10.560263786515131
12608,-4.030324142562407
12609,-1.7061556136608012
12610,46.21388626942547
12611,16.870076239128366
12612,7.3991464697791685
12613,6.167542124550264
12614,-4.645051245680481
12615,-15.378065901935376
12616,21.683024394262247
12617,44.60172592252985
12618,-12.160383715932106
12619,-1.3689296795166541
12620,1.6898728012409645
12621,1.1684951554213416
12622,36.158497935697255
12623,48.57875280363644
12624,-0.5864074452164267
12625,29.17269495890137
12626,-2.4775724886962713
12627,16.42358206578971
12628,-3.809102237539637
12629,19.46733727122117
12630,2.302909021215587
12631,46.75441135653847
12632,-1.6364680470637936
12633,12.04080608131246
12634,-13.173437417623141
12635,7.6262166072369055
12636,13.299994465078145
12637,25.715984915988383
12638,12.569219501727149
12639,-3.650252094972025
12640,-0.05306892255557116
12641,6.106280602805974
12642,31.56387209180459
12643,6.587115384832854
12644,36.94434894132513
12645,44.01308653413328
12646,10.169837564230548
12647,18.129768301058796
12648,17.412583183056817
12649,-5.798365839269909
12650,-6.447314807470232
12651,28.553704545997952
12652,-2.3832201157554707
12653,-8.327064284084521
12654,6.934427220665679
12655,14.441568682134394
12656,0.44294191553071727
12657,-16.732761688671076
12658,6.686263208541217
12659,6.379636443751972
12660,-11.699407964299557
12661,-0.8566674671918761
12662,6.440083719023665
12663,73.67206055675592
12664,22.90394658831857
12665,17.17676224013031
12666,-2.312361205301606
12667,8.848952453395036
12668,58.02897140047635
12669,-20.887493526836856
12670,-0.4006469560316681
12671,24.95745753743049
12672,70.35087020730312
12673,17.691853275076493
12674,9.021930414270201
12675,-2.057621660201317
12676,16.376092093382358
12677,9.58262401264464
12678,6.950373551711953
12679,-20.215514752441784
12680,3.9944986934708435
12681,43.39818597409946
12682,-14.449834563899508
12683,0.189488758877415
12684,15.652845727983257
12685,1.0205153702751133
12686,12.278907870350464
12687,-16.99440193834363
12688,32.563782250781905
12689,-8.7650335322565
12690,51.4317198944492
12691,-16.77980763268709
12692,20.286592760003046
12693,12.61894017440208
12694,12.443934009446819
12695,28.556202241533505
12696,-0.9687977723142467
12697,-23.155588051973638
12698,14.222275113883857
12699,9.453680903935133
12700,12.15123387133838
12701,9.115886249933403
12702,-12.336778875547054
12703,7.956355313672413
12704,-1.5408402818827227
12705,5.75684335335982
12706,15.627349283959477
12707,1.2247481733385133
12708,-1.1216796755127163
12709,-11.28752787086788
12710,55.2796806807003
12711,60.23861689313145
12712,38.89715271720141
12713,8.5875152220231
12714,8.459511768013277
12715,74.50868496615612
12716,-9.579898569035475
12717,40.68801659487491
12718,17.771790059460635
12719,43.013747441722565
12720,155.81564888494427
12721,509.4351242358645
12722,23.9167736530907
12723,619.9499458323756
12724,0.12029172165454582
12725,3.246826938906949
12726,8.646658993908046
12727,721.3496099167489
12728,-1.1464342461285497
12729,7.997080730240819
12730,223.26719542064902
12731,4.698602562967906
12732,482.4654247035292
12733,-5.436180981734491
12734,11.384943700597926
12735,113.5449268193064
12736,32.42234869612134
12737,-17.29961624651105
12738,11.528061773804442
12739,-6.937771250420624
12740,21.34502168950712
12741,-1.010659969740395
12742,5.941119369282195
12743,216.65459488031695
12744,-0.09854907725006612
12745,39.86979967105614
12746,20.818531427015763
12747,-13.994987365514298
12748,-10.82760868499716
12749,11.86567294490278
12750,-1.8622358172972362
12751,-7.894368090943946
12752,3.2037204007643076
12753,8.253899320834204
12754,-18.647317773361323
12755,580.0951798472912
12756,19.288270794123044
12757,55.989820544514416
12758,1.5133760189365546
12759,15.583390027489939
12760,17.46852412603896
12761,-13.377731937264493
12762,3.4004646045828917
12763,-12.638168745887622
12764,4.028742563822055
12765,-39.21700506858372
12766,-10.017561594622844
12767,3.5941205167433043
12768,13.398681645270651
12769,-1.8929414377763436
12770,-2.4627951051453287
12771,147.87652708280658
12772,222.6652962621424
12773,-5.451655849391464
12774,17.295025637562638
12775,223.8046280278721
12776,518.6124884590735
12777,10.223757560536068
12778,33.96842772324799
12779,34.79185256090982
12780,-9.27983534899505
12781,-1.463059797143785
12782,-16.304369517855584
12783,-12.892458275621557
12784,44.46904227145116
12785,634.3158906673473
12786,-23.68069824924887
12787,32.49579483324685
12788,20.071206461549753
12789,75.63928217706403
12790,-20.504621625293616
12791,4.21209073239676
12792,16.910225905768048
12793,438.90503366034875
12794,-7.796918578230969
12795,124.2415376928282
12796,-37.725877882345166
12797,-14.992057331468075
12798,9.471945957597148
12799,1.168423007634427
12800,-8.923465546160845
12801,-4.001313755896756
12802,-38.1431031118225
12803,47.387395928662286
12804,-0.45520953571616474
12805,-3.4491449398403162
12806,-1.8460283086652787
12807,16.690616661434078
12808,100.16993405194312
12809,-9.649194455160632
12810,-15.355977832932833
12811,18.47343692674162
12812,-6.829387398688397
12813,270.88220908874723
12814,3.287921317079702
12815,-23.291609715015205
12816,-4.657618766820132
12817,35.090715169465334
12818,179.96005684013443
12819,-7.243932424805735
12820,644.942583982841
12821,16.73581744170662
12822,-16.218485272431195
12823,25.817164349187518
12824,-8.436843538681124
12825,9.999018901824428
12826,-4.554452238607752
12827,6.138829457164185
12828,-14.979902574737444
12829,-9.09802036995491
12830,-4.264803985446484
12831,-14.85358281515553
12832,-0.8853148182626214
12833,-9.223349928652642
12834,-14.203493714372339
12835,-3.471836758250415
12836,-4.808764649448108
12837,-0.18600060585198364
12838,-0.8588078119026399
12839,-12.170698636697537
12840,2.0244834043070625
12841,6.013933291959052
12842,12.838799997992481
12843,8.588090528851424
12844,1.7844638386831768
12845,1.5909123955137527
12846,5.731459233226145
12847,-15.475087867839996
12848,4.098355951481485
12849,0.08172579862405627
12850,-0.7859215793250662
12851,-14.75412822206361
12852,9.648150493601475
12853,-6.606012646248608
12854,-14.64038912009227
12855,-2.747856339977986
12856,-8.01606090403428
12857,-9.944275299048225
12858,9.60459187644487
12859,9.788486814099404
12860,-8.660839815835551
12861,-16.016967205967
12862,16.366675705677004
12863,4.383854198980806
12864,11.860335591091816
12865,-3.827777334683798
12866,10.436456629172644
12867,-6.52754736456551
12868,-14.235124894891104
12869,3.041359928787532
12870,5.893860966735531
12871,3.59815292952684
12872,-5.318520812362124
12873,-10.899947332643588
12874,-3.2807763100331897
12875,4.427815525781474
12876,5.473656533645482
12877,10.73644516863282
12878,-7.7533770606534596
12879,-11.554500514965241
12880,-9.014565096729061
12881,10.545741780135927
12882,10.179001631471209
12883,-8.408873076867163
12884,-21.35483912080329
12885,-3.3950312562922242
12886,3.227364205963802
12887,5.949507894905594
12888,4.411082903653062
12889,13.36704856534124
12890,9.587727267417893
12891,3.903862999187071
12892,-15.021855914171997
12893,-15.374410495160998
12894,10.83723693951903
12895,12.525493973437243
12896,8.663637347266969
12897,2.136954101752611
12898,-5.442821695506293
12899,12.322034640086247
12900,1.5294131123302641
12901,-10.836630909410506
12902,-4.329726563464952
12903,2.689384787959167
12904,5.935060201393805
12905,1.3201162634051276
12906,-1.6097992023354806
12907,-9.018497046162441
12908,1.2617341678965683
12909,4.161375111401668
12910,9.194367463515952
12911,6.93649633846541
12912,4.7558233413405695
12913,-15.530600197331971
12914,9.919206101848069
12915,-4.747421928777875
12916,-5.741633933584694
12917,-4.2086496615475895
12918,6.260936440278986
12919,5.428763562941182
12920,1.923630887377918
12921,-1.1421846779025842
12922,-14.16877030990397
12923,-5.346720731591933
12924,-11.746134523306967
12925,-6.498602993809744
12926,-12.710444970970599
12927,-16.04345752991575
12928,-8.68512471765479
12929,6.503859813722629
12930,-14.015710432320788
12931,11.244914738388625
12932,8.781688571516572
12933,-7.500198584373745
12934,6.32635491297952
12935,-7.559678238803972
12936,-4.972626551211057
12937,-1.165877187855184
12938,7.729406046283067
12939,5.2528747769857755
12940,-15.957255410136668
12941,-8.653913658867086
12942,-1.5977880204596637
12943,-1.756072617209302
12944,6.561782524013356
12945,-1.7014749747309885
12946,6.513973329935178
12947,-2.4130605066740465
12948,8.13680958715689
12949,7.526605399581516
12950,-23.173303983738293
12951,17.887558503924378
12952,5.8564514430670815
12953,-2.3909386141301674
12954,15.645746820991638
12955,-15.878925652812761
12956,15.429953273731828
12957,-14.132698497977337
12958,-19.41535902145936
12959,-2.113644115858339
12960,9.145480531289685
12961,1.2621233552503206
12962,4.741348206696406
12963,-0.927270173652726
12964,-0.9938543298392482
12965,-13.97625059961441
12966,5.877112268297587
12967,14.495810595657357
12968,7.821597947834897
12969,-4.7361372657539
12970,-4.671899440092663
12971,24.293359233557574
12972,9.048560243092737
12973,-17.915717169002377
12974,6.140640239194589
12975,-10.368849297816244
12976,9.501211195040018
12977,-8.702135576686349
12978,10.308850745561184
12979,3.6689844908066327
12980,-14.821503632144228
12981,-2.97005285475192
12982,25.823615329206262
12983,29.166831289023122
12984,-3.2621820181866568
12985,0.41125854434449494
12986,2.209722055412259
12987,19.414675767290724
12988,-5.93599738324394
12989,10.867501580969048
12990,-20.698500336313657
12991,0.9112653539470372
12992,7.1216521050568105
12993,-10.335690703605103
12994,-7.267007792575594
12995,-5.0278651670500345
12996,7.444276919247653
12997,8.062119119145228
12998,13.576055795672978
12999,-1.748723411210431
13000,8.687146161288307
13001,6.637394974454253
13002,2.728181422657844
13003,10.342805714386309
13004,-8.8211374640385
13005,-21.294317454507663
13006,-6.279456793333129
13007,-6.515171772519778
13008,15.17361233446308
13009,-7.790261042528385
13010,-13.834907002139364
13011,7.3931918049476995
13012,6.4275226948818585
13013,40.38949461604378
13014,-6.8980863791568225
13015,-11.03945267091779
13016,16.48100454287112
13017,-22.115709065217985
13018,13.170560210631821
13019,27.41244545257897
13020,-8.005089969394529
13021,-35.542226424797974
13022,-1.876251152988452
13023,-3.567703483978118
13024,-2.8006289170026477
13025,-4.0838832185222
13026,-5.175155010205632
13027,-6.15166169449607
13028,-10.456552386185287
13029,12.802386382836396
13030,13.67009790188273
13031,3.6987850427515916
13032,-7.824184046415233
13033,7.01443706580133
13034,-16.072241743742666
13035,34.79517425046206
13036,8.514425499727214
13037,9.778195219604555
13038,13.0439809252983
13039,5.759654212733333
13040,6.236919803720804
13041,32.37963069902631
13042,13.842063626782288
13043,-12.879353108757513
13044,-15.254245180537044
13045,38.640941005364624
13046,-11.961194590867883
13047,4.4729463099101
13048,14.528146871386886
13049,-16.395560204728746
13050,8.604423903047715
13051,10.054445130073951
13052,-12.123631230627094
13053,-12.721097035898346
13054,4.119357587850061
13055,-2.1893423233282796
13056,-6.739874080451077
13057,14.466462620079751
13058,11.349613603625356
13059,7.415473707996503
13060,-4.355431422226172
13061,4.365006163778844
13062,16.844011927060563
13063,-7.458099095331516
13064,-2.9365598259575094
13065,-27.55010011762326
13066,-10.498747476784875
13067,-10.17504006369419
13068,-3.788968579284788
13069,13.476419697502013
13070,3.711382756067101
13071,0.05038198021974338
13072,35.932244122411745
13073,-33.636153232981975
13074,3.976455314494899
13075,16.039959761552605
13076,8.966702366508638
13077,-12.790749232261724
13078,3.893869737567414
13079,-4.304218773626587
13080,12.126454709846396
13081,21.071812668896943
13082,-80.64638674686265
13083,8.508518358895039
13084,12.981832868296001
13085,18.579186491243277
13086,2.9987173622559524
13087,-3.2512570930633373
13088,21.04373991475982
13089,9.57655509072325
13090,1.2703777148426418
13091,6.679143566605779
13092,8.63780501048685
13093,-1.7338214178359124
13094,20.247657525018816
13095,-8.471207823864837
13096,4.2107716357411995
13097,6.357931691944781
13098,20.38587906611529
13099,22.251378586307094
13100,-16.62790206251337
13101,5.421145382811478
13102,-1.956177779778578
13103,3.661968345502263
13104,2.757165528040993
13105,7.122617013673823
13106,20.26019170983687
13107,-3.4902785283608786
13108,0.7051016648781321
13109,-2.1740141321313082
13110,16.205817928524187
13111,25.161076857965803
13112,3.852310070592603
13113,1.9122310606884927
13114,13.509977757579156
13115,25.77905363403253
13116,-0.8516429705856687
13117,6.029969783806058
13118,-5.099503196421011
13119,12.652391037741667
13120,1.9251819841753761
13121,4.899662793366524
13122,8.871416713049562
13123,-8.538802417228066
13124,10.643202837813746
13125,19.457473192695183
13126,0.662625942380501
13127,11.203855484361036
13128,-8.292758055353342
13129,13.465503795081313
13130,6.637915602787533
13131,18.16414462609447
13132,1.3610298411096604
13133,12.476098552747105
13134,-5.888169113241265
13135,0.5293479112553818
13136,4.929876634455358
13137,6.211059393869812
13138,24.618762647186742
13139,16.86005975354777
13140,32.470657870234334
13141,21.036924388054672
13142,-15.867230494734777
13143,14.752300001753984
13144,10.241916293349803
13145,7.107000974752408
13146,-5.974306758261694
13147,6.253406256367761
13148,5.605637900291539
13149,-1.8538781919893204
13150,12.084171641384637
13151,7.383412964008636
13152,6.206468591639188
13153,8.766252129509006
13154,0.11022690636552213
13155,13.994330828138596
13156,27.458279917084248
13157,8.77442928627212
13158,3.7962120074442485
13159,22.226134503393197
13160,1.924054819352989
13161,4.20600854109575
13162,16.60027438942425
13163,6.527020225854718
13164,-4.171876091468153
13165,15.863002931822653
13166,-21.090183676927523
13167,20.233001704326284
13168,20.87292186377308
13169,22.83549753864852
13170,0.6636406389390324
13171,5.640114322308563
13172,67.48339954375624
13173,-17.09239289656498
13174,-17.142593321082423
13175,7.731558214154839
13176,-2.082335343702699
13177,47.49480906179039
13178,-2.6642127229293777
13179,-11.791334037760706
13180,29.39601111425979
13181,10.808599842151192
13182,10.59970606744466
13183,2.9171872095254816
13184,14.868613070142825
13185,3.468558585869644
13186,-20.052755907828498
13187,22.195716204841155
13188,4.663159217954885
13189,-15.514837494818405
13190,5.098091806463959
13191,-0.3078065560260015
13192,0.7344952382831256
13193,-0.6497896603347044
13194,18.807570369189598
13195,-8.928261257355132
13196,12.620922448433118
13197,14.768270405178649
13198,0.3159138368121308
13199,35.921301977065966
13200,-4.973484697807603
13201,20.244170880905504
13202,30.67202263216275
13203,-15.31658523065088
13204,-0.1691872112236652
13205,61.45914713585981
13206,5.282633836340478
13207,23.306964303756516
13208,16.03933091328645
13209,-14.060900969851854
13210,-9.1879323163384
13211,-4.090005979067204
13212,57.74581446311993
13213,76.37163486318104
13214,21.56445270207537
13215,-9.12963185082559
13216,6.611193648634613
13217,2.8464414776706075
13218,4.813802674555822
13219,10.800471972974087
13220,11.084708817680298
13221,-6.642649463934667
13222,-0.49588848588584966
13223,17.408145074485244
13224,-4.620750988039138
13225,-0.7590293413124698
13226,-12.775872650409152
13227,-14.787647779760697
13228,3.4521288647555544
13229,-8.233045577590794
13230,20.22528613092494
13231,8.389000154299788
13232,-19.016254806734658
13233,12.546694507401535
13234,9.6865707215493
13235,-4.221699672497181
13236,-10.573732043396713
13237,-1.8098276626500116
13238,20.22878556808216
13239,20.22443198418962
13240,-19.50399044238955
13241,-7.204713987990509
13242,11.829020576435383
13243,59.97905842713078
13244,3.6742059522984594
13245,-10.978860035814389
13246,13.090367800456749
13247,9.057217544006654
13248,-4.500439247919328
13249,-5.400658218725155
13250,-6.6139312765831875
13251,8.125763838299298
13252,-12.362048880760838
13253,-0.8367642953277965
13254,-13.93879491735671
13255,9.523168314751194
13256,7.52546157034071
13257,12.470751463806195
13258,16.122226423932812
13259,61.09123124760137
13260,22.185682499004297
13261,50.13886437852694
13262,11.036695171076516
13263,3.7205359868430428
13264,5.867982871229351
13265,-2.373034579504992
13266,-6.188648920864498
13267,-10.607915090938949
13268,-14.421177829396981
13269,12.815574098639743
13270,8.425902071315104
13271,-9.19507196120357
13272,2.337292556296635
13273,17.24296355647801
13274,3.700688876549858
13275,20.24522909225389
13276,20.274011060986975
13277,-6.64574409919415
13278,-1.0156568216713708
13279,75.622676701802
13280,-7.28582882260552
13281,623.9394859632827
13282,629.2578374755259
13283,18.265633376660233
13284,-7.5768229522335595
13285,12.627264155387467
13286,100.92086712633143
13287,-2.3306477460719357
13288,133.05081649158132
13289,-19.944350329137215
13290,380.4211859943893
13291,108.90555610592772
13292,4.352615972875039
13293,3.9576233620736723
13294,12.66073594904147
13295,-8.396034785362627
13296,11.488144291537633
13297,94.91346629872739
13298,20.234915150651958
13299,-12.920866505929755
13300,2.841488239619009
13301,5.519491285004474
13302,8.106343429545422
13303,5.710810703676048
13304,-9.532153018264484
13305,3.5018448755368983
13306,184.79762285031933
13307,-24.50242767726474
13308,-16.671212357190107
13309,-4.436883769471759
13310,0.25860780589692567
13311,6.369474779462681
13312,-10.308502017529364
13313,2.692751512944131
13314,10.078773256362137
13315,-2.523941755574718
13316,-30.648810855401237
13317,3.938389383914636
13318,-14.329588864247437
13319,419.8708387432268
13320,5.316981862876521
13321,-29.15885279008964
13322,76.67764477282577
13323,14.78438788204855
13324,-5.0478040083505284
13325,54.91274436542362
13326,82.80439827251467
13327,-0.7695558726716527
13328,14.09617796446597
13329,11.77735705129283
13330,2.858585013953091
13331,2.600658608929187
13332,78.78361116288065
13333,73.75371844843121
13334,0.8015652417590342
13335,-2.5573675158491973
13336,510.51570326935195
13337,20.412956037686882
13338,4.108726921456423
13339,22.297345738623925
13340,30.6318533949402
13341,24.691475558530335
13342,5.892395226335866
13343,3.383066981444216
13344,29.339867290461896
13345,265.6682538288761
13346,-28.917070426255542
13347,1.302937323180915
13348,0.37069709713403043
13349,9.748052091262192
13350,-27.573994971200904
13351,-10.31319259254754
13352,191.13765477402447
13353,-6.851888477709135
13354,10.251242724874974
13355,0.17290146690200103
13356,10.425575932839607
13357,50.73043855551851
13358,8.159642054784964
13359,934.9683891333975
13360,1.5525945081444785
13361,61.234441005643795
13362,-15.539583341723983
13363,-22.169199875483528
13364,-26.302031845383574
13365,-11.683531548455932
13366,-1.1933044250977574
13367,20.671115151403985
13368,33.68223949988483
13369,20.227367836266538
13370,232.5872177958954
13371,635.1366048316754
13372,2.3477738868961264
13373,-10.044646647079638
13374,386.2972407458645
13375,330.5254463854173
13376,6.637454270113141
13377,380.2197360338328
13378,26.2494412574319
13379,-9.523994943491399
13380,-13.248436665520686
13381,6.339897423846304
13382,-8.611871023419052
13383,9.829863050454836
13384,11.699131494005169
13385,10.115685597248886
13386,-5.772400798458833
13387,2.2161775868426865
13388,-7.787225359203472
13389,25.22826673919377
13390,10.589838667526582
13391,-9.777037657582913
13392,11.277361086142756
13393,11.285212632212701
13394,8.18066827468142
13395,-0.20732887355967833
13396,-3.7808785063720656
13397,-3.8626693391073488
13398,0.6023000170840476
13399,-22.64650607729255
13400,3.192277505910438
13401,-3.26661277561578
13402,2.5764086776715374
13403,-12.640034552845677
13404,-11.066842986287035
13405,-15.842300284548202
13406,-23.279839295553387
13407,-17.71247129173169
13408,-18.310782275135708
13409,2.508816000298859
13410,-5.435530708813705
13411,-0.059809228264892766
13412,4.1802548178959835
13413,5.433131072038622
13414,-15.404761718535017
13415,20.23594060112452
13416,-4.385215758458628
13417,-5.9150605121871465
13418,-7.715988809197576
13419,-18.07169560179151
13420,5.6376012327539815
13421,-13.15325907970913
13422,-1.4440159029361759
13423,-14.633643732102946
13424,-22.984749977736783
13425,-6.93335333032725
13426,9.27579163227275
13427,-9.30267871576585
13428,-25.996247113400976
13429,-3.6598559736281615
13430,-15.796913374197942
13431,-19.323749268171106
13432,-14.247730674611375
13433,-19.42940926667108
13434,-12.172259503659564
13435,-14.436309850712895
13436,-8.96808562196922
13437,-13.522193224339595
13438,-17.12220875511555
13439,3.404826504784655
13440,-17.496562378388028
13441,-5.559302345640937
13442,2.1258485489835497
13443,-18.844941923003105
13444,-2.7642993352620664
13445,-12.235504706010811
13446,-16.658019528186394
13447,-15.891604697068466
13448,2.677186837128639
13449,-13.896540028914188
13450,-9.661173383215136
13451,5.244538460346176
13452,3.292356974932817
13453,-15.79296972541712
13454,7.086834447616214
13455,6.6747829317786
13456,-11.802887321055966
13457,14.558778878812078
13458,-15.996363282173128
13459,5.646101460233895
13460,-2.870694701896248
13461,-4.960714448482879
13462,10.89324489475349
13463,8.412670816018714
13464,3.563714478583657
13465,-17.18868403695872
13466,1.407598490665551
13467,-11.57797041075678
13468,-10.959105173610205
13469,-8.500515970372472
13470,-17.093150949661265
13471,5.347625915536442
13472,-9.323948750187913
13473,-12.045852258790656
13474,-8.383955294341764
13475,-9.677910485314467
13476,6.302331171754069
13477,-7.680440905909748
13478,9.086544319604851
13479,5.029830570220696
13480,9.524765458595052
13481,2.458508874917987
13482,-20.719700929138064
13483,-11.27759250469024
13484,-11.199898046968553
13485,-5.527382113866739
13486,-9.581211806655833
13487,-21.31845735165645
13488,-4.134801917432814
13489,-8.781966731537075
13490,11.025284245048638
13491,-8.503175914101323
13492,-8.10944093128462
13493,4.67823661323796
13494,-10.984389396143111
13495,5.023342747369796
13496,-6.826705724064432
13497,-13.14678653689657
13498,4.883022774979656
13499,-19.093169992141434
13500,0.8130276627472224
13501,0.17938251436584807
13502,-22.41725566825677
13503,-0.8752518691663127
13504,2.607689898913037
13505,-8.050501518536052
13506,-1.8308469897380704
13507,7.75606473202088
13508,-16.562149558953614
13509,-24.760899857982984
13510,-7.963580020752008
13511,-14.19716523782946
13512,-10.195509289904646
13513,-20.850834868636632
13514,-1.9003114539726376
13515,15.119196600755636
13516,1.8027588428460337
13517,-15.45439026547357
13518,11.871115183096666
13519,4.98377325435535
13520,-2.011472011725722
13521,-1.4418816499997291
13522,-13.240587686114441
13523,17.071035132277697
13524,-3.3915121126454224
13525,9.039653614685383
13526,8.74306852650058
13527,-0.3489414490431635
13528,18.758133415846615
13529,-15.444143339056254
13530,0.9404240217274911
13531,-0.05926760286285315
13532,-17.887269574532468
13533,5.928403487842816
13534,5.3186514998350365
13535,0.18161805511108398
13536,0.07376979119858973
13537,-9.307129890540683
13538,5.18056626578959
13539,-1.1473304878491426
13540,13.815347176411699
13541,-12.667176370652307
13542,-4.421224394624488
13543,2.07058339104578
13544,2.242710239075052
13545,-9.739680902553367
13546,5.255038266629901
13547,-16.460481074272856
13548,9.89175240307263
13549,8.283799238874675
13550,-0.37350965658719204
13551,4.834507323349287
13552,-7.894137838256874
13553,5.8924972913289135
13554,4.697953657194553
13555,-1.9105682309934373
13556,1.3422067768030992
13557,1.6832026379345564
13558,-7.685142121215758
13559,6.770095084498925
13560,11.754538145422408
13561,-17.106228706627988
13562,-2.0369080554102865
13563,7.286919288774579
13564,-19.54664479653379
13565,-9.126226235815327
13566,9.700577118727406
13567,12.856894605550218
13568,-0.6935997553930306
13569,-22.072176608235765
13570,0.8989390823899353
13571,-19.159423602329404
13572,12.517809589355108
13573,1.4200781008065313
13574,-1.5283125168731075
13575,-4.763589872270433
13576,-2.768187705872812
13577,12.225624027829994
13578,20.223947061066376
13579,-2.622209392515014
13580,-7.112400685713343
13581,17.12940558721741
13582,-19.945194198789615
13583,0.43317257594681813
13584,9.829031978393118
13585,2.7862821071882653
13586,-10.746924109264256
13587,19.22264824210847
13588,20.229176180138285
13589,-10.08252697649921
13590,22.059866020516584
13591,13.648781022999668
13592,-19.78880028311127
13593,-16.635752649095352
13594,-18.099658036898063
13595,20.231205032380394
13596,-6.032909840733442
13597,3.6519988217736756
13598,5.442120171731117
13599,-8.292098663369874
13600,-0.7429545847545427
13601,4.3887069372997995
13602,-4.573979221974916
13603,14.148798577996121
13604,4.347520763044335
13605,-0.121051699015986
13606,-20.7654746343054
13607,-9.057719479299035
13608,-16.522972551075632
13609,8.385677888704317
13610,9.203688647977895
13611,2.8165199526853897
13612,4.08337158146314
13613,2.965649494342806
13614,-7.881403344930824
13615,-15.141396744474587
13616,18.64801061013131
13617,-7.471167646634122
13618,15.047775172146876
13619,-3.826527425017318
13620,-19.134427158156576
13621,20.225301108465178
13622,-9.078217069556548
13623,6.640730834284419
13624,-12.383129977928832
13625,-5.152720228530967
13626,-4.632086574278016
13627,20.953419808415273
13628,20.23038101884582
13629,2.127781159443325
13630,18.754852586917377
13631,19.426967911844756
13632,-19.546058499123532
13633,-10.293316718041755
13634,13.588506051704844
13635,2.6898844607649064
13636,14.527645622527041
13637,8.485135602818836
13638,-5.186915082793959
13639,-17.995997652476646
13640,-0.45273065928079603
13641,-0.7657913876414071
13642,-1.506655068069815
13643,22.02389288631995
13644,-4.7373232814997515
13645,20.278199908694653
13646,15.674077886900728
13647,173.69949862829628
13648,2.850365716397265
13649,-8.870904448355152
13650,33.761107208052316
13651,-11.159219709781237
13652,-21.119086060302593
13653,-15.682412256875825
13654,1.6932920769780253
13655,-11.988827606932617
13656,24.395765482762187
13657,7.0178996235025615
13658,-11.030182991723581
13659,-7.911927439683499
13660,30.884638712177527
13661,-10.967468396253334
13662,15.826658260343713
13663,19.73907909166846
13664,-18.926666961039693
13665,5.169565375226414
13666,3.401777828013479
13667,30.341629189494363
13668,7.710082978844142
13669,3.5313290246167224
13670,-5.202891488312293
13671,9.224910720923468
13672,-8.536049926789715
13673,-8.443526341972017
13674,25.499146469759427
13675,18.515725991745246
13676,-0.2927512280674769
13677,-3.11283043761048
13678,-3.0608451385787667
13679,-1.342145988999981
13680,10.775111948039585
13681,-5.346441453277603
13682,10.627543792258061
13683,25.065860344830256
13684,4.614180865760694
13685,22.035520889224273
13686,-0.23135074957942692
13687,17.259812776982784
13688,-5.255955832525423
13689,10.703741782588484
13690,10.256441321676302
13691,-1.6212827448325093
13692,2.6110152522259735
13693,2.8775412238997493
13694,15.05982666532298
13695,19.364797519945423
13696,-1.2630069921606797
13697,-3.2696811591950095
13698,9.92995917195698
13699,6.013710630614295
13700,-21.117617152564854
13701,-7.445729192758442
13702,4.033893812993377
13703,11.584963293824313
13704,2.9381577383802213
13705,20.359564669724293
13706,10.938469230315146
13707,7.044487496110582
13708,-8.97191762994726
13709,3.625857444099923
13710,9.941926111276118
13711,-2.401469366331444
13712,15.872873154350096
13713,-8.6593640960171
13714,-6.307161617363338
13715,11.346648436842536
13716,-0.6394894293288083
13717,7.908687636625588
13718,5.297965303051967
13719,7.979925728264533
13720,18.890989436804094
13721,25.788067067387935
13722,15.665169020884619
13723,-0.5487680335033787
13724,-3.8593021823524403
13725,-1.5328336782044758
13726,-10.422207481546067
13727,6.5947103953007336
13728,-9.89055890590586
13729,7.383468089736972
13730,1.1313041461524858
13731,14.753716630552734
13732,7.806390392630753
13733,-9.553170351465504
13734,4.263052728602194
13735,5.161570797617927
13736,-4.180985806800546
13737,45.31288201221365
13738,17.708918555295703
13739,17.900605454448556
13740,12.436946783848523
13741,48.82496948188797
13742,-6.158060739565222
13743,-0.8167147295962707
13744,36.89888207437778
13745,1.4089454799245615
13746,-4.464387838690829
13747,3.7504443771993046
13748,7.5624893535096
13749,8.75421821940894
13750,44.66219551641662
13751,33.253782353544764
13752,6.115939576910177
13753,3.040653203275042
13754,17.500114314120136
13755,10.211796874720228
13756,-19.70354387413304
13757,-2.1840122805317783
13758,4.911546935772325
13759,-4.318379203061664
13760,-1.7241440155060452
13761,4.392090850011222
13762,11.544964030645398
13763,10.387973667474164
13764,1.8729073470578896
13765,-9.718206222567101
13766,12.01243485158732
13767,4.415007049572784
13768,11.318383424283251
13769,22.56934039928008
13770,4.165524588815126
13771,14.722684956124612
13772,16.002708372914505
13773,-4.101208815177017
13774,-1.5655708099366201
13775,10.525058181048774
13776,4.341408721368939
13777,31.2165427860262
13778,13.46627865280528
13779,48.91700325322573
13780,22.00722481176785
13781,33.70522290619003
13782,10.276087363329474
13783,31.453667220726857
13784,11.198229822497005
13785,2.2894188859167244
13786,0.041657574321455115
13787,88.91271097224521
13788,10.678727545477834
13789,-20.970366125692756
13790,3.3704678796046803
13791,-4.901501039076454
13792,6.594825506473015
13793,3.7947731100320468
13794,15.227338340779596
13795,23.40450900644033
13796,33.64629702822775
13797,-15.387064689964003
13798,-9.114583466176274
13799,1.5679977410325279
13800,13.380944271667689
13801,11.465540284903987
13802,-4.084115540571396
13803,5.069842891297284
13804,2.211086727365725
13805,71.80341095837944
13806,70.75087802005753
13807,8.51160315229074
13808,1.5234558801706601
13809,12.467030990017486
13810,-4.7339991226258284
13811,-6.070203572217743
13812,3.6013677168518843
13813,9.030796056033786
13814,0.17382541063128798
13815,-0.4045400848796348
13816,20.05956467868218
13817,-1.1458114214283874
13818,26.664664485024343
13819,-0.9729363149273098
13820,12.18039148230465
13821,10.903496083374664
13822,8.822516690441
13823,10.081405601191596
13824,6.906700907477298
13825,2.867461751115597
13826,16.240777897621882
13827,29.9842108170506
13828,11.811917578176239
13829,64.26833689358924
13830,7.568273753045752
13831,11.106963807986128
13832,17.674063579361146
13833,-1.9479402341463512
13834,10.093882722821919
13835,3.881317152610034
13836,-0.899990417980252
13837,6.572604575300311
13838,9.97514928588657
13839,33.39354592506159
13840,17.24565556383088
13841,3.129587502106844
13842,16.221649554232116
13843,-1.7621091035787977
13844,7.1322644489438005
13845,4.389631388126885
13846,17.968166221871783
13847,34.45039052564561
13848,10.347995004243545
13849,4.256342470972696
13850,5.322355029485671
13851,3.491237342783446
13852,15.38738673452951
13853,-5.216440956041421
13854,5.688507761381901
13855,-3.7638023376815255
13856,-12.155227265375451
13857,85.61356241717009
13858,-17.018408203834746
13859,632.74010212075
13860,-2.3024541897237256
13861,47.64503113609249
13862,-3.085401171973242
13863,11.31642692938242
13864,21.474942342931993
13865,-13.378561719162185
13866,12.821524929318304
13867,310.8652057221542
13868,9.701323565868627
13869,-0.6242179348600914
13870,-12.277619608617755
13871,48.57686770766124
13872,524.3468539354556
13873,440.05143434590525
13874,22.938138220202845
13875,346.1960264610704
13876,-21.2232657108026
13877,104.42500222817552
13878,-7.445939332815211
13879,1.7836276139894434
13880,0.8884091565619219
13881,-5.304272626928022
13882,23.52200122572564
13883,7.0871063617689085
13884,-1.3749481688731073
13885,6.172119645497368
13886,16.546210386475646
13887,418.50978425346756
13888,12.797770299160069
13889,-26.170739308523885
13890,28.34355837961108
13891,397.0707633239376
13892,26.348066021554594
13893,-12.289004414149328
13894,74.0843495867323
13895,-4.121065924107665
13896,-5.498937833073839
13897,17.172740546666923
13898,81.99492365707557
13899,-21.521345241697944
13900,13.874072151217646
13901,-10.688137706342872
13902,13.391963914439591
13903,454.7860764508699
13904,-10.745592272063643
13905,64.9816336651096
13906,17.837378872568863
13907,8.883932383102124
13908,12.729058592318983
13909,-10.408378552040961
13910,-5.118273920943693
13911,44.890105783807584
13912,78.16290928606404
13913,660.5765699428574
13914,6.292080180219081
13915,15.744293481765013
13916,279.9790453566001
13917,2.542671921325139
13918,220.43618707861603
13919,0.08085405231494391
13920,13.565788958001141
13921,9.869872767183576
13922,2.730314887055247
13923,37.629534199019005
13924,10.826646495154499
13925,-19.06533025329975
13926,0.533294467765856
13927,98.80161894505063
13928,8.67012391054911
13929,-3.374782390765688
13930,8.84043082187976
13931,-1.7291292401398017
13932,6.564089598778011
13933,61.58498244159943
13934,559.4933383836576
13935,20.59231825261159
13936,46.37804787412502
13937,5.427324723783739
13938,34.21328466735941
13939,0.322962057127846
13940,20.70490648676919
13941,14.584416172488098
13942,-5.337741149016832
13943,1.1481145240611497
13944,44.57755711034752
13945,-3.5899230980685104
13946,3.0828282234766764
13947,-0.03415961596193995
13948,15.458514108425367
13949,-8.669483156173143
13950,12.802158580050115
13951,-3.0537039763006533
13952,10.576935787795486
13953,85.76345845750201
13954,112.25239738827027
13955,0.9827298282492123
13956,10.930874709769608
13957,7.303842163084303
13958,-0.5296456841020039
13959,18.389663472861198
13960,10.25555045270227
13961,-39.59196842299533
13962,-7.07992091168083
13963,523.541253256443
13964,2.2423840207769157
13965,49.53888906817767
13966,179.2669916273262
13967,10.699498599088944
13968,-1.1467320134736205
13969,96.21007701194247
13970,1.3492585895938642
13971,13.979969112560891
13972,-8.677776078420756
13973,-0.7100809304807001
13974,-9.120930158506184
13975,4.288109963866175
13976,-2.574128124130471
13977,-10.745817681113913
13978,-2.903416519640391
13979,-5.524829756827405
13980,-9.136063918305634
13981,-0.31772450317183143
13982,-0.6881678255739807
13983,0.597726328686111
13984,-10.301346995358706
13985,-13.205513582517046
13986,-8.317728373915017
13987,6.5377888145134175
13988,-10.287138974575385
13989,1.2985095236757846
13990,4.096768650831226
13991,-6.431657211002584
13992,1.6159045437317943
13993,19.51361112036897
13994,-1.0577954011327186
13995,-12.235584349524345
13996,-13.61737976469157
13997,-8.376700953177465
13998,-8.377340703405217
13999,-9.319205909376944
14000,4.176376369278623
14001,-0.5017009773646492
14002,-6.712039802345341
14003,-15.223172144007531
14004,12.850766751718918
14005,-11.164860019687922
14006,-5.208806442594625
14007,-4.234585111233482
14008,17.566127992304533
14009,2.2754741850309355
14010,-11.42378263224878
14011,4.206681919082246
14012,4.262971499581763
14013,-2.705938292732391
14014,-5.703059389468272
14015,-4.64236472281701
14016,-8.778300831973954
14017,-3.2827371906054736
14018,3.6806106336109448
14019,5.902184673893338
14020,-8.644176635480147
14021,-2.1877914244362557
14022,-4.790762519674029
14023,-14.384381305518577
14024,-1.4299606412964572
14025,-9.188421028244072
14026,-11.525032546581933
14027,4.820762981269786
14028,1.0804310930488228
14029,-13.876441339216882
14030,-13.961470560013897
14031,-3.0844387035290417
14032,-6.8681469360490155
14033,-3.395038588852941
14034,5.7594534939552045
14035,2.408608824814701
14036,-7.1322197760610315
14037,1.876410357238628
14038,11.332957291458252
14039,-1.2193548296226737
14040,0.19824521577862697
14041,-10.87733190127015
14042,2.5838533180574057
14043,2.8604640006837325
14044,-14.061227688707707
14045,10.702408410035197
14046,-2.5209730452688923
14047,-2.0510387025349104
14048,1.84950349700628
14049,-9.064299064319318
14050,-13.291250631435219
14051,-1.3393515077541842
14052,1.9458643501984803
14053,-5.9462539581073095
14054,-3.9627178549498403
14055,0.21863176128322337
14056,-7.0702877843938445
14057,-0.52370935488673
14058,-12.911624598600856
14059,4.136522459759089
14060,-7.415447889968583
14061,-7.90150139361408
14062,-11.015306727451108
14063,-0.6996388536510558
14064,-4.091054621269155
14065,13.67594297956881
14066,-8.935971633211157
14067,2.2139704937855296
14068,-1.2868893161750812
14069,2.693195886619927
14070,-15.429225614717005
14071,-7.465831545025953
14072,-11.532848718978546
14073,-12.706548569427934
14074,-6.788701723680809
14075,18.05419242379802
14076,-3.6779088040960346
14077,1.5366602359135584
14078,-8.607415143618624
14079,1.590134167055135
14080,7.085156448217193
14081,-7.913278181791448
14082,-10.657381016203459
14083,-9.454174586107179
14084,-9.165045597908577
14085,2.3337315135485657
14086,-4.053673337738783
14087,-8.562403389445123
14088,-10.4340599202087
14089,-2.2497379855178714
14090,-4.83511409844208
14091,0.4486091994435757
14092,7.051166708764285
14093,-7.681222107362352
14094,12.348975721879892
14095,10.916531332462043
14096,-1.496212487266451
14097,-0.818308485865554
14098,13.717757812827701
14099,2.2473848082617813
14100,0.21069494696347846
14101,9.271241021628569
14102,-11.357268417352888
14103,-3.177074326645645
14104,3.7195386993791857
14105,2.247731083640904
14106,3.5252984831139056
14107,4.78712407792146
14108,10.03553247515256
14109,0.7452330191735683
14110,-4.246614571265653
14111,9.141673933984334
14112,4.352097713283596
14113,2.0558331048687712
14114,-1.7805647598773575
14115,-14.687612239001052
14116,-5.1794815782749595
14117,-3.8620278636424104
14118,2.267832040143537
14119,2.5076177095361007
14120,6.82411821010529
14121,-8.754952878292329
14122,7.261667849818224
14123,9.256500069841886
14124,5.082210433074879
14125,-3.0511361560058745
14126,23.35354048839105
14127,-5.690870250626478
14128,13.049890632445685
14129,2.455119907683372
14130,-7.487467395331631
14131,-16.49931003671221
14132,5.894604917837416
14133,2.909299765210692
14134,-3.7171485352397333
14135,1.4217099065121719
14136,-7.277681530638464
14137,-1.7888165129863545
14138,-2.170258810932033
14139,-15.201192589476335
14140,5.332640846668548
14141,3.563658018366281
14142,18.491690417234302
14143,15.93559958888291
14144,6.494115849349001
14145,5.0692788705830125
14146,-1.0159685306423256
14147,6.599813956629468
14148,11.462296259743972
14149,8.453435630360431
14150,1.2052223219383542
14151,15.231610992678883
14152,0.2978940997248447
14153,6.540597601892028
14154,0.06931406307689869
14155,3.097526058338966
14156,-4.9233740583795615
14157,7.564389963446098
14158,6.216568188604311
14159,11.374373899147823
14160,8.231779600164929
14161,-0.490299321361622
14162,1.6770128626817016
14163,6.106380000323579
14164,-13.11722088093158
14165,-3.8322312292556866
14166,1.724121713650982
14167,10.126135512144042
14168,1.1626559650545882
14169,2.725852160028907
14170,4.44292205648309
14171,-3.6873559989352245
14172,7.048748630210067
14173,9.727993501217352
14174,27.609461183168825
14175,-6.404016433126543
14176,-4.90614339092005
14177,0.8279512165086818
14178,10.471539717864337
14179,-5.914421711580676
14180,15.275623016343449
14181,-0.47461083471088017
14182,-0.4683333047379499
14183,-1.263700949109392
14184,6.084774090501041
14185,10.981934529019851
14186,20.94675107754781
14187,1.8512083999362368
14188,-1.1975266025749463
14189,10.627871835928055
14190,8.595581521285665
14191,13.224131875556505
14192,-2.593571446616618
14193,-0.09711976407198719
14194,-4.4342439114947325
14195,10.252503180198712
14196,3.92955909556561
14197,10.86159664647898
14198,7.50497215185786
14199,18.811677754416113
14200,-18.317855987932013
14201,-0.6713196181210783
14202,-1.7500141474194564
14203,15.552729709043547
14204,13.638634041156395
14205,-17.82979372937313
14206,6.2364188624227275
14207,7.0783088083647545
14208,26.1156354001565
14209,7.1042363049675075
14210,-10.323398495559193
14211,15.555941702943793
14212,13.531735366576072
14213,-21.36030994032916
14214,15.799073493367459
14215,-1.4672130990813805
14216,2.980687693844448
14217,-18.571553250520587
14218,-1.4238444307397664
14219,-18.67502419700542
14220,-6.255179694281281
14221,-6.9687686869580965
14222,0.5674405299962828
14223,18.368686649803625
14224,-12.605138915820039
14225,16.560057517336947
14226,6.677606196046213
14227,8.004657987236328
14228,-8.699303576303173
14229,18.178982132831084
14230,9.572960184941223
14231,-2.216614506492931
14232,8.603446009889065
14233,18.254089016770177
14234,20.07110389268219
14235,17.037855975821365
14236,9.74432492676028
14237,-2.510547753059967
14238,19.800320720320705
14239,-17.450196219541425
14240,15.74642375841486
14241,17.0241910738247
14242,16.88273826660748
14243,5.884484373320808
14244,8.47025587496339
14245,22.780704316228
14246,15.173953210410527
14247,23.038737830800365
14248,12.639816756908317
14249,25.767707889895057
14250,0.20002701436052917
14251,-12.76375731965507
14252,23.41987449355944
14253,-6.241840357751691
14254,29.695942202227613
14255,7.076743366611668
14256,2.422544496572792
14257,19.877803200456796
14258,-14.17074104295867
14259,9.285040043741457
14260,23.306281073349215
14261,5.138415245451361
14262,14.59453016149334
14263,13.403170458680286
14264,6.679746220707759
14265,20.279696451696225
14266,-2.347956413892156
14267,-6.380996796238243
14268,29.745859161938604
14269,18.799285136103087
14270,-26.411092312250858
14271,-27.708871771951678
14272,-18.870922774797933
14273,10.707050795943776
14274,-1.3372102290418795
14275,-5.4598519162753405
14276,-30.98047355919587
14277,7.409580821267152
14278,25.05926321709193
14279,12.499360517010324
14280,6.4050532013333665
14281,-4.34010117886244
14282,15.152571873878237
14283,6.478211274841247
14284,8.731047589181381
14285,16.72823086431119
14286,11.61514471942857
14287,1.381829909344928
14288,18.780543781328213
14289,7.384993240062144
14290,-11.741719140057992
14291,-2.0942716757630393
14292,4.216988304998585
14293,9.829657764998824
14294,0.9654865218772173
14295,-21.90058072761604
14296,8.473926668762385
14297,4.257503813298337
14298,-4.742373920969662
14299,25.79805232284994
14300,-29.17550056532746
14301,17.395439536919135
14302,1.2613322022643292
14303,1.824931394881503
14304,-21.580784514164655
14305,-22.321145143461756
14306,3.914177181731338
14307,-15.335351161110907
14308,32.06921896204967
14309,-1.8927103351745522
14310,6.804800778364376
14311,-18.85814892292548
14312,7.208292495425239
14313,-4.131627234608427
14314,-24.70789012921881
14315,26.24662946086295
14316,5.266826867096885
14317,-11.233848273075406
14318,-9.8092210213369
14319,-15.365903482763517
14320,-15.802351347056632
14321,-0.9261152419699314
14322,-4.886912283729707
14323,2.020309758472994
14324,-2.6319794083333647
14325,-17.702542450885304
14326,6.299202944052606
14327,-10.084400925991435
14328,5.998225573677393
14329,1.2429809646834258
14330,16.24415050492095
14331,6.10510986262593
14332,5.496862461005607
14333,-20.845336754185254
14334,19.77674449604984
14335,21.92018798376993
14336,-23.001802875810633
14337,9.634910057027579
14338,-2.826833571144025
14339,-8.303817701505164
14340,39.649906137905724
14341,-7.872116714934609
14342,-7.386819639665806
14343,-5.818951395928178
14344,-30.253457905637802
14345,-19.693474351059272
14346,-0.3033915363446482
14347,-10.083940070450204
14348,-1.477930641724857
14349,-12.372014491752523
14350,29.081642616984194
14351,-6.8194394406818155
14352,-22.21031093540371
14353,30.144453993792567
14354,-6.230067779454991
14355,13.959730036974618
14356,-2.5573665526074834
14357,-9.760230843583987
14358,10.501695046820844
14359,0.33359995172585855
14360,0.6660076295077584
14361,10.812725502653898
14362,-2.8795783980695333
14363,19.949687312727377
14364,-25.268826314384192
14365,-15.790769524723189
14366,69.21294418435826
14367,15.512559457049749
14368,-5.029040134344651
14369,14.250635612463618
14370,7.970708126555808
14371,80.06969731083171
14372,1.0161195242703815
14373,61.35382051720532
14374,-1.5628155143006914
14375,-13.080449863446447
14376,8.469919852331751
14377,16.72627047508458
14378,5.64565607965201
14379,-1.8997658921295297
14380,-4.272068130726915
14381,38.29082839288952
14382,-3.600011460677859
14383,5.930348493178045
14384,2.1705850666922277
14385,-3.331912451568531
14386,25.634630702769172
14387,83.00699778018628
14388,15.032430898591272
14389,6.120709507851387
14390,40.80915924779562
14391,-4.3740608553314
14392,1.1859810633980352
14393,20.64647766960248
14394,-15.095251570067408
14395,2.7170206371409975
14396,-26.40470617105474
14397,-9.349256500268293
14398,-34.15379793080181
14399,-18.2443152375389
14400,-1.3203147040338692
14401,5.234577920907174
14402,9.959497596632733
14403,11.796961320660097
14404,57.824841264855046
14405,-24.74922745473095
14406,15.504729780243164
14407,9.856814309209991
14408,0.2552252483908095
14409,-1.6452467549350835
14410,-5.515314004455249
14411,-6.012103014939957
14412,4.193629855150753
14413,-5.588356141213136
14414,11.68142866848519
14415,-6.1534110526763115
14416,-1.4723143126906955
14417,-24.196659096367895
14418,22.837595718607755
14419,60.86555117243992
14420,3.4793095666717058
14421,5.344567633216476
14422,28.175551038758222
14423,-30.67728578693469
14424,-8.278158820645558
14425,2.0331533018317653
14426,3.0995683924448247
14427,-2.4488217156269165
14428,14.594930322296218
14429,0.16167326710731444
14430,-7.281656174783027
14431,8.965491685922405
14432,-28.630026452793217
14433,-12.985076194366016
14434,-1.3630065710648047
14435,18.218887493293956
14436,-13.45014422276913
14437,0.3302116483039583
14438,-7.647383236353978
14439,38.891284518802706
14440,11.184443243932321
14441,-22.141939505463768
14442,1.5915446265691635
14443,-25.750600627825776
14444,-11.728235946624778
14445,-7.849156623905387
14446,-13.363226447705724
14447,-5.2582161764713895
14448,28.759449471113218
14449,-33.757591383189144
14450,8.926954613511963
14451,6.930041639313279
14452,11.498194452397783
14453,8.615427870753326
14454,-1.8061694516979259
14455,9.466579000941927
14456,-4.877724037313946
14457,22.838409530920273
14458,-21.86561157615303
14459,14.427271116407187
14460,9.762312236619591
14461,-5.687977727497437
14462,0.6166383523653476
14463,57.74567910294935
14464,17.286791936820432
14465,-12.392767063715603
14466,66.89089710113603
14467,-23.279155650194895
14468,-17.223063732790962
14469,-9.146858356219393
14470,-11.53321659680903
14471,7.568994817125443
14472,16.62239881147879
14473,-14.735134575388411
14474,8.661392121459752
14475,-0.9424638912764394
14476,3.681587169748548
14477,-22.557215826083215
14478,76.76218221114573
14479,9.039351393430202
14480,50.87537180069342
14481,4.940113062400698
14482,16.334386260381102
14483,-7.32470060172734
14484,28.926338623137475
14485,1.7529608289821805
14486,-15.447581531244055
14487,-34.48675829285057
14488,-7.079671023213212
14489,13.708543725264056
14490,-9.84608817747326
14491,-14.354120387953774
14492,0.08034021003884462
14493,64.10235349379528
14494,-1.1768412744450387
14495,26.790613476534368
14496,24.176083393090924
14497,16.42214315223456
14498,-18.825467845138242
14499,0.4794687303533909
14500,0.963543622311521
14501,6.348300296432223
14502,0.6133834681261412
14503,-6.392500258856185
14504,-2.269476269745205
14505,2.6401479158164918
14506,8.738230130916433
14507,9.253272368894027
14508,-0.3302887800424479
14509,-33.50917260012355
14510,-25.33428636097453
14511,-4.584592909198385
14512,12.560235960523356
14513,52.56487369687287
14514,-14.437564353432748
14515,1.3338846936028208
14516,3.2017605737538606
14517,14.044869432539356
14518,9.955983258501318
14519,-18.450209624722774
14520,-2.0495441377273416
14521,-21.642334707228542
14522,4.634190700743707
14523,9.658301172444222
14524,0.7468279299333336
14525,-19.222839383236455
14526,12.077989631696845
14527,6.9787547987156895
14528,0.7719036069325149
14529,10.450167797973865
14530,16.909064867128464
14531,-10.758662964470869
14532,-5.37206450823421
14533,11.12271494743209
14534,10.798175500319925
14535,7.942753667785707
14536,10.617701800141035
14537,-18.44905177943121
14538,-4.318042399808903
14539,8.686555935859474
14540,1.8604905556533033
14541,9.902960865074117
14542,13.909469540571656
14543,20.323276279503
14544,10.70996315180906
14545,-3.195172481591353
14546,-7.229508213240614
14547,-1.1627743378128912
14548,-4.58867441249091
14549,30.51989378427654
14550,4.745810028026492
14551,11.238051187734033
14552,-17.880477665703133
14553,21.577198228891028
14554,3.905782230882604
14555,-27.088102983411083
14556,-3.362600524370823
14557,-24.69639641610921
14558,-14.995448248743372
14559,0.8431921269305249
14560,54.91345148651634
14561,14.739947844951779
14562,-12.995432694900376
14563,0.678098809628672
14564,68.41385734761832
14565,7.435851153291866
14566,3.136139342666029
14567,-21.8419820879214
14568,16.611055099242353
14569,-6.239923102166497
14570,13.118543789711362
14571,10.50318796052828
14572,-6.729992072509333
14573,-27.849220767573293
14574,-21.431218640814215
14575,9.817440541465029
14576,-17.157594138369483
14577,875.5270106581564
14578,642.3234414535832
14579,8.956059365166926
14580,-1.7017859412853333
14581,-10.0574038929464
14582,602.6596862585588
14583,-5.8758091459524735
14584,-7.016218501916345
14585,-7.9579168455248315
14586,-4.913210488162289
14587,618.5223575263525
14588,24.62030548577018
14589,10.221217278681568
14590,5.06595442324531
14591,768.4442566882117
14592,1.4945096972138803
14593,916.1913178088138
14594,-32.58846355584147
14595,-2.462841690048137
14596,422.280155760041
14597,503.9176016369957
14598,-4.329538479226297
14599,10.334472046137748
14600,8.97176636557624
14601,-14.985590530824812
14602,627.6025880112296
14603,70.62136434755803
14604,-2.6228621646061647
14605,1.032623688385316
14606,-11.183748841985935
14607,79.8707934807482
14608,92.56640424049182
14609,517.7660803518972
14610,-25.833221934955887
14611,3.689002692996196
14612,28.843577665916886
14613,-31.82102940095377
14614,48.543252255271604
14615,-10.305213130021976
14616,91.1560600829288
14617,521.4195276384082
14618,-18.468549494555496
14619,-15.855873007442995
14620,9.283530635407525
14621,-11.02446337871151
14622,96.7456093272082
14623,3.0621446406929724
14624,-8.003555927296667
14625,-12.42983534971442
14626,-0.45000772570265823
14627,10.219896315456054
14628,-2.7730242130570275
14629,315.98982968341073
14630,-4.011231037472896
14631,-6.001004173654074
14632,3.4849033720585734
14633,-3.2031986490198214
14634,85.56432490046276
14635,-6.311591138206879
14636,-18.135759124743807
14637,66.05161832278144
14638,-6.050260513458618
14639,179.4590590547787
14640,189.68854396972975
14641,3.196288279580868
14642,-3.5463096951042132
14643,5.836933115352869
14644,7.221347221418123
14645,23.664647541960115
14646,14.784117736502955
14647,535.107540883386
14648,2.5129143070911404
14649,7.183695804586961
14650,14.601587624116593
14651,-1.2392544869701219
14652,-6.756242753166937
14653,20.26572781211892
14654,1.2997313592297193
14655,1.9536712895002228
14656,9.026900968556145
14657,160.75036960194194
14658,9.068786378160976
14659,47.73628240977684
14660,15.606256173476464
14661,42.8097639479756
14662,8.147223760040301
14663,35.126392749698915
14664,19.62884246525958
14665,-7.74317364568202
14666,-2.2643554275563886
14667,174.75921828048752
14668,-15.878154102676575
14669,-10.814899043555648
14670,-6.464712526800255
14671,9.370057487939693
14672,-16.08426847346847
14673,-3.073644490379916
14674,-6.455968601958581
14675,639.0244184131246
14676,34.986283001668156
14677,601.3911342476183
14678,0.4013719281751218
14679,11.158725114481253
14680,-5.025267249860825
14681,2.6603023718732555
14682,28.181864146438325
14683,-28.525782908764043
14684,9.54972750451693
14685,-4.698283193706981
14686,36.60150745657496
14687,-6.474915345557527
14688,5.215831872582498
14689,-4.2726050656826935
14690,459.0806056786349
14691,-35.69721197511101
14692,-15.019882401405823
14693,6.699335432043428
14694,-28.065429557092763
14695,3.7701639095117425
14696,10.662558633581636
14697,7.883142931646079
14698,239.67163208741053
14699,-1.5036459567053306
14700,-38.873646251481134
14701,-32.20781964087189
14702,794.8594031146291
14703,-21.289599470796865
14704,-7.598937723340072
14705,17.82990069637592
14706,47.173185073851016
14707,9.845736578043095
14708,120.18484604394357
14709,23.96430496999367
14710,-14.39219655195826
14711,-7.513515380138397
14712,23.237870389252386
14713,13.763271155941876
14714,65.14713261711985
14715,-26.728685461197998
14716,-30.14157401362982
14717,-0.12013792240870202
14718,9.534989305059312
14719,-5.57029989374853
14720,-1.732325495235436
14721,9.500876873379646
14722,16.912002758439208
14723,3.6373994435098123
14724,42.090344809578994
14725,8.446863151148928
14726,91.5398818580539
14727,5.398632629058962
14728,83.75135275372341
14729,-0.0638380249267172
14730,12.102215946667576
14731,512.9064056764795
14732,732.0445208846345
14733,7.758194820080963
14734,7.070376741120176
14735,-14.192253599769234
14736,4.816430645190568
14737,-8.310244761055525
14738,-28.41456082507547
14739,-5.733739076187817
14740,13.724886132479867
14741,-8.770671702805434
14742,4.812412011638552
14743,83.55233246722503
14744,230.932962542591
14745,641.9128917248648
14746,-10.479615445132964
14747,-6.842707336824123
14748,144.85399219337674
14749,-32.08286039188671
14750,-5.370838191722974
14751,7.488697567466854
14752,6.603061213309468
14753,-11.24345960680349
14754,51.41458350560536
14755,28.750577027864487
14756,-13.39774291035176
14757,-15.688712757721763
14758,-10.470783122683603
14759,22.843233422280715
14760,3.7167157923839724
14761,3.859038784949888
14762,-7.140671714917506
14763,750.9643889425399
14764,9.008955469648528
14765,-13.56990385812776
14766,284.7202201179768
14767,-51.402667415486334
14768,1.0035431639055528
14769,160.05829273011506
14770,206.30730528458875
14771,-12.015449985741498
14772,-13.754516830472578
14773,321.59094633268563
14774,-6.414817212605971
14775,-18.12778828801492
14776,-18.04779048429706
14777,186.70213319809426
14778,36.838402329986195
14779,-1.997289760605284
14780,-39.6604516813822
14781,-10.223939827464598
14782,72.34062718114866
14783,240.7974687979393
14784,20.46976338745551
14785,-1.5931250512957966
14786,3.298241115900778
14787,0.4580014677960005
14788,-6.655063276116074
14789,2.454482836732277
14790,9.76456588806347
14791,-11.523910247577973
14792,-16.65112957912052
14793,3.3721534358791487
14794,-13.040905876144098
14795,-2.9250712745052354
14796,-3.810278075247865
14797,-1.8801925084440718
14798,5.53868593883754
14799,-1.624045759888638
14800,6.814663620196724
14801,-9.226570569006757
14802,-12.012750225912892
14803,-12.94693235675108
14804,-16.060647886654735
14805,-6.55671732165202
14806,1.9088623530417337
14807,-5.32404863876593
14808,29.842048795002988
14809,6.235753393873637
14810,6.627020774337172
14811,-22.317469219525158
14812,-6.862647348867046
14813,-8.965951333488213
14814,22.873980599787586
14815,-0.3305447675176474
14816,-14.092489831063975
14817,1.5762111063873174
14818,9.519015966135557
14819,7.394123167718133
14820,-16.12525785429054
14821,-21.286802373200757
14822,1.496672035306137
14823,5.606451045475172
14824,-27.308601539005963
14825,5.863921072141485
14826,-10.88691973783434
14827,-7.196070357564228
14828,-1.4631397916480822
14829,-8.13103152562536
14830,-1.4476692658506458
14831,-22.098365883402202
14832,-11.10645696094242
14833,-26.35184143972397
14834,-25.366094077670205
14835,6.037658690603131
14836,15.085761858293877
14837,-2.987886852012334
14838,2.5108112314666933
14839,-9.247630663476468
14840,-15.393788939083247
14841,-12.323542193204357
14842,-2.211189403202802
14843,-26.16798568750616
14844,0.730365626496523
14845,28.34921005174764
14846,27.671575619532852
14847,-7.567997544009625
14848,0.058395896099778355
14849,3.8261818647608763
14850,-8.681643286218087
14851,2.6676697089511805
14852,-9.393870721967698
14853,11.404350208300972
14854,1.5534880370927642
14855,0.7710815658562566
14856,-14.307622007554237
14857,-7.805800419751147
14858,9.903739143678425
14859,-1.5606317607690023
14860,-24.09109232177866
14861,4.193984707257616
14862,-25.582298289477066
14863,-5.827369341732588
14864,16.972401389940117
14865,-4.826478141674691
14866,-10.783754544613355
14867,-12.487781738573243
14868,-23.541120835718537
14869,-7.3976060612339225
14870,-18.144011917648243
14871,-0.8717429964648531
14872,11.821163733559667
14873,-7.504587003095562
14874,6.534283001053524
14875,24.247197849997878
14876,14.177169453891409
14877,0.38802564479678026
14878,3.5044540278733276
14879,7.711020061028808
14880,10.091207091017381
14881,-9.187505649552524
14882,-14.382831577380987
14883,-5.844342129184394
14884,-11.229092977152295
14885,-5.276699542196422
14886,2.1729443489358307
14887,-1.0860379260827742
14888,-7.732994131764084
14889,-8.93997135553565
14890,15.043967653286359
14891,-10.947704304775968
14892,6.614654129113299
14893,-23.251438218287582
14894,2.3815380787099887
14895,2.1965066361740373
14896,-22.748939751964294
14897,-4.054360748054211
14898,-15.041706832267561
14899,-8.050720886465736
14900,8.039854367037602
14901,5.861577184654962
14902,-1.5701433934656137
14903,7.451622726358552
14904,-21.272492384174008
14905,-1.0029816924905681
14906,-5.92690490477646
14907,-18.958183797201087
14908,-14.045433781008118
14909,2.0949870417346528
14910,-7.057163066452176
14911,5.249028764010667
14912,-0.17319093524535134
14913,3.2245756047440324
14914,-9.119821404268613
14915,11.157904016859327
14916,11.756366349308864
14917,5.070454856423169
14918,5.328095771198463
14919,-24.903508949612238
14920,-24.626602172060693
14921,2.1745477954088006
14922,-16.84245088716451
14923,-27.504977370565072
14924,-0.7173067740680921
14925,-4.144638536290184
14926,9.927577898161212
14927,-11.823066633918124
14928,7.434373697128832
14929,-25.587944026000372
14930,16.38524695197795
14931,-3.38162674873508
14932,-19.177911161675574
14933,2.9379544210900868
14934,4.805123478051396
14935,-16.9951167083317
14936,5.644810835636596
14937,10.472425531045392
14938,4.149826880889687
14939,-5.156113475964457
14940,3.26993085789503
14941,1.3468663654594746
14942,6.393364619362952
14943,-1.8981834441973113
14944,15.578618631807148
14945,-10.195284792457873
14946,-10.011671702011316
14947,6.826505913633362
14948,15.271618176141947
14949,1.297372499746544
14950,-26.55190822398867
14951,-23.457206454074537
14952,-1.1532223813765654
14953,-0.9308823477394554
14954,7.8110187649753815
14955,26.45865274304382
14956,0.5229966825430257
14957,5.600969695795518
14958,-7.917844975644233
14959,-6.301766350527963
14960,-23.4800984616614
14961,0.3851504659568281
14962,-0.4576903530345149
14963,-18.88714213078857
14964,-11.752678778197915
14965,10.460979359217648
14966,-22.996538067409716
14967,7.681597756935927
14968,2.7216999160410094
14969,-5.8524086417143195
14970,-2.141121384302231
14971,10.972222824990244
14972,10.975907357726896
14973,17.240320989759514
14974,22.729460623279778
14975,-15.290323179308682
14976,-10.764726788350657
14977,7.089232956250735
14978,-0.35964492244478663
14979,-2.661694813849415
14980,-12.258766023206455
14981,-3.584889529320453
14982,-12.530325019229906
14983,-10.288026534942396
14984,17.143117166604394
14985,-4.04797493516962
14986,0.9418712398557343
14987,-14.042531301141743
14988,-11.797697030094355
14989,-1.0918179348142978
14990,-11.721582009785674
14991,5.944452296078595
14992,11.468875727750483
14993,9.08082551368765
14994,-12.971729452541457
14995,3.199067536379026
14996,2.208351850221444
14997,-2.2327897786347926
14998,-14.927878472286299
14999,5.811555520578251
15000,-2.6856192630930273
15001,0.7661773833327352
15002,-12.717139856076454
15003,-16.91592461017718
15004,8.918895412130777
15005,-0.7372173467754628
15006,-26.42921572611216
15007,-6.168187118346232
15008,4.039530598673146
15009,17.813506034382144
15010,10.027899145170077
15011,2.755482490952067
15012,-35.064654685433396
15013,-21.157401488880673
15014,-12.55932896408337
15015,-22.213895003450908
15016,-17.630029561077507
15017,3.473089792507812
15018,8.970242579433979
15019,-7.024780520793385
15020,1.9671963096941187
15021,17.110809663560197
15022,-11.99942070447856
15023,-29.875299353741553
15024,-2.3190506367148984
15025,-9.930872482668654
15026,9.719872140073141
15027,3.4072222405052752
15028,-5.757783466523712
15029,0.16718818663059665
15030,0.2653413730597656
15031,-23.220060799658903
15032,5.747772049367635
15033,10.24921464970907
15034,-1.3256831476524198
15035,-5.108004016634627
15036,-5.941168057075931
15037,-17.451963452101523
15038,2.1761271779328215
15039,13.694721391283933
15040,-2.402095898768824
15041,-6.488330006318936
15042,7.24961298533308
15043,7.776413534886615
15044,-18.185568499250856
15045,-1.6613483782516205
15046,-25.080655187746032
15047,10.48083332250434
15048,-19.45222962617568
15049,-7.138793065501588
15050,-15.137486509275856
15051,6.704437536004447
15052,-14.798189992891174
15053,7.074336150908403
15054,-21.896500961557486
15055,-21.240450357237656
15056,-4.669974719480059
15057,3.2768975357307824
15058,4.2482783655148655
15059,5.9719110256531565
15060,-0.7197286879176801
15061,-25.96257108029127
15062,-28.955934752858262
15063,-4.650845062088457
15064,-1.268352564268092
15065,-34.48383494281168
15066,-26.58445748074743
15067,-14.159038224874134
15068,-0.6448226481398969
15069,-8.039836949754854
15070,2.579744881605789
15071,-10.861396103712785
15072,7.150273782774184
15073,4.820650015647169
15074,5.039470286386422
15075,4.358548379327182
15076,9.690999237577053
15077,-14.4276865961088
15078,-14.635734712796566
15079,-14.193170591816745
15080,3.2198725952124434
15081,-6.291200063869997
15082,1.6313823163093364
15083,12.187405923439746
15084,1.7682108485880192
15085,5.237693733515798
15086,-6.184888672189299
15087,-5.961894356065574
15088,0.7921434282822144
15089,-4.352775076508376
15090,2.622421340399809
15091,9.79010648066768
15092,-4.246425796413213
15093,10.946365008159482
15094,22.330453818914023
15095,9.180506969356601
15096,12.692844625155706
15097,-26.811366340185437
15098,-18.26203710551743
15099,1.8598674295678013
15100,13.08449447351439
15101,-1.6120969804979026
15102,-9.022515647106932
15103,9.278459214811331
15104,-14.609123339241513
15105,-18.216093144614675
15106,-12.916391558436803
15107,-28.102557069665714
15108,9.320498697545801
15109,-17.60485450750984
15110,11.126861533800064
15111,-23.748333959745054
15112,10.671049015335958
15113,-24.060702086770462
15114,6.009440551557031
15115,-10.722152442000674
15116,-19.71691474822166
15117,-6.5025350143003315
15118,-4.795599467987778
15119,9.85546447490376
15120,3.8013946876979485
15121,5.914633031310741
15122,-11.839072143219322
15123,-0.17332068809145085
15124,-10.748745213947728
15125,0.43412877962993157
15126,-1.020426179012567
15127,-0.11065562163926757
15128,-23.25188699386245
15129,-15.814728247204854
15130,-9.318686323281046
15131,-7.636107096399364
15132,10.704131409493932
15133,-9.447122389807856
15134,12.190131530453018
15135,-32.49071045388894
15136,-9.123502650932778
15137,-20.4082180166673
15138,-16.66281025800847
15139,-14.495714787521354
15140,1.9044276643404192
15141,-8.30455813248048
15142,1.3324176487473114
15143,10.151846791298517
15144,9.291215659507845
15145,7.094589706857823
15146,6.71799163632317
15147,0.9606316774215635
15148,-14.08887831452033
15149,-13.769853847640157
15150,-5.041399275140751
15151,-17.79270044818771
15152,12.3579203131209
15153,5.438181059915346
15154,0.9853369337823796
15155,-7.288579780145465
15156,12.03687016499282
15157,6.010834979149417
15158,-23.57527119614508
15159,0.12616203484272148
15160,15.94143253153197
15161,-3.815893293103958
15162,6.628892530890354
15163,24.494247935188916
15164,20.61262767891347
15165,-31.986848858468896
15166,-3.9739750739413715
15167,-21.075519500291918
15168,9.539746334555534
15169,-15.805180044704326
15170,-12.160934180039277
15171,-31.090133699120535
15172,3.783296881088738
15173,10.842459635994278
15174,-16.97999789933113
15175,-19.316397721049775
15176,-9.664881553669012
15177,-18.144238770489714
15178,-0.5998359484623812
15179,-6.71908047909389
15180,-6.1498468997776605
15181,2.6070665198792486
15182,-12.78013442104194
15183,-17.902489123889822
15184,-10.37255826252147
15185,-2.5852011840053315
15186,5.014315899267684
15187,6.462549172435077
15188,20.003374797618292
15189,-31.808737655249054
15190,-5.957392861094537
15191,-7.345727846972917
15192,-5.108795948886964
15193,7.887367586264924
15194,-16.541990806987556
15195,2.4945753430333486
15196,-14.565498844145178
15197,-3.046437991368869
15198,6.695754690386272
15199,-7.093969876175624
15200,-13.304921876243643
15201,-33.68733609860731
15202,13.306612147898537
15203,3.964632328348138
15204,-1.9631217557933773
15205,-10.874065716841177
15206,0.7908669601288221
15207,10.946598961278152
15208,-15.607544983735355
15209,-10.727346117897124
15210,21.43332599486257
15211,-6.778155775361196
15212,-2.131016436232219
15213,5.675138033151484
15214,-18.556936486176816
15215,-3.4801446732415933
15216,17.825098103433557
15217,6.43438801718516
15218,-25.045716672893207
15219,20.439565739318745
15220,6.232638423390714
15221,-20.961693191497673
15222,-16.48545342517663
15223,17.304617237960265
15224,2.813451425271417
15225,-11.919748123728375
15226,2.3948043094790314
15227,-19.38511876839948
15228,81.20962399685156
15229,-0.4611438543675028
15230,13.78208070858971
15231,0.001781627102047878
15232,-31.029200709065
15233,-50.811558404542936
15234,-12.206387251991295
15235,-1.8192023613645247
15236,-16.0659621602583
15237,-9.603077058004061
15238,2.4236146629586894
15239,-4.166557458405276
15240,-12.890724710756725
15241,-16.358208737845203
15242,-8.578114878795379
15243,-20.006480130081684
15244,-43.64400418808917
15245,-5.097980848311831
15246,-6.967468449909536
15247,-17.581927981121247
15248,-1.7902792695203296
15249,-6.421650353504997
15250,-21.39153667910812
15251,-1.9616309045108373
15252,-16.196124975273634
15253,6.129477689475248
15254,-1.8380857886796953
15255,-1.8879576654927632
15256,6.850511161535945
15257,4.122371055065116
15258,10.821633465878243
15259,13.367133931212358
15260,22.778425407558842
15261,1.9268614781463391
15262,-3.981350063567625
15263,-2.5207061253862726
15264,-0.020876699110690566
15265,-10.793339360427684
15266,2.308194742941872
15267,11.489865410033177
15268,14.390604340161136
15269,13.815889119126547
15270,-4.051330802498729
15271,-0.8995817096503167
15272,9.678204451042454
15273,3.892880504942168
15274,34.77354356005674
15275,1.4907274175968936
15276,44.12712961366144
15277,-7.793260709082567
15278,49.85381524433015
15279,13.15290924288909
15280,0.4103758603965275
15281,7.919549818238313
15282,-22.48284233624755
15283,7.923261815933779
15284,1.2637180800009702
15285,-4.361954519684581
15286,10.688400557069103
15287,12.695263107194801
15288,-3.706170939736097
15289,-10.698749433601478
15290,4.895426808061856
15291,-0.6245281633098578
15292,45.931693100483926
15293,-11.452845969042208
15294,-0.40131785885496285
15295,-9.579537781285346
15296,5.041299270613436
15297,30.16039459930979
15298,0.14649474158595055
15299,-9.243749954198613
15300,4.193868310150249
15301,8.612234958875337
15302,-2.528640470180239
15303,40.93481923834314
15304,83.02639285902771
15305,-3.7347545542393377
15306,-3.3062756111960745
15307,-22.64069692778815
15308,-6.202600258860716
15309,-16.548069067086196
15310,303.49944228868793
15311,-10.438784621938652
15312,19.548172416919652
15313,430.9416401199406
15314,84.66652081934357
15315,488.92176392223024
15316,-11.51503973282146
15317,8.84765095624882
15318,-14.661260208659154
15319,-26.26190699444092
15320,27.914858852154936
15321,1.3652002635742058
15322,-7.862837289727377
15323,-14.391339859352602
15324,5.681715574414223
15325,3.9674722604034205
15326,-7.508346000744236
15327,4.077107540328782
15328,-13.681701473029204
15329,4.015271305101544
15330,-13.107495878559895
15331,-5.479878199223098
15332,-12.339774415595251
15333,3.414292590941397
15334,8.792684091225073
15335,-10.436579261829028
15336,-9.177797834885812
15337,3.0002427131638854
15338,2.791516223481816
15339,7.4786150061343
15340,-1.8405457816449768
15341,0.9675795103809861
15342,5.97640342407583
15343,3.588174831634417
15344,-10.189421393163382
15345,-12.737860780381844
15346,2.323345615641969
15347,-0.0463878428658937
15348,0.9436704848490134
15349,1.7931032902641721
15350,-14.799957559522497
15351,-9.646149004130159
15352,3.895719516964512
15353,2.7080395551343894
15354,4.28239752488353
15355,1.7155551420795128
15356,-7.145029846068304
15357,-6.028252548837553
15358,2.4090304893127428
15359,6.405681069251857
15360,-7.973453836065392
15361,2.40560854389936
15362,9.90452424652199
15363,-7.580658920919845
15364,-1.2033908405582743
15365,0.15578769323691688
15366,7.573718971439089
15367,-3.5215837283624865
15368,9.832911037925928
15369,0.3101433201946655
15370,-10.17074340517436
15371,-6.94109089170362
15372,-14.02220491047808
15373,2.062882523559555
15374,-3.314192043484976
15375,-17.60015443236142
15376,1.9125710089078218
15377,-2.510155791909881
15378,-3.695274181706665
15379,-12.076964470855152
15380,-22.281575754487392
15381,-1.2572413514036676
15382,-2.955967098362418
15383,15.665481688857609
15384,14.71092981250284
15385,7.255524429276852
15386,3.5972912233727126
15387,1.3025549173160815
15388,6.68831046818309
15389,-15.27770486348129
15390,17.84015164967101
15391,2.865841276160232
15392,-2.446111561911099
15393,6.192240875900843
15394,5.1479827499199775
15395,-3.3080952871216915
15396,-8.057981152455945
15397,1.520929427628916
15398,11.934304312929804
15399,-3.9791568077749524
15400,-14.815673805950766
15401,0.9665364168086423
15402,-7.263569870193063
15403,17.296017038014902
15404,7.63470480499346
15405,15.274298614256475
15406,-1.2052387403684435
15407,-5.751785323832369
15408,0.4340671586610423
15409,-10.716372573876821
15410,10.87923712682269
15411,4.661233673841599
15412,16.88222772350678
15413,-4.936363116116617
15414,-14.150665567065271
15415,-4.710602105153505
15416,3.1007755702237034
15417,-15.379296098028767
15418,27.666732572588124
15419,-16.40469807193969
15420,14.695440610718974
15421,16.54403376963804
15422,-5.72540301418239
15423,-8.39970538702947
15424,0.31091062084350973
15425,-8.401236946699584
15426,7.939841910813811
15427,-4.1984311631484985
15428,10.29901968734
15429,8.267466473847598
15430,10.468476516948742
15431,17.362089148599804
15432,-3.9708681107538197
15433,4.953434231107339
15434,-2.1439304283711884
15435,-2.305167779558275
15436,11.46698530029444
15437,7.223094385288748
15438,0.16257119964751254
15439,-3.8605241031748356
15440,-4.089790737443195
15441,4.032097799905534
15442,-2.992539655504075
15443,0.9271260331524935
15444,11.105761282540627
15445,6.933543563478201
15446,-5.205499003562373
15447,-5.918081295809863
15448,4.6009267204185065
15449,6.023520066200536
15450,-10.379256767226973
15451,4.533648128898179
15452,-8.969404826617662
15453,11.498886389741132
15454,10.626950812531819
15455,5.856415849374304
15456,-2.794478404699454
15457,1.1601317819980252
15458,2.4759025339349314
15459,0.6398996718942538
15460,26.59226120666451
15461,31.174372723167497
15462,-10.15873370983471
15463,-15.062345131711815
15464,-8.77419736687495
15465,24.17377083095512
15466,-16.056423937627095
15467,-4.435459974604477
15468,-12.130768877054024
15469,-5.126733496383743
15470,-13.804639057163367
15471,-8.922227575024323
15472,9.487442491549011
15473,-21.836915676351857
15474,17.958392885955142
15475,-1.5188226520429815
15476,6.997740663137874
15477,0.5157000460467014
15478,17.09757545171323
15479,10.260183547733874
15480,5.337535307613363
15481,8.757490543183907
15482,8.631145440371146
15483,8.720031709401864
15484,-7.065893462269472
15485,-13.925745814018953
15486,17.58589096325688
15487,-18.712362325304206
15488,12.758312419396653
15489,-6.449394453544816
15490,2.0661181809105127
15491,22.75250179071707
15492,20.69098859184325
15493,-12.043098084859174
15494,6.649829435229853
15495,4.700009114392598
15496,-11.421457023076584
15497,9.796628383634946
15498,-12.21479925514602
15499,11.701415551285614
15500,-7.472620083816661
15501,4.252599751897463
15502,-4.001435385077926
15503,-1.0782115213819665
15504,-20.898210055548866
15505,20.86874062419677
15506,13.162943049421106
15507,-2.23562492607104
15508,-14.00558437919609
15509,3.389692871939584
15510,4.915945538775807
15511,-0.915366164680762
15512,11.611023653668916
15513,24.598370437806803
15514,-13.880191276913216
15515,37.40008212965498
15516,-1.4304717152281832
15517,-8.937125016669317
15518,-11.248616542218503
15519,-3.21007567108256
15520,11.156691611925611
15521,-19.3093243525269
15522,2.006748041357449
15523,-1.5052364869805288
15524,87.21167680199464
15525,8.168905035913907
15526,8.780970541043217
15527,-19.860588673468804
15528,-15.072359465066807
15529,7.790675194652312
15530,62.36810916756458
15531,7.826383195088212
15532,5.9274017383528275
15533,-21.259868217254926
15534,2.346492600320005
15535,-13.554171718398216
15536,-7.378107952606445
15537,-16.159056192359955
15538,-10.750268382068597
15539,51.50708123221535
15540,10.07903481722921
15541,3.967796608779416
15542,-10.136537034982279
15543,2.3766104663222354
15544,-12.458043633094636
15545,6.531204498878759
15546,21.848925931251213
15547,4.6824426599933915
15548,13.215523731464856
15549,-18.3777163963494
15550,33.72515812413933
15551,15.954419807419999
15552,-1.425685212416731
15553,47.50179941079479
15554,-13.677379122912011
15555,-6.066153899322302
15556,-5.853723693701816
15557,-15.972509641209534
15558,-1.1716585627404932
15559,-3.5535846504527093
15560,-20.09913900637855
15561,-1.3367204973281446
15562,-4.7706911113816375
15563,5.313481789201161
15564,-6.612462339951868
15565,7.843260269960648
15566,1.6465552061936677
15567,-4.462637733449256
15568,-4.689489667400817
15569,6.199399050795176
15570,-24.757266231289876
15571,-4.344315512659751
15572,-11.259341401949555
15573,-1.0209993299838054
15574,4.107241274984071
15575,13.09912640734572
15576,1.3609547658685877
15577,-12.005003284746017
15578,10.2355738169326
15579,-18.46623903451256
15580,-12.79638705059908
15581,-6.75174948577958
15582,-10.41819625916277
15583,-4.221924771611981
15584,-6.277151953700841
15585,25.719231371496868
15586,15.749474687625295
15587,10.958176367887987
15588,4.44146990376224
15589,5.320478835947922
15590,-20.884999293344983
15591,6.904353744568194
15592,5.360179655442424
15593,1.597633975775608
15594,-8.721544734316563
15595,-17.850272414928035
15596,17.84301296116178
15597,62.11860214089525
15598,45.314180700359564
15599,3.008505306216801
15600,-25.41789063645504
15601,-1.0863376325734464
15602,-9.60190788541393
15603,-13.596162630898341
15604,0.45421394711149254
15605,-4.806758168522759
15606,-14.832879759461143
15607,0.48460125748377614
15608,62.2097725472327
15609,-13.159607143325996
15610,11.650616130745535
15611,2.654013044528096
15612,16.2286971970383
15613,9.430807454910838
15614,6.541700727419048
15615,46.5699236477857
15616,-4.792004216902967
15617,16.11717396631768
15618,-12.237576555728232
15619,39.55519583269076
15620,13.190873740087799
15621,-2.35873849563448
15622,-9.577004527271097
15623,-0.19345772198253286
15624,14.117928719428335
15625,1.1445747052664732
15626,-20.83467459604381
15627,0.05335540721051757
15628,11.407880130844601
15629,5.504805003593969
15630,-23.735887715970875
15631,-9.837360233788914
15632,17.62093011304288
15633,-6.073447910228147
15634,28.946273202979434
15635,-9.401562707608257
15636,-2.550805520187545
15637,36.80000285561732
15638,-5.5541684782302205
15639,-3.514926832297057
15640,-14.277183581194162
15641,-2.290591657025935
15642,16.23897359547958
15643,35.907153452347686
15644,1.4605339846755374
15645,-10.254008146796863
15646,48.802933761580874
15647,2.1282186467383344
15648,12.45894488499257
15649,65.17951727840568
15650,25.23986266210965
15651,20.507584254879774
15652,-1.9417592852002734
15653,62.52755762874759
15654,17.023950508911092
15655,-9.085966611557001
15656,1.0456674543988012
15657,-3.690944751249102
15658,36.19176753787256
15659,4.142225676310044
15660,-7.782285958880166
15661,8.149626847628785
15662,-1.7821602660073985
15663,-15.178329794089855
15664,-4.704080260771164
15665,-2.5983559265046416
15666,-21.8028566777557
15667,-6.773793490698932
15668,-0.31521330229458044
15669,15.327589444426334
15670,0.5020815518404511
15671,64.6907951576892
15672,7.149418784658474
15673,9.397380993633636
15674,-20.84960360196139
15675,-1.9994711164528987
15676,8.28548116506198
15677,3.843681490593731
15678,-6.9880796660953735
15679,-7.84743936058959
15680,27.840129618890117
15681,-52.9524447407383
15682,507.91149122710726
15683,-20.36283518817479
15684,11.408545424016475
15685,-11.713991810785288
15686,-10.86693128703548
15687,0.5439184993115518
15688,-15.322309591585167
15689,121.30924413338022
15690,-1.270425170418438
15691,-6.231006776664042
15692,4.070002410344143
15693,-1.653356502869162
15694,65.91879003871941
15695,0.7788016476390194
15696,-36.0457313517387
15697,-4.462890403615017
15698,-15.739030255201893
15699,0.37064907239819433
15700,3.036663409018624
15701,1.6784750775925623
15702,-20.971734556409984
15703,230.7540016941265
15704,-5.317552535672306
15705,-39.10324087220103
15706,-18.198565206906935
15707,9.662709417271206
15708,-17.1969130715408
15709,469.01414311072887
15710,1.0015036747609756
15711,132.9697507171944
15712,-18.402718352226586
15713,-2.032711125640507
15714,-9.99252257211123
15715,26.548217341108742
15716,-4.3219334784514984
15717,-23.78545429666493
15718,61.623347006835154
15719,761.0680462060171
15720,67.82783254729269
15721,334.44220139340433
15722,2.9477875675059906
15723,5.842850240873808
15724,259.4785477851878
15725,695.4455724616821
15726,-1.4807194007988471
15727,-18.81224259747374
15728,-4.652264380812515
15729,167.67761103386255
15730,1.4105691113892682
15731,-2.8247842695461323
15732,-12.632014395551703
15733,-9.349170186312023
15734,4.009126581752936
15735,600.8743146319431
15736,5.417643071333373
15737,8.8691776009588
15738,734.1356575999331
15739,78.9443991922522
15740,16.384989454814054
15741,1.8725934660433001
15742,6.465629760273835
15743,209.25536703395903
15744,-0.0020654810633189413
15745,-11.547461836814172
15746,559.8618951566871
15747,17.341714741364985
15748,9.700010112383836
15749,672.4903592849194
15750,-16.203202218959838
15751,0.4626643455453081
15752,865.0390157821414
15753,-10.513003369165151
15754,0.31243738035699664
15755,180.1038226856437
15756,-17.46447668598305
15757,-16.53616252513133
15758,116.41859332335046
15759,11.08720288644707
15760,-13.014425853665813
15761,-9.911549415536829
15762,-0.22902353802060205
15763,-15.832793929119262
15764,89.52090547749502
15765,4.748829021691742
15766,-10.664514766579227
15767,-19.526431638816575
15768,-3.8959701712546355
15769,1.9766729491145174
15770,-14.884808088003687
15771,51.64638423911752
15772,84.69085883702071
15773,-11.495369140182849
15774,631.721502305639
15775,-22.97597259280481
15776,12.122570255398989
15777,41.111290107831095
15778,533.7053556464961
15779,-18.21087178442273
15780,-33.140427174369364
15781,2.9845968174531166
15782,532.151747217304
15783,4.729071078779041
15784,69.00302604213725
15785,2.1773755355937467
15786,794.8300237776674
15787,103.98865931782147
15788,-1.6063689735524598
15789,-16.705569509927003
15790,4.943231502752022
15791,-21.399216641678514
15792,123.62727136676247
15793,716.7905479212059
15794,3.7462282010771037
15795,0.7318507031346222
15796,1.6286710808944758
15797,-6.47928244524768
15798,6.6789783187659175
15799,-4.267881657593755
15800,-2.672658403380339
15801,2.94504031719301
15802,-27.717822491490992
15803,6.42548548165702
15804,67.82553752803953
15805,-11.51722672757236
15806,15.654623494740617
15807,2.543424242517215
15808,-7.822957521198898
15809,26.867591696136934
15810,-17.11439638818395
15811,-11.622134712571242
15812,20.39741250223273
15813,-27.82046953142374
15814,15.971086241755357
15815,53.80381358444092
15816,12.48794289105847
15817,152.28139728580615
15818,-6.4231984540295635
15819,-6.552696382941672
15820,-0.37109757227791107
15821,16.032293367762083
15822,-23.49845128093699
15823,-2.0370913743992993
15824,618.8707849399108
15825,-13.206411676518304
15826,3.768731273566573
15827,142.6908303124598
15828,-26.92658468277382
15829,46.59975964115135
15830,-4.525978629014595
15831,78.26173346231319
15832,4.708179280359502
15833,-0.35357227619932985
15834,347.38725987353
15835,436.68858311011286
15836,-1.0996621129985478
15837,4.126168003356666
15838,73.0350785729991
15839,1.7621511829677345
15840,-3.5916366537352395
15841,-22.13184295500885
15842,-9.740337697024795
15843,-8.120495501339509
15844,-25.014755016377052
15845,-3.392184524886332
15846,87.6045566289084
15847,-3.3228511681929156
15848,107.9218241449351
15849,-1.6704146007909522
15850,0.5868515550545617
15851,-9.108297857894996
15852,-7.611930900557102
15853,-17.923592919632107
15854,-2.239660896726587
15855,-21.345291904608537
15856,-6.403022033681722
15857,953.4918676248412
15858,-9.706159251168838
15859,-0.6661047588990492
15860,-2.163903716815284
15861,13.395933041369062
15862,-19.874724484229525
15863,-10.973841243649098
15864,-5.273670556792389
15865,-6.895343658549404
15866,-13.121986157908815
15867,-23.26433334489525
15868,2.2320224815501533
15869,13.98767003081048
15870,-4.11653572712811
15871,-4.214025490156207
15872,-10.188017032968464
15873,9.290829344341077
15874,-1.3922548015279332
15875,-2.886472012677391
15876,2.55436927781688
15877,0.9238725451482903
15878,-16.135516769067245
15879,3.125258741195154
15880,6.832793638264574
15881,-5.188322291334572
15882,-1.3429705730155526
15883,2.139395246470105
15884,-12.874380840913645
15885,2.6557071146620963
15886,4.593034721652632
15887,-4.1155704490314875
15888,-0.25720713918972393
15889,1.2662589638609276
15890,-3.6589565198634446
15891,-3.4242956677207417
15892,-9.443155061802713
15893,-2.0968778516588245
15894,7.772267615775171
15895,-18.866521032214763
15896,-5.384216329394661
15897,8.191310413735335
15898,1.1048966063670669
15899,4.11395947148735
15900,-9.64429143802931
15901,-1.2211110524052273
15902,-2.9910868843760596
15903,-2.741865915701183
15904,1.6415542072262213
15905,6.291918514249858
15906,3.1615743533239833
15907,-14.303963170156376
15908,-25.388767456857188
15909,-21.002535916119143
15910,-5.886687115968911
15911,0.8556649048084797
15912,-13.730526957621521
15913,-3.0138679097205596
15914,3.619384538695696
15915,13.531537983425304
15916,-18.460652429424456
15917,8.944829084631003
15918,-6.914886134329404
15919,-2.9760733734189664
15920,-7.803576716925075
15921,3.116215153082642
15922,10.59635926566424
15923,12.04714134790513
15924,10.926667261843146
15925,-23.03061433804411
15926,-25.096586189850576
15927,-6.140339400652852
15928,10.504454893040048
15929,-13.649214119476127
15930,-0.38858266663071106
15931,-0.08273758503972672
15932,-11.820522222722026
15933,-13.05015209738205
15934,6.013995275041898
15935,-1.7801295672598059
15936,-24.33447295381975
15937,2.8752984440499993
15938,-0.17063847704452328
15939,-4.2021964115665895
15940,-1.930952282239371
15941,13.030007672371882
15942,7.754607507648771
15943,-16.917530496388537
15944,8.593975726022531
15945,3.722345823647604
15946,-3.404266299796987
15947,3.100764025146068
15948,-3.4597683030088255
15949,-21.932823218868215
15950,-1.1507841659141214
15951,-11.7930205337348
15952,-16.936109528012864
15953,-1.4552375151825672
15954,-0.24927225416849197
15955,-0.5025031068363219
15956,0.06717358015933783
15957,-16.306335436876672
15958,1.8080114907029792
15959,0.6935277213546023
15960,2.128611119672332
15961,6.239877535256342
15962,1.4556375043127137
15963,5.95703928913686
15964,-16.785804773745483
15965,-14.603424925741248
15966,-1.6851010021680608
15967,10.247548190067468
15968,9.638148750759825
15969,-2.030944790593658
15970,-12.546709086077271
15971,0.246706649710962
15972,-18.58107225105929
15973,-3.395894255842819
15974,2.8228687504158056
15975,6.535790727196021
15976,-4.338134502738615
15977,-5.265540189181078
15978,-10.767415928082439
15979,-5.5333232628393
15980,-5.110744972581745
15981,5.455793246279352
15982,-3.9075095156480977
15983,11.259425153075519
15984,-7.301226321648823
15985,-6.663421727433921
15986,-20.20800730536338
15987,-1.2454383384971912
15988,-1.6563896915768126
15989,-9.005582213214947
15990,-5.439767859690345
15991,-3.217254128021562
15992,-8.08251519256055
15993,-19.943443193716696
15994,-1.2161161471719097
15995,3.3600067602548833
15996,-17.164248554762843
15997,-18.8577638814986
15998,8.354326862233398
15999,-10.45471417923591
16000,-10.013214557313354
16001,-3.2228496004925873
16002,-2.9584156659898184
16003,-5.829977563835445
16004,-10.149805181960506
16005,0.01256542228286861
16006,0.9427162609778605
16007,-6.26337041334137
16008,-7.4571461113241995
16009,-20.68422822722202
16010,7.376503646122085
16011,3.1783295850120528
16012,-18.10290004676917
16013,3.403337286912116
16014,-1.5182195665296554
16015,10.531397399956905
16016,-21.930689766521
16017,-13.22777625704732
16018,-8.715426121820002
16019,-10.641233428201648
16020,5.552833709234687
16021,2.786158559107001
16022,-2.020462777274293
16023,3.5907197810480493
16024,-2.178284942646595
16025,3.6376465903191217
16026,-16.98764973603575
16027,-18.373479599990738
16028,-22.38730532407581
16029,7.167757346201027
16030,-7.724512871096707
16031,-0.558248659064418
16032,-1.8188513427692001
16033,2.7244029193203527
16034,-9.599529414264158
16035,9.85614101410909
16036,1.6747355605431178
16037,-9.353197577474038
16038,4.127859698570505
16039,-15.365796918374244
16040,-18.25364874511579
16041,5.351305378754473
16042,6.333341423128461
16043,-9.616173685254857
16044,-11.219412553920279
16045,-1.0402099623417378
16046,0.46380748425952945
16047,-20.436358502358424
16048,-6.095482006815306
16049,-20.21458520140318
16050,-6.199415454943871
16051,-15.095437676563545
16052,-8.405775386725853
16053,14.519546380328224
16054,-2.665734288632656
16055,8.41167151158006
16056,2.7320299791656115
16057,-16.618827457932554
16058,-5.424837604742702
16059,-12.879848519602362
16060,12.141485086729759
16061,3.158881772229556
16062,-2.861153036604012
16063,-24.405368939519775
16064,-10.757397221492418
16065,0.6556812458425707
16066,-28.929164607205287
16067,-0.508018837688148
16068,15.488367826380237
16069,-11.229127950071156
16070,-2.2917648297073043
16071,-4.713841793223825
16072,-3.5804023503558575
16073,-2.5120039949549344
16074,-25.41257514798118
16075,6.398938009442276
16076,-0.8827058805717094
16077,-8.852410693723797
16078,5.452032766317444
16079,-2.04209414081906
16080,-14.159781089105888
16081,-4.548960486444312
16082,13.932031336260248
16083,-11.752882377184264
16084,-19.543418807905347
16085,-7.579307573071958
16086,-14.198036066517567
16087,0.7701899914666832
16088,-9.171348550548768
16089,13.729324818960642
16090,-3.5709793171011555
16091,-22.703290215698274
16092,-0.7056861338407785
16093,-16.1470692518728
16094,3.151702495684223
16095,-4.4620334637784325
16096,-2.5806075559477506
16097,-4.9107274464790045
16098,-6.951375251037593
16099,8.332189786857345
16100,3.1852627535463878
16101,2.4483982072084753
16102,-3.938055632336834
16103,-11.373212761020294
16104,16.121104737687215
16105,4.003355623613535
16106,0.578272180607577
16107,-8.458061890009656
16108,-3.7653933644008184
16109,-8.423751675526766
16110,-30.735560722456533
16111,-0.8816054371910838
16112,10.170114811541445
16113,-0.4227488425792423
16114,3.4168677122866438
16115,1.1298741416225742
16116,-16.76910749163173
16117,6.039938716374667
16118,1.3943929418646412
16119,-8.57054130683889
16120,-15.710407282557611
16121,3.769328983491407
16122,0.7480144329914964
16123,-17.123532893742713
16124,-10.202146037746239
16125,-1.184171257903074
16126,-6.628129007536124
16127,-2.2571594858046673
16128,-7.1143857157605375
16129,5.852820964687046
16130,12.95228992841408
16131,-0.0636102153362188
16132,2.368937791813142
16133,-9.42416231752782
16134,4.618688356553873
16135,-1.7122255731533684
16136,-25.010499520937252
16137,9.996998403804435
16138,-10.10522015111648
16139,4.170801690226707
16140,-5.0924955694367
16141,-19.17824457168569
16142,-8.538920305488837
16143,-15.530479983397225
16144,-13.661823002325395
16145,-4.1739263051434605
16146,-5.883265697853968
16147,-6.712407518293297
16148,-24.206298831693218
16149,-8.76322817085775
16150,8.700801056088213
16151,-9.038566778625917
16152,10.134064774362285
16153,1.3105264683426938
16154,-9.67320783343062
16155,3.624114995949979
16156,-22.21054406981017
16157,-18.823480202669202
16158,0.9799915867005762
16159,5.700746263605476
16160,-8.181377960294437
16161,3.541371140038919
16162,11.568061311811853
16163,-17.005701042635906
16164,-4.329838706750515
16165,11.653048174482887
16166,-4.666665345714076
16167,-21.608940842088487
16168,-3.4327465035887847
16169,-2.5646140418572294
16170,0.9750947347432035
16171,-0.7557579860444612
16172,-0.8243870844984684
16173,-4.529091990454223
16174,12.571005091080991
16175,-3.4065889999075054
16176,9.991286769768227
16177,11.461786534642705
16178,-0.5357064933906699
16179,6.521169693731393
16180,5.923699238700461
16181,-0.32229625049026467
16182,-24.80698629222885
16183,-8.80985887144163
16184,4.734233015712558
16185,11.98547435064121
16186,-2.778786796523441
16187,-8.221081189625558
16188,11.031622499520463
16189,-4.520785623053573
16190,3.686919678187218
16191,-1.3427092776919487
16192,-24.91354476318729
16193,0.31526533192278805
16194,-15.825032746341435
16195,3.431922450529063
16196,15.712686285572378
16197,-3.143272571115684
16198,-7.501418157701991
16199,-12.66232735906236
16200,-9.648649971480818
16201,-12.973252029173448
16202,-9.138831924851509
16203,-9.59278794066919
16204,0.05878881692076021
16205,-2.632608263708306
16206,-9.745835269477084
16207,0.23903446014458218
16208,-30.218508532483334
16209,3.2519040414208984
16210,-8.081438661913314
16211,1.3629537596297663
16212,4.241737095867133
16213,10.721062279020726
16214,2.609998042579342
16215,-7.60692140338114
16216,-3.777778102976633
16217,-4.4941120411812285
16218,-23.789116987889024
16219,-6.884367865683409
16220,-16.50283366852146
16221,-1.641389325111561
16222,5.573228288961154
16223,-6.411503835138433
16224,-38.546196076565664
16225,-23.0918208122011
16226,-11.019710930348964
16227,-6.63225857620715
16228,-35.527927887377174
16229,14.005843960218364
16230,21.544807092630993
16231,-1.685912495548898
16232,-12.569025729072656
16233,0.1815067778768693
16234,0.8104283780933681
16235,-2.3490410360959864
16236,-7.067813154858857
16237,6.049481149849228
16238,2.83233618906514
16239,8.149679008462726
16240,13.016771327306625
16241,-16.40377402194038
16242,-12.090508407985716
16243,33.25894924521466
16244,2.1471077361851414
16245,-9.882501126653032
16246,-13.203909531398256
16247,4.662414840584306
16248,26.057806538085863
16249,-1.759608411024093
16250,1.3359777959732213
16251,-13.220614767360058
16252,-37.07988435484862
16253,19.111184246224603
16254,-15.449567154033485
16255,-12.252703874817204
16256,-3.146448973033685
16257,29.221199450367827
16258,0.6468602010866675
16259,-7.127718122601038
16260,9.169152787277639
16261,-2.927663197974926
16262,5.825201244820381
16263,-15.48675098935032
16264,-13.662314496027474
16265,-0.44861001451227267
16266,-29.791643670090792
16267,29.431316604794603
16268,10.204609463282512
16269,24.97820789385649
16270,30.385491019584272
16271,21.320295672374527
16272,13.544671830965505
16273,16.80219723404695
16274,20.960792886151008
16275,9.612309454451093
16276,16.620571700157708
16277,-5.9661171774098065
16278,-1.0766359062432471
16279,-5.650414694009946
16280,7.618132815470231
16281,-2.9657229159492076
16282,16.221586183671658
16283,15.266633070092213
16284,-13.37444442679649
16285,7.64736072403368
16286,18.169732034016597
16287,10.135548749469407
16288,-8.279972824665116
16289,19.733577795696505
16290,7.27197980298034
16291,25.621241938166904
16292,17.46609298683613
16293,10.62413771150165
16294,18.18051554721559
16295,18.901003865279062
16296,-7.704374623662616
16297,-12.732450106662117
16298,16.91528908623023
16299,11.93273771281558
16300,10.464560510629632
16301,7.549750792319994
16302,26.623335147277057
16303,-1.4468654440513546
16304,-10.484331643375256
16305,10.272476262936031
16306,2.3955494405988897
16307,9.076527170223862
16308,-1.623818340916749
16309,13.407037672496388
16310,6.8997262618621775
16311,8.251648978676632
16312,-9.227548813899904
16313,-7.682318830968217
16314,-18.652891746083668
16315,7.9101958490134425
16316,3.8232767138570836
16317,-3.0796937372496203
16318,13.835794954775189
16319,4.5551605721689565
16320,-30.24519095990957
16321,20.46641336035397
16322,-0.050084373241588764
16323,2.031723959603081
16324,12.885296193208823
16325,-5.446926715067335
16326,-2.622233169361916
16327,-2.72112130838455
16328,9.057990260204214
16329,16.347955966905364
16330,18.9958771189242
16331,0.266301674843735
16332,1.0315019155863023
16333,21.684948458738994
16334,16.528106175645824
16335,-0.9892269433340566
16336,12.878040883208033
16337,21.35718566601423
16338,-15.076267489714716
16339,15.90647334278621
16340,-4.315818424519506
16341,3.541397062887919
16342,-7.61326141621867
16343,9.723440777458524
16344,3.688698571922796
16345,24.625339786222384
16346,29.652579111336202
16347,18.86612449030699
16348,15.745346784158865
16349,23.586070750228174
16350,17.163779847439002
16351,-8.191882568253224
16352,1.1438104543182561
16353,5.806591939755087
16354,5.897758027421229
16355,-0.27946816115955997
16356,16.21364442552831
16357,7.057800394421276
16358,13.563926529738314
16359,2.472191959240785
16360,19.832495983242556
16361,11.2069530762564
16362,-7.710380079616694
16363,18.321777919033135
16364,22.99150701992709
16365,-8.721510445321009
16366,11.99496350290815
16367,8.359906110355539
16368,16.99831098756977
16369,20.43087195969857
16370,2.5092162401770235
16371,20.489924926998206
16372,5.69656604260093
16373,-2.9994156726202235
16374,15.01658273030319
16375,14.76617340480328
16376,15.565750321045911
16377,2.788591425352017
16378,28.221192162308512
16379,5.819897578568847
16380,12.745297345718683
16381,19.50733500663106
16382,-15.624186847967696
16383,9.33893268234489
16384,20.325279122698767
16385,20.577250660292073
16386,16.733534878209827
16387,15.612335187783138
16388,10.677136361589923
16389,-28.37624017288178
16390,5.48153804096728
16391,16.775105580860913
16392,-1.1887944002869482
16393,26.71110245920744
16394,19.41827999583405
16395,12.859820068391283
16396,23.23229852536678
16397,-3.1797686184051948
16398,12.906698302343804
16399,9.243099363085125
16400,-11.308963296550662
16401,-13.112591218443463
16402,-12.34938877606606
16403,18.457845243995536
16404,64.41876233571261
16405,2.621316228779188
16406,9.703430104296924
16407,-29.693115069592338
16408,25.61694706679578
16409,24.307215111918918
16410,3.7230163797321403
16411,31.163501924314538
16412,18.362721949799006
16413,11.97384390265838
16414,5.812967512731925
16415,9.049070279021073
16416,20.24025856245882
16417,-3.6745696961391303
16418,22.406219544309167
16419,60.135570502580336
16420,-4.740637381411055
16421,3.1794932971193095
16422,14.970623808311188
16423,12.161967424170838
16424,25.114439614836666
16425,76.30457303494951
16426,-4.876046472403903
16427,-17.80616328051139
16428,20.870710534263253
16429,-4.418052103461612
16430,71.28703404506439
16431,-8.668659315711274
16432,9.388602474583067
16433,46.44646271201862
16434,13.058580072180039
16435,8.754726123094944
16436,-12.48040202199443
16437,-25.499405440312643
16438,4.314839210680885
16439,-7.868441318050955
16440,-9.172391781924762
16441,18.1496383371278
16442,30.254006635499227
16443,1.0913518127213564
16444,10.097216487648097
16445,7.151607720351761
16446,-2.0710508264290475
16447,-5.88560103124081
16448,-5.08599963607497
16449,0.8748090183377499
16450,31.55910517729236
16451,16.829674887903924
16452,23.3489548892089
16453,-0.39451269449582327
16454,16.944735097003456
16455,23.013314467109794
16456,-3.2185346771569066
16457,-11.703150056727438
16458,-12.07749479215633
16459,-4.40252037466945
16460,11.938969527002675
16461,-2.614072888544978
16462,-0.47357031631413804
16463,-0.03740553027952487
16464,24.107876405276023
16465,-17.383779741989358
16466,24.36243439924371
16467,25.589045949593842
16468,26.723824939977057
16469,6.763633934261275
16470,5.822196878815792
16471,-3.2000832588913823
16472,20.828389449872475
16473,9.963135623072372
16474,-22.596524207394623
16475,23.400400948151464
16476,54.913340381141595
16477,20.094436373570595
16478,0.7471612562957901
16479,4.282579435673293
16480,12.15982611804105
16481,9.63001750488459
16482,13.753611993341112
16483,-19.276070164365592
16484,29.691899706396892
16485,9.506321115847298
16486,15.600612990428004
16487,1.1836000483623792
16488,-0.7364257740365332
16489,-11.987358879020611
16490,64.99173453649989
16491,11.191244189493855
16492,59.48729942789557
16493,-8.658127817533622
16494,-9.01350687284583
16495,-16.09367314958284
16496,-17.63538006764199
16497,-13.948911979578128
16498,11.614380457983994
16499,9.022830597285108
16500,31.920746071064325
16501,18.519824548501386
16502,-19.245610251218203
16503,30.211194879100162
16504,8.912082929250296
16505,6.505142918768451
16506,-26.622588624636094
16507,18.52010249568455
16508,15.27827634810296
16509,8.661958983231477
16510,14.640097511070822
16511,8.218405130649689
16512,1.3793295375847574
16513,2.9249067008401877
16514,16.258628119494993
16515,24.941661676127296
16516,29.881846198282553
16517,13.114946033966943
16518,-4.738661932276763
16519,6.2849487833217985
16520,-14.089647300418967
16521,19.77853050643241
16522,10.123145818224652
16523,19.61819179854529
16524,8.4902928882774
16525,10.514279853468775
16526,49.5356977570238
16527,8.253961314699023
16528,18.94063760905464
16529,14.219323982483902
16530,12.829475671853917
16531,7.322371805384208
16532,-19.81342772795169
16533,14.772632492004675
16534,20.266722559075934
16535,22.23275037360911
16536,-3.049269774023525
16537,4.002661883537758
16538,8.192653363829114
16539,-21.572664737704933
16540,2.824683738227474
16541,-8.214758581294852
16542,19.020105182422075
16543,22.00750239685222
16544,11.717099509193483
16545,18.676622265271668
16546,1.7289312074182348
16547,-8.389662191628556
16548,-19.953555249297487
16549,-17.44954850316617
16550,-1.7993572453558393
16551,2.650840761164348
16552,60.24060452509907
16553,21.54905166659921
16554,28.545880135802808
16555,16.66631543763389
16556,-8.491939388672897
16557,0.7071250811073853
16558,28.264230922716585
16559,12.64590082788251
16560,2.4168631165336
16561,12.196634934967399
16562,-4.197828326771251
16563,-3.767743886728649
16564,-11.418556885788238
16565,19.21491844892236
16566,33.89928126039959
16567,-13.02527664303948
16568,0.07823902557822393
16569,25.308728797180017
16570,-2.5252469334453984
16571,22.92842171572973
16572,24.087917110203453
16573,0.48862144833060484
16574,60.202865461980515
16575,14.657928122587887
16576,-6.900850836612722
16577,-19.455712325240924
16578,59.429552709504065
16579,-2.0954676813614768
16580,18.231576586128714
16581,16.26458531071368
16582,-3.983730845686921
16583,4.400581668968499
16584,12.519459301357477
16585,70.07329316080637
16586,18.01304560423568
16587,-4.840936495529931
16588,20.72561087232843
16589,10.11268226959365
16590,2.069742717869257
16591,23.12309374163185
16592,-7.576566407924336
16593,-15.09112330107196
16594,1.854354732593393
16595,17.278983705900366
16596,-18.390968969629768
16597,10.497405234671344
16598,7.652073912766522
16599,-3.14008148750046
16600,12.256737799644199
16601,-1.105065300434653
16602,78.30531948806573
16603,14.868863223769408
16604,23.811416131824757
16605,-1.5284263953231942
16606,-6.275452718333
16607,14.675074654393654
16608,-22.2452821908739
16609,60.248215795380155
16610,3.6459874746760654
16611,2.2932882132379806
16612,-13.52160219801728
16613,10.745043837266138
16614,3.160614432676134
16615,543.7693021908024
16616,17.41230585076023
16617,165.90203412560732
16618,-21.756861866970702
16619,-29.711075882819387
16620,-2.3651234833264994
16621,5.397497164336956
16622,-7.399942593332629
16623,13.250468526925353
16624,63.7522061835922
16625,67.19772662745561
16626,452.19037383283467
16627,-29.09493326482273
16628,-7.5921906317299594
16629,-10.015522283082273
16630,0.6255561189396559
16631,13.701569382982083
16632,-0.6011852862742799
16633,-5.992551073816319
16634,494.3046627773179
16635,-9.252511747255411
16636,168.9980776706489
16637,6.69081300228925
16638,-6.140143150519922
16639,-21.18969933601049
16640,72.2843728705181
16641,11.015928884558912
16642,2.812530584133702
16643,-19.31598264965625
16644,-20.416686673077997
16645,-18.378302616516535
16646,-19.129243090453066
16647,-9.038977066871137
16648,62.56671368117638
16649,16.938541333055852
16650,-6.68143793005132
16651,410.6872550408332
16652,122.9855453859981
16653,-13.322266019482559
16654,-6.8644523479774335
16655,325.35218323084564
16656,5.483635664965135
16657,8.595156906504467
16658,-25.344087252354306
16659,1.7616804331403237
16660,0.7340321779927894
16661,-3.164692631491981
16662,37.55956506820972
16663,-7.544104162024535
16664,89.97610275587826
16665,12.524317601999492
16666,28.779955900097974
16667,14.334436834078987
16668,23.760023176575856
16669,602.4062064754596
16670,6.4464693027137425
16671,-19.78080901872862
16672,-8.721198524101307
16673,7.55744648208019
16674,632.1132164209312
16675,11.79652930383407
16676,86.23259269619952
16677,74.8624631955664
16678,4.404970603240619
16679,-10.597574979279841
16680,-2.2154792571235262
16681,10.079339892872873
16682,1.5576918674081401
16683,-6.738856819091033
16684,11.32603301990213
16685,-6.556029948096278
16686,6.954844556578562
16687,-9.197748018624058
16688,1.0294855952808248
16689,8.776750277182874
16690,-9.035875185209104
16691,-19.599456811667643
16692,13.12903780395055
16693,71.15195100269086
16694,8.442522082598273
16695,13.6762617121337
16696,7.531904704476171
16697,-8.4194532408819
16698,3.292501735073687
16699,6.924976460144926
16700,5.71703830504892
16701,394.2020933040166
16702,0.47601887976632895
16703,0.09518788168173131
16704,-7.637439559084644
16705,-6.460688564629546
16706,-11.963737323490445
16707,93.70311660164504
16708,-4.891658447174439
16709,5.437706903951531
16710,2.0136402395457758
16711,-25.367166937874494
16712,-15.341158412100683
16713,-9.39397081499941
16714,52.61233121990317
16715,128.94840258961926
16716,3.826630749434754
16717,-25.06087755943915
16718,-1.5502473760173459
16719,-7.004343303691094
16720,457.63095071693914
16721,-0.5084403967745885
16722,454.2183534694683
16723,6.3124188333616456
16724,5.445903722379384
16725,5.223437334513381
16726,-37.88019212040109
16727,467.22195534438987
16728,18.026384126977398
16729,-57.86376690346049
16730,372.84986163366807
16731,-8.6741525649559
16732,-24.537477501840513
16733,20.944567297978374
16734,4.798200456418833
16735,81.88536301349296
16736,7.124123365375587
16737,-7.084772033195627
16738,-34.14499550300667
16739,-11.515234140103132
16740,-3.315987119794741
16741,90.37349044718853
16742,12.148478155928977
16743,18.48047277558021
16744,-17.815914601247847
16745,-8.676817415355629
16746,4.0131613193128395
16747,17.845495260319137
16748,326.9649176578908
16749,153.7189225908722
16750,44.609851042313025
16751,-15.28149537706944
16752,2.524629861686096
16753,6.557538378603496
16754,31.76586200401313
16755,97.94327713809685
16756,217.90706508641986
16757,5.999082675313732
16758,8.097280542679892
16759,1.5275929620514965
16760,12.889486219960729
16761,13.402221050103364
16762,-18.314101499873566
16763,-10.502150092002765
16764,15.167539774190647
16765,49.08698113906641
16766,56.56836938779387
16767,-7.163157236605766
16768,-12.625879056229174
16769,177.86127866396077
16770,96.23591771810379
16771,463.94745099154795
16772,-6.196871719705136
16773,520.6458891596267
16774,-5.481325119025307
16775,59.932246156026594
16776,-7.009415846533898
16777,-3.256435953115041
16778,-3.0043626949218627
16779,-6.890351931968819
16780,291.2460916835189
16781,7.290025366292749
16782,-2.7360283032782107
16783,-8.644471227448843
16784,12.304149198499982
16785,-10.923195206969858
16786,398.73125484263664
16787,16.60075099697316
16788,-7.8871801010513884
16789,8.03542639566352
16790,11.76269717403908
16791,8.500467979277008
16792,644.8197640093845
16793,-3.9875270232047555
16794,510.26088560462796
16795,69.59347045665633
16796,-2.7385785998123353
16797,-9.565935100461502
16798,2.2903506536446603
16799,-20.74160184488558
16800,13.258463750224523
16801,11.100317575452998
16802,-15.096357722451842
16803,8.589467963976734
16804,56.22471625842266
16805,39.87691752984338
16806,161.19716760682803
16807,3.500223494790811
16808,35.02624777301418
16809,6.208624552136554
16810,305.84837676433114
16811,10.291354117399596
16812,15.481158319274765
16813,61.709442454717056
16814,16.411039537202296
16815,-25.783867405633465
16816,-20.42723025795103
16817,64.09355388519128
16818,-7.71978707802662
16819,3.5798589915889387
16820,113.95451339298057
16821,112.43418966156666
16822,5.9278839443118
16823,10.142303985468608
16824,-9.068037399776113
16825,-12.675167797039123
16826,0.9516544454375158
16827,-7.14571639696662
16828,-4.9808024945768175
16829,1.861887936669346
16830,3.880817093711931
16831,-5.7767298537140555
16832,-3.5578987568796023
16833,-4.710681832392737
16834,-3.86356429297917
16835,-6.0339647074850795
16836,0.7133838910112011
16837,10.739690262825288
16838,19.69511440333444
16839,19.61200411316167
16840,3.73295125659153
16841,-2.7061268179893645
16842,6.947267093364449
16843,-2.6368561807245037
16844,-7.274777003510074
16845,6.103407666796732
16846,-7.945949923577668
16847,-6.163104306461978
16848,9.83077775220169
16849,1.4599421413054223
16850,6.624060345632637
16851,-2.9022895766955266
16852,4.487734342236131
16853,-17.00097097321295
16854,1.022540400551616
16855,1.481218501839919
16856,3.3197067778572666
16857,3.9695377886190055
16858,-7.0321618565930635
16859,19.850922726670532
16860,19.76922224312828
16861,0.7395827292484327
16862,6.60179755656087
16863,-12.577946510305072
16864,-7.680071976166662
16865,2.5082805523847664
16866,-9.298473164255817
16867,6.811404524976096
16868,12.07462750588197
16869,-6.885535768567337
16870,10.020903875899648
16871,2.392445536955261
16872,11.856301979299424
16873,-11.352780956079776
16874,-7.398870994325485
16875,-0.5558992201167818
16876,19.719420512451975
16877,4.411940815520982
16878,1.5787152526722217
16879,-19.305868873535758
16880,-11.161538267876612
16881,-3.939608977833384
16882,-11.431319863991426
16883,17.07101742787143
16884,14.606185404903362
16885,-12.464562520801604
16886,-6.267557661867379
16887,-13.944738560328226
16888,-11.676044622536157
16889,10.924103140407187
16890,6.630477744912671
16891,9.938636518651759
16892,-6.366932744085908
16893,-5.99634343111952
16894,-15.604347395136113
16895,-10.730140441722181
16896,7.125339424986544
16897,-15.34499843827707
16898,-14.645092160734432
16899,-12.343262899075569
16900,4.646038028996404
16901,8.417059548405113
16902,5.282394420732363
16903,0.801738406242082
16904,19.67303026994961
16905,19.870751694816754
16906,8.014897297768014
16907,6.421066700022429
16908,9.116337359241397
16909,-7.784522519089716
16910,9.284879746163545
16911,10.34031524381858
16912,10.097056329045998
16913,5.429945524597775
16914,6.145052384781591
16915,-2.5540060263243447
16916,-1.920995472009274
16917,0.22770486188258943
16918,6.49789168446447
16919,-5.097816720303172
16920,-15.345684811966315
16921,-7.59973682247545
16922,17.482578983097152
16923,-4.344356695226708
16924,-6.124361393982607
16925,3.952097287490119
16926,-6.36002877628437
16927,-0.5541144332431003
16928,-7.178532506363631
16929,8.528089422652002
16930,-6.110304481412417
16931,-12.932933642259393
16932,-15.064856725727658
16933,-3.911650307909987
16934,1.231320757712652
16935,5.905528745295674
16936,3.4626431804631412
16937,-7.07061509358158
16938,0.9504391029017718
16939,-18.570137769995448
16940,9.561587351368281
16941,1.6026430753297038
16942,3.2345714910230736
16943,-9.799763280912487
16944,7.711314620159339
16945,4.527963475492426
16946,5.40462323051103
16947,9.874287841503687
16948,-5.236734927643678
16949,-0.6660611635154687
16950,-5.141434878370191
16951,-13.522257380860662
16952,-1.024881243343028
16953,1.1627119669555999
16954,5.475499681026463
16955,0.910197829261703
16956,-14.664478585591723
16957,-12.959117607065654
16958,1.4788398071103117
16959,-1.738592867704078
16960,5.323042815968652
16961,0.4149165708946789
16962,-4.50117901657509
16963,-2.361932440152362
16964,-14.500305382742877
16965,1.1374929694258373
16966,-11.209755354223944
16967,8.468881867793083
16968,4.19736006428678
16969,3.301589542772339
16970,5.761680181065596
16971,10.97063559106589
16972,-10.185099523421904
16973,-1.0061829186070739
16974,-12.616979812688665
16975,5.117797427591913
16976,-8.409962640856744
16977,1.9755879440852038
16978,1.0984720985111984
16979,9.257905272784921
16980,-18.991436790202393
16981,-3.126520593957949
16982,5.903487859439961
16983,4.896745054509498
16984,1.469660318489062
16985,2.596124503584159
16986,-4.78527858867994
16987,9.232296612521427
16988,-2.703143894284043
16989,16.21502247823364
16990,4.391270443707008
16991,6.189070698827939
16992,4.684800955543869
16993,5.740631293219499
16994,-9.628758004552882
16995,-2.2197711718243305
16996,0.5775263809389735
16997,-5.530339413290161
16998,-0.3992142819448645
16999,-21.4261391913249
17000,-1.3166912344577035
17001,-8.963601224010851
17002,5.256840431644392
17003,-12.173618168814297
17004,-11.531185257374077
17005,3.3232601767003462
17006,17.77080637197158
17007,5.813508720934186
17008,6.244149601548719
17009,8.459173101339912
17010,-20.268562403874647
17011,0.9927999568307033
17012,-6.33025642239032
17013,5.320453933513601
17014,-8.749443787432359
17015,-18.226164170816837
17016,9.499661887067044
17017,-5.980392396432446
17018,-4.868543783515648
17019,-11.82201277098294
17020,2.1347606470283154
17021,11.646720423393162
17022,8.799846892356904
17023,-2.0245000774541033
17024,6.511414640298616
17025,9.821716446405912
17026,-4.42817859611684
17027,-4.439886207198029
17028,-2.9827658902442664
17029,6.8224537973105495
17030,-1.3746108905626357
17031,1.1708924008372925
17032,19.81774295109205
17033,14.069637623158755
17034,6.52420451621175
17035,-8.356478068409675
17036,9.945979801119467
17037,-9.66699548356111
17038,11.238901042203864
17039,16.369367870381105
17040,25.39434578992888
17041,-11.825558395744629
17042,-24.014955921104985
17043,-16.63399307150499
17044,-12.22228579738757
17045,6.160544017215024
17046,9.621810477445978
17047,3.997122490006129
17048,6.852247325959826
17049,-10.722859092497465
17050,-0.12884166822026444
17051,0.30572765325332796
17052,-12.988293600278592
17053,13.821803633756083
17054,8.672362775696143
17055,6.931987961301763
17056,-30.60857174172334
17057,9.987890746384597
17058,9.36635269162984
17059,4.387312422484195
17060,-3.6020099486552617
17061,-25.429888542575767
17062,0.9222606040862811
17063,-14.887288223275448
17064,-9.500098701090213
17065,-16.061949706065263
17066,11.959842200059427
17067,15.540153341978765
17068,25.2380625139698
17069,20.19455404855531
17070,24.413666481247454
17071,13.85616306032115
17072,12.471788920930472
17073,11.528878942216673
17074,-0.4649013468840515
17075,8.143312558736433
17076,14.960072004239052
17077,4.807156300703193
17078,5.263471344061429
17079,7.128698918280351
17080,13.83535744304681
17081,-9.437806357615855
17082,6.497327118462108
17083,23.7904561676131
17084,17.193359766404487
17085,-1.6988846412037617
17086,0.302876668848036
17087,10.58807609607463
17088,-21.97019400357022
17089,18.16776847296011
17090,15.034249869926915
17091,-10.865590831781706
17092,-8.455233712778782
17093,-22.84030411511958
17094,1.8455738858193111
17095,4.465388422696698
17096,6.294286174441229
17097,16.491181521596427
17098,-2.8671719800191404
17099,-0.32583849045454727
17100,3.702744621863511
17101,14.964763268447994
17102,-9.951997391983848
17103,3.500244781322685
17104,5.882965548993065
17105,-0.6869295311466352
17106,3.1845012273388313
17107,12.029757838455279
17108,8.317173803582143
17109,-23.11679319071382
17110,8.379948189773742
17111,-14.513797767339234
17112,6.480527622737451
17113,-1.7476165540192845
17114,5.6293357532977755
17115,4.049838779729727
17116,10.932456978409407
17117,-12.421254022082142
17118,-17.66348683975616
17119,-23.584695656807284
17120,-17.671341520477988
17121,-15.272698430719561
17122,17.164887704563938
17123,5.732877799508305
17124,-24.215176111750203
17125,0.3035415246198063
17126,17.57967608675719
17127,12.572190140142265
17128,-6.622467614890965
17129,-3.5887517301624783
17130,-10.81231973814442
17131,5.660844783120954
17132,-6.254802139988232
17133,-6.530288312536886
17134,12.583025898519834
17135,-2.5789324251168644
17136,-1.8680838070584826
17137,-3.315223297535365
17138,12.150365430707472
17139,-17.339065695302423
17140,-3.2108092632952108
17141,11.592922684125602
17142,-24.044148841713067
17143,0.9393915437287319
17144,-0.22660031700119632
17145,-6.835704127452146
17146,6.212252110911795
17147,2.4760241420500844
17148,-24.716297466899015
17149,-7.423132070154317
17150,-15.147505001993324
17151,-19.085702709117946
17152,7.89482520857387
17153,9.399577949292041
17154,22.372012533748197
17155,18.98127872232644
17156,14.367288595896824
17157,-8.37624753678924
17158,-7.841665373495211
17159,10.143123741427624
17160,-16.404985370011886
17161,-0.8505485238050454
17162,1.2851171052208965
17163,11.093876531049649
17164,-7.917448192593483
17165,0.9600973598385067
17166,16.352076654802417
17167,-1.266085707202187
17168,-4.451486673534372
17169,5.904042010618317
17170,20.010435203756188
17171,15.616092116140457
17172,-16.178079748137904
17173,8.470646300260029
17174,1.91589803466273
17175,9.648894193876338
17176,-13.244882194432616
17177,-18.66872982968986
17178,-9.622653577750516
17179,19.79987327130368
17180,0.738180566791776
17181,14.522388018338505
17182,14.290199860735143
17183,-1.3103579542170785
17184,-17.189352837139715
17185,1.3009498108683673
17186,1.6931699120459118
17187,7.104238172341228
17188,-12.875154196722452
17189,-14.652373266884805
17190,-6.091353847655334
17191,-7.219472489147481
17192,17.40964169345383
17193,-10.501980975081526
17194,-1.8563881189033111
17195,-0.18695866255981386
17196,15.271002123114894
17197,-6.649779463590026
17198,-14.870080016302147
17199,5.563047574263798
17200,-0.47045615872021784
17201,-5.6638953172228526
17202,-19.49796073727328
17203,7.097325944606611
17204,9.280901243357192
17205,15.342374451804845
17206,-3.825296812732013
17207,-4.8242594110015204
17208,26.02561692162287
17209,7.330632622101353
17210,15.27315358015107
17211,9.154749104155911
17212,-4.266553654226314
17213,18.395725637859734
17214,-2.135466644358175
17215,-0.4276472806621321
17216,-18.61061205970281
17217,-22.355604023963544
17218,-26.269813378666072
17219,4.640154838253816
17220,15.814730204097796
17221,6.059896751760947
17222,-19.511132814665757
17223,-5.273488987429701
17224,22.1097271253274
17225,21.93303511846856
17226,3.3323770734613056
17227,9.4764843142361
17228,-19.80843306184402
17229,0.03718156294881325
17230,4.411156343808356
17231,-12.152061980692665
17232,18.025659013341013
17233,-19.357397110378194
17234,-14.52630069585878
17235,-10.833995606445686
17236,3.83169265959992
17237,20.499321778022964
17238,-6.949409847988591
17239,-12.313696958398971
17240,-8.073716874632094
17241,-6.333692601453755
17242,-1.5233570715634777
17243,-20.047147612424432
17244,-30.586499907194494
17245,-5.756486141220471
17246,-9.817879207206161
17247,-11.56679806434541
17248,-18.141947317428695
17249,-10.135530728339866
17250,-6.451095210130539
17251,6.793295068835915
17252,7.970347085298799
17253,-12.540045966120275
17254,3.8267157959710083
17255,7.951829516177471
17256,7.225634744249877
17257,-18.82963173964223
17258,9.671540849911029
17259,13.034566722729068
17260,15.015337267027302
17261,-1.5785383998260656
17262,13.435029959727983
17263,15.6521685547763
17264,11.53905604202324
17265,5.944786493740262
17266,-5.9771150965767355
17267,-3.900105452839618
17268,-19.980312203302404
17269,0.08084593821939023
17270,-12.900027273644461
17271,-2.942109600205505
17272,-23.421895923197773
17273,1.3489502154585082
17274,-21.164779235847526
17275,19.88590028531137
17276,11.201039776267468
17277,-2.3662957044397253
17278,0.2424662755684288
17279,23.1340238522898
17280,15.355316805287952
17281,-2.605880315168271
17282,-2.674998580524356
17283,6.18396921712989
17284,-9.122958584193036
17285,2.7964702783237207
17286,4.908728956774345
17287,7.964928307495848
17288,8.36808512615519
17289,-15.207256109395512
17290,7.2655683772684725
17291,3.2057776401042624
17292,-4.70110054761712
17293,-6.501448813352116
17294,6.2020756451829975
17295,4.639806569853027
17296,-2.208442257387077
17297,10.081439706151746
17298,5.592383167933006
17299,-1.8320859890501673
17300,16.383933741603517
17301,28.26435016023151
17302,0.629009349496469
17303,-3.4208282483892667
17304,30.770559053628986
17305,9.139136271789372
17306,17.51408977371661
17307,14.872057052163854
17308,10.942457580696956
17309,20.432965403262877
17310,23.204903994148328
17311,21.335210088231868
17312,2.514835581839339
17313,-9.954106066724812
17314,7.8977883552300145
17315,22.19840077755178
17316,-4.926817101090208
17317,13.49790541348113
17318,14.784343140106946
17319,8.444281782354857
17320,21.053744928876625
17321,15.395837362111397
17322,-7.796644360519576
17323,6.835510994776701
17324,-1.0365304562659432
17325,3.4600013974260193
17326,0.10782471257034132
17327,-8.057731781588174
17328,-12.581775145770315
17329,20.74791931194128
17330,0.8380382672595719
17331,13.772660485160564
17332,1.949401534043096
17333,5.203450586998516
17334,43.227594856411116
17335,-5.174805353859629
17336,11.939430442307941
17337,13.209005490048238
17338,13.848039446743048
17339,25.405466449462004
17340,-7.866848946531405
17341,8.205687866617223
17342,5.033043491557759
17343,-3.9897246896273515
17344,10.92799533136305
17345,31.163381437139243
17346,68.734495559061
17347,23.28894928494212
17348,12.1436448116558
17349,16.38744399180754
17350,3.315414327875647
17351,5.502346631507951
17352,-5.069156194255271
17353,1.9403250991591392
17354,57.97813158886119
17355,7.5131571923931375
17356,13.086292074109698
17357,6.674155790441821
17358,-11.111773807784843
17359,-7.641200766896787
17360,-3.5833975463795866
17361,-3.0421390978872793
17362,10.825781505336657
17363,0.4204770281170269
17364,3.796511067038905
17365,13.734804620776474
17366,2.5932288330478652
17367,11.868306987360484
17368,-8.271120292463959
17369,50.559318786669614
17370,-3.2422379674252504
17371,3.367543531166234
17372,10.886500305156623
17373,16.35292866563769
17374,20.91880038641039
17375,50.53866723856737
17376,12.975544904784316
17377,8.599160620627567
17378,6.908386349940423
17379,6.993898451691718
17380,1.113879718488036
17381,7.650301101859565
17382,-12.773643824999425
17383,35.47291491350737
17384,8.018813013218997
17385,15.78579331583146
17386,12.567636771601416
17387,-4.149892050487566
17388,24.872491836326777
17389,22.453913945312685
17390,7.021193081843469
17391,-0.27244077445634574
17392,3.167989164501801
17393,9.210262673673483
17394,29.822371934090288
17395,11.59369819778638
17396,550.1231784830476
17397,84.62106683200997
17398,2.780669639044575
17399,99.70664710621443
17400,605.400907088474
17401,17.534741043476085
17402,4.059631455206031
17403,15.48356788004382
17404,24.61892741819012
17405,-11.050904182622645
17406,-6.423890519926928
17407,-16.765807990385767
17408,14.958984233646325
17409,-9.862409801414671
17410,-5.727700126546377
17411,-6.280164202204649
17412,11.704248009189914
17413,-12.479466421614958
17414,7.512168533072179
17415,18.854252657240576
17416,-7.975293844842959
17417,-4.302962713639726
17418,21.929221236304024
17419,35.537720843468854
17420,9.925842735581332
17421,114.05602998873103
17422,6.8834247299321145
17423,118.66599496266643
17424,-8.77169827370728
17425,732.6639935110447
17426,5.883277325720224
17427,71.77416586917178
17428,9.921040896108954
17429,5.5669847718817
17430,669.9635317760661
17431,-9.961830325524794
17432,-6.435896723783042
17433,9.055299011667763
17434,0.051477170570500164
17435,-11.224110444361632
17436,-12.164973494955088
17437,8.534780703479381
17438,380.88592952747905
17439,-3.7185949242365055
17440,5.7941205143138035
17441,502.17051338678226
17442,128.15503730899707
17443,-1.4089682051969064
17444,-3.4468200193976024
17445,224.28215444671702
17446,18.51753155101341
17447,260.2652075049078
17448,10.655770932161321
17449,80.8508385118553
17450,68.08733788850049
17451,-12.284356396414658
17452,-10.86767429114349
17453,1.7556048567485334
17454,3.1653240988372993
17455,1.4785271964293933
17456,7.416929777614316
17457,0.7211899635857879
17458,5.246653399347135
17459,-3.198328736753407
17460,2.4834945728975626
17461,2.3810515136575727
17462,11.33543059942355
17463,5.679094168918667
17464,4.964082690663119
17465,3.9177331767699073
17466,0.13840174165759933
17467,-2.6791190954637045
17468,-4.088895415545434
17469,3.9798651754238907
17470,8.190760712107348
17471,-2.882332647427443
17472,9.64496656228459
17473,-6.846595755893087
17474,1.7495491918971915
17475,7.093187303226292
17476,3.379408672742853
17477,12.690918314489112
17478,1.8652356936512877
17479,0.6550440881434376
17480,0.1489397510519339
17481,3.6423152595897577
17482,11.101077579674607
17483,2.8651811489346564
17484,7.272238801213923
17485,-0.5076161672965895
17486,-2.5466292322797806
17487,-0.23919570709952964
17488,4.412486987405316
17489,10.898326880771258
17490,2.503313901097002
17491,5.0464337650752835
17492,-3.938639368921123
17493,-4.826408798821856
17494,-10.819997212328957
17495,3.6497859830891954
17496,0.9967246025887313
17497,3.1943498788572278
17498,0.4155956187743417
17499,4.056602907528157
17500,7.126171846845203
17501,5.37893826682631
17502,11.16591072301846
17503,5.824182017453952
17504,5.6110002676812645
17505,4.482043537370222
17506,7.352599735633397
17507,-7.899837827152179
17508,6.734736809408481
17509,1.577744711976992
17510,2.308951017945411
17511,6.548002122256072
17512,-19.119417423323213
17513,8.458185452950197
17514,4.33039126157051
17515,3.1644098584332525
17516,8.83751099497588
17517,1.3403823370514925
17518,-2.82788683780754
17519,-16.959278565093
17520,6.060878642124669
17521,-10.634873517161648
17522,8.876945799924153
17523,-8.364166453770686
17524,5.0470949484559835
17525,9.480014406265184
17526,10.62041408409577
17527,-0.12103849681376033
17528,-1.669812426851422
17529,3.020510931603539
17530,-0.08365240825361298
17531,-8.85166846005902
17532,17.143142799874326
17533,21.2335982246204
17534,3.1643363534606834
17535,4.178970573231576
17536,11.149517464201022
17537,0.8076183217971558
17538,5.256829666543663
17539,8.385399987519417
17540,-3.196420086281176
17541,1.9631238739707602
17542,7.833810100908234
17543,-4.490272895732829
17544,2.6720921519162033
17545,4.64292602569817
17546,0.31058475486500114
17547,-17.268746844046113
17548,12.082684520895793
17549,15.319086435298825
17550,18.614754406415067
17551,2.767229647567575
17552,-6.329860873036772
17553,12.81342365264602
17554,7.601671247031934
17555,4.133401315554613
17556,1.3617124662534685
17557,3.534445526514684
17558,-0.06720149820780108
17559,-10.647272798789988
17560,3.828800529166198
17561,11.15755454009831
17562,8.079854116473253
17563,4.920946686344992
17564,11.91280021152939
17565,-9.668881744785377
17566,-9.229246700412958
17567,2.948301208818931
17568,-13.897514836969194
17569,-6.590625878345314
17570,5.584564175975277
17571,0.37936682401754673
17572,-4.377173698497586
17573,8.572034239922367
17574,3.5994141669402158
17575,11.582751764465668
17576,-6.209804152031804
17577,3.8925699530925773
17578,5.146865189019893
17579,-2.5079323213859652
17580,10.377261508176918
17581,21.600025296455534
17582,6.69840743250519
17583,14.68527725394441
17584,20.39979259502414
17585,14.57479844616527
17586,31.090384303561038
17587,12.94629906900314
17588,20.066623129710038
17589,7.274658520294826
17590,13.289093581882971
17591,-11.668321641883189
17592,13.355999421788916
17593,-3.3891907484842463
17594,13.604477921719376
17595,-18.859217903953287
17596,12.82471646748129
17597,5.858432679636891
17598,16.189432651562775
17599,31.51329408417476
17600,-11.915222029922504
17601,29.696891825594754
17602,12.6483250113762
17603,-0.5844425447582537
17604,23.235014192120563
17605,22.4574480136666
17606,3.1545611199886263
17607,12.96153637800171
17608,21.826274839218655
17609,-8.122293288210276
17610,18.873042565746985
17611,10.174770393748169
17612,20.379051609497928
17613,-4.405483942649102
17614,1.5512862607592481
17615,22.07838476263746
17616,21.662308216933766
17617,-2.4142407576743636
17618,19.238167244888782
17619,21.333607829434136
17620,37.47414640061419
17621,9.487187861250934
17622,25.657716394065062
17623,9.175485816530426
17624,10.282761759240964
17625,3.8606760014277715
17626,10.492976070741287
17627,8.304574498665772
17628,17.474316686776323
17629,12.588499514571513
17630,25.042727814616008
17631,25.911893972268974
17632,-3.136562393443281
17633,37.32611218434444
17634,13.731967210926546
17635,11.736731319968392
17636,-6.986427846628107
17637,6.3335102217663
17638,-0.315446277140083
17639,10.74462379628014
17640,11.27450366297795
17641,12.505514216687942
17642,10.157888211664115
17643,28.401393415830114
17644,3.9374858530263026
17645,20.577987101368254
17646,-15.615186060989625
17647,20.251741634099584
17648,17.07508066883618
17649,-1.787514896799891
17650,9.12468729041175
17651,16.313935170482086
17652,18.728742788529015
17653,3.2137100570157884
17654,8.67335758052815
17655,-7.907860279160889
17656,5.365282411702767
17657,-0.0401791808568035
17658,21.579485283004537
17659,7.936997072357155
17660,2.945172960302626
17661,19.44825320685647
17662,4.953777390145868
17663,7.101000520702925
17664,-1.4174152212436653
17665,38.043643352505946
17666,-17.013326390925073
17667,30.414755799093072
17668,20.197266832996675
17669,-0.2958728905444481
17670,-8.809437261900506
17671,-0.8952428998224597
17672,6.62375393225517
17673,8.848440363201426
17674,11.692554598173402
17675,12.630870574120788
17676,0.6616734646590015
17677,19.03582238659713
17678,-4.372378222279309
17679,24.699473110353622
17680,-3.4085007423760594
17681,2.1697591588811243
17682,38.438459978060024
17683,-2.1441277650121755
17684,25.070599305347876
17685,25.507669299582158
17686,-10.237440714335698
17687,15.990342488742057
17688,-3.5322846385379023
17689,19.5429266326502
17690,-4.080366863165125
17691,-9.334381083286608
17692,-11.025456004359818
17693,-2.9734768140283485
17694,17.258360062194267
17695,18.668313683872597
17696,2.9510985398561917
17697,15.279687654289468
17698,-1.0717282183026526
17699,14.42370334612367
17700,-11.829627049623106
17701,-2.84626126550177
17702,23.76409814983427
17703,21.337319677750322
17704,4.89539967514747
17705,11.539574005690156
17706,45.6474347675715
17707,0.9195585255285135
17708,15.228967982685266
17709,-3.6931489202712697
17710,36.28208011886454
17711,7.90527819120701
17712,24.261685069442695
17713,9.132541911857675
17714,23.51173841760606
17715,12.430718460106448
17716,29.185156106335285
17717,14.14214326769098
17718,38.479879402459616
17719,1.165126122227587
17720,14.983781528947139
17721,7.341340088778628
17722,-11.731233381824673
17723,10.876196283136458
17724,46.79318422074613
17725,6.192629520099143
17726,52.790689449233035
17727,5.874755729149843
17728,-13.934729669217493
17729,6.765752844723076
17730,-13.972461872757918
17731,13.090231843688766
17732,2.4055262911863142
17733,19.139388748926404
17734,6.4476711273100715
17735,35.5626976958898
17736,2.144944734542406
17737,-3.097318893335185
17738,66.24256088416976
17739,15.145453957627996
17740,7.479318072521661
17741,-7.898902261326462
17742,18.096058208890838
17743,5.5939906205864425
17744,57.53697484031393
17745,5.452373784606792
17746,-17.047429407466822
17747,6.380001097382943
17748,-11.638557331566801
17749,-7.110179920151868
17750,-10.796179623694872
17751,2.0782561292322175
17752,-3.5907264462482757
17753,-13.499930047853546
17754,14.242713277119387
17755,4.598590391352404
17756,-11.404691449390068
17757,5.548815377611437
17758,12.038197435783474
17759,23.511332987659117
17760,26.216685582201812
17761,8.64675233995752
17762,-0.4699094990929389
17763,-5.637787223841023
17764,-9.537908994724752
17765,-7.077531829090681
17766,21.78192111120753
17767,8.354890310093605
17768,7.199506838089166
17769,3.5937876023476125
17770,15.651637258702639
17771,20.79651501566295
17772,55.350206079138665
17773,3.544373792832177
17774,-3.764364338128839
17775,-15.13805202237825
17776,2.00406615647551
17777,-5.2428141148796215
17778,26.32582206596488
17779,9.106463254776736
17780,56.976903244730394
17781,16.804944862760905
17782,10.679536470978894
17783,48.19096505121527
17784,12.84978314155639
17785,12.806998176104685
17786,9.92431138577205
17787,29.520305382635968
17788,34.651258320722626
17789,5.2500976715130925
17790,20.33149127376872
17791,1.995775871147881
17792,1.420137000366413
17793,17.720919256401363
17794,9.500108518585726
17795,4.183017209929291
17796,-13.28592638679428
17797,14.907425153154275
17798,1.4176699240845476
17799,20.72191592461485
17800,3.5837197116784996
17801,15.490412852431557
17802,13.049945534745204
17803,-9.84986153947191
17804,-18.91180799552565
17805,5.577127543373864
17806,22.69958172533579
17807,-5.014822892999092
17808,-4.486575784574402
17809,51.5954969799816
17810,15.717715852862101
17811,2.4344268980104555
17812,14.96240098104141
17813,10.134805020473156
17814,2.5921826400317194
17815,-10.560324062326412
17816,15.506312694075397
17817,8.618258357323445
17818,2.541629576126569
17819,5.826973799934274
17820,9.771318798802273
17821,11.980046191841472
17822,0.057741803522315394
17823,-2.667964490665355
17824,0.1572391903416417
17825,10.932224611124322
17826,7.639080377851197
17827,23.226123476921924
17828,16.10235225295619
17829,12.852638155850105
17830,11.215232047181116
17831,-5.427219014022764
17832,12.251825049974633
17833,-7.31803829330773
17834,16.463158248199548
17835,-8.044549630580757
17836,55.062420547679835
17837,29.40937780492886
17838,36.94589627200865
17839,-14.104977875157633
17840,38.78992874194553
17841,-4.213746280412906
17842,18.653438689555927
17843,8.850129781098097
17844,13.332317714686589
17845,15.475603518427832
17846,-2.405342510949257
17847,22.782340609659453
17848,13.899343069936288
17849,16.407829794318292
17850,11.74921186233435
17851,6.73960942636562
17852,-15.96557552445482
17853,17.181438628741525
17854,4.332946976896851
17855,5.255730438001422
17856,19.37172790024722
17857,6.3860690052566
17858,65.47945648300106
17859,30.010876659125174
17860,5.322361069130789
17861,11.689256546926352
17862,10.153468451512452
17863,21.732516786066423
17864,6.147090232359073
17865,7.079180555067852
17866,18.15224118682374
17867,48.59541733252247
17868,25.174185174947596
17869,4.107600219827342
17870,8.937805281641658
17871,17.18933889791788
17872,-1.5078569137877693
17873,-5.515151614395233
17874,-0.35779506258286986
17875,9.874267193389418
17876,24.573478649696604
17877,18.20511234635701
17878,-21.88138613639842
17879,-8.644422791723464
17880,6.480958177946604
17881,10.470909525296488
17882,-15.062742869590636
17883,-6.249114555705521
17884,9.696614755123118
17885,-2.8539341371106346
17886,-0.31923748026716936
17887,0.918477141408129
17888,23.61920861862886
17889,-2.8472353804062642
17890,2.202932357948889
17891,6.3373102278447995
17892,-16.510564279538293
17893,-1.4536374202720097
17894,-7.447567380262605
17895,3.775528926582199
17896,24.182236017652233
17897,1.0202068620601619
17898,-11.689868601834604
17899,-18.81969365285714
17900,0.04414682578615725
17901,0.3912195293481062
17902,28.123621426944016
17903,-10.635795438267337
17904,-10.769531924539429
17905,24.274033717613392
17906,2.507883506503571
17907,3.474253335916318
17908,47.795130557547026
17909,16.617416333368272
17910,7.846408017261403
17911,13.134154110313299
17912,9.132221554348874
17913,5.294116310991749
17914,8.834961154221071
17915,7.717062572483368
17916,419.3454331792377
17917,24.088655473869345
17918,19.955259962837726
17919,-3.6874678874637112
17920,-10.527445717393043
17921,235.85697900586075
17922,4.072448585134715
17923,33.86093229507797
17924,20.088251588233447
17925,5.430522899452088
17926,15.87636320731758
17927,-3.891843189306403
17928,4.5193175153550165
17929,-9.853846284498182
17930,42.964717778126705
17931,14.214461537887468
17932,115.28418739607045
17933,9.335422307186741
17934,29.308077496519942
17935,98.07004988070342
17936,61.61484806464137
17937,417.78195506828814
17938,15.871014903731643
17939,-5.928858457274778
17940,208.40037981472452
17941,12.937281767091461
17942,15.351453744825664
17943,-16.267477688164412
17944,19.594694026487556
17945,3.810728534861843
17946,0.30218295410860385
17947,4.9284526000248405
17948,23.82298968016805
17949,10.885955044921282
17950,12.34857920187759
17951,0.709621469799492
17952,-17.46420897682176
17953,-7.865562023587465
17954,-1.2586356229755857
17955,-59.64575043362241
17956,86.28131720860809
17957,17.681316917515606
17958,-1.5269812841941466
17959,21.022925795235064
17960,-8.306369998387112
17961,-12.381151328794594
17962,6.930527623319465
17963,-1.276309378612762
17964,96.5791579574313
17965,17.848335040474517
17966,10.143366778042612
17967,-0.5331817198233999
17968,-2.210470088419587
17969,45.734501922742055
17970,4.089307797090763
17971,324.4467651218896
17972,-1.0953701669698006
17973,-2.2118349330028053
17974,29.610195663996244
17975,52.20903704455691
17976,537.2919845482937
17977,50.27931906228269
17978,37.0180332041061
17979,19.283745264523795
17980,-4.888192376153697
17981,18.33500785668262
17982,-7.989647281768413
17983,-3.0051812927775536
17984,424.809673729508
17985,-15.823785577890938
17986,-8.558004686931596
17987,26.17231768193811
17988,13.388468355291115
17989,44.21746092787442
17990,316.4128508546662
17991,-12.6006082447919
17992,-7.698800483785867
17993,6.963803593730068
17994,271.18145483742046
17995,174.73581750505457
17996,11.607968142803177
17997,-7.610341165088368
17998,-11.81971301909715
17999,54.229532931661055
18000,-11.640578066874266
18001,0.17069151124808712
18002,172.83159491651108
18003,4.105515965564624
18004,14.88190538596503
18005,22.376038685335786
18006,80.21452741580376
18007,16.679026686471985
18008,18.06594377245683
18009,-15.439609850120661
18010,0.17943220091775913
18011,-19.78322081445375
18012,-2.435385085319929
18013,40.54070403893945
18014,-15.669024981114873
18015,30.590149237439597
18016,11.30477944946201
18017,82.29207213303049
18018,-17.62903640571188
18019,30.559750014229447
18020,456.14538899201386
18021,51.799646480348834
18022,-1.0936542611183242
18023,-3.1435870771656695
18024,323.97445502601937
18025,-3.5110035416470247
18026,13.55944938169676
18027,1.5941582872708953
18028,169.80719771224557
18029,8.176745243621488
18030,96.17565640168034
18031,9.827742508655009
18032,-23.800351104211934
18033,524.9242212039429
18034,-9.468183737408925
18035,289.7335149499577
18036,2.7871154076492264
18037,-5.717361349338397
18038,26.50425275431946
18039,17.646867843488803
18040,2.4377527337009415
18041,6.191187000974876
18042,-12.03914006285503
18043,21.485239609435897
18044,-20.242206837685345
18045,2.490405891929699
18046,224.68852099586013
18047,2.8578341482757104
18048,9.044143148433637
18049,85.59918384104921
18050,448.2034201406494
18051,3.005844287211138
18052,16.787215319630644
18053,-2.9655608907228093
18054,-15.344879155233379
18055,-12.30318203129222
18056,17.799860287811477
18057,66.85790923710384
18058,9.78514030601546
18059,16.598573984912985
18060,8.1531258599555
18061,4.846713049085825
18062,12.49634165868561
18063,273.5283526626076
18064,-15.734740238016059
18065,-11.785617256266729
18066,31.44467043667248
18067,94.10406165333947
18068,11.529688540977235
18069,180.6615965979036
18070,-26.700855516700237
18071,-2.6049405629647993
18072,240.33616426725405
18073,47.12483386961425
18074,51.588429169412215
18075,479.59122916439327
18076,12.389546659667968
18077,22.687133422481637
18078,6.900583128165168
18079,11.113074138648226
18080,4.10326626159465
18081,25.75679913706915
18082,4.796939847360813
18083,24.56443690212957
18084,12.8449234170897
18085,19.2742822116685
18086,18.411771055819603
18087,197.50645899790007
18088,8.121969060156971
18089,-5.834979311502405
18090,-0.9411659375966721
18091,9.661167239519532
18092,13.410517571483643
18093,19.10655292016122
18094,-13.142689536333855
18095,81.97177434547525
18096,1.9309783303827874
18097,116.03965574477249
18098,131.9155309102448
18099,-10.98302009844723
18100,-19.90199219255517
18101,-4.930669415577562
18102,3.0791703726607285
18103,-1.6845834076057251
18104,10.26115168248778
18105,115.80477103107621
18106,7.654743665269182
18107,-15.234509229320896
18108,10.983742764833003
18109,-8.375242212825228
18110,30.288123580368065
18111,2.2186442019315002
18112,4.530733648640082
18113,22.932633923021342
18114,7.400155754317787
18115,2.6096361343620096
18116,10.845527092351215
18117,523.9440006910422
18118,-18.862000706782432
18119,23.352197040773586
18120,-6.894247913406268
18121,-11.839922965919971
18122,697.6380799550172
18123,4.719115096189787
18124,2.810392609226037
18125,122.87805069606692
18126,-8.808211572716221
18127,0.5027830708518106
18128,-15.181593344871725
18129,-11.717272386513486
18130,-13.298261909529739
18131,-5.822465978896595
18132,1.5712124761835096
18133,-13.588164338974007
18134,4.854762324899015
18135,3.6929829608757903
18136,4.694510072572017
18137,-11.142581565034565
18138,-14.250834323129535
18139,-15.130047650003107
18140,5.558082691544586
18141,-1.5063314003963768
18142,8.087737349389888
18143,7.837817513599797
18144,-12.519293089029475
18145,-5.196194104264507
18146,-5.007739884003705
18147,9.164420609430891
18148,16.871478681194098
18149,-6.614898265665616
18150,-0.5768517586148256
18151,-13.177915659520394
18152,9.004282277553319
18153,18.077972959149562
18154,15.941650720123597
18155,5.008804436473875
18156,-7.817260736068665
18157,10.745899998678059
18158,-2.5815171087958078
18159,-11.807222800077799
18160,0.6452851528653838
18161,-7.50641930237332
18162,-7.730230704854616
18163,1.048067056820777
18164,0.3332725097946625
18165,-2.6137501531461247
18166,-7.246712964812364
18167,-24.458115467313554
18168,-6.602618549069113
18169,-0.7228229516211613
18170,0.38486473165002266
18171,-11.554163805113706
18172,2.0429146529415156
18173,1.2419570127163357
18174,-13.54632700678459
18175,-6.956150096492092
18176,2.4834052718725417
18177,2.7157940183439777
18178,-4.062447852175978
18179,-5.894787948364211
18180,8.426910781666365
18181,15.00442239803952
18182,4.4024533075382735
18183,-12.785889761605851
18184,6.214245124403908
18185,10.64838010012765
18186,-12.598492816542198
18187,6.591176223676701
18188,-15.172929050890577
18189,-1.4175623897191478
18190,-13.055919840932383
18191,-8.90843546090704
18192,1.3123644784450565
18193,13.953600798815689
18194,1.1988809735678991
18195,5.13941157632385
18196,0.23053948166306526
18197,4.92913561490324
18198,-6.650585028342544
18199,3.44982922292451
18200,-2.7416145583417197
18201,-9.270633854147835
18202,-9.729246325866008
18203,-19.307957993349923
18204,7.85346093666956
18205,-4.904114524909012
18206,15.80814868094768
18207,7.4073418164087865
18208,4.40485505147781
18209,-10.313356108646783
18210,6.327664450562896
18211,-13.422554329539508
18212,-22.226674621415142
18213,0.7695907727163167
18214,-1.4887557498035306
18215,0.8701778747155071
18216,-9.695517329720541
18217,-10.655980698066575
18218,-10.334868256053223
18219,4.15851294085839
18220,-5.9695635635990705
18221,2.2907433906953187
18222,-15.064622669028616
18223,4.290988762917447
18224,-10.35350512490967
18225,14.638512061752442
18226,2.3219365928997693
18227,-5.484931092888296
18228,-3.4034277420592076
18229,4.651036016067746
18230,1.5800990963045827
18231,-7.973951390010058
18232,-7.351781244545645
18233,-11.576078631662146
18234,16.805276540974795
18235,7.75214623894872
18236,-10.165925629866791
18237,-2.2371027422602623
18238,-10.158273941622681
18239,-7.532741028036664
18240,-6.569160785643948
18241,3.274687739107037
18242,-3.4916533927837534
18243,3.6868427570674953
18244,-21.529850191618713
18245,15.624113209724687
18246,7.5452283898382575
18247,7.407628174835059
18248,-14.900903223509772
18249,1.1883407562542594
18250,14.455172595028317
18251,-10.7953757166445
18252,-14.042249868187348
18253,-8.470006639217818
18254,0.029780775964798778
18255,8.432587517727372
18256,-2.8847956502702523
18257,-17.341033944003996
18258,-13.384740727164615
18259,-1.5329301103487118
18260,0.006925967095494201
18261,5.325290383938746
18262,-10.919149962701894
18263,9.617941616995004
18264,-7.550608399556843
18265,4.705532866661635
18266,-13.565770298148792
18267,17.666919266108433
18268,0.11381459520759662
18269,-14.25404141565479
18270,8.207789233383757
18271,-14.299936196812759
18272,-15.624467399170438
18273,-11.0560012067949
18274,5.322008961782926
18275,0.2142349860060282
18276,-0.5051570724985694
18277,14.309564331903875
18278,2.7500252326195707
18279,1.979426363287427
18280,-1.134764979521698
18281,18.24693027878704
18282,-3.8620825807116184
18283,12.65734391076218
18284,14.497858286925105
18285,-3.384777171352109
18286,-4.3988450511200305
18287,-3.944547185168812
18288,-6.618720975345106
18289,2.0763033048931288
18290,8.691784356853692
18291,-4.990558161097489
18292,3.9098884878765947
18293,3.0785376547015257
18294,-7.661477951571289
18295,-25.872143011409705
18296,1.699716118655214
18297,15.118060876915866
18298,-0.7884018345703794
18299,10.145472284296089
18300,-11.250514973915664
18301,-0.893544013810672
18302,4.575946580236026
18303,15.497734501422004
18304,-2.2226244184948065
18305,-5.384386403599503
18306,-24.01253049260638
18307,-7.751681990889605
18308,-5.067789653275682
18309,-2.8077532420581903
18310,-3.337432405800449
18311,5.943360086600256
18312,-3.8130522723700686
18313,-5.500199407643329
18314,-6.938262350813815
18315,-11.055132107664857
18316,4.633171108237189
18317,0.06292254399567909
18318,-6.061945276509146
18319,-11.21531039707542
18320,-13.999849150565183
18321,8.796564208986878
18322,12.919322406690405
18323,-18.245300384646157
18324,-6.568359744930504
18325,5.3883658007005835
18326,-6.492923433568805
18327,-6.710802463641777
18328,-3.0913106435841264
18329,5.547576329939378
18330,9.22946005254483
18331,-18.07996196159278
18332,-15.525693471030614
18333,-17.64096106715691
18334,13.928943449449628
18335,5.420719521317997
18336,7.386606079383039
18337,18.64694118271884
18338,12.145130308448088
18339,-9.205444965861766
18340,-7.6395092716158075
18341,5.2310929240738915
18342,11.123881968684426
18343,11.70940593417853
18344,0.5619492170919731
18345,-0.9053162331724671
18346,-15.447455766482616
18347,-12.545374521843499
18348,-7.147058259376706
18349,-5.084387668952786
18350,11.926208011786937
18351,6.724500118677877
18352,-14.983667688295867
18353,3.609428206236025
18354,-1.1841947569683313
18355,25.770139883006166
18356,-14.57473343238846
18357,12.650018722833737
18358,5.36638015071904
18359,7.995298276350837
18360,-3.718712626944704
18361,11.066694937790988
18362,8.303412561051054
18363,15.270677489023534
18364,-8.74066788912755
18365,10.885599377717899
18366,-14.442045020076748
18367,13.619887255481935
18368,-3.850994635486092
18369,8.295813877380755
18370,-19.158057644111004
18371,2.7014358486111636
18372,11.27941826708135
18373,8.725431537139311
18374,2.9581274343903363
18375,-5.499405121152659
18376,-5.552681657857246
18377,2.4619686557493594
18378,5.87919969979065
18379,-2.455148200699739
18380,8.43673659868038
18381,7.979253677216283
18382,16.860870917679673
18383,6.765098803807215
18384,-7.019794425603841
18385,-3.4462940150034918
18386,6.183012249494336
18387,11.077512076798707
18388,5.273538508209489
18389,-20.21306449082868
18390,-3.793551560142589
18391,8.471163611804233
18392,-1.4409242979956112
18393,9.139286413293595
18394,9.464808592645273
18395,-14.455967359218306
18396,3.0364016653322228
18397,12.166015371010161
18398,10.289599362252059
18399,-12.2529489941939
18400,6.26349702619896
18401,-12.867974846889961
18402,-16.71502093723194
18403,8.804482618021167
18404,4.721505666192224
18405,-17.323913339661935
18406,-7.497556694371514
18407,5.650286581494035
18408,-16.89750782698753
18409,-17.814755851563937
18410,7.625802789566826
18411,8.924334095082589
18412,3.6705151293411564
18413,-7.70485963914826
18414,16.23151000977783
18415,-15.26503712564865
18416,4.394610983853575
18417,7.103179231427966
18418,-8.704185580569703
18419,9.465829547060522
18420,-6.4828846667489195
18421,2.6004911281215026
18422,-3.3529372950751863
18423,21.006119485249354
18424,0.6798641679084714
18425,3.413764635902826
18426,1.0738565069057397
18427,5.799222922773808
18428,-2.737362997832456
18429,9.695317019775642
18430,23.37831592960529
18431,-2.300328231052319
18432,-14.979598059455029
18433,33.32387415080498
18434,-8.637061570656076
18435,-14.453732270457241
18436,9.435117987686116
18437,-21.13795586505914
18438,-9.839918267326265
18439,0.6771354554247271
18440,4.789826860379174
18441,17.89702100043979
18442,-13.583613600599165
18443,0.5483300370616817
18444,10.810017945274799
18445,-4.144042942826495
18446,2.951117997667181
18447,-8.870841406026596
18448,6.005343480593957
18449,-0.337656814284351
18450,-10.210294771161124
18451,11.466829482734523
18452,21.58917500053396
18453,8.702813116264654
18454,3.7039456432403632
18455,-23.974833914285725
18456,-21.281414476905965
18457,-2.4491463186184426
18458,1.21369115051057
18459,-11.032449721402575
18460,-5.161847642197145
18461,-9.762073839124469
18462,-8.637710735805637
18463,4.664109738388847
18464,-9.250134140964924
18465,2.56691310839007
18466,18.73001373792803
18467,5.413675977104596
18468,3.244503919362357
18469,6.5590336610530855
18470,-24.39822454277011
18471,1.550743075523771
18472,-20.426329095737238
18473,11.921210219153204
18474,9.106729955012415
18475,-2.8270645433005477
18476,25.77280770586025
18477,2.3656759201814097
18478,3.7653752494738892
18479,4.081359596847088
18480,-1.4682761531417974
18481,3.263917953824242
18482,10.010799647645367
18483,1.7233590788791737
18484,-2.8699011847884996
18485,-3.225909388708633
18486,0.5261520971673228
18487,0.9955357859162586
18488,-7.541111415031477
18489,-12.6742862788151
18490,-4.895924838541578
18491,5.196193130800374
18492,10.259750298134154
18493,3.2475267893599433
18494,11.609299889489044
18495,13.655724644911638
18496,2.590276946529322
18497,-17.370105099989587
18498,-2.4497493117737967
18499,1.8933691050701036
18500,5.030237312627975
18501,4.938925922285078
18502,6.358431634016471
18503,-3.668297858214448
18504,30.00558288936544
18505,10.636588964063307
18506,8.789533964498133
18507,8.842156074583105
18508,-11.988216003652134
18509,22.68825634629762
18510,13.134501574028622
18511,11.949947022633877
18512,-2.7151561650046574
18513,4.486343711178225
18514,-0.938690307043565
18515,-12.879355909718257
18516,9.001136430510897
18517,13.841997427958294
18518,-0.6199775562775685
18519,-14.299360404108732
18520,10.65078690897268
18521,5.230953185352337
18522,-1.2194188386016869
18523,-6.645194266873194
18524,2.3652189722906627
18525,-1.0986722906511979
18526,-14.903619365793926
18527,9.866140377729288
18528,2.2584755957772664
18529,4.018439153466133
18530,22.281271079997577
18531,10.20121696959767
18532,0.01437333787903583
18533,10.298791300178681
18534,9.696767938848893
18535,-20.799577898656892
18536,-17.961673036693888
18537,-7.257493830972255
18538,-5.602001076494432
18539,7.935298681524735
18540,8.635293056647026
18541,4.0761067626533904
18542,6.075977403183305
18543,5.767820459658948
18544,-10.439477369063042
18545,1.2947209899570975
18546,15.455056992980085
18547,15.16328408782214
18548,0.1711123358247839
18549,-6.049423533591323
18550,-8.543002185460747
18551,-9.431976416314413
18552,13.652623211482865
18553,11.408953696108357
18554,5.159440785400372
18555,13.850074931406947
18556,2.3882966022565135
18557,5.2604003951002944
18558,7.580487404770526
18559,1.8423430800173914
18560,24.04459176870583
18561,5.7422553032744315
18562,12.991008914236003
18563,15.376143458799197
18564,5.511513061325713
18565,-25.6964073799993
18566,26.3370387648297
18567,12.597827662805223
18568,6.157722413583743
18569,-22.205869482061615
18570,-2.112100990978192
18571,25.348956304385958
18572,-9.040020478197036
18573,-7.409813077836198
18574,-20.205328015057077
18575,19.756503089927502
18576,26.577012124013045
18577,7.7710427508887
18578,-2.2182868983422033
18579,-11.86738059977791
18580,18.128321127684625
18581,6.981121005406839
18582,25.393112185777504
18583,-1.2767851067170568
18584,1.8208065663218758
18585,-8.559247497729054
18586,8.582547495844612
18587,-5.659960221855478
18588,-4.561314287562343
18589,20.181009477747597
18590,28.527585793547512
18591,-6.548163181477786
18592,8.774444688421072
18593,-23.636232201672946
18594,1.6141641263584336
18595,7.405174224444979
18596,26.126840105627963
18597,-7.098209197624854
18598,20.393694116179354
18599,13.134892926100484
18600,-0.15033076909663023
18601,8.282786608413911
18602,14.073388175136945
18603,-13.55770693256705
18604,-13.311431663380251
18605,-3.3724119186009567
18606,22.207718343407407
18607,-2.470442417487984
18608,-3.983636581692597
18609,3.772019515801592
18610,4.605199820442369
18611,5.224175108084983
18612,-2.6863744755681793
18613,-8.482926503903425
18614,18.754741950789466
18615,-3.6232837454545646
18616,15.509283683546359
18617,-3.408603533868991
18618,-14.947882496333417
18619,-4.224221005808726
18620,21.529589295948846
18621,8.562993440443648
18622,5.620460190494647
18623,0.7375046370422265
18624,-10.143723419608044
18625,-12.26485727053133
18626,17.37051155488916
18627,-11.140189645237083
18628,27.980776220723385
18629,5.403660915391013
18630,4.29646101647147
18631,-3.733694596721392
18632,16.305221341662516
18633,29.07382386899051
18634,-13.243879711547223
18635,5.690298498058603
18636,16.85841965486994
18637,1.423431700786887
18638,-3.5195517248582675
18639,10.766764722427546
18640,-1.6998249682188984
18641,7.735593649688175
18642,2.6687713602064242
18643,-5.55366720876027
18644,3.9588710008354298
18645,4.957580020598451
18646,8.140992394339225
18647,-9.665829478860378
18648,20.8767844432998
18649,-16.89221608753583
18650,1.1281718015545366
18651,14.367099053045306
18652,-4.191618067914696
18653,-6.263391906500999
18654,-6.694730627968539
18655,3.259706491356436
18656,-11.707900035454887
18657,-8.195352069650063
18658,-4.822665368033963
18659,8.037520839269673
18660,-12.046059536705002
18661,69.33924539131455
18662,-9.095527391036061
18663,0.4692623842533443
18664,-16.51019840189481
18665,-22.086938510911587
18666,5.527287272159121
18667,-12.464425998018207
18668,-6.443239264278674
18669,-9.239422898091881
18670,-7.153605495824408
18671,-14.952690991594956
18672,-11.748395144338865
18673,8.155258060430091
18674,27.77220435944231
18675,9.209038018896809
18676,-17.465993904714153
18677,-1.5258832273042593
18678,34.58112618365115
18679,-11.81303656954059
18680,-10.065105137636483
18681,44.719384397533915
18682,-1.996675114310225
18683,-10.97181986120771
18684,-16.21173365631094
18685,-4.713044012622213
18686,17.432243932640844
18687,-10.078878126363175
18688,-6.554326094212026
18689,-4.745485956860257
18690,5.787361009706206
18691,-26.496542607337567
18692,-11.284878301125744
18693,-13.048512316934538
18694,11.027506061923367
18695,-8.277970893441555
18696,-11.75381011744329
18697,-11.06729942499474
18698,7.300088047758443
18699,3.3444227909892117
18700,-0.9049894668343477
18701,-9.498225324996742
18702,-14.29543798695089
18703,-15.998629914764436
18704,90.39734742126265
18705,-9.861997551371786
18706,-7.072111584547475
18707,-4.7144573787392225
18708,0.15486091739682095
18709,-10.541431293258427
18710,-10.206693325109597
18711,-10.888471184971078
18712,-13.52041054493176
18713,-0.7114917663205667
18714,25.18624068339836
18715,75.63220740814609
18716,2.7028886655895814
18717,-1.7842538685765987
18718,-12.833656410357186
18719,33.62140517944043
18720,7.431547935832972
18721,19.983444975768702
18722,48.5127813326405
18723,-6.3535616725901
18724,-6.499563610504069
18725,67.51741255414905
18726,29.531208860481023
18727,-0.5548233625998265
18728,-23.175695089953905
18729,-28.941702921348828
18730,1.472436980444611
18731,-11.41855332201878
18732,-9.84973819649775
18733,-8.449159109734559
18734,-16.95560581886793
18735,3.6867216934233955
18736,-4.568220674628332
18737,-6.910610162541293
18738,-13.000990475266214
18739,-6.5767328271490335
18740,-10.820054239863442
18741,4.219274006549046
18742,-4.011409806758227
18743,674.5336488416809
18744,2.605561228028229
18745,114.11963856619089
18746,391.4424246635642
18747,34.400999120827265
18748,-14.375944911228778
18749,675.6575593528288
18750,-7.5000507445486555
18751,-10.496822827461227
18752,911.3249007337786
18753,-39.62308957609481
18754,-20.5748172002963
18755,-30.046501439835794
18756,-40.629452695016575
18757,-16.053609172777755
18758,-7.429223929594919
18759,-7.859796808417336
18760,850.3326386292242
18761,-14.75044347432063
18762,19.0563495648071
18763,572.8873421199836
18764,6.843771091229161
18765,-6.034927865532037
18766,-7.243240141558356
18767,-1.79143880314248
18768,-0.11619694208149056
18769,0.7157979073067455
18770,8.62368653539589
18771,3.457573788634747
18772,85.47572528377374
18773,3.288097441309752
18774,271.24933649899185
18775,-17.82515320728514
18776,963.8140367489765
18777,717.9230200202343
18778,-9.935452083005693
18779,-26.196232874019643
18780,91.99005608242155
18781,-8.592368752179912
18782,-12.75692029366758
18783,-8.674919752726705
18784,64.90473556851668
18785,261.4348860042946
18786,-17.677650961455313
18787,27.449219131223785
18788,0.7150785015443439
18789,3.0801032622100095
18790,20.94227904330787
18791,-4.926372351806084
18792,3.605057063270813
18793,70.16486776377207
18794,1.8479016817079916
18795,-10.153132001625401
18796,-4.9694653762764744
18797,-13.437711544285197
18798,73.94639721501973
18799,237.39292344332458
18800,46.114419600213836
18801,453.97923784811593
18802,51.09237572959071
18803,-10.759042021819326
18804,1.1401992127920408
18805,-13.295297429407583
18806,-31.035120173775766
18807,2.3329575744275637
18808,-6.62661706102071
18809,836.5871901342474
18810,43.0848424810056
18811,12.207750130590895
18812,-10.223301252543116
18813,-22.869024826696887
18814,-10.049392313225638
18815,-10.816233111687811
18816,229.5604133261607
18817,1.307117986020499
18818,-25.059338866334564
18819,-15.92604946501725
18820,2.851452715998274
18821,-34.46540156930023
18822,-27.59040482677944
18823,-7.732526648296972
18824,1.3037723687918774
18825,1.1605695767875055
18826,-26.103825046151478
18827,13.12101052898908
18828,21.572020358106148
18829,-13.304783756644063
18830,87.18881012762125
18831,170.8701772766629
18832,-13.846685783398424
18833,-6.062730219504559
18834,-7.154974202000446
18835,5.033727984323621
18836,-3.060344271468292
18837,-8.781904789503834
18838,-10.598027626725575
18839,2.59452013268281
18840,-7.988303735893631
18841,1.941624410979351
18842,1.2912792546737677
18843,-13.004017994905315
18844,4.704510261159836
18845,1.3712032123063516
18846,-12.900627326517615
18847,-7.9755111988445115
18848,1.8949466282763936
18849,2.2937116661914825
18850,-17.636964764217694
18851,1.2421153443251445
18852,2.295850677621699
18853,-0.5872613767040349
18854,3.0668466614411383
18855,3.3051200253340944
18856,-16.711518051898857
18857,-12.571056775658505
18858,-11.681900777250789
18859,-4.4383671847376895
18860,3.1663983750623963
18861,-2.8536651614714756
18862,5.599243466279628
18863,0.03885994205840859
18864,6.044829955861747
18865,5.247324615997725
18866,0.556295014501341
18867,-7.591951848642001
18868,-7.196275979625661
18869,-15.525682041075815
18870,-16.234159410357073
18871,0.6969540521522433
18872,1.9020510127787986
18873,-2.2844856193304075
18874,-6.064249501258647
18875,4.001994919157681
18876,-7.000144904059827
18877,-2.3125718937029305
18878,-9.392619643589686
18879,-5.70913537451224
18880,-7.904711659381498
18881,-16.253124196158822
18882,-16.91108838290534
18883,0.298651003609157
18884,-4.654150039686943
18885,-13.022896952022098
18886,1.0731200498603837
18887,6.788195373236052
18888,-6.299166166374505
18889,0.9246598814408653
18890,-8.14916410507145
18891,4.965228997895791
18892,-10.146883546801778
18893,-2.346054259145138
18894,0.2782538919758988
18895,-13.435601767170311
18896,-1.066265127085174
18897,-0.4997228475395197
18898,-5.688546912882533
18899,-7.1977574432863385
18900,-0.834959786699919
18901,1.797554301706917
18902,-7.22005613424707
18903,-8.937000747284536
18904,-3.6188812778814174
18905,-3.41824359254138
18906,-12.19775301016757
18907,-0.5426793866784436
18908,1.757831206633302
18909,-6.439986485647552
18910,7.028450470153025
18911,7.522940247551119
18912,-6.072019574046813
18913,1.0818697596845688
18914,-0.11804795134905177
18915,-1.7683236113094445
18916,-14.46083707958163
18917,-3.9632531297520472
18918,0.29153250476518444
18919,-2.938341097888344
18920,3.300077205414315
18921,-19.5096099493463
18922,2.946288085870826
18923,-14.076785395558858
18924,-13.376933076051635
18925,1.4077789054132754
18926,0.3841191567978708
18927,-4.994806088596775
18928,-10.989921820548634
18929,-8.426849718394958
18930,-9.704870119465493
18931,-28.81346816175769
18932,-9.589992679035444
18933,-6.396500334956819
18934,-8.85068842546464
18935,-8.96210393209018
18936,-22.762680759230946
18937,-13.342397052895091
18938,-8.548446373718065
18939,-5.872615174593079
18940,-3.6304460994940158
18941,-5.111046019087674
18942,-4.37614452619346
18943,-2.1318165697199163
18944,-0.5365970273036247
18945,-7.581562868543834
18946,-5.794474088183584
18947,0.13878645007263302
18948,-11.810475637036983
18949,-9.050298489797441
18950,-5.8649913744953714
18951,2.4188256160736774
18952,-15.89862623891171
18953,-13.237893459330138
18954,-3.578743746258535
18955,-17.439405316356634
18956,-9.874040747683878
18957,-11.47545188231819
18958,-9.552478565055893
18959,-20.46889065447221
18960,-18.25069484068662
18961,-6.532127862961438
18962,4.53307645645404
18963,-9.357890088593678
18964,-5.455536485966029
18965,-1.9677308766053336
18966,-6.35908208229392
18967,-4.967941148777204
18968,-7.235100830477688
18969,-12.937255011627983
18970,1.9754407809081354
18971,-6.443882077314704
18972,-9.312187640795841
18973,-4.382183861390786
18974,-5.095942363700907
18975,-9.425357656076358
18976,-7.488394052091671
18977,-8.188886347221906
18978,-9.392319289232095
18979,-8.381085097223142
18980,2.90507841716102
18981,-9.034344322260011
18982,-7.774387816383914
18983,7.622744933055852
18984,-7.885530057715158
18985,-12.704271653132118
18986,-0.662966395298632
18987,-20.526902985918376
18988,-12.1700656919428
18989,-7.318860598614389
18990,-14.11823397562755
18991,-12.440623287336912
18992,-12.70540785291962
18993,-20.47704302648932
18994,2.7382976806945685
18995,-3.1859936007371523
18996,-6.18735694685034
18997,-4.248283489740157
18998,-10.197258772963817
18999,-6.005533857677879
19000,-5.2558123743188325
19001,-3.946703746075478
19002,-5.3422686549185165
19003,-2.706164217516527
19004,-6.29453085439259
19005,-10.367541152198807
19006,-8.661613067190075
19007,-8.190094217370913
19008,-10.849305922232812
19009,-11.354177275874818
19010,-21.027647198855277
19011,-17.806224073334562
19012,-13.848847106428764
19013,-3.8223019878573474
19014,-42.9500818709063
19015,-17.671972510499927
19016,3.1894754534597816
19017,-2.4972076150372295
19018,-1.8191343719789757
19019,-11.668978688777173
19020,-5.151610531873153
19021,28.338711158280013
19022,-12.108656484830586
19023,-20.1563440471472
19024,2.7630078318106754
19025,24.74163990035965
19026,3.40163559199323
19027,13.42564909140016
19028,3.6453521055729894
19029,16.263969966046467
19030,0.17464234668290857
19031,14.528448734229102
19032,17.807421372751907
19033,15.466615819003392
19034,3.2577023694294684
19035,14.523989010212569
19036,13.465550144946816
19037,31.68134333368404
19038,3.4479481370851097
19039,14.228307888835367
19040,-0.3069391236095136
19041,-12.531787646946999
19042,8.275866957215218
19043,-3.2391157599056797
19044,1.6932774345323534
19045,3.002810779843484
19046,15.332180971821966
19047,20.514281023275764
19048,2.3634318084134733
19049,6.077560118921488
19050,21.011948316178703
19051,18.74653856216792
19052,23.675915946267857
19053,-8.941838162352933
19054,7.306339133293081
19055,17.442119276319758
19056,-7.000549618610179
19057,12.10724015280185
19058,-14.283305138767716
19059,-18.500025803644732
19060,9.882517588206
19061,4.1555752156878665
19062,-8.577440331034829
19063,14.683034638509183
19064,-10.907831714201912
19065,5.698133178085698
19066,-6.431271671697523
19067,1.1248269373914876
19068,8.217750254270795
19069,-3.5750716652859467
19070,11.069062737804906
19071,10.505288307856727
19072,14.086539131634469
19073,10.6793683794428
19074,13.73965089570638
19075,-14.466845464094412
19076,4.485785810220662
19077,20.4692004668552
19078,25.345184184474142
19079,19.523130510105158
19080,11.401925219188511
19081,23.9654699558168
19082,-5.753003480775835
19083,9.099870304546613
19084,5.637948368653184
19085,-0.8972462142965902
19086,-5.800098724223311
19087,0.4197127567113057
19088,-15.848458887791267
19089,4.032200647103856
19090,11.238700193974433
19091,19.52984602836113
19092,13.696238469468343
19093,13.169012793485873
19094,2.316206430471949
19095,-1.0675745473110325
19096,3.8109886158115014
19097,11.194039997462736
19098,9.54543280696225
19099,15.197506305825264
19100,20.56536615280874
19101,1.6578119721789424
19102,12.241155868186805
19103,6.107158493761707
19104,3.5189626017717774
19105,-0.9454658699211222
19106,14.536967654233642
19107,-2.5063885615626766
19108,3.6375486267377273
19109,-6.348827989630504
19110,9.846470663027283
19111,19.587009557828566
19112,-5.8859941674573655
19113,11.408528921026257
19114,24.251937544868852
19115,33.633854281948615
19116,22.499281117315892
19117,47.54796715641494
19118,16.561814257979684
19119,-1.150594404477875
19120,28.013270413581605
19121,1.4643310468277164
19122,11.952945535041643
19123,17.743467646195427
19124,21.6879362961551
19125,-7.408785292375896
19126,24.348787613580903
19127,-6.031329467135073
19128,29.280846772713716
19129,10.09132603598808
19130,-1.4365207758262173
19131,4.715150011822599
19132,8.477392376928911
19133,-12.936752486634326
19134,13.399865150649017
19135,-6.036873253838717
19136,-7.37308080098002
19137,1.9834235253022143
19138,-37.964722016930125
19139,-24.191714211486627
19140,23.86925906295684
19141,25.46948596204319
19142,48.450073116119924
19143,18.739914296805715
19144,3.495317074568174
19145,-1.3195080716204224
19146,23.70638808506685
19147,-19.66301288563998
19148,8.316039510033516
19149,-20.570556271151325
19150,48.88280349753119
19151,22.36270278287349
19152,14.742959780876278
19153,21.235550574515347
19154,2.4957417300717406
19155,0.3162008830216294
19156,14.369385739412174
19157,-17.165051542383736
19158,7.255858529811023
19159,-11.7158057802116
19160,2.0982700730247608
19161,-3.2276550364411563
19162,-0.009589808435315206
19163,-11.180080113778878
19164,2.216133382633007
19165,20.329238251628034
19166,30.044706201551577
19167,17.08171650033003
19168,4.158843228918604
19169,43.70424077176219
19170,18.614267388768702
19171,12.256619228045878
19172,-1.5080303012712086
19173,-8.781468082599304
19174,17.22787260047295
19175,11.019903849169427
19176,-18.890147265145778
19177,-9.244010480153829
19178,3.0184458669913568
19179,31.838276342040913
19180,8.569024032347123
19181,-17.041399917275996
19182,-6.017778425621593
19183,0.2712030601488955
19184,-9.81632086988117
19185,-4.130897306589315
19186,11.046735886877084
19187,18.771809696761423
19188,-11.432254268787524
19189,1.4875199609830183
19190,-12.015264047791192
19191,-3.465440459463757
19192,3.748060721232413
19193,17.627168618874588
19194,45.05064009705383
19195,13.31427940823107
19196,-10.593763107727895
19197,17.857277186892937
19198,13.249595835354382
19199,-19.940227755904907
19200,-13.38353487888757
19201,-1.5866635711356132
19202,7.551187908011444
19203,20.84381472942979
19204,10.54334613559259
19205,12.647848506653819
19206,4.983199134352056
19207,-6.920060469283303
19208,8.203788424772366
19209,-4.0677847265246285
19210,21.670641873808272
19211,-6.258045637454565
19212,2.8081181315912307
19213,14.108333391516538
19214,-5.69735070201865
19215,26.177963592912594
19216,-1.3793004501770412
19217,22.968612525827933
19218,-19.84987548093516
19219,-38.66684087956727
19220,2.980912486587018
19221,-0.01141741544348207
19222,-4.21576122931484
19223,-8.171072956258094
19224,26.342991646485167
19225,-18.142385189493517
19226,6.148322644655245
19227,-17.569652694936686
19228,-12.791429325603634
19229,23.24488287198023
19230,10.612934513755594
19231,-0.06272527867885813
19232,21.81899429351546
19233,9.487331316483527
19234,-5.011388653032601
19235,-31.26806775852532
19236,-7.7230667645184035
19237,-10.563629304383099
19238,17.02549015489689
19239,3.6908405203686456
19240,9.10646703352219
19241,-18.26349416396353
19242,16.45530715140517
19243,-13.238761044740961
19244,8.599559654276877
19245,-9.683174119500077
19246,-8.018407080870144
19247,66.47094771503771
19248,-0.2329870584998197
19249,4.332243923222528
19250,-5.715276702472927
19251,37.92428680166481
19252,3.3583020401508854
19253,10.12752262057498
19254,3.2639998619321133
19255,13.625698598638785
19256,-4.451490950947555
19257,-13.678511671741905
19258,14.917415391677224
19259,-18.560564543306995
19260,-0.6922867459950233
19261,54.31959648110751
19262,-10.162045146952263
19263,39.35425140522193
19264,25.135015506552396
19265,0.8508439302475495
19266,6.548947674106373
19267,580.7535453030292
19268,48.97736278649481
19269,370.34467758869124
19270,197.50867472674412
19271,3.096687426402527
19272,77.51821477126707
19273,-19.26371185547118
19274,6.831078588017057
19275,12.260352640743823
19276,-2.0245964509423295
19277,-27.87286344071005
19278,17.350161580219417
19279,2.706655042352038
19280,9.384671480214088
19281,17.152285661879187
19282,-11.350796476687332
19283,669.9243896099247
19284,7.351489780641369
19285,7.20466734158693
19286,0.7834310380540064
19287,66.68064915344058
19288,453.49645359644023
19289,-13.552532249418196
19290,-0.4414671595612134
19291,25.19529190500765
19292,93.8137676127678
19293,3.245664009594522
19294,-13.206819892215083
19295,455.77929683730827
19296,23.204367898894315
19297,-18.31513840220041
19298,17.25614527829549
19299,12.638168809332447
19300,74.18180783518233
19301,-13.051091286667013
19302,-3.126995892582908
19303,6.265217174298824
19304,-15.08060704932073
19305,8.687754360230752
19306,-5.4143807713385215
19307,24.338694324633668
19308,3.864975029897934
19309,20.746203118883493
19310,-16.8396168231748
19311,-27.792452854348653
19312,21.833906784846338
19313,-17.183857755248887
19314,39.65557581343113
19315,-9.028164786843192
19316,13.83920449809596
19317,-23.31479422660732
19318,-6.019850035061744
19319,23.973762189661304
19320,-30.29755160080647
19321,91.8210640903245
19322,-42.64470206572913
19323,37.7126292467409
19324,99.68509286102375
19325,9.478724639176999
19326,-12.636976838534743
19327,490.8049215230599
19328,6.873258120128277
19329,221.05690621744338
19330,9.528119700535399
19331,250.85327378498985
19332,-47.32726720127838
19333,8.482120273139227
19334,-7.295284817121345
19335,-24.344484923528483
19336,85.13076289175413
19337,-11.89158535596576
19338,-0.8410752565391562
19339,-12.550151845380224
19340,10.591612413772166
19341,355.8378981584967
19342,113.76609268269098
19343,-23.695177266762926
19344,308.88550862807966
19345,7.788234537256923
19346,-6.969127353176148
19347,10.18934309167327
19348,-2.196352841795658
19349,-0.45294151321888165
19350,4.06057653524465
19351,-23.412650292302445
19352,-24.462349938660147
19353,-12.755576713920856
19354,542.8257357820008
19355,8.936503384866684
19356,8.24345428482184
19357,-3.9635321773202534
19358,-104.97933799362062
19359,37.879420041105554
19360,4.569630191620716
19361,27.02941895194568
19362,-14.82980980535402
19363,-5.3262692732944785
19364,97.97399845020762
19365,15.072984850082067
19366,59.639928486132725
19367,88.40483424967755
19368,-27.48277910095421
19369,1.2618962174849315
19370,5.450638401836226
19371,-25.470451915474108
19372,-18.271774671295553
19373,-3.006911670767469
19374,-16.357803277432218
19375,-19.207315706957225
19376,316.21231182596364
19377,-5.152665825340549
19378,-16.977726481227613
19379,-12.420489342519016
19380,-19.384446271603828
19381,7.170417917434078
19382,-29.775611529938402
19383,408.3285964145411
19384,305.0882669410773
19385,10.933023875920314
19386,-15.45931351901179
19387,-3.6386348294308952
19388,37.70645067532217
19389,-20.38467754418923
19390,17.31077741577659
19391,3.2606929757403247
19392,9.825804843668564
19393,0.7130392098413907
19394,7.0297739764066325
19395,-11.964660361987285
19396,-19.293005331263245
19397,8.070512943175615
19398,-1.9987108830326683
19399,56.15960409115853
19400,4.3043454779009505
19401,-13.754947163917318
19402,-1.4288901918399795
19403,3.9761225382067984
19404,362.7490327193431
19405,11.267977567044507
19406,-6.429430210805474
19407,18.185577121179428
19408,141.2961342702415
19409,-5.324655623838048
19410,173.0620206958521
19411,20.16514936213804
19412,155.64015255427285
19413,-3.1210651822288824
19414,65.80870139535395
19415,223.36407237818534
19416,-18.288542323531267
19417,2.9179574872446477
19418,12.730286880133754
19419,-0.6535347601188626
19420,-7.991687306012452
19421,-9.950434763592384
19422,5.880817398473296
19423,-6.435633807509085
19424,-12.907089672267546
19425,-15.27322438773125
19426,-16.329767012596278
19427,5.50998537079732
19428,-1.6693682581825797
19429,-4.347980199531975
19430,-11.465388635319531
19431,-12.874205467114177
19432,-11.437195224245517
19433,-9.477895614765892
19434,-8.445950499930952
19435,-0.7296171955737769
19436,-3.922319565864818
19437,3.2550564361035246
19438,3.0034756646879757
19439,-4.699717387786748
19440,-5.909158695491655
19441,-6.31336997762881
19442,-3.906385216324118
19443,4.843798154569564
19444,-9.163458519768994
19445,-5.458871100749263
19446,-12.89925508210182
19447,7.915109038398997
19448,4.081520689064961
19449,-2.843888548493439
19450,-6.716959653813067
19451,-6.235812822523037
19452,-5.9407224964430405
19453,-9.415775591005048
19454,16.217896466389593
19455,-5.142389965970171
19456,5.259437661678479
19457,3.982116861934653
19458,6.096281933196295
19459,20.14067214498908
19460,-4.606120221456191
19461,-12.855748389213304
19462,-11.66690472769671
19463,-6.042546049782942
19464,-11.436345673063972
19465,-7.13812542564375
19466,-14.837295361914737
19467,-10.459817263900032
19468,-8.457932001054644
19469,-9.449716914605897
19470,-14.025404082099303
19471,-14.334498851688714
19472,4.563062490773778
19473,-8.991794475317278
19474,-12.008942358210682
19475,1.0503440782210944
19476,-5.544170590844772
19477,14.73901461092528
19478,3.434643750190423
19479,7.422151684820051
19480,12.1057778350474
19481,-6.96418499560782
19482,-8.064294841532345
19483,-1.9754019823463516
19484,-7.050394694741588
19485,-6.420603467663444
19486,-1.941394843131814
19487,-8.695579474144786
19488,-9.165104400061349
19489,-11.515420255868499
19490,-14.095983010915806
19491,4.931614528485012
19492,0.3126382874560196
19493,-9.80266389967667
19494,-13.085058023832715
19495,-11.46795281245899
19496,2.1038380942806274
19497,-9.510044661958666
19498,-4.4618337517667435
19499,6.541261822705803
19500,-0.8700834266766044
19501,-8.350984826627695
19502,-7.535599927466869
19503,-4.6533750482230225
19504,-6.670205421554368
19505,2.3882247830376695
19506,9.438786794972565
19507,-2.8555658480590083
19508,-9.186436487849402
19509,-5.859516852835586
19510,-12.25241783118786
19511,-1.9732464058788572
19512,-7.988439528392426
19513,-5.601306971904144
19514,14.869040559700498
19515,13.659522969234075
19516,-11.499300176469653
19517,8.34747501006056
19518,4.696761974878655
19519,-4.867577422730758
19520,-6.165625470974614
19521,-9.805914883780485
19522,-9.634069778743445
19523,-7.28430877325582
19524,4.0768310966746295
19525,-9.355317865526551
19526,-18.324649954865684
19527,4.878927645200983
19528,12.591674352913696
19529,-2.1959776293729227
19530,6.7278737871556125
19531,-8.758461353023748
19532,-5.789066792834291
19533,-12.19326251228474
19534,-14.807664243967498
19535,3.47323812002087
19536,6.184647762996592
19537,-4.456088150666925
19538,-3.2403645764709417
19539,8.598686271554381
19540,6.805239616751388
19541,-1.692816583706282
19542,-4.322365066923588
19543,13.955696655839255
19544,3.6324423662081475
19545,6.907858497965343
19546,-12.646029344284866
19547,13.200933669496456
19548,-2.7579698718674592
19549,9.966854693248106
19550,-11.131751592352593
19551,-18.058568914721917
19552,-6.617866602510595
19553,6.281509692508932
19554,7.08788815318753
19555,3.0222716702058268
19556,4.310525060228175
19557,-2.319038440177092
19558,16.8248086050536
19559,9.074803520040476
19560,-4.446320708861496
19561,0.18552591945429953
19562,-14.977367515437294
19563,3.8748613001405285
19564,-8.57044705321708
19565,-6.850322834154369
19566,-0.42184680279186537
19567,-20.037603353111052
19568,-6.9211342213444595
19569,12.43952862807407
19570,14.728886126774723
19571,-26.267861014518175
19572,-6.33631433318444
19573,9.66008593452783
19574,14.455111897418012
19575,-12.600443793384361
19576,4.682489466800259
19577,-11.40708964968654
19578,2.9641862290343077
19579,-4.027768650557459
19580,-6.018287902711862
19581,-13.39432193826288
19582,-7.439398338237677
19583,19.958026726292058
19584,2.503356828789629
19585,-4.509472414017537
19586,-6.713510722112691
19587,-1.5867224262775927
19588,14.113299559299458
19589,-0.4790095502720284
19590,6.324380967558117
19591,3.4620846077022733
19592,-3.12407094846235
19593,3.6205859848483968
19594,-2.533101731850799
19595,7.563757335177655
19596,-9.22385641736425
19597,-10.140592586382784
19598,-3.681931856047406
19599,-16.243880378362114
19600,-8.598700230464072
19601,-5.865668559613809
19602,-0.7024210377820523
19603,10.61971162804031
19604,8.400098795235763
19605,-25.107872342903185
19606,9.753811728262079
19607,10.765757407193789
19608,-14.626588323264414
19609,-18.074771530685723
19610,0.005560659975508031
19611,-0.837674713405427
19612,-1.866877367649579
19613,-3.014699672239665
19614,4.314266160582369
19615,-7.509393891273302
19616,6.501070786805396
19617,5.774628139392059
19618,9.806898572576944
19619,1.9511786655265144
19620,13.726794613985428
19621,-2.0695424812598198
19622,1.2693251579019584
19623,2.2171340774578727
19624,-6.527192533507602
19625,-2.754229076067542
19626,-9.55205404240203
19627,5.382859946131383
19628,16.859971783118702
19629,-17.325001624586676
19630,-8.05738779263115
19631,-4.290574141966264
19632,-29.21304450062479
19633,6.6534625757287795
19634,15.730382999674728
19635,-2.037719669843316
19636,17.896132233993683
19637,-11.56733346483221
19638,-2.752591073790814
19639,-9.409920994665445
19640,5.593552832797695
19641,-13.987398907327236
19642,-15.196886588218884
19643,-31.339785310817653
19644,12.05984894737609
19645,-17.40158938113042
19646,-5.984630970196033
19647,6.939626356075685
19648,-12.757361359281045
19649,1.438262311863694
19650,5.262974082582945
19651,-10.971116339223332
19652,22.140279607366853
19653,-1.509130481361371
19654,-6.305018565693988
19655,19.196446701164025
19656,9.13210052049343
19657,21.712895251358976
19658,9.609177949538797
19659,19.720255312186158
19660,-16.552626298146855
19661,-23.714531711763605
19662,-14.07090832298535
19663,-1.2732230407471299
19664,1.7249250418275714
19665,6.669168941693828
19666,0.0749643354487084
19667,0.36729781148886786
19668,-20.079904357087592
19669,10.761593281186034
19670,-11.955186917794467
19671,-18.835318369803957
19672,18.380151692859492
19673,19.932998909351006
19674,22.646219152606967
19675,18.10120579090347
19676,0.8887021720812651
19677,-2.2704772133617688
19678,12.926542179442807
19679,19.45575473781643
19680,7.666674068811469
19681,6.741457284784962
19682,3.018059354127047
19683,-5.690493282191518
19684,-21.644698490222517
19685,-1.4887984826509815
19686,2.364181365052845
19687,-31.06605240606902
19688,-10.81899954997365
19689,-3.475526724039195
19690,1.9545381233313694
19691,4.489713177323562
19692,-17.112202680904403
19693,1.137176087556508
19694,9.101689469927145
19695,-0.6317465287350181
19696,-0.31470408773745007
19697,-26.060036439468412
19698,-11.04419751280231
19699,16.73408190866612
19700,-1.5304088978805233
19701,-19.625382322418808
19702,-16.24873222896123
19703,-9.651007823293948
19704,-9.256375887949808
19705,0.18861889334477056
19706,11.425840570249367
19707,7.0576599955494554
19708,0.6966080929305143
19709,1.6889051231462844
19710,12.819858586129984
19711,-32.345382477370656
19712,3.360557699398278
19713,-3.311807855439696
19714,8.027260268211
19715,-7.9687112361863335
19716,10.655761665104468
19717,0.3450021521190543
19718,2.702493054969043
19719,-20.060549138866513
19720,-26.055655460774773
19721,-27.498128704737937
19722,31.805662675181857
19723,-18.237060037865206
19724,8.857589838432462
19725,7.181565659152975
19726,-8.302803199864794
19727,18.938628144499614
19728,5.398390843510942
19729,9.358187107608279
19730,-11.310028088996358
19731,-16.79753199059835
19732,-15.243721639084125
19733,-12.65168754544672
19734,-8.19840108949376
19735,-1.4734898618924923
19736,15.82369215900139
19737,-31.425833321401534
19738,-6.3000826750814625
19739,-4.6365824742325685
19740,-19.506278076361333
19741,25.12451346252027
19742,-19.22826986759737
19743,-36.59680842536844
19744,9.472316341330174
19745,-38.143068471712965
19746,11.689303434271654
19747,-22.068971146301642
19748,2.1747529439018916
19749,13.209534798919327
19750,-5.691645337463132
19751,12.304105880416543
19752,-2.813066922144511
19753,6.675877961585805
19754,14.616704532124256
19755,3.5008910475726562
19756,2.245980944500218
19757,19.935799491617598
19758,3.5012005800584074
19759,17.654129369823103
19760,10.605152492948342
19761,2.3430346699860944
19762,0.6230930239723573
19763,14.146171684244454
19764,17.168953816522976
19765,-8.3523742389377
19766,3.387705179237651
19767,17.146935283187545
19768,13.367460396709195
19769,-1.4031501312291965
19770,-6.86198192930981
19771,2.2576640856298056
19772,9.18814399750756
19773,13.388332669951101
19774,-4.32210120061762
19775,0.18570914003117878
19776,7.5203786612550285
19777,11.01288924232443
19778,-8.41799309971281
19779,9.654808717331825
19780,9.228652927047056
19781,-1.6984199171956682
19782,-4.396890813927808
19783,10.303183205576282
19784,2.0580610306382994
19785,-7.184648415986786
19786,-23.319946321705167
19787,19.67904550670363
19788,14.819111279436568
19789,19.947838030414484
19790,15.831672048408585
19791,23.798857960793427
19792,4.477169740494318
19793,-1.5987494125174528
19794,-17.21842785606342
19795,-7.526051190415988
19796,4.971538627276155
19797,5.716719210193142
19798,12.75740817286308
19799,-1.3377508419847608
19800,8.97514791838094
19801,15.950816945043094
19802,18.633559366980748
19803,3.297468635329448
19804,21.025464465230243
19805,12.811929774050157
19806,-9.192892925968469
19807,14.0214103078452
19808,12.121802629384502
19809,-1.6540162756348913
19810,-6.315435878042717
19811,-16.63025517076086
19812,10.603234905324094
19813,6.444120320551393
19814,9.893248617692539
19815,13.794403324715093
19816,13.431673943156712
19817,12.815129993876036
19818,43.024514138402296
19819,12.210312553745553
19820,-4.42101687728972
19821,1.055714182228277
19822,21.343123164706984
19823,2.857496761612813
19824,-20.816512229876665
19825,9.55752397352908
19826,-6.586187383731929
19827,-4.905479912763319
19828,10.300213550198166
19829,-1.6399049868456466
19830,-6.633043249689859
19831,1.501895175352546
19832,21.492224293258825
19833,16.831562994394226
19834,23.240077466821234
19835,12.662896616145106
19836,30.270230356447264
19837,9.050368766012994
19838,-1.047823137592534
19839,5.6561880007982985
19840,4.247319994993958
19841,18.552289504900582
19842,-6.364909519367654
19843,40.56894383971155
19844,1.8810598377775012
19845,10.337798270625093
19846,-9.732708837416371
19847,4.624407374671485
19848,4.347520518654395
19849,26.31103995194173
19850,18.273802423183284
19851,25.96211872831575
19852,0.3258157403087196
19853,54.69206902320521
19854,14.242914589262163
19855,35.83658711318799
19856,6.647180361778265
19857,20.937437768265244
19858,4.030603420576291
19859,61.98693343736546
19860,8.328743671708384
19861,6.644886839127327
19862,13.4971900228847
19863,11.108931137227259
19864,41.59124235565958
19865,13.947919284835601
19866,37.315490454595405
19867,-9.816550773986567
19868,20.31204212999439
19869,-4.036754971770982
19870,27.360902592722496
19871,51.98768990603121
19872,4.988474844204317
19873,28.32778727336539
19874,7.9636442924673325
19875,-3.3014699102698906
19876,-12.311297605679254
19877,5.042264433918648
19878,22.57736266423768
19879,21.022709643485236
19880,5.910535439024715
19881,1.580546226123861
19882,-17.089679822416272
19883,19.940902465201415
19884,21.388800966090095
19885,9.071705145821674
19886,-1.664672617159411
19887,65.58753374312656
19888,-26.455772105458678
19889,28.68181713597687
19890,30.800722526862735
19891,22.071220929730163
19892,-7.9725367735322195
19893,-8.044490041805787
19894,5.032992119688757
19895,65.32803959068605
19896,0.8702117643969842
19897,32.11275250716644
19898,29.766521178333655
19899,64.94638111538342
19900,8.36075402668637
19901,4.466985546395204
19902,47.88345722055773
19903,-0.8111601621228708
19904,11.3030300859625
19905,5.719682894429559
19906,21.56118742472144
19907,-8.11748325221329
19908,13.920972140698012
19909,-7.374725185904879
19910,20.34620531825839
19911,3.124036203999971
19912,6.730754168573277
19913,5.1762475846904294
19914,65.01063620604299
19915,-1.3928159387190782
19916,4.970057713537546
19917,-3.6760497013243842
19918,-18.43727873830928
19919,11.59534282335722
19920,31.904672620530597
19921,4.47943979357135
19922,-1.1527003577700192
19923,0.9001083548414428
19924,22.186685701100064
19925,19.251211076996913
19926,-0.998830918775834
19927,5.462317008107805
19928,8.758048227857774
19929,30.808995740423683
19930,-7.507324920869976
19931,-18.273910894028788
19932,16.63454065664847
19933,-18.214144834276098
19934,46.467824787058035
19935,1.102191635044436
19936,26.81770590052319
19937,5.294118388799426
19938,4.9062638006073875
19939,-10.099578610176646
19940,-4.120628143164204
19941,8.198873992366043
19942,0.49779082654437445
19943,8.987144447638574
19944,-20.452508253191517
19945,44.379134467609816
19946,3.468591284643752
19947,-8.141078162127478
19948,-0.5393497753450944
19949,45.08465066765075
19950,5.854712987122047
19951,7.886689940950559
19952,5.803979568156116
19953,10.65953831405962
19954,5.290836969947769
19955,12.29873315761899
19956,21.10578467893519
19957,1.2300454986322578
19958,26.219090039901623
19959,15.770582424145006
19960,-7.1873780957898425
19961,-23.42700943138326
19962,21.467781355626716
19963,18.997023603187117
19964,23.79384600040966
19965,9.030790797808816
19966,23.52796651977482
19967,13.241752567092796
19968,44.94637752609801
19969,-2.2374933026566843
19970,-15.473392183659062
19971,23.84006863770849
19972,25.81794842153299
19973,3.8367614557304037
19974,26.953532168944168
19975,-3.176476311618682
19976,10.999431950916215
19977,42.96510040551678
19978,7.299614907219571
19979,-0.01565121854147833
19980,8.438876535543999
19981,-17.29771555711286
19982,15.46414269427447
19983,13.608879641782544
19984,3.9751422574443325
19985,9.050767920614659
19986,-1.5246092037636672
19987,3.81160813910126
19988,-13.423789280776695
19989,-1.023419777329778
19990,609.3151343237931
19991,63.05807927892612
19992,3.4073897678417
19993,46.44544169306508
19994,67.00377275897523
19995,-21.59437065663065
19996,-11.135064442300528
19997,701.5486175469864
19998,460.71203224147126
19999,-2.9332379720912094
20000,3.493763408655907
20001,8.326746290264332
20002,657.6872349903406
20003,3.0300534821481087
20004,10.537409777970606
20005,-17.754661109503125
20006,0.8916244099399009
20007,57.570040536130364
20008,18.101372790893436
20009,12.695637684973592
20010,29.963423971091505
20011,3.2556893835659206
20012,-72.58072289227667
20013,-30.871754622323806
20014,-22.920055868616764
20015,3.103609059921162
20016,7.574658620602452
20017,4.056505233534361
20018,9.473222346479684
20019,-5.892503556525988
20020,29.04181521225844
20021,-1.6858351192071872
20022,5.130322793633448
20023,1.6612978206444264
20024,0.496907244887586
20025,55.66906601701527
20026,51.81072935554327
20027,508.50328628302145
20028,113.00717422355649
20029,9.703571945195073
20030,590.2521628113485
20031,5.122991676503878
20032,2.8175936927263816
20033,13.843468072039988
20034,5.629607442219497
20035,-10.465176176879648
20036,-9.64823630522977
20037,36.967943739427284
20038,50.78575732208257
20039,-0.4947273766351721
20040,393.0733008704986
20041,243.6014372528425
20042,26.072293389861443
20043,7.968747307162047
20044,35.147763940832704
20045,-9.067048786608552
20046,62.24110606039099
20047,0.6471411301599108
20048,10.872118909051887
20049,91.77493791170369
20050,9.60351992494243
20051,87.16061286836884
20052,76.91469496542555
20053,-2.4218507412623964
20054,203.33591178864168
20055,11.112088882922201
20056,-16.45766128324921
20057,-22.298402383759274
20058,202.89790026115742
20059,3.7290897622787558
20060,-3.5297198028936236
20061,9.37205101238162
20062,7.637740454568702
20063,-5.2042593719102115
20064,2.0115166135746616
20065,68.02182008212304
20066,-11.224955237057937
20067,-7.941365953116879
20068,393.72146743499934
20069,94.48991073487691
20070,-31.667934468597693
20071,-10.315237810388211
20072,-9.768717761151247
20073,-17.61869334292731
20074,-7.936280042894001
20075,5.07349496975719
20076,1.6617617325717031
20077,-21.965065214179916
20078,-2.961715910631188
20079,503.0910622629213
20080,-0.44494722058170666
20081,2.3133904934268283
20082,-29.130292752641665
20083,20.310595133414765
20084,9.979251036567012
20085,808.9676934595927
20086,2.4796248265351934
20087,517.4006729543171
20088,-19.512279511843445
20089,-2.647277904927133
20090,468.1188624574946
20091,161.14122733149986
20092,13.467652115764242
20093,18.645272672303484
20094,67.44850668530214
20095,-22.689346866849796
20096,18.036045762516157
20097,-31.210967589841076
20098,-15.319326795795966
20099,600.911935508326
20100,188.2092894762
20101,644.8334637165977
20102,10.873517280896788
20103,7.111220169727531
20104,-15.575919747714881
20105,221.97273970465483
20106,126.0576297870443
20107,-5.282314756541091
20108,-6.663103029878375
20109,19.477943118711558
20110,77.59761018594997
20111,-0.23322283128056753
20112,8.848954411246854
20113,-12.684703838722076
20114,-16.416587536590924
20115,15.147776750777671
20116,-8.919685152411795
20117,17.873637236042693
20118,9.747119072238858
20119,73.18574455735495
20120,-6.953009975461484
20121,73.89833266411895
20122,2.9476173485504766
20123,-29.05915463826802
20124,-32.213034069521406
20125,-4.736579157167821
20126,-13.073345337997992
20127,-6.2530219358026855
20128,3.561520123270375
20129,7.011239090698046
20130,581.6337719046609
20131,27.26692912595471
20132,10.910752554398117
20133,56.67230328675088
20134,55.11438634412532
20135,221.89440041916015
20136,11.973022295280288
20137,10.07027553267266
20138,-0.18269143755865613
20139,-10.799501881883621
20140,-12.581949987059183
20141,13.834182214070527
20142,-4.769150757197764
20143,4.468016840956825
20144,10.156121942096135
20145,6.595840030985981
20146,9.274190268823094
20147,14.073271785368371
20148,12.808647046233476
20149,9.128449842148346
20150,3.452574551502094
20151,8.042422533768463
20152,11.087758524066814
20153,0.7631949736409549
20154,16.54348079419975
20155,11.67818228521239
20156,4.58625655270469
20157,4.467978176748897
20158,-11.884014921516986
20159,12.880009461094406
20160,11.549062239089366
20161,14.87661001025985
20162,5.393918777020501
20163,6.0100313748859175
20164,11.790903980052509
20165,8.202977076022776
20166,-2.703256757343631
20167,12.630775914322552
20168,5.080321103827007
20169,7.576501530855198
20170,1.9589576469791066
20171,-16.017501403367973
20172,17.004154520787182
20173,7.741983637833961
20174,14.578904171831562
20175,11.782666708992547
20176,3.576411462957479
20177,12.624307457473781
20178,9.724980658373573
20179,-5.029447628521808
20180,-5.8283443957212455
20181,0.6778481445240168
20182,15.342730998846193
20183,13.14191431034606
20184,4.88479576871447
20185,12.153275884570085
20186,17.154612746640655
20187,15.312661166780778
20188,2.5969265184059687
20189,3.0739142997706477
20190,15.092763211899987
20191,-15.033919033238096
20192,-14.704125569234087
20193,2.7861096386938744
20194,-0.9316299082207671
20195,13.272574650907245
20196,14.649085302843126
20197,12.098738815815535
20198,-7.314937995288826
20199,15.015736511927605
20200,1.315533571016159
20201,14.057443175429729
20202,4.3246408953581685
20203,-4.855422751913437
20204,3.9998317436729103
20205,-3.9435916402900375
20206,6.1023769564875625
20207,-4.512895342412627
20208,14.188758231858168
20209,12.459356672309434
20210,10.783701276752257
20211,8.802115019202944
20212,6.133457951800512
20213,7.105252427637216
20214,1.9478205755082527
20215,-7.609912854902593
20216,4.634817526727172
20217,12.801627320206617
20218,6.9633812041106165
20219,8.021878573892504
20220,10.829045211265088
20221,13.310276418315665
20222,13.267320971907044
20223,12.82937647415448
20224,-4.794010325473913
20225,-11.458454856734491
20226,4.713489413483428
20227,6.205845614771835
20228,11.953522710104323
20229,14.925234707493534
20230,15.954235207762089
20231,12.500009032110412
20232,16.517985558572843
20233,13.860423287586658
20234,10.313181189664277
20235,3.752914593655154
20236,0.6549153277725956
20237,-16.477561762991535
20238,7.415038945308826
20239,9.864302368511575
20240,16.04788835975087
20241,12.640793723205803
20242,13.568001282759916
20243,-3.281487881672451
20244,6.9416534740594
20245,2.0964684732819467
20246,17.41990001164545
20247,14.6408968191451
20248,15.407115899008243
20249,-15.260117663980598
20250,-12.643728781045887
20251,16.032256246698374
20252,11.101039200039265
20253,11.659426843486255
20254,10.994678289105133
20255,25.9649332373537
20256,4.594430827003098
20257,2.7325161063812864
20258,4.003690411742308
20259,0.17201544949185532
20260,1.2118411741116457
20261,-1.1894901565590317
20262,7.824258132840042
20263,5.884340169030738
20264,5.001813479734661
20265,-10.762097891610807
20266,12.338276862328787
20267,7.467312197288594
20268,5.061067884228196
20269,5.786225156545619
20270,7.246031939057824
20271,12.634272135313504
20272,13.9536300306262
20273,3.826535238322476
20274,-2.7691115583840578
20275,-4.317219013080283
20276,11.406036134346664
20277,1.646482501141465
20278,15.45036951440643
20279,4.682759884774111
20280,3.2319836966396966
20281,-14.873116185226941
20282,14.52842487477685
20283,7.7380223490091815
20284,-0.4228873859158391
20285,6.554459158349758
20286,3.8793256658822344
20287,0.9222017394684503
20288,16.392778928462675
20289,13.349099859478127
20290,12.58659403244459
20291,26.039077681071422
20292,0.8791567125094577
20293,-0.3371045814636098
20294,-15.512721530198505
20295,-17.788149718427455
20296,4.477863221719305
20297,-3.782613143552659
20298,4.2020309743313184
20299,-3.895602005180269
20300,5.788562179184655
20301,10.476039449090372
20302,12.699928214791335
20303,-0.3102137379745393
20304,17.525688782795818
20305,6.198620693929142
20306,7.103761435757114
20307,-12.794926947280004
20308,24.562646127064795
20309,18.31412333867817
20310,0.4059289098696883
20311,3.233763497140375
20312,-7.081676272628968
20313,-1.3021840065935955
20314,8.525171385229141
20315,3.7558600214606113
20316,-0.6190859949817487
20317,-0.9007492881635173
20318,3.045561938643697
20319,-6.730770515144918
20320,5.53663429420792
20321,1.1460074934300142
20322,9.8566865501492
20323,-9.950475291804153
20324,21.473408596093275
20325,-2.501368928257751
20326,5.931585003431948
20327,4.783261413939208
20328,-6.368375146451054
20329,-16.54897924510172
20330,0.8840484423804753
20331,7.044381816497827
20332,0.9865978386347578
20333,3.7486620829720163
20334,22.629953890425618
20335,-7.722777258555972
20336,11.550564060205659
20337,-2.802302540292004
20338,-5.436244549349226
20339,1.1547486389418786
20340,1.9682405719236495
20341,-10.668485095738308
20342,-25.89088848384376
20343,-3.9274114254866213
20344,-4.585275456238438
20345,20.20085554820522
20346,1.8574854126442286
20347,-1.3440054157426857
20348,6.233228858024155
20349,10.182150078177264
20350,-8.650898524491414
20351,17.405835216534022
20352,-11.963557107965332
20353,-1.6655108703170036
20354,5.637262394288756
20355,8.751146258862242
20356,23.478778445205773
20357,1.733246307193344
20358,-4.536480018623607
20359,-30.896079430923734
20360,25.02944791813138
20361,26.42455764490507
20362,2.370752266259906
20363,-1.840551976339345
20364,9.427077089317073
20365,-20.617235119695046
20366,6.344215854564556
20367,-9.392432999647866
20368,0.9334544280650281
20369,24.56980778824756
20370,-3.5122517669382525
20371,20.26034431419188
20372,21.590796930941462
20373,2.9778830070061133
20374,-1.5710500181423157
20375,-11.56743563932141
20376,15.166656706382158
20377,-15.388854607041953
20378,19.749437748353742
20379,-11.118590050079938
20380,-3.5009253591896083
20381,-3.9122252177925674
20382,-2.4285443421263224
20383,-1.4643093967648504
20384,5.238958231922814
20385,15.799059601593752
20386,20.517162053527144
20387,-3.7146275232247667
20388,4.741798656175131
20389,5.015956445099503
20390,23.459293723869603
20391,-4.746231337765781
20392,-12.393663006506706
20393,22.800250631457114
20394,26.28054410671895
20395,19.44554228874905
20396,4.880851311400589
20397,-20.086696866923674
20398,-3.3594712208905086
20399,-6.812608995862721
20400,-5.647261613719383
20401,5.7981811958854035
20402,25.664866644137625
20403,-2.116303173897588
20404,-13.293914234952688
20405,7.678759944546117
20406,3.1896038380756977
20407,-8.082139913451087
20408,0.91832865349717
20409,-3.84633343786604
20410,22.53054615480283
20411,-3.8289894392356203
20412,12.380235045618459
20413,0.1997604397829047
20414,-0.201540993803782
20415,20.508708610549572
20416,-1.6728763146633803
20417,-10.640277084047035
20418,-4.405460618835949
20419,-12.325094869366719
20420,-8.929134735753667
20421,-10.045779086573567
20422,1.7682283707796813
20423,-12.990470691844063
20424,31.7567300368298
20425,16.500581617566343
20426,4.50124832985192
20427,-10.202922992735733
20428,-2.6463795541034614
20429,3.3796165727204883
20430,-9.314190233454305
20431,-3.7298405601165037
20432,20.425557794417728
20433,22.53446322275399
20434,-13.36058928419541
20435,-1.5332912952790174
20436,8.453450542812629
20437,3.8096498973310506
20438,0.8691453468832115
20439,-15.31589663309843
20440,1.132980719384408
20441,-38.55925182230026
20442,-0.9407714099181099
20443,-3.0884629647050694
20444,-1.952090347860576
20445,13.346113257163287
20446,1.3791669474253787
20447,3.7872593363088445
20448,1.2362976446864984
20449,18.72980368206519
20450,-10.805155296839764
20451,-5.5690261817553655
20452,14.275407560559618
20453,16.924703717937263
20454,-5.239579722333911
20455,15.015996955586463
20456,10.906479437970336
20457,-21.89232578839735
20458,4.57160522628153
20459,6.800618158710542
20460,2.6008859399082116
20461,-11.115171659114342
20462,10.437276987290035
20463,22.879753957498522
20464,-7.915937076213623
20465,-2.437033700944717
20466,7.040499312924252
20467,3.5356953411041605
20468,-5.661551640605026
20469,-9.481658908697622
20470,11.686328890347852
20471,3.7309909257078306
20472,5.441759037792288
20473,-2.5885170515878997
20474,-14.49944934712708
20475,-2.0165406379467505
20476,-9.940342564502867
20477,1.9236746596287162
20478,10.248793988743445
20479,-1.755747974506832
20480,6.639639289807068
20481,1.0196830787770494
20482,-4.456494519377351
20483,9.951358328104309
20484,-11.226838724641318
20485,13.088460761082091
20486,0.6995022147034877
20487,10.51049750740992
20488,22.21461606722984
20489,-21.554397864473096
20490,16.513341032975084
20491,-2.5000991217802238
20492,10.637095901420325
20493,1.716819881060788
20494,-9.08713083074278
20495,18.297303670907983
20496,-2.3733916075169823
20497,-6.9753183951880615
20498,26.889888113612926
20499,-8.24081061095546
20500,16.727154497077876
20501,17.128030837311385
20502,2.970043387035867
20503,-1.6217423593431164
20504,-9.956013358819956
20505,-18.607655090456888
20506,9.745262684128559
20507,11.06539056852856
20508,1.0501211402346264
20509,5.7956999561206715
20510,-8.614835295304335
20511,23.626573682012253
20512,10.152247837045998
20513,6.349271238039899
20514,8.073168637476206
20515,2.8190307429051593
20516,16.97099482875522
20517,2.5433060820556683
20518,-4.796193894576216
20519,9.396631807365154
20520,-19.342803674827522
20521,20.71966560071896
20522,19.357431603250575
20523,-1.9763407617678048
20524,19.644920517644827
20525,19.727673041175613
20526,14.882562452333293
20527,3.5294981071703067
20528,-8.972097241826521
20529,1.0014729793766168
20530,-7.32975203799986
20531,2.0912100903291044
20532,23.368395179876334
20533,-9.480512337363134
20534,10.196662152438911
20535,10.300827488170349
20536,1.9369206192912998
20537,-0.5837699342653195
20538,2.7036861126216962
20539,13.200674016093494
20540,20.401069027643086
20541,20.46512103463375
20542,5.220672672418921
20543,-8.744237617884348
20544,-23.175833527250802
20545,2.7344520701159034
20546,9.602040076588676
20547,15.8049622214885
20548,14.798993815471185
20549,4.468043656954281
20550,17.80963569886384
20551,3.623176693552688
20552,-12.23392877882926
20553,-7.819146865257824
20554,-17.954170947092067
20555,-6.4622622929705
20556,2.3078537330772253
20557,3.9667124815625403
20558,29.622993372391495
20559,-8.821154171826198
20560,-15.44473858012796
20561,2.2214684685524198
20562,5.568085091122706
20563,-9.50539770280811
20564,-2.72001136360074
20565,-29.165550754563135
20566,-0.1907209170581794
20567,9.92680043952468
20568,-4.9063881987720706
20569,4.991145684097473
20570,59.28704876642463
20571,73.59383721815058
20572,41.32614607719766
20573,5.540846700622618
20574,-1.2734599441985566
20575,-6.415062134344527
20576,-8.12869123933621
20577,24.39216256856097
20578,7.310050945602793
20579,7.712606671323094
20580,-5.402214345879408
20581,-6.797149569596147
20582,2.4188462649282094
20583,1.261212957319307
20584,-15.083361463687456
20585,-5.426475978945408
20586,0.651128641010251
20587,63.664140412158936
20588,10.727394841284115
20589,10.130981154033744
20590,6.341568704285917
20591,-3.9873754003951625
20592,-3.1292483458760394
20593,57.86794514649694
20594,3.8619559422886596
20595,8.36560757016696
20596,-0.04630719645499681
20597,-6.683991982958759
20598,47.14790469185692
20599,7.57285871534706
20600,23.23341256078406
20601,11.357224407861713
20602,3.912635663985858
20603,14.109604929041499
20604,22.356257091621902
20605,21.639148072782675
20606,4.1313175504231054
20607,-2.3001028287095835
20608,11.744642891851655
20609,33.0288020597762
20610,13.663621540304465
20611,-3.4268072983338804
20612,-10.289580181755408
20613,-2.399695794917754
20614,48.24687298996858
20615,-3.2090027494710043
20616,57.58378103809632
20617,9.08468659115577
20618,2.0600484727934507
20619,12.765238037767817
20620,-9.655482697882668
20621,-11.395221747101186
20622,32.21411815510261
20623,-5.137951528446653
20624,72.07147616756757
20625,-3.897663412621764
20626,-1.0615290545701654
20627,-1.7679961959878554
20628,11.514582848141735
20629,3.071327881687031
20630,-0.2871033420037925
20631,2.9921056209642707
20632,-6.188190926138404
20633,-3.5173548229359604
20634,-1.928223069603586
20635,-10.193064888488795
20636,-10.546646843304657
20637,46.56356185146605
20638,3.288471573043207
20639,-0.8354427033886438
20640,14.687278672304789
20641,19.145838230082028
20642,60.977647935013245
20643,1.6442142578048617
20644,-21.17109153361926
20645,-5.714112530290755
20646,0.7699258162248981
20647,6.584276678437741
20648,5.3717623147042595
20649,0.5295029637968582
20650,9.618334220028625
20651,-3.5556859127087215
20652,-0.5938716579446677
20653,51.27120441215839
20654,-6.291292330190032
20655,61.18888554631119
20656,1.8140675672155648
20657,-10.500933387683716
20658,7.542072547428095
20659,0.647151917860576
20660,0.17281075450910777
20661,5.217148793952816
20662,-11.576854876616022
20663,8.741799456745369
20664,-10.564244394622769
20665,5.222028533883451
20666,-4.126122142457433
20667,-2.636500741006685
20668,9.404462876592959
20669,50.60071746945639
20670,1.2644403556578503
20671,3.1562530608814647
20672,4.507607014358479
20673,-7.35152722120548
20674,6.241757615678706
20675,6.7955458965207
20676,-14.29352008087453
20677,-4.699155995574081
20678,4.981117568523375
20679,-1.0814855475439558
20680,-3.0558829542882293
20681,0.39944416581930753
20682,25.459926793182415
20683,-5.074999517690838
20684,-1.160610473477945
20685,3.709942881153907
20686,20.100198393266393
20687,-2.008295240134437
20688,-4.067135283435768
20689,44.357419618251626
20690,10.252811693893115
20691,-5.626015385337947
20692,-7.539393511162597
20693,26.972753512401336
20694,-8.936797738091695
20695,-7.387239472821875
20696,-10.003600865602344
20697,-7.159129331294988
20698,8.479930216259646
20699,5.825546157547036
20700,12.08144553874083
20701,2.9527564293215107
20702,41.04816725030784
20703,0.6610389896215736
20704,-10.801767094471305
20705,4.82727336351064
20706,-2.9521803247259726
20707,23.97304467873718
20708,0.946881917583303
20709,-0.2206286818653176
20710,-3.4226594875379313
20711,23.176684993914872
20712,-6.587867335550705
20713,18.337586702430922
20714,-4.230767432315197
20715,-14.034731832102004
20716,-9.013681013562927
20717,-2.176265928342641
20718,12.759519116264604
20719,1.3881205052778434
20720,7.722591268209509
20721,1.8725132838247287
20722,-9.515838771642283
20723,5.396699651327728
20724,-55.37058242755913
20725,182.78830576112247
20726,-2.7902922317418763
20727,-83.34666463005941
20728,69.76915983398881
20729,79.50150929514409
20730,587.746279577207
20731,-15.964792952015095
20732,18.18588112147867
20733,22.77679896738197
20734,-21.6126712096408
20735,-1.4837531453664567
20736,836.712636091717
20737,516.1640830805889
20738,-18.032676580950024
20739,6.836876649518834
20740,-9.284417034022333
20741,-29.592376577796905
20742,-2.6243810202248845
20743,122.22258622026493
20744,11.337343905090368
20745,-7.3358498886643275
20746,720.7468329706811
20747,400.1452182114199
20748,-3.2688093985381563
20749,14.018485058433576
20750,567.8863944815722
20751,-3.4930671031369123
20752,-13.570367908603686
20753,547.6813961875854
20754,263.38899773197596
20755,807.3280427457344
20756,35.12343106908731
20757,-2.8105756468426613
20758,-8.862833161233688
20759,11.397058546162537
20760,156.03606453883788
20761,158.36088983869567
20762,0.6825148484593377
20763,54.592566332313986
20764,-3.443051319504228
20765,70.55965034101796
20766,-6.5788457812907915
20767,-6.378704459350757
20768,38.137957166462115
20769,2.748979537338478
20770,5.928089890332915
20771,-10.841359805555246
20772,-10.843626018202151
20773,17.990582681018
20774,98.03832358258725
20775,931.0408277730172
20776,19.095314308154457
20777,511.8036476633377
20778,4.034489086569295
20779,7.058925163023051
20780,644.0336588210788
20781,7.277699743745027
20782,-1.1811569948755825
20783,-5.601092094027528
20784,540.2807249920289
20785,7.720653837926731
20786,-3.7751761598258895
20787,-18.0601125068559
20788,-8.250878360764144
20789,60.23307078631038
20790,68.15026652875392
20791,-21.874342076562996
20792,3.114854647228249
20793,-8.743312811310567
20794,-3.810053134917432
20795,6.729351670317808
20796,182.85442211234565
20797,-18.816857741903824
20798,-16.927466807244798
20799,-25.206171423596565
20800,-3.2015730781602336
20801,64.40866632517313
20802,71.95036709196386
20803,6.878301527483032
20804,7.060517362882175
20805,86.40382760704503
20806,7.473760698813116
20807,6.265451472268158
20808,-18.65222465021096
20809,-19.842930299083278
20810,-13.860315051250478
20811,-5.098519598564895
20812,-7.634764872887612
20813,16.199259287022024
20814,10.124554405799852
20815,-18.500167870491055
20816,91.81509132375714
20817,52.15061930854501
20818,5.130361828210372
20819,-25.30408408934236
20820,82.39311494091889
20821,748.8317126083732
20822,7.640626268556989
20823,18.457331958141783
20824,-3.0339494997414533
20825,-7.175280428606953
20826,5.1649847112798195
20827,-9.245360284785459
20828,-5.39695250291884
20829,-7.945099777205936
20830,-15.78222128073341
20831,209.9458752513363
20832,7.368726259538185
20833,173.96321794067435
20834,-16.997919987347707
20835,-12.748700923703876
20836,-4.238906534869908
20837,-23.719436817977773
20838,-23.226068629504425
20839,0.45288615643449504
20840,-2.2020238798629457
20841,-10.992585365922238
20842,-4.494839252103997
20843,-15.037805435620406
20844,-8.097017643071123
20845,0.022831171314010135
20846,-2.9944424721510714
20847,6.572285142455582
20848,77.08267334806895
20849,12.584696080057142
20850,220.80669400409278
20851,-17.847969038314794
20852,-4.783629189566508
20853,-8.805558615395405
20854,5.876905603856278
20855,6.461955869678665
20856,196.7283786662235
20857,-8.703961598157292
20858,-9.832389125990172
20859,0.2652224503566263
20860,656.5695035637602
20861,8.087260518126545
20862,-10.317094679700109
20863,-4.735385175208112
20864,588.8850971799906
20865,-23.863170653096148
20866,-0.5761730547650004
20867,6.379896168866784
20868,0.6909240057706576
20869,0.6053399971134894
20870,0.018198487339880387
20871,7.520092369170785
20872,3.6783602249761174
20873,3.1813104889502455
20874,-14.589006595513329
20875,-1.3946705708111509
20876,-4.796254659157601
20877,-6.742661127872296
20878,-1.5991690544560342
20879,2.104544087642225
20880,7.781693700253992
20881,-4.851790799652132
20882,-7.881993374868053
20883,-7.1787106756156405
20884,-10.743735966552375
20885,3.768462129914896
20886,-8.250136463564825
20887,2.1281344252932364
20888,3.911792530595436
20889,-1.546708394691958
20890,6.802559311008768
20891,-0.9651645670621818
20892,-2.877863735885253
20893,-4.955303448276535
20894,0.19213869889534152
20895,5.195783395556434
20896,-4.637831479901639
20897,-6.675206325110853
20898,-2.885727045863053
20899,3.5407024740743225
20900,-4.576919003735448
20901,4.116794210969035
20902,-3.072505349279602
20903,3.8241548897544284
20904,1.737384204044952
20905,-5.052681184617374
20906,-5.778468555623704
20907,-5.939068849076982
20908,4.384295325648315
20909,-6.967972804522937
20910,5.801600757831336
20911,-7.362538339911843
20912,1.767036804883892
20913,1.1784009156515012
20914,1.016903240250219
20915,-9.423260924272807
20916,-10.741705801771893
20917,-5.195550132731796
20918,-9.76641700943972
20919,4.165360050925578
20920,-11.1883096200153
20921,-3.0118685760289416
20922,-1.6340259156342185
20923,-11.52113304462172
20924,0.5050349291888718
20925,-4.473299354540586
20926,-0.07406623369696064
20927,3.3600612699623955
20928,-0.7392099117297413
20929,-10.415977308107134
20930,-2.5537484429229806
20931,-5.700602121130224
20932,-2.5017189475966717
20933,-4.143266886905021
20934,-2.5545801782865283
20935,-10.079569988425433
20936,15.856503391711433
20937,-11.37912028851164
20938,-2.277489640517871
20939,1.9640549999804033
20940,-6.10767926279016
20941,-6.174879067784282
20942,-12.832468052879406
20943,-6.059708714165701
20944,-4.7001582022847295
20945,-8.855413008426368
20946,-2.5533004529336907
20947,-5.277805656539691
20948,-2.6990274916836583
20949,1.598485861763546
20950,-6.019351302278217
20951,-5.714091965265236
20952,-5.7193091540205145
20953,3.040262552476351
20954,-4.868329723075451
20955,2.513520083945524
20956,-9.127204004249862
20957,3.2420027412181938
20958,-9.475474122203792
20959,4.355732275908673
20960,-10.078093567821
20961,-7.5604433400792175
20962,0.8801001165943632
20963,1.513101276273888
20964,-6.655288268436696
20965,-2.600711811951207
20966,5.220948664625379
20967,-5.318369812603152
20968,-1.4930145607904208
20969,-0.03822234499586585
20970,-8.769764282406022
20971,5.488078988398717
20972,-11.629643467081063
20973,-5.373661823721434
20974,-0.3295682165609115
20975,13.154337588389884
20976,15.96017543596998
20977,8.515421457810877
20978,-6.713634610100698
20979,-0.992602413133838
20980,1.6375980840810804
20981,-12.502261324405328
20982,-9.32300924165434
20983,-3.232872119946599
20984,0.6049950177873082
20985,3.379280356055334
20986,2.6820186051098034
20987,5.9970412297947
20988,1.980232925800344
20989,-3.920280385030484
20990,4.495187395132682
20991,2.678462003158188
20992,-11.85691184098523
20993,-6.984353490038828
20994,-4.620124907115489
20995,-9.570092970092745
20996,5.115375203368954
20997,-11.61186103489981
20998,-1.9136364258581047
20999,-6.036841933746917
21000,-1.616762367016328
21001,-10.569314595599682
21002,-1.759120334183205
21003,8.442109409157064
21004,5.274354110654825
21005,2.0121513406194893
21006,-14.441619449760708
21007,1.4748121638091476
21008,-6.630332795583616
21009,-2.6562863312615193
21010,4.32694718774915
21011,0.6933826656970918
21012,-4.444369682686258
21013,7.82761013172504
21014,-0.1708988915150229
21015,-5.007988686297214
21016,-4.345731012886652
21017,23.071765963740482
21018,2.7111708583903447
21019,-2.84964469783748
21020,-5.407864997134325
21021,2.198355073886109
21022,7.189560742822957
21023,13.551976131749445
21024,3.1704617484941533
21025,-2.87792080223371
21026,-9.035626200499415
21027,-6.832802798291219
21028,8.189967481371184
21029,-6.992824575016691
21030,7.039272965756142
21031,2.0997506505939523
21032,-4.201935268242092
21033,4.177809765884074
21034,-20.05626161054804
21035,-3.554906264735564
21036,-0.998054216683439
21037,-16.14057222448413
21038,2.049074218205476
21039,1.0485751092342621
21040,-5.174299175093289
21041,-1.6737411436002425
21042,-8.365392401403561
21043,-3.963348005033687
21044,6.188368528653081
21045,3.2916703284968456
21046,-11.993648695592082
21047,-2.077231775233585
21048,-4.043886750698196
21049,1.9586295592314826
21050,-12.996078604969227
21051,0.40078712105889913
21052,10.008363053092202
21053,-9.123703962697999
21054,-7.154197677082369
21055,14.567745715440081
21056,-4.483732257632138
21057,-5.023405693156285
21058,-6.608481627101469
21059,13.922157819511437
21060,5.411636696979169
21061,-3.746447029472371
21062,-4.494814932818208
21063,4.71956052909265
21064,0.5110106290531746
21065,-6.893108539643929
21066,-19.479343305997162
21067,-9.419437367171724
21068,-7.978948271179629
21069,1.1962612968683448
21070,21.202052602062256
21071,2.906817535465102
21072,18.7797333066155
21073,1.9296151772785546
21074,16.533060675380177
21075,-10.223410867149905
21076,-8.374296569407132
21077,-9.166743987012456
21078,-6.5836344783117084
21079,-5.044901417434179
21080,7.662288605430154
21081,-1.4092152874132609
21082,8.233098755090099
21083,-5.976982747914285
21084,-3.8460157224571603
21085,0.5756942924676736
21086,-14.19904926249771
21087,-9.962775539632268
21088,-4.237222072533285
21089,-3.9540442342748108
21090,-2.111580439792931
21091,-1.2445141793164112
21092,15.857476166010485
21093,4.180031992868434
21094,6.112876064100879
21095,7.825548292248204
21096,0.6421553058315261
21097,0.23903507522704537
21098,16.542667049438702
21099,-14.67998116653824
21100,-12.4545772175635
21101,4.303567042148881
21102,-1.8390952089793728
21103,-3.8917494152097767
21104,-5.626805314580931
21105,3.905065781109343
21106,-6.323486753641038
21107,-3.9864759789280306
21108,9.56008396469203
21109,-8.010460335870714
21110,-7.178232000189865
21111,-5.973251116215469
21112,-7.151963341652905
21113,-5.608933311474605
21114,-10.398148311383899
21115,2.1206958433263168
21116,-7.280234930721793
21117,-8.296679956825027
21118,-14.70138186001828
21119,3.3824461090175273
21120,-1.9907628957859025
21121,-9.995709917073924
21122,1.9832244048539671
21123,24.086920140416375
21124,3.4897019476896887
21125,11.914840588222596
21126,2.315435073616378
21127,-3.5354613472849934
21128,-25.25162855720096
21129,-6.537967215138057
21130,-8.467115841028658
21131,-6.924857478454012
21132,20.906790396678552
21133,-16.837941121965287
21134,-11.770159583316097
21135,4.669857436910586
21136,-16.02342128521596
21137,-9.724952915972107
21138,-2.699370141526824
21139,15.277133614819526
21140,-4.588349555961855
21141,-4.176596378946801
21142,2.9257423150276214
21143,-7.015149885194528
21144,-9.757002565473506
21145,-8.48841599246839
21146,0.8163155868858833
21147,10.921425135863146
21148,-5.628483269626187
21149,-10.142862993822668
21150,-3.9077190068111243
21151,1.4183736840233596
21152,-7.004776997231634
21153,-17.41138321587905
21154,-3.6164298743881886
21155,1.8653517727280153
21156,-0.44538813228553664
21157,0.8562633478712218
21158,6.39189763573968
21159,8.068792566512812
21160,5.232126270635453
21161,-2.303894602687002
21162,7.812587343279501
21163,-2.069492932632251
21164,-3.496008642237591
21165,-0.04030384905140849
21166,13.691128879654652
21167,-18.710927848221942
21168,-15.936926789319948
21169,1.9985900263446084
21170,-3.3827096676953587
21171,-12.449778448878618
21172,3.3624665447934134
21173,-18.04631410400355
21174,-6.191773639432419
21175,-14.3576697219757
21176,-9.755808265193753
21177,-23.704960795552438
21178,-22.21120693956796
21179,2.0104292025888615
21180,-9.78659960162766
21181,-34.8259439313031
21182,-29.384777490943158
21183,-27.449622826928113
21184,-36.51631773392733
21185,-8.39090250383352
21186,-5.089743474555828
21187,-14.216284362687574
21188,1.0139917859846328
21189,5.163645238739198
21190,21.993978379801494
21191,15.945096355178036
21192,-0.7807255344551862
21193,7.200038366557559
21194,-21.120400623742434
21195,23.514051871221806
21196,13.422872961373557
21197,-0.09767316299928197
21198,-9.283553337321663
21199,-5.762844314337421
21200,26.16271685715151
21201,-16.36705083575376
21202,-17.69756522891673
21203,15.917007252998205
21204,8.105896116620254
21205,4.575592093381411
21206,-0.5217022129637492
21207,-2.327680858302351
21208,-9.698092316727749
21209,-3.879787479863417
21210,-4.482286736115107
21211,13.82767944284563
21212,2.1760194552952026
21213,18.32805191839704
21214,1.5926987398364254
21215,-4.970937974587347
21216,18.96492394645301
21217,-9.287469899727267
21218,-6.69969099972095
21219,30.821360029260152
21220,16.915435509053818
21221,-23.382495503733708
21222,0.13984567143096172
21223,-2.247067645661435
21224,-1.3888775782694047
21225,-3.7716049026226806
21226,-0.2861697271577519
21227,18.530103209185732
21228,-18.670492637471966
21229,7.7413903536327435
21230,-10.813256114707233
21231,23.535791277987357
21232,29.003422777412865
21233,5.683451243222418
21234,-24.196039864619856
21235,-15.447080298768853
21236,6.87843675004679
21237,9.617142747218434
21238,-11.61938402166479
21239,4.4140973543079465
21240,-23.415201395820546
21241,-24.346751675075993
21242,4.2693869527833925
21243,7.206676031418281
21244,20.91244282235903
21245,-3.079255453667937
21246,26.89557995806448
21247,3.5002311565802415
21248,5.745202143739032
21249,-4.69443982250068
21250,9.489682229224599
21251,17.02141431036201
21252,1.9266824243433973
21253,23.425144380527357
21254,3.2964832898975
21255,10.2376622601771
21256,14.67057210614734
21257,17.20917524548404
21258,12.932645429934198
21259,3.0330523392978552
21260,1.9866018954211615
21261,1.9715935883975035
21262,9.184432246953921
21263,-21.591692909080905
21264,17.61026014785108
21265,-7.501115789077577
21266,-6.76324580691022
21267,8.39619084356254
21268,11.549218920340198
21269,-2.052837642593513
21270,17.962639688981664
21271,21.76656119864329
21272,9.562742299836657
21273,19.565611044752096
21274,12.296630326049895
21275,-16.166962489193807
21276,11.555242540044045
21277,29.113386779802468
21278,-23.761730524355556
21279,-1.2908986323163418
21280,9.825813444302359
21281,18.851783012734238
21282,4.315901747653289
21283,1.7309892132407256
21284,1.6641233941896765
21285,11.684548416102697
21286,13.481169578705455
21287,-3.272630660292606
21288,8.972140685265671
21289,12.691704097878842
21290,-2.2310120805697835
21291,13.416531116003254
21292,10.747340345430107
21293,18.45983106524678
21294,0.22105061243068924
21295,8.319710899833098
21296,10.461596825729728
21297,-7.830444019487302
21298,6.516205498776131
21299,-2.154775297103967
21300,0.9111706288269605
21301,3.7483634744149583
21302,16.017012057745674
21303,-7.699467702171702
21304,-2.985876683941239
21305,11.440087482134096
21306,18.946279108571417
21307,24.371007636826455
21308,16.500182365049216
21309,11.574438751418992
21310,-16.270764337175237
21311,14.07585340307673
21312,9.689785922773751
21313,2.5835194460514206
21314,-14.806263115459696
21315,18.93123972599218
21316,-5.449766440005462
21317,20.508772476443895
21318,21.77963505646543
21319,22.86226190114989
21320,21.45857417942824
21321,4.63357542864108
21322,-17.824769886433977
21323,-7.5561364397828115
21324,11.861469351888463
21325,-4.73423913035661
21326,23.524004569211513
21327,19.234567073695278
21328,16.205519483637914
21329,-3.9479288082961475
21330,5.835118333143079
21331,9.024423403505637
21332,5.71880228347899
21333,8.04573024076718
21334,6.408948159387508
21335,17.55486575616085
21336,6.166322679978556
21337,-5.028618959260278
21338,18.288003505779514
21339,-1.3926597516242651
21340,-9.40023698324482
21341,-13.48591500745054
21342,18.087657858073005
21343,-12.121646417490435
21344,21.84409199168043
21345,-6.175909654536756
21346,17.82574153647481
21347,-7.0966548455090965
21348,8.775564402357796
21349,-4.135736631307537
21350,-8.631223707492648
21351,12.688402514215555
21352,-30.391924158018654
21353,-10.210850399754921
21354,21.333033339158842
21355,-9.951493439502755
21356,22.935230443083633
21357,-32.66809032754171
21358,-37.13804311723977
21359,-21.49577390954328
21360,-25.37237594068936
21361,15.263136114466718
21362,-26.280972125597728
21363,-6.562745287105962
21364,4.707813778694005
21365,17.560944635976252
21366,7.76187198148906
21367,-8.32574747896275
21368,-11.303680803546026
21369,18.582631954799368
21370,-6.923905551672245
21371,78.57576733165538
21372,53.15613222995633
21373,-0.7895799099846776
21374,58.23200677645653
21375,9.087509476880866
21376,4.733016657315867
21377,1.2848446092927706
21378,-7.573914333665403
21379,-4.573726512075151
21380,0.39379853649553986
21381,-5.936340527412785
21382,-23.26385209178337
21383,20.342961211729634
21384,19.062674083089043
21385,56.19028672750153
21386,-5.4361920707083335
21387,-15.197361257601944
21388,-16.65309526018497
21389,41.01943775962546
21390,59.61046743142921
21391,18.648505176262855
21392,-1.6406691834896918
21393,6.818548396289826
21394,-5.06704022321345
21395,12.20910965818255
21396,-17.01026364749933
21397,-17.626774523912523
21398,-20.406427014425958
21399,2.1952267737164206
21400,12.970968665930396
21401,18.005655106265014
21402,-2.7235387854802156
21403,6.719150879424099
21404,-16.625628423244507
21405,8.02155389349262
21406,-2.3407816656502156
21407,-21.175291937728396
21408,36.950696118406924
21409,23.967570350003832
21410,3.518835043495006
21411,-0.3799058104231854
21412,29.9435341001135
21413,-9.09910497331888
21414,-21.732197765775467
21415,-4.841622950660586
21416,68.82805339495644
21417,-0.840301576043359
21418,51.85257040215279
21419,33.70093903451966
21420,18.47567889872496
21421,-17.21759147842306
21422,3.543721748295223
21423,7.254543249838452
21424,8.682230581541045
21425,-20.90755628650546
21426,2.8953469180395057
21427,-7.218738121967565
21428,-4.424024624543012
21429,-7.282973887447124
21430,20.374240691406804
21431,49.623010947212336
21432,29.841421431242733
21433,7.077229838863152
21434,-0.009977750157634802
21435,7.113200920822887
21436,12.577505804533297
21437,5.499642371001009
21438,-17.96847969649572
21439,-11.759598903232238
21440,3.7016118079906004
21441,5.157767157939578
21442,-24.821495649226065
21443,30.35520069168934
21444,0.39656757270636156
21445,40.27100657773212
21446,17.52891400847558
21447,-10.69283078775457
21448,17.55136846586068
21449,5.013987778783628
21450,12.544896639268185
21451,32.60917969301481
21452,2.0458779672221947
21453,11.66002278219175
21454,-26.202444539605033
21455,-5.085181046332142
21456,0.3359936650825919
21457,-11.59211419485468
21458,7.21254381309112
21459,48.95596963961438
21460,9.25024913614301
21461,-10.903595929022199
21462,-4.86774282473996
21463,17.597238103171865
21464,-8.751849866589929
21465,3.355115301536012
21466,-2.227448103782926
21467,-8.83769193086329
21468,-0.4805163876690912
21469,1.7865524383601379
21470,13.054058428674908
21471,10.203952102771026
21472,-21.900913103725003
21473,5.799160410131297
21474,7.842754778884643
21475,6.865513575432875
21476,-18.29130508861406
21477,2.732172896902606
21478,-3.2574457624482243
21479,39.2875374129824
21480,-13.953104359765863
21481,36.02379776018131
21482,-7.9325444046842435
21483,67.34146961431023
21484,-14.667018703630738
21485,7.509947167608184
21486,45.058117196295456
21487,8.484763979283267
21488,45.17713839930184
21489,2.2213718410840286
21490,-14.974672372566534
21491,15.717231102962582
21492,9.278460932930885
21493,-14.689970980650891
21494,2.454644355724673
21495,-4.1506280447048525
21496,-7.047037043240618
21497,23.349468536239517
21498,39.30346043239966
21499,-24.48608566824077
21500,-19.043645341983066
21501,14.560111192004337
21502,35.092141612121466
21503,-29.732972347229854
21504,-17.637385141120035
21505,42.81864105771809
21506,-16.153553501072714
21507,-3.0019090432262097
21508,12.92483173889649
21509,13.114094219246319
21510,-1.5179374860400827
21511,-11.761939173706079
21512,4.872713491503342
21513,-1.3657099000383752
21514,-7.810120130734518
21515,9.691330897606985
21516,-13.672159921303134
21517,9.264711799818647
21518,-4.880834558616787
21519,-2.330075367029199
21520,-13.742459017496323
21521,63.78178965144862
21522,2.6790489662379713
21523,1.0202795524290895
21524,-7.734886083888455
21525,15.019822078734057
21526,6.979212908303962
21527,-10.369291887338818
21528,12.076909935714317
21529,8.740989679730585
21530,-5.5090964870552845
21531,-1.461849098795696
21532,-8.5946489135479
21533,-6.357537766380975
21534,0.6544244333645253
21535,-15.320604387930828
21536,-2.1769017356044067
21537,9.555024624200584
21538,5.573633567721602
21539,2.23319366106705
21540,12.020222222479585
21541,-1.2354213880936413
21542,8.705595461039668
21543,16.413888303054172
21544,1.1984229695125492
21545,-9.491766883624095
21546,19.071380653823013
21547,12.846323771304462
21548,25.442057326719226
21549,-13.211391661628884
21550,-10.37307809538764
21551,15.027873122979312
21552,-30.738227969521724
21553,35.65767014929687
21554,-32.64601629722683
21555,-5.13293385132377
21556,-5.159844848441562
21557,4.776317895100206
21558,14.31271302877315
21559,17.784000314146358
21560,-17.64818601309014
21561,43.85072128816337
21562,31.034707268688944
21563,3.587955139461963
21564,12.379484651337606
21565,-7.74530337529723
21566,1.6535536147287857
21567,20.237450921055313
21568,4.040778942670352
21569,-3.47483588521175
21570,35.23473920554652
21571,20.709240481570106
21572,-1.5244968917676651
21573,18.411067456079962
21574,-8.946104352349657
21575,59.76741432807269
21576,-17.335119882143445
21577,20.4252062790017
21578,2.5216274966015053
21579,-2.3945257129803146
21580,-13.736894724350506
21581,31.038108010020675
21582,5.767779632148979
21583,45.953646029799145
21584,16.401245292696316
21585,-13.975335840377067
21586,-9.848512000094662
21587,4.685725233811029
21588,28.965740195579592
21589,-0.3291867745210304
21590,19.744442783648008
21591,15.405729165776483
21592,15.564675204349406
21593,22.878747963143482
21594,2.9772529806340913
21595,16.111441422968934
21596,3.675804505648319
21597,4.24303307578562
21598,48.785023524682416
21599,11.364538494672612
21600,32.900782556837356
21601,23.08637497684386
21602,63.16366195037954
21603,17.86671111171335
21604,-9.592325313678295
21605,29.491744016810614
21606,-5.316355318234127
21607,6.5731792920166505
21608,-25.35185806519454
21609,-10.118405446970403
21610,5.128807764594409
21611,-9.419774485386657
21612,3.6968739996434703
21613,12.984855181570463
21614,6.882401853834548
21615,11.112069437530419
21616,15.85475539821393
21617,11.717766221672637
21618,-11.442843332496984
21619,-5.000398169357496
21620,1.767844654015601
21621,40.134419208587786
21622,34.46511575901758
21623,2.351480506010459
21624,1.0518405352145752
21625,23.494475124809036
21626,26.0272275924918
21627,13.799030417012606
21628,-9.224211185894855
21629,7.530531345217646
21630,-10.383351995661375
21631,-11.037874078867983
21632,32.38851597637929
21633,-2.591578530675367
21634,-7.2607783148166405
21635,1.5993611942553283
21636,6.925762948090506
21637,-18.94349924344349
21638,17.749093437955615
21639,5.104819656054216
21640,-1.4353645789792608
21641,23.385453745276923
21642,35.05425162321322
21643,14.852935456345572
21644,7.1392226310145634
21645,-4.823113100774311
21646,8.319690828061253
21647,-10.211683332072411
21648,7.4128882090156765
21649,14.320690584355916
21650,13.42839174035639
21651,22.005571962396147
21652,1.2514614439353924
21653,-11.727016528829182
21654,-8.315732731844843
21655,11.810247465190688
21656,-7.866019127943847
21657,7.957281951648829
21658,24.29999500657108
21659,9.232298022299144
21660,-10.82599645747289
21661,-21.721990150802057
21662,-7.429536431014117
21663,58.6067518868381
21664,33.397062064089155
21665,-14.518208688443917
21666,10.35128739914235
21667,22.733803391879768
21668,6.012266325041459
21669,3.470360722265111
21670,-6.383483557704501
21671,218.90202289450528
21672,-0.6059336513089733
21673,821.1306824454783
21674,6.155554860591879
21675,-24.727220353588486
21676,7.288278908618997
21677,13.571886311559918
21678,7.812590422471162
21679,-12.309416038224366
21680,6.8240483285562625
21681,-6.496506206299536
21682,7.938899186723111
21683,324.66477434895864
21684,-12.30100143855947
21685,6.0244456493617555
21686,-9.662018028765267
21687,-6.151359915262969
21688,7.293170271569572
21689,-14.310401481116646
21690,11.132747453922663
21691,-22.380967381484744
21692,-0.5432000412083902
21693,2.9897230558376897
21694,5.016736842001865
21695,-0.6698084932675421
21696,-4.006209128831788
21697,3.0690900752593393
21698,553.5576660831716
21699,-26.253630823780604
21700,26.736637261393604
21701,20.046564682678486
21702,8.00460893623323
21703,-14.57814655210484
21704,13.646855220668115
21705,19.22216309476591
21706,-0.9621719875931873
21707,280.0117424554708
21708,-50.52200227559676
21709,-9.422282138088917
21710,-14.90926370103562
21711,-14.072072561686799
21712,460.2766240445572
21713,-7.636341685791308
21714,-21.222304228684393
21715,-13.799475731157973
21716,-10.841992488960063
21717,210.82520643247676
21718,49.95420225911784
21719,2.8781351901219665
21720,331.7796806800369
21721,78.8255709161055
21722,334.3740872058602
21723,-10.447004093897633
21724,71.581957396856
21725,-6.976437937702265
21726,2.159113549673508
21727,46.143714495049366
21728,314.79075326594904
21729,34.121706474035506
21730,12.704295443631379
21731,4.07754922212831
21732,-1.9115428091458924
21733,-5.372769356241221
21734,63.75617174436303
21735,-19.304231466292187
21736,441.3336970628051
21737,15.65560160821349
21738,-13.947253165920124
21739,5.373607455139133
21740,-0.7943798629452203
21741,3.3425890491824592
21742,44.5954965905525
21743,9.973535336536067
21744,243.0240823135599
21745,89.38741806365914
21746,7.469595564859178
21747,97.95511830210796
21748,128.70664546568776
21749,-15.295971538944503
21750,54.48458174870157
21751,8.411550389227502
21752,4.7949646613217265
21753,-11.715408122526515
21754,16.187149703683204
21755,-19.295884370087855
21756,4.167239936026
21757,-2.0907544621847087
21758,12.659541179480762
21759,-11.985241932523394
21760,64.71611123694318
21761,593.4131163196884
21762,7.391614202297411
21763,2.8084739730394794
21764,77.58284592282368
21765,2.225385326491411
21766,-4.485687136866499
21767,103.49122702208369
21768,22.90482070088018
21769,-5.897839777899502
21770,56.97759446917534
21771,15.30529626813259
21772,86.39228146720795
21773,6.549315127077916
21774,10.542769450479417
21775,-12.845285506483421
21776,-11.455637426488632
21777,-28.101484339274485
21778,-3.795087541635965
21779,52.65960519778523
21780,-1.7902682876313385
21781,-19.83731111762171
21782,24.396545709214195
21783,4.252080753594509
21784,-30.055038927064558
21785,1.8175991841966983
21786,16.168367223293174
21787,531.4007609779995
21788,8.181922479792755
21789,-15.302634918120052
21790,-15.526567657507798
21791,10.68850587394928
21792,-7.151271817393823
21793,-19.61788513317842
21794,-2.110424652197814
21795,-23.66946291707719
21796,-8.637386040722475
21797,642.0632752091132
21798,203.3985447569755
21799,-8.545062995269166
21800,5.848276708470067
21801,269.34294754403095
21802,10.061493423039558
21803,17.545548016278044
21804,-6.955372486194516
21805,48.41570771859072
21806,-13.431112083339166
21807,14.243778136355123
21808,11.173865182945967
21809,-3.3889556461112704
21810,17.74014662296514
21811,-3.890007568278584
21812,65.38110143321072
21813,609.8203434707965
21814,5.008402315947832
21815,16.625205055204994
21816,33.81687347885001
21817,16.310785051203574
21818,316.20903988440404
21819,44.36090227194133
21820,-40.928088173177095
21821,-12.855370811387331
21822,-4.786396666178639
21823,310.686300932624
21824,18.503096967707
21825,5.4531050446619425
21826,2.3718252409282794
21827,-10.714687464379736
21828,179.4993949134373
21829,-7.637596388816206
21830,-6.772761848795096
21831,9.515878578318965
21832,62.4860104800776
21833,496.8327825083375
21834,811.7092638980366
21835,25.577768567950486
21836,-12.578864789081955
21837,3.9890414368994307
21838,11.459864077893972
21839,63.98301728115948
21840,7.701909600951597
21841,-18.607783404829156
21842,101.40410136071287
21843,13.316131774681445
21844,3.0436834779657183
21845,198.7483951202551
21846,3.7173728491095623
21847,31.104568321275046
21848,7.611632583150961
21849,673.9124176628562
21850,557.7251901346458
21851,-26.02035335823158
21852,-12.267673531064744
21853,12.646227448698415
21854,-11.811522621734255
21855,266.76466357553716
21856,29.599601015628593
21857,-5.711809016359155
21858,-3.682826455879905
21859,-0.231072484222814
21860,9.90103026341214
21861,2.6647741700645415
21862,883.4324017042225
21863,224.32363467896934
21864,55.29962635726942
21865,-22.836398127208255
21866,-6.436680582739196
21867,-6.009713119796654
21868,-69.62112063310681
21869,1.7169544514664494
21870,-14.604308838721792
21871,43.08737672267725
21872,169.1506124047871
21873,4.29993666922152
21874,22.780248713984243
21875,81.06058450393293
21876,249.44390006634953
21877,-19.638053280346192
21878,-12.157407590207455
21879,-2.021008715521596
21880,236.05973368943432
21881,27.339358381312273
21882,-7.13444120557234
21883,21.12679883005199
21884,2.168584771103559
21885,465.6052517593811
21886,-9.777728797762837
21887,-0.9186103622272519
21888,2.5082714962443173
21889,3.8472725623261628
21890,70.98911395780677
21891,43.731590167246424
21892,13.618065057160766
21893,-2.754694273303702
21894,52.73633852371662
21895,-20.620899712526246
21896,12.544350994138547
21897,-1.580548772353417
21898,31.19043488686966
21899,471.8895401392891
21900,-5.760162773202232
21901,-10.568478615509466
21902,322.6137868043036
21903,9.784764178721083
21904,0.8249008134425342
21905,25.79413758571067
21906,577.8260079298718
21907,10.605847064004507
21908,-0.968869886348017
21909,14.854703349715635
21910,0.8246960498159375
21911,0.5385443419936013
21912,-28.508045746964342
21913,-2.5890518835816394
21914,13.399241632555375
21915,-18.407925075033376
21916,-4.71358570094743
21917,10.4914484027092
21918,8.190396065158636
21919,-8.001657603947507
21920,49.63258695229603
21921,10.648815310960757
21922,763.7009159939638
21923,-13.829139685355656
21924,38.631068865567364
21925,-0.8949501506968005
21926,139.5154150032708
21927,-16.652003436399006
21928,546.3239890035125
21929,5.220014133533962
21930,-25.587850896543905
21931,15.465900950603189
21932,15.436612328598958
21933,-1.8600228409661277
21934,499.05692847453344
21935,-4.382890626359249
21936,-17.541765091233543
21937,-2.4946868729981446
21938,44.25730036633921
21939,4.609410172157052
21940,379.659033874629
21941,2.9440665337522347
21942,10.138834338212124
21943,139.07054997256785
21944,49.737599437738965
21945,5.879731030947591
21946,-17.115178514404256
21947,3.3066909481264535
21948,-9.727396754238175
21949,-10.707248118803495
21950,4.704390988675694
21951,-17.19023067671504
21952,-12.988755009707017
21953,26.553087146095052
21954,-14.507144473891358
21955,-19.547849292748246
21956,7.756600159977927
21957,40.01174924813478
21958,-55.56105658302694
21959,6.3046182167617
21960,6.560927501540737
21961,6.578065359940545
21962,6.870257800308291
21963,-5.52000728679598
21964,-9.276611668796559
21965,-14.58685133974527
21966,5.394846734052624
21967,4.001650508736239
21968,-14.403171646366165
21969,-19.021424912362043
21970,-19.988381189766187
21971,-14.675174775518954
21972,0.48851492460990187
21973,-9.970557340738551
21974,0.6720890402960169
21975,-18.24673845476095
21976,-0.11678315861651001
21977,-9.773869631340396
21978,-20.347266663781873
21979,-7.5601729716545485
21980,1.2357834229778621
21981,-9.488430293620858
21982,3.7002250698155468
21983,13.369258011628864
21984,2.766741608016533
21985,-1.9178870633256757
21986,-17.10611135059346
21987,-9.412924069351227
21988,2.3819656526691677
21989,-14.921022653647729
21990,11.155713335547176
21991,-8.239862996513128
21992,-10.880634167822972
21993,-2.8829078751078114
21994,-8.382737783390077
21995,-7.586945677904421
21996,-6.622572049768628
21997,17.610547882966674
21998,-9.550944126832484
21999,-0.2579408556661562
22000,4.1791835059574005
22001,10.96837074359839
22002,-15.5502294589785
22003,-15.88395113148475
22004,7.569447153960844
22005,-9.031583060693595
22006,-3.7968555811468647
22007,1.9023489900965451
22008,20.354278364423894
22009,-8.153839963098072
22010,25.336955794075045
22011,-7.404154428282794
22012,-16.92082349201953
22013,7.346893991476309
22014,-11.367673066420537
22015,-1.3444384643877783
22016,-8.621551144756104
22017,1.3259421472967219
22018,-25.647138755395844
22019,-28.138626096371723
22020,-10.125026986131331
22021,-14.295809865809392
22022,-15.460021043521454
22023,-5.366986719586592
22024,-4.601863915733631
22025,6.917567956565268
22026,12.546792512891273
22027,14.98601146040366
22028,14.253752583070987
22029,2.1407092353955814
22030,-14.8462863634712
22031,4.187783339172832
22032,-12.935887963166724
22033,-13.698104720730534
22034,-12.965683588323259
22035,-11.677662135123434
22036,-2.480503260475434
22037,-19.231847811051367
22038,0.400750621763704
22039,-3.026342027809335
22040,3.344314664262626
22041,-21.457295988712126
22042,-18.465487922305336
22043,-9.738094411495847
22044,9.726913733504018
22045,-12.871240460827515
22046,-13.687372114199402
22047,5.283716178276521
22048,-7.0582349683018
22049,-19.55527598139708
22050,-17.104056816923347
22051,6.325779693835065
22052,3.0001196097564335
22053,10.355948595864168
22054,12.626463643336713
22055,-20.848852970584524
22056,-6.69533187761618
22057,-6.41292406754712
22058,-5.46429144004405
22059,-12.454012912161637
22060,-5.717243987998504
22061,-9.779718605080792
22062,1.6534882224183214
22063,-3.1695632418705237
22064,9.576392842915405
22065,-10.560539068172538
22066,-7.67061091735259
22067,-22.030678707066457
22068,-8.545288883991223
22069,6.479716893805723
22070,-14.834856681139623
22071,-14.113729568204736
22072,20.35878980193555
22073,20.34267813627168
22074,-6.275452169875024
22075,21.699569674186005
22076,10.709427067396419
22077,-18.34700255168682
22078,-3.775690306936827
22079,8.190812678833213
22080,-9.5656888296947
22081,-10.15570256324358
22082,-16.789458456433984
22083,-8.212203832415813
22084,-12.871541864778976
22085,-7.9775966922763
22086,13.400248949678492
22087,-8.810698511544782
22088,-21.346883016290143
22089,-9.850022621263879
22090,-3.941825201227754
22091,-10.750075827312443
22092,4.412064496947899
22093,9.31907181031001
22094,-2.9327062184942108
22095,-5.163430578279247
22096,-7.169240383380959
22097,-7.423460104217654
22098,-19.47967793921002
22099,-5.003360937843308
22100,8.187468083265676
22101,5.033303311748945
22102,-18.577171003729177
22103,9.214138855814102
22104,10.990025061364857
22105,8.749006866864608
22106,6.41900850017306
22107,-29.027911244296895
22108,-2.3624606329504267
22109,-16.942014006806396
22110,-4.731542477687523
22111,-9.174837668818995
22112,1.7719760252509733
22113,3.2462766661215294
22114,-17.273311965921366
22115,5.300762395606531
22116,-11.407768237510876
22117,-4.026556697765887
22118,-12.953502245509728
22119,7.703599809936996
22120,8.54209058719329
22121,1.841592306478086
22122,9.190778562912177
22123,-15.716388871203435
22124,-9.344282092389278
22125,-2.632920367414961
22126,-11.93468959359732
22127,8.25745061976539
22128,3.4060225518352123
22129,2.433342613564303
22130,8.928815385153186
22131,10.831296937542398
22132,9.891963547705071
22133,-17.364160990702587
22134,-5.0118493651871
22135,-3.4576250445319516
22136,-12.48570133468284
22137,13.405071576012837
22138,1.278091941148702
22139,-6.523936534686321
22140,3.338151738066557
22141,6.670784203156176
22142,-16.921457105034243
22143,6.469977106002254
22144,0.1844445877146086
22145,18.627502027763953
22146,12.273017221315804
22147,-6.804937863865639
22148,19.813023094305972
22149,8.173973474201391
22150,-10.338713243545879
22151,8.724024939654743
22152,5.970698545203916
22153,-2.1644729691799895
22154,31.526693862650816
22155,-6.052338590510157
22156,-2.960789817776991
22157,-11.71097893181308
22158,-13.651859649195554
22159,7.722035197892204
22160,-13.20577438025472
22161,-16.29705929569397
22162,10.364288930540425
22163,0.04040931400729164
22164,5.6845075750148375
22165,-7.518381155214797
22166,8.093743467885313
22167,-9.894871041860156
22168,-4.472470628135795
22169,-1.1973270568627115
22170,-12.571285157944143
22171,-8.849371520537733
22172,1.4998585363131678
22173,4.715285640895786
22174,5.998405709553145
22175,-12.87766307761055
22176,-11.969115949656434
22177,8.001892471416841
22178,9.70936316362057
22179,-9.544365476614352
22180,-8.112614222798651
22181,-18.343432098128034
22182,10.74243386869768
22183,3.194268233006044
22184,9.709183826991591
22185,-3.6090106419799852
22186,1.2362813077173875
22187,-5.1746281195405714
22188,19.04474188465709
22189,-5.702508811493523
22190,-19.88877104825361
22191,-8.32928034128117
22192,-3.1378227317611476
22193,-11.341814954540418
22194,5.155029602216247
22195,-9.980686415095875
22196,-8.807734273960495
22197,-3.962276924426998
22198,5.134181899418266
22199,3.796492965169058
22200,-16.714686859031048
22201,15.329418121473559
22202,-14.716671531305558
22203,-8.664077535074298
22204,6.168860936599113
22205,-12.293317389682173
22206,-10.185681892979769
22207,11.368913771176764
22208,9.288897618146619
22209,9.866927395460753
22210,-22.824891472955365
22211,2.68319158736292
22212,17.208580536454388
22213,-20.524017929591096
22214,-9.394524900723859
22215,6.536312863409838
22216,-3.8996420195361345
22217,-2.7898301522124633
22218,-12.074153455857843
22219,1.3873779231833652
22220,-7.320570562430376
22221,2.6355860147095775
22222,-21.495623979473926
22223,0.6310952309292528
22224,-11.78036813015526
22225,5.3635366595080605
22226,6.988969766392646
22227,9.76547967035778
22228,-7.681698046163472
22229,9.935684729304311
22230,-7.337796423212453
22231,9.734177566566585
22232,-9.194449449214147
22233,0.9217849771870785
22234,-17.91459358369999
22235,-6.226516618446567
22236,5.63361041262397
22237,6.8021129885642875
22238,-0.624109237758038
22239,1.0023793819533715
22240,3.806043902151499
22241,3.6737911407228374
22242,-16.27953850580319
22243,10.066471966020814
22244,-4.051185909641575
22245,-8.572331087336536
22246,-9.279281689629652
22247,-6.753990662663256
22248,-10.3465914869468
22249,-14.454148426869452
22250,-14.136138421049857
22251,-0.1644642844974591
22252,12.794251014945088
22253,20.341518336191076
22254,-2.565306357673272
22255,-20.117494183275
22256,-19.377296297946756
22257,-27.82166502370214
22258,0.8942079929661961
22259,-20.39709143862087
22260,-9.385036804590243
22261,1.1720194951026137
22262,8.4158237824398
22263,-15.51644139332673
22264,10.448375394039864
22265,-23.15215021765126
22266,-22.75062407461423
22267,-13.783037226056816
22268,-16.510149100115555
22269,-5.673600477978635
22270,-24.694312356655338
22271,-14.744081456309871
22272,4.770985763828426
22273,-4.649069600146628
22274,-9.435876049387804
22275,1.6676940644820686
22276,-4.358447850256127
22277,25.112848051777505
22278,-1.745787668386388
22279,1.4691884353986335
22280,5.47924426610358
22281,13.61214443701958
22282,-18.113146529340142
22283,9.868175429799887
22284,10.513424973889066
22285,-13.787067622206777
22286,-11.58142544536383
22287,4.446253421085304
22288,-28.948160438814092
22289,-0.21287145238491334
22290,-15.365785944181066
22291,10.446855347459431
22292,-9.646335344191925
22293,1.4647695052163314
22294,-4.889279980176518
22295,-24.74517569518956
22296,-1.098710415796436
22297,4.5550279097850535
22298,10.583500306028675
22299,-1.7336492934844685
22300,6.648117243824707
22301,-12.605919844435238
22302,0.48461274309689273
22303,2.024160958423453
22304,24.79224272613603
22305,-7.435595964519674
22306,-2.806722205845638
22307,4.18225698369999
22308,-2.1136850481176843
22309,4.214514641394013
22310,9.920687907117493
22311,18.773368138848433
22312,-5.234479354561717
22313,-9.458362830778153
22314,-11.761665661865191
22315,28.777539708638194
22316,6.119190248293771
22317,-1.4190138531936292
22318,2.724011022516464
22319,-1.4940959713472708
22320,2.1595040642040466
22321,-7.596497568066646
22322,-8.884067588774126
22323,-12.393969223456736
22324,5.977040668601985
22325,-17.982067445219947
22326,1.082308208222619
22327,-1.5129350268576154
22328,2.0890840571595195
22329,-16.09776150525625
22330,-10.923549508915162
22331,-9.320083558591154
22332,-7.776790754185548
22333,10.34145347967413
22334,-16.40074667188594
22335,39.587555829863206
22336,21.4803070218451
22337,5.769496304985976
22338,-9.413609257107044
22339,-0.0168944915866156
22340,16.6978377639496
22341,-4.050308319228236
22342,-5.385445346868774
22343,-7.25799049874297
22344,-12.904314607352187
22345,18.172039386860202
22346,23.111231502232442
22347,16.483984380386573
22348,-19.027956790441436
22349,5.0972595374167025
22350,12.467368263517994
22351,-15.751475058207209
22352,-2.5177714940540348
22353,4.299694439968691
22354,-4.845992038426267
22355,-21.01360891294445
22356,-3.7062462466812427
22357,-17.440338680135213
22358,0.7312666223663129
22359,-11.433008482555707
22360,10.93986114449243
22361,5.405086550509948
22362,-19.13782706513298
22363,18.42784846733298
22364,10.059954803076167
22365,-13.552315658661364
22366,-4.02548805203833
22367,8.904399298173074
22368,9.6151167968417
22369,13.053018496944127
22370,-6.609546269873736
22371,3.1601699145324353
22372,32.61111073750042
22373,10.190872802990246
22374,-22.80369678751412
22375,-8.203758146848106
22376,11.11584386978044
22377,-19.33109402086238
22378,2.4457744252926457
22379,-14.880880094271443
22380,-12.18607203017832
22381,-0.42264077707415026
22382,0.7249139850218604
22383,-25.6711548577152
22384,26.283995486814
22385,-11.924017818133354
22386,-1.3954745912984734
22387,22.83334376814874
22388,-6.187220775446004
22389,10.491724515047816
22390,-18.773499872607545
22391,-22.554192005076082
22392,1.3220271671124912
22393,1.9770266376073256
22394,4.726333944599746
22395,-10.323954546890036
22396,8.664197430281444
22397,-9.732960956718856
22398,-4.511536153624114
22399,11.56920114734037
22400,11.942308302472512
22401,-5.828548308784487
22402,5.788817144101801
22403,-29.605058998445223
22404,-24.407162285470868
22405,-29.006004583173237
22406,18.04592659767699
22407,-5.7546502806101465
22408,9.216154267797496
22409,1.3684519655528913
22410,2.3651206352174636
22411,3.4200300892555813
22412,3.522989455582268
22413,4.921644698008851
22414,-22.21149989127442
22415,1.0638085158024069
22416,12.429277068031803
22417,4.785748235661428
22418,1.9219937309038713
22419,21.091852236784028
22420,3.2387147502657943
22421,-0.4343075663981182
22422,22.94980480648378
22423,-2.2326171503393226
22424,-1.2278754353692527
22425,-8.86900728525459
22426,9.93954496285816
22427,0.12953179382073898
22428,14.322344181143439
22429,4.3925135019274855
22430,-15.109654684128952
22431,12.905018931512172
22432,-13.169969303594595
22433,-1.9978934338932284
22434,-10.061929905071064
22435,8.80300081977396
22436,-3.592417175178472
22437,-24.35228263204555
22438,-10.993784511931306
22439,8.510456759735579
22440,-7.012111422766335
22441,-12.035986273834336
22442,-13.915840466466438
22443,-2.8811232338448107
22444,0.7009262382796795
22445,22.622186626248514
22446,-5.156999428381663
22447,1.1886358873229277
22448,-17.653891566025948
22449,-11.29507839063507
22450,-20.007892009546254
22451,-16.882444730485837
22452,-17.518925253232958
22453,4.021520757714951
22454,-11.812944994519626
22455,-2.540315776334264
22456,-9.801986349038064
22457,13.239389291435472
22458,24.547658765537392
22459,-8.41891550720193
22460,-1.3641425570712187
22461,-7.016335221199249
22462,-21.562950592560682
22463,-14.24554000179754
22464,3.327595381909452
22465,-20.290057330611567
22466,-29.959885235725345
22467,15.900238490671269
22468,-8.70318910293112
22469,14.164307790642177
22470,4.162427824206743
22471,-8.848503486077558
22472,10.85077573788287
22473,-1.8451801618688783
22474,-1.6608039898134201
22475,10.80716198969193
22476,15.94028017021671
22477,0.015732732096285673
22478,3.535138169748123
22479,-6.620115146878401
22480,-1.0070835160177367
22481,-8.94583330473013
22482,-4.890938952520624
22483,15.32113784920886
22484,-6.276648563372408
22485,-20.249681300163374
22486,8.953541680639916
22487,-13.839988099353565
22488,6.614678811249199
22489,30.259339973147092
22490,-12.788370629701156
22491,14.926047963718926
22492,15.977587391278583
22493,32.631442915840346
22494,7.619692168734208
22495,-24.979134572705874
22496,-11.548489634278845
22497,-29.7188430842117
22498,8.625990810770055
22499,-17.59325121077385
22500,-26.033321744335346
22501,4.3176464244921995
22502,-6.797523079660614
22503,-3.7194709425883445
22504,-16.72629494726516
22505,4.614911366489485
22506,5.307594846453526
22507,13.104493529006282
22508,12.610551982946895
22509,-0.7591962704407926
22510,11.868471360808655
22511,23.38322315170874
22512,-6.837693426480239
22513,2.8745624659244786
22514,-13.71919125881708
22515,2.225972382853943
22516,2.5141517223149368
22517,-6.639697137110581
22518,-1.0341410427735163
22519,-4.626201122284744
22520,3.5280221346787606
22521,-29.844238694630846
22522,-4.582462018816113
22523,4.861003122863545
22524,-14.902984650482068
22525,0.11924870752493533
22526,-4.685896509924461
22527,-7.150702174758681
22528,-5.845657105469012
22529,-12.139024525273609
22530,0.7034566549362022
22531,10.663774182649085
22532,11.505111059465978
22533,-16.006750148704846
22534,-18.48240174894228
22535,1.1135146444817128
22536,3.126967431873764
22537,-1.2535851772851672
22538,20.971605338143007
22539,-6.616341268957896
22540,-17.927405770624
22541,-15.250235920640492
22542,5.998321004906195
22543,10.27428600305479
22544,-8.827990576787016
22545,-12.61576966466232
22546,19.031090544820277
22547,11.667983627024508
22548,-16.661175327180516
22549,16.7220471299764
22550,25.193223580652027
22551,7.987542560573537
22552,6.1263994973730735
22553,-15.58515531231922
22554,12.223408395249008
22555,-5.236117374019592
22556,20.15065980547585
22557,-12.50313910724054
22558,-18.026656247591006
22559,27.897354206920397
22560,-13.626564912328913
22561,18.805685900385278
22562,12.50926488244809
22563,-7.0706567055602605
22564,2.6357333981218787
22565,89.98931094747701
22566,-21.84380514249012
22567,-47.937367325219
22568,21.93987659979929
22569,-1.8978831876607174
22570,-14.528908192516703
22571,0.7651986249685248
22572,-31.561772763009664
22573,7.187095715306063
22574,3.2944363535587726
22575,15.265824720535486
22576,-11.015892942552998
22577,20.079578701626154
22578,19.10257925841734
22579,-28.11783975123921
22580,-0.7381290490454191
22581,20.240445893839794
22582,-3.013519284104241
22583,1.6608117787275454
22584,-13.723404102082135
22585,50.21032719513234
22586,9.54984998871756
22587,11.361416288751728
22588,-48.748087713222404
22589,2.3203521148869957
22590,-10.834158389546982
22591,-40.111232299345716
22592,-20.060945108841537
22593,-34.778889228241745
22594,6.89163856013861
22595,-55.79540733447203
22596,11.92455485600762
22597,28.45856365723537
22598,-25.730027540636236
22599,5.421073377844804
22600,35.733508345293615
22601,-0.7689933069656121
22602,-0.11594759589858228
22603,6.3183760257196315
22604,109.21202081422645
22605,-22.76679617969036
22606,-32.72289986453741
22607,27.616955361414504
22608,5.540061969969475
22609,20.03295783532335
22610,-10.84644103617197
22611,-7.624771813884774
22612,-12.815266499800217
22613,-26.582844447197772
22614,-1.0568158158872052
22615,-1.5172761064480547
22616,-8.468471104724884
22617,-12.058073410190431
22618,6.314483229666465
22619,-9.100845352998299
22620,-20.02390403064895
22621,10.601621346389994
22622,0.14469619301164727
22623,-2.6442776363978275
22624,-13.576132987788753
22625,-22.701191328430035
22626,14.4557642053023
22627,14.55956674572874
22628,0.44636362653773887
22629,6.878264918414917
22630,-25.533597647419
22631,-4.987016704839224
22632,10.84020762073725
22633,2.5813970410170803
22634,22.366227253012035
22635,7.52072271662359
22636,22.749393893688477
22637,3.852742772849952
22638,26.097560294491174
22639,4.847696138444501
22640,-2.1868410077643397
22641,-7.824624490530319
22642,-5.005844154102569
22643,-1.343118762703476
22644,26.018413986842777
22645,-5.809174306161676
22646,-14.194808972903282
22647,-7.025047199925133
22648,-5.958903622963998
22649,-7.390493153819499
22650,-2.0607327152933905
22651,0.09218008155297852
22652,17.768058399553844
22653,8.995815430703907
22654,7.533265993908305
22655,2.6075612420818146
22656,15.051492522357929
22657,-6.605055873002641
22658,9.311729893251087
22659,8.01936621642594
22660,-5.382544045377134
22661,22.218140858303833
22662,-8.367373672935326
22663,31.11651784423054
22664,-4.76433678826292
22665,-5.892981112453565
22666,11.059212176101468
22667,1.1721290730672465
22668,-5.9072863497917005
22669,7.285726091802365
22670,-2.908862742556952
22671,14.87521281323245
22672,8.504050213226872
22673,-5.801129388033441
22674,12.15267892178494
22675,-6.1783448046469225
22676,21.35348841974149
22677,-2.2625148030878464
22678,16.464272096061787
22679,17.035136453377895
22680,-11.69268396825371
22681,17.06063792159373
22682,8.535169383098388
22683,6.542157061124618
22684,2.6709192986253054
22685,-6.490290069493351
22686,-7.958036203022466
22687,-4.533406719171573
22688,9.10093929697849
22689,-1.510853669615237
22690,25.7311981589417
22691,5.766368010973128
22692,-14.83657969251679
22693,-2.679185685543885
22694,-12.896658812992303
22695,-4.548049100303
22696,12.411854548613434
22697,8.752923938397647
22698,0.6924569756873495
22699,64.03640587324365
22700,3.8654009164914296
22701,-7.911198382156037
22702,31.130694759036153
22703,-7.586461986962469
22704,-5.062441908223558
22705,27.66496619854501
22706,3.684220976361388
22707,10.195672921395293
22708,7.058687398952024
22709,55.36791778032124
22710,24.94666755032172
22711,25.51670515043869
22712,0.7048040494961487
22713,2.166143116617892
22714,19.918816324383357
22715,-0.2641773614046947
22716,47.815522667527816
22717,-5.533022763597707
22718,26.2126253973416
22719,4.388440090518561
22720,-2.2498957203476024
22721,3.712452091702934
22722,4.768692805989147
22723,97.55716449255755
22724,-13.033259107798575
22725,26.728337339110887
22726,9.24254367954326
22727,-13.13343481810725
22728,-11.553439794967794
22729,-5.600731737898851
22730,-17.48793160969074
22731,7.9860107269090275
22732,10.9257513635872
22733,15.813164240848302
22734,12.508646476657535
22735,2.4136166731763975
22736,-9.65347099475494
22737,-7.724583909397442
22738,-6.415540012962634
22739,-8.111914192219771
22740,8.824600319094564
22741,1.5098173457119728
22742,14.623457574934186
22743,-10.350322410903132
22744,-10.46223967402911
22745,-6.401931065099735
22746,-4.853662574912164
22747,9.971230515245082
22748,9.2478400048653
22749,46.203372187111015
22750,-3.7341648131879914
22751,-12.484155103440308
22752,7.2510326481956575
22753,26.08699174099155
22754,-0.3682425796997997
22755,2.412287546521622
22756,7.223736121649278
22757,-0.5305803071438255
22758,-4.895306143016512
22759,12.273475489224
22760,83.76796706388278
22761,0.17785719628154695
22762,4.895316843927452
22763,7.559478540067721
22764,-9.891166479872307
22765,-0.6068999826603303
22766,48.5396689942545
22767,-12.07736928659796
22768,31.0554248828496
22769,-1.5391839573890707
22770,-3.301063418092184
22771,-5.055425256518685
22772,-10.953414296411616
22773,-0.24637514865778698
22774,-9.609938358769703
22775,-16.3016295191946
22776,-7.428788998348139
22777,3.5462922007531024
22778,782.3756629879601
22779,-28.426952364958233
22780,-6.2429519853405075
22781,-4.376603803903073
22782,15.910664579144434
22783,-19.78316135847279
22784,-18.99574341919405
22785,20.780207428781132
22786,44.34819631064926
22787,-3.1756947396460617
22788,590.5297511169364
22789,-26.61443109700886
22790,1.741208467595662
22791,57.571319171684564
22792,716.7325325152036
22793,-8.250085097492487
22794,-15.849201014193625
22795,3.0904624227953974
22796,-7.612308487856399
22797,-8.540567381468822
22798,-0.4909621970813127
22799,-11.395725558365779
22800,1.905039078403986
22801,-17.438490132587667
22802,63.042408567582775
22803,25.76910742986288
22804,-4.742774471936816
22805,-11.362165047423261
22806,12.418281583250502
22807,74.59333604064959
22808,-5.1445886596047075
22809,82.1328129351566
22810,113.69179709106089
22811,-4.3484477221296345
22812,-19.084262760859772
22813,127.54235697965274
22814,25.42804623035105
22815,-17.42408045666835
22816,512.6320482856147
22817,-3.0378044119809644
22818,-7.191693086148735
22819,47.33247052785906
22820,-2.8835993510963434
22821,0.04024049294265453
22822,67.74410660956093
22823,-5.988432930033582
22824,79.42239866210983
22825,5.6755613058261805
22826,-13.48087208317979
22827,458.9390270417063
22828,-0.4192261008588254
22829,-6.654951228355216
22830,-11.448466100685277
22831,-7.795033474046232
22832,155.03223234060195
22833,-20.789112194130887
22834,-23.429383232235914
22835,-4.0756033355396575
22836,3.430310574961716
22837,7.236309967691607
22838,152.207072307382
22839,-1.8795887593474099
22840,28.02058804811064
22841,10.832164462747492
22842,60.488295994917415
22843,-7.904332321981009
22844,1.497672103934823
22845,564.4940980167878
22846,-4.413871012485462
22847,1.3684035275798703
22848,-42.761103720539424
22849,5.541748322057645
22850,24.17784895118068
22851,-7.664114855752793
22852,314.94381133265153
22853,385.1282399127885
22854,3.047525755809197
22855,271.94941560311895
22856,2.5765460746336775
22857,3.156725842194442
22858,-10.216441610939917
22859,27.324086992827652
22860,-19.581050505736727
22861,-0.4060701127688411
22862,-6.136911134872829
22863,2.6770567533050666
22864,-8.337333102020754
22865,-6.116366061666891
22866,0.5420617440602769
22867,-1.0506286119765775
22868,-0.7451018633349946
22869,0.3281167291288938
22870,-17.10352425255197
22871,-0.5055861332615237
22872,-1.7241677223092893
22873,-1.9468371622631757
22874,-16.024280070741625
22875,-2.9788055165400955
22876,-4.04537977335109
22877,-10.474908167339255
22878,-8.79265593130441
22879,-15.481092400144817
22880,4.943799632438852
22881,-0.32733665018543334
22882,-0.7476316012816326
22883,1.2794215881849098
22884,-5.520769060467632
22885,-10.69565429784273
22886,-2.641996626383012
22887,-3.3572081221940664
22888,-6.9747482597333565
22889,-6.865543032249072
22890,-11.851961894470406
22891,-6.05866907546633
22892,-5.642938100296501
22893,-15.565234304244402
22894,1.4840628714165582
22895,-2.4508768392854776
22896,1.9650472870366205
22897,-9.144044060831412
22898,-7.783072480610489
22899,-7.286512752460773
22900,-4.619855787787234
22901,-0.5285769525022133
22902,-1.3077992456243877
22903,-1.0100480519337474
22904,-17.38574879119264
22905,-13.270525316864205
22906,0.7336504552294905
22907,-2.2613870780394443
22908,-9.766927725327509
22909,-6.190616154926889
22910,-6.038459758175449
22911,-3.3933677983047055
22912,-2.567942330097395
22913,-1.770502919044521
22914,-1.8763864195856108
22915,-13.97801037648015
22916,-6.895509312450681
22917,4.440561647686216
22918,-8.40805643713216
22919,-3.732312383193289
22920,27.22329822370105
22921,-12.103425089430417
22922,1.591146226563513
22923,-11.26945452659692
22924,-6.140178229339472
22925,-1.8337420705573138
22926,4.523219433798724
22927,-16.140699232961737
22928,-7.650001028460121
22929,-1.805712712159366
22930,3.335377604147462
22931,-10.49257615279852
22932,-5.6028395703416045
22933,-8.073105153882878
22934,-3.7214988863848397
22935,-1.6993008874141537
22936,-15.588331439993858
22937,0.3294531747763987
22938,-9.998936974341781
22939,-3.3992076191878837
22940,-6.0005346015865655
22941,-1.4069632540215657
22942,0.5748041431204314
22943,-14.53090981825331
22944,-9.568013962848077
22945,-8.610915044949216
22946,-0.05410409556510132
22947,-6.9808660584344615
22948,-0.3705995120360548
22949,1.2715114589361693
22950,-7.456406841557328
22951,3.7909823767489303
22952,-1.8678365165329076
22953,-8.44156864479545
22954,-6.741388926174757
22955,25.506646074659958
22956,-3.863496424623065
22957,1.723032522357654
22958,13.523045527920683
22959,4.19669263687674
22960,9.536237625989934
22961,-0.7190353110660972
22962,-8.09859806160555
22963,4.932676892370807
22964,-5.657470382361506
22965,-2.7600877802366064
22966,3.6833328725014916
22967,0.8623940538206121
22968,-13.125372782797303
22969,12.139354167256439
22970,1.6501031024755477
22971,3.772054677369299
22972,-14.221164323225626
22973,-14.194984275834159
22974,10.183037820296967
22975,9.776635994840882
22976,11.154155630802688
22977,-11.797631544351386
22978,-14.609286994742462
22979,6.717315060136357
22980,4.69375795281765
22981,-0.08901216079755514
22982,-6.936725593373108
22983,-14.997991613660822
22984,-0.05909115478686289
22985,2.9026726402686993
22986,3.5079530630018656
22987,0.9969098461035735
22988,-12.232736585575239
22989,3.8385616320245184
22990,-9.498255130873606
22991,-10.828021104568151
22992,-16.358609966779134
22993,-3.826829348598576
22994,2.577128969026232
22995,-9.595534053704114
22996,-22.922120992258407
22997,-11.92716944668225
22998,-11.405479042454193
22999,25.55675356453484
23000,-4.152630296694511
23001,-5.248289943799271
23002,-12.910683842482673
23003,-7.74596703795854
23004,4.586615858515666
23005,-6.39307712668726
23006,-5.947473396020769
23007,7.16362483992576
23008,4.51605449064982
23009,-6.4543226578729325
23010,3.640829212753127
23011,15.981007354889226
23012,-3.3586214152226503
23013,6.276256112828891
23014,-5.060777156189353
23015,8.562869048080666
23016,2.1234847692002177
23017,-13.386842410891365
23018,-14.810558644217508
23019,-14.497206372780955
23020,24.763723290398673
23021,2.4908573881189735
23022,25.86986510275808
23023,25.912177322199987
23024,-4.580364490573917
23025,-0.589430552323293
23026,0.8983390636879243
23027,-5.192772476870704
23028,-15.928946158260729
23029,-8.08422565427525
23030,-11.364408996240456
23031,12.12673610802335
23032,10.367144481925326
23033,0.9867731049222179
23034,8.720997818742056
23035,8.580990753549445
23036,-13.238976984933643
23037,-12.8784507236108
23038,-15.198763619830643
23039,0.93758051581902
23040,-4.516262475508864
23041,3.8995578017986823
23042,0.11293961902205396
23043,22.50921814716611
23044,-2.9772624720900147
23045,27.558327271665217
23046,1.8451942872107612
23047,-18.44257189128929
23048,0.047637780678449815
23049,5.120535555293822
23050,3.613137288288028
23051,-10.872342069549962
23052,-7.631401440238449
23053,6.269604317784118
23054,-12.61313032680891
23055,-40.96318246554873
23056,-33.22381857446952
23057,-18.974665430135943
23058,-13.454536702181262
23059,1.734195828111826
23060,2.471330745095189
23061,-27.075044943035053
23062,-8.86316523413652
23063,13.166072281050868
23064,14.8403558886142
23065,16.89559703839449
23066,16.022617420709317
23067,-1.8685375381491696
23068,30.262331663758808
23069,15.19839743140466
23070,20.223125377848596
23071,14.23996294222597
23072,5.837619340253651
23073,-9.789172409117214
23074,9.513660003400865
23075,2.9046062960845624
23076,-6.962472129311944
23077,-7.684282514979525
23078,1.07883159102394
23079,-1.2394997859785661
23080,6.752123909387787
23081,19.652585019523364
23082,-1.602469349570729
23083,6.342137672095728
23084,11.681130748720486
23085,1.6491109993643729
23086,-9.907405098986729
23087,6.282187604561361
23088,-3.877777601243114
23089,7.191024284915342
23090,11.165504104206423
23091,2.2991683284437734
23092,-0.49212936216144243
23093,0.004055632589004432
23094,1.1760541402514644
23095,12.589808287844168
23096,0.7019297300966887
23097,-2.44585991173728
23098,-0.7658761272152432
23099,-6.1533176640806
23100,-7.6767045673417975
23101,3.8748561743711907
23102,-20.435144611721057
23103,-19.226823048365524
23104,-10.481768795499093
23105,-2.5589152483977458
23106,4.894126317207846
23107,-3.775229583547919
23108,-5.2381157367458755
23109,-25.234830505318683
23110,-24.53618322103553
23111,-5.506864468545242
23112,-2.1111236185333517
23113,-17.91571247199107
23114,-13.118936520151781
23115,8.925815394763804
23116,16.817654007644578
23117,-10.589149802626586
23118,-4.086150303982961
23119,1.08099655297055
23120,-19.46064589015326
23121,-31.163443307345617
23122,-10.334768604265413
23123,16.419190433702486
23124,-2.624240763878845
23125,10.026860452151508
23126,13.305993329568407
23127,-1.4183425693549054
23128,11.671785067317252
23129,2.769976632865026
23130,12.641397247826609
23131,0.5247528809743542
23132,0.12288325748405171
23133,6.5099188476322105
23134,-1.6945542463424346
23135,-0.24154967700545527
23136,23.711573668530903
23137,-7.290244709744496
23138,19.60573691887332
23139,-4.5525981744820605
23140,-8.618269424007593
23141,12.860679068640188
23142,15.13120949938075
23143,8.170072660414945
23144,6.324657256514353
23145,26.707340819525513
23146,7.324974028474502
23147,-3.5879379781353045
23148,5.581758142530424
23149,-1.1407072329967072
23150,18.04152015145049
23151,14.423178059846443
23152,4.373180591237142
23153,-3.026225075934235
23154,10.635713486013927
23155,-9.291442852458562
23156,-15.37185345799104
23157,14.634305137979492
23158,-16.15529607548543
23159,-20.601306757510393
23160,1.6805499530182981
23161,-7.401691811896953
23162,10.28346391618653
23163,13.989551688330206
23164,3.8697161587499824
23165,1.495787243146376
23166,-4.199070398481538
23167,3.373174263399731
23168,-1.6072608175207712
23169,13.511653349201524
23170,3.003518445498875
23171,5.166432041814078
23172,-17.80761604357015
23173,-15.998187685126503
23174,8.650170898989023
23175,12.240402202946427
23176,-12.588618679625458
23177,3.688494334445858
23178,-1.2229514333330904
23179,5.612305670509308
23180,1.7869978923201728
23181,-1.278524726954167
23182,5.2742525787720425
23183,-6.792438084758654
23184,-13.386374812085627
23185,-1.3677224194556352
23186,0.7783484502854332
23187,-3.8905607115132845
23188,7.541571453874996
23189,-5.085232812546966
23190,20.071238001159593
23191,6.093586946968417
23192,51.86997104910032
23193,-0.15648925185746165
23194,2.987063030307251
23195,111.72875538518068
23196,214.52618830161822
23197,390.1060547525915
23198,-0.10854092370955115
23199,-0.6124192922694611
23200,268.45875102851903
23201,-9.79500322580779
23202,12.157234569104208
23203,461.73818637469714
23204,303.2486093505835
23205,8.404138240695739
23206,311.82958812873477
23207,3.56504793277961
23208,135.71675333304347
23209,268.57799135115783
23210,13.660587600330242
23211,19.82965928187695
23212,14.308770735007746
23213,1.53845395177742
23214,20.261370992663554
23215,5.602412837602644
23216,433.4758921344559
23217,184.51917574100344
23218,354.112473145729
23219,0.11683049000280477
23220,243.0019367129076
23221,328.642903591751
23222,6.292280681819701
23223,29.349953353398682
23224,383.56486017482644
23225,320.73463535993756
23226,39.23870069426305
23227,71.12429932686132
23228,-21.499875275663065
23229,1.5347639120834948
23230,16.806543503667623
23231,-6.9128967284215115
23232,-1.6637841883654545
23233,12.429167018922133
23234,49.51854256703182
23235,3.6478615692898835
23236,371.75867411728655
23237,-8.869340315152566
23238,4.728336279238361
23239,17.866717289198135
23240,-8.833537263136513
23241,-1.2097351586495186
23242,10.677056373692691
23243,6.141742936137348
23244,-9.73155558840272
23245,16.530095836867176
23246,14.264694300070406
23247,14.04433504042084
23248,17.771212188589384
23249,1.8115171564252464
23250,-18.403695303160255
23251,1.2477694279715763
23252,23.40134889155143
23253,10.93855902995987
23254,-8.380756650839494
23255,17.622593494334502
23256,14.7614590752977
23257,27.581307779873963
23258,-15.746544151191785
23259,4.206594063597189
23260,-6.69964492027934
23261,29.06255938500332
23262,9.591674971494891
23263,-10.021859984777137
23264,-10.974213406209444
23265,-7.440235940335398
23266,21.37876577884171
23267,11.556062360036474
23268,6.087707597881824
23269,-14.401166235338962
23270,39.87766308694758
23271,38.51100526944856
23272,3.174349015597361
23273,-3.893043222917811
23274,7.982640238115589
23275,13.850384357947782
23276,3.4799441858930003
23277,-22.71614545936844
23278,8.897297508164474
23279,6.448105315331103
23280,-22.147991071773504
23281,0.6746184752899076
23282,-14.61191253272644
23283,8.079563664224032
23284,7.539228681606545
23285,20.235781275092016
23286,20.41140060251193
23287,-16.71527632682573
23288,9.63883867963396
23289,-1.9798536421207729
23290,-2.564392136205452
23291,8.173586687077606
23292,2.622021891913681
23293,-1.1220754467077683
23294,24.671625045862086
23295,14.689198421514229
23296,-4.805411793739282
23297,6.363096603438114
23298,2.4806688514974695
23299,-14.903685826942219
23300,-6.037710529846649
23301,-5.714376886079265
23302,-3.6737710453535968
23303,-17.192169129175475
23304,10.201865391034609
23305,7.737935593887045
23306,1.6516367335371065
23307,25.52335274683752
23308,23.946064979872858
23309,6.386274687852659
23310,30.650374772836393
23311,-9.674376762022902
23312,6.256589219009921
23313,-8.82174240207419
23314,17.800008810759586
23315,-1.1557003965917154
23316,4.951867070411975
23317,10.438814353075024
23318,12.200085436431714
23319,6.199638325833849
23320,9.061174018293578
23321,9.99713043038645
23322,-2.9328241781505717
23323,14.440748308213383
23324,13.358285413859964
23325,14.713423765509832
23326,8.427948334519128
23327,2.6465569500598924
23328,15.840186709683099
23329,15.952411361486657
23330,18.193865081441597
23331,17.270523863137118
23332,-15.077186102132504
23333,9.907917374666267
23334,10.64461667559268
23335,-0.5036169519605771
23336,-11.88865843530644
23337,7.351002430400518
23338,11.84843052068906
23339,8.876906973179686
23340,4.1672060383593035
23341,-13.677053874332483
23342,11.394966283761823
23343,-17.002660624947282
23344,11.123590478327552
23345,5.9009127883731
23346,-1.3877121355665203
23347,8.98051805022929
23348,8.641254937652278
23349,16.382473292091007
23350,13.941902209545516
23351,-7.43411126917314
23352,28.747678206919772
23353,4.447845830986926
23354,-3.0445134653328907
23355,-2.925176537418672
23356,-3.351064123880299
23357,-1.19882421980979
23358,-10.023791093329969
23359,4.345104760074481
23360,3.80400645568772
23361,-2.7978929724258634
23362,0.3088962134730675
23363,1.3778319602769926
23364,15.914450132184694
23365,-30.058778510096168
23366,1.8111822477794917
23367,-3.012568083360758
23368,-16.28292093340746
23369,1.3731168825492954
23370,21.378465591092258
23371,2.893872152366054
23372,-6.016056478017326
23373,8.08417394346695
23374,0.11938357261029608
23375,-6.864888699475539
23376,-3.7670712765955763
23377,3.1729766992570863
23378,-3.2650795824895376
23379,1.520682334246711
23380,-5.5806859987647
23381,8.842125834892125
23382,-0.4099611258684348
23383,-8.748159474907798
23384,-5.660400923663097
23385,19.153251871434442
23386,-1.062332193632205
23387,-0.8612706411384785
23388,-7.826542362118012
23389,11.106340359283081
23390,3.248862272880391
23391,-0.5884459316753237
23392,-6.282324598675235
23393,1.4428588077229296
23394,-11.953062294443356
23395,-10.628774641149956
23396,-1.1114256323694214
23397,-1.8611749132072006
23398,1.2872724233829267
23399,-5.677010753500216
23400,7.018264378234367
23401,18.411673376268634
23402,9.806738504742977
23403,-2.6488221742061278
23404,-22.211122924954402
23405,-1.8496845979754895
23406,-0.2879164447100635
23407,-5.830997401312612
23408,-2.183809952940045
23409,16.359757727377772
23410,-3.5211695863700143
23411,5.2324013249523365
23412,-24.009057343200972
23413,12.547983617574738
23414,-32.590876177755035
23415,8.044309973286271
23416,0.8307089086792736
23417,-2.652135128034274
23418,8.655089887818567
23419,-10.250239612058586
23420,-1.7093120788451337
23421,0.3353744388061113
23422,-2.8069699270776844
23423,-26.472828237279302
23424,6.058048002759891
23425,-5.633123648562503
23426,1.1913201408898342
23427,14.937496370714742
23428,7.619140203051206
23429,-12.91377093738658
23430,8.327373290134066
23431,8.441543680190865
23432,17.17084795052196
23433,-7.631261965098663
23434,-11.263845314289686
23435,-4.621397763990618
23436,13.29941461832846
23437,8.370245269877802
23438,-10.9313056501299
23439,-9.886700412668986
23440,12.811403532603002
23441,7.021435265433251
23442,6.191723858360216
23443,12.05058029188682
23444,-2.9684121359699844
23445,18.126790010543367
23446,-0.7269611836409524
23447,-3.9640066846046764
23448,1.9776619524046506
23449,-3.0952278059137335
23450,-4.1947935882314376
23451,3.089556366903059
23452,-25.63953979749703
23453,4.190421991108678
23454,8.643201136263839
23455,5.068500983999481
23456,22.63447360882832
23457,-2.801190675046062
23458,-3.0203363098405873
23459,-9.370658384001057
23460,11.22943417464277
23461,-9.909937426080418
23462,-11.957523891735164
23463,2.667754792209209
23464,13.285776674529608
23465,-7.374868434737515
23466,-7.494680241749023
23467,20.09937483826871
23468,-10.184957311565839
23469,-12.320364637139942
23470,1.804134559439797
23471,11.486655417341389
23472,17.873023108181574
23473,-10.627849665461955
23474,11.642277605253955
23475,-6.958616351557879
23476,1.079192975130729
23477,17.162646457238832
23478,-18.05881913322991
23479,-5.333332791290324
23480,-11.835227827056997
23481,-16.03033856892933
23482,13.340587019498503
23483,8.002790889904146
23484,6.754574059271631
23485,-2.354067535511234
23486,-1.4937381996185515
23487,11.642364058828672
23488,10.450229287930046
23489,0.6834854369186569
23490,-0.7681747813964783
23491,-0.4737105325944313
23492,9.856457801462216
23493,-4.441412490633933
23494,-7.206386506988785
23495,2.775324934868072
23496,5.98195335329725
23497,-0.7730228351941442
23498,-4.074783677740648
23499,33.7869430248882
23500,-11.10575556148883
23501,-11.74163286151769
23502,1.9524358769707764
23503,12.932800705213516
23504,7.395222383144191
23505,6.951528493979572
23506,8.174958641797431
23507,-19.651649675757454
23508,-19.37096289223701
23509,-6.15599235115533
23510,-5.259747505108496
23511,-1.4669738693815937
23512,-5.248862723701375
23513,-4.208621476555365
23514,3.7837595006748064
23515,3.5203015923411574
23516,9.23288481196721
23517,8.87932786795105
23518,-17.441991109446562
23519,37.71898215629308
23520,-3.96295192174399
23521,-4.456011148259346
23522,-15.291612346963213
23523,-16.44957767442603
23524,5.673957729577747
23525,4.073423743911929
23526,9.941635721721648
23527,10.92088419017728
23528,6.48364501938098
23529,-7.374425562759821
23530,9.50158567582085
23531,-8.673161782571153
23532,11.67114456523337
23533,1.5632677103003267
23534,-2.7214159800958164
23535,-2.245996396123772
23536,-15.926404390134508
23537,9.266313478617194
23538,8.560626091910285
23539,-9.142409064545124
23540,-0.07821432947022444
23541,6.330707169112035
23542,-2.7098812945454824
23543,-9.646406678471532
23544,0.9646110411141784
23545,-3.775783919081416
23546,-4.8415382248196615
23547,10.784644652748614
23548,-16.91892142128951
23549,14.489372120776071
23550,34.05730680339319
23551,-0.3778995508790075
23552,11.72515526557343
23553,10.514491212916713
23554,-0.9527370504886541
23555,-15.840565818365818
23556,10.515627926725653
23557,-15.260227512195986
23558,2.8948928002428858
23559,30.63165658111786
23560,-2.6381502638698606
23561,-5.099715583884652
23562,13.675645426037683
23563,23.888637561032237
23564,21.56284372138562
23565,9.531220198000288
23566,-14.400107024811895
23567,-1.6713458433673054
23568,3.207461311927494
23569,8.936285593952531
23570,6.244552693865344
23571,-2.6066487517072225
23572,9.503379629818289
23573,6.869569452703271
23574,20.585829473266948
23575,26.424295673896136
23576,-9.393076154789942
23577,12.028222018297214
23578,6.827553903494598
23579,8.380485097141744
23580,2.4578989475991158
23581,11.335147032182016
23582,28.270463116533687
23583,-9.73811498467214
23584,18.301332281804914
23585,2.836633832145461
23586,5.331298333139195
23587,2.344684741354005
23588,14.715162690100136
23589,8.970494655876493
23590,-1.1727836790749926
23591,7.583119161135029
23592,11.417310423433843
23593,18.272398901275007
23594,6.529360137430933
23595,-11.50078439609499
23596,-6.777270188664474
23597,26.692893122386977
23598,10.683055740400018
23599,2.608040853698638
23600,19.302254836952585
23601,7.752997002391163
23602,6.5198417439218606
23603,2.768206560571919
23604,16.091965036566062
23605,4.79676835173059
23606,4.151748468922701
23607,2.494885859093836
23608,2.2773142085758185
23609,22.132868706074056
23610,5.8607303036167036
23611,-4.230845203107307
23612,-1.1119299063530832
23613,-3.519973242965243
23614,4.662396147885909
23615,-11.12764188581248
23616,22.887546853396163
23617,11.636421836243706
23618,8.527309239683646
23619,-3.9966385712610695
23620,-4.793149612489174
23621,16.284752663439594
23622,-3.6668252284290332
23623,-0.6935563705167063
23624,30.93610537195177
23625,5.872623182496348
23626,-2.3401630511564555
23627,29.086631729060844
23628,12.441873817777644
23629,2.7495739200799267
23630,8.30326875110586
23631,-7.721268262214398
23632,-14.559007197232368
23633,9.156770653403214
23634,-1.157183327832751
23635,41.303303417052796
23636,4.535645200998053
23637,7.050978069619511
23638,22.46762200078301
23639,2.396874222068165
23640,21.016639464923593
23641,-23.095664032902086
23642,16.44025574311951
23643,6.759714102443333
23644,13.17167762593197
23645,19.13276725713716
23646,-3.346303489098048
23647,-3.1973422182264954
23648,12.878428580697442
23649,-17.150808528678375
23650,19.550614992493518
23651,12.018492490609724
23652,12.803686613851655
23653,-0.5183284934272407
23654,1.8173865008887766
23655,-0.7930059650081951
23656,3.6009326185625437
23657,5.129305500819713
23658,0.7600864481208305
23659,26.434867098204272
23660,10.824166571505913
23661,4.599490467319111
23662,2.8163772839527272
23663,16.404685073570377
23664,-1.32457664634288
23665,-3.1747256701061204
23666,14.473770395234958
23667,-1.4984650881866273
23668,13.839284039340292
23669,-1.030506795873304
23670,43.39606124617685
23671,20.192228373523534
23672,6.721748616541451
23673,11.469589901791679
23674,23.85230572450555
23675,5.17431665943495
23676,16.70094498668176
23677,9.254620509676787
23678,28.404377104340295
23679,30.65730213901182
23680,18.484340355446328
23681,5.7964932242793825
23682,-8.6413260363069
23683,7.4811538231518036
23684,1.3098329305696872
23685,10.712162442713655
23686,6.694354180530176
23687,3.9954487314482705
23688,12.43715230960234
23689,6.225820144392838
23690,-1.1657062183594569
23691,1.9083813887316925
23692,16.144716365326236
23693,7.465164277869759
23694,-13.365017507884303
23695,22.479766148522476
23696,8.294229878075818
23697,-1.282613057556631
23698,-21.84534479974034
23699,-6.3549659841400725
23700,3.377057093126286
23701,-1.179862404663389
23702,-12.830753976403454
23703,-0.9280927172424072
23704,-0.8227436688631649
23705,5.234575725268057
23706,27.948303979127257
23707,-3.3539506371822583
23708,14.14640301968899
23709,-8.423634462898562
23710,2.458329941907529
23711,5.01411747284291
23712,15.965488068955556
23713,16.78449862219204
23714,-8.791470716818534
23715,5.872427716135785
23716,2.1694154853055334
23717,25.11637193227672
23718,17.35783564656397
23719,0.6288569796350227
23720,19.009666781555588
23721,19.413760619484002
23722,-0.6358897863326085
23723,2.6057590667782264
23724,3.503946999299373
23725,3.911449940428156
23726,10.316396148051666
23727,-2.103997155314328
23728,-31.810513203693432
23729,8.622530043241447
23730,-0.5858582370319994
23731,1.9007221762755844
23732,21.789558903994635
23733,22.074110261384117
23734,15.43617634048365
23735,1.7018768748486792
23736,-15.386084990958643
23737,9.858550495344735
23738,5.087600547318363
23739,-8.692166718212139
23740,1.8493676419609102
23741,6.07883599897105
23742,-3.88273733669223
23743,9.237824634697398
23744,3.196316179288365
23745,-1.901627018473878
23746,-1.3996657331427045
23747,-3.0624156078268143
23748,7.394654111424773
23749,2.50639351362301
23750,-8.321036982172526
23751,4.616386708922411
23752,10.556694725862856
23753,5.648620138762494
23754,-3.732917373456754
23755,4.4045481014704375
23756,10.770336121774875
23757,15.391368831418763
23758,26.648381510365255
23759,13.990216435493316
23760,4.256638235994652
23761,7.664588131875814
23762,14.572748091606469
23763,6.817644229168337
23764,1.2880755026585007
23765,-3.6544146984807355
23766,-8.995171743928594
23767,3.070253296152668
23768,9.283572772051233
23769,-19.01235709444787
23770,3.081601085714926
23771,11.473235173188097
23772,2.691343078988522
23773,-0.6424717136983844
23774,11.693259835158628
23775,4.14713245632791
23776,488.2269454057501
23777,17.321356777708946
23778,280.11304640729725
23779,4.896846083870329
23780,482.8546344666935
23781,13.150282095870347
23782,364.4369800078788
23783,14.384523489826378
23784,10.792485111421605
23785,9.506822708154694
23786,-4.716038826401487
23787,5.7127411392790055
23788,70.63368900114287
23789,23.203404901728973
23790,11.099565347150001
23791,520.2071511169372
23792,-8.379122189713016
23793,2.933915993909311
23794,6.703284366080618
23795,15.21283370586305
23796,-0.7438174080328466
23797,254.51706455363905
23798,369.2228307762173
23799,15.197903264555276
23800,5.325008751282448
23801,-4.262966013101568
23802,185.54832723124107
23803,296.14651982225155
23804,180.6130175390534
23805,328.24631966787206
23806,453.93560211013704
23807,5.209913523316025
23808,-11.017035272167675
23809,93.37799904956456
23810,-0.2754324912887398
23811,0.5759945170697058
23812,103.91037963880991
23813,52.684783280080715
23814,27.840125879345983
23815,16.17365510512539
23816,1.4353652414135212
23817,-17.869541761677148
23818,280.04560892962706
23819,1.6208995389424317
23820,1.4538015379126037
23821,239.60329866408298
23822,9.113818619437593
23823,109.76853243222592
23824,0.28729925112766175
23825,-4.887172323143837
23826,-4.153933835192657
23827,22.693993635259016
23828,25.239060653236155
23829,-19.967855702613733
23830,-17.556279229042012
23831,12.096130573705079
23832,12.844111076935597
23833,13.85089831375403
23834,-12.906436131528054
23835,13.496043458562639
23836,2.082925381919626
23837,8.528846118135789
23838,0.4665308278777953
23839,-1.4135260023747094
23840,4.164574622513847
23841,-14.501220082467363
23842,-5.864223869905576
23843,17.708475207666634
23844,23.76164148169889
23845,-17.5400092866441
23846,-15.000644210282804
23847,-3.3137582377302017
23848,-14.686368016672695
23849,-13.535668614043676
23850,5.621249900249294
23851,24.974701360549588
23852,5.219659734715181
23853,12.307027307308074
23854,0.8569912827359722
23855,14.720128213794853
23856,-3.980016160679657
23857,-21.88515431295437
23858,-11.031686408252625
23859,-4.954216465259215
23860,20.22970882796807
23861,0.3761195645155162
23862,-19.536387306817737
23863,-8.661217391932666
23864,6.81934474171798
23865,13.076189742571675
23866,4.6854149505913885
23867,2.7216554366938386
23868,-12.57526352128718
23869,20.235644007738838
23870,9.131723511942802
23871,19.063772757597178
23872,20.60358866035363
23873,0.9279718235984564
23874,1.9479227860070853
23875,0.2173510071001683
23876,8.27854490912107
23877,-13.484291889764943
23878,3.895321768560896
23879,20.225629573394226
23880,-21.74935684179237
23881,20.241559320924488
23882,4.054616768956521
23883,-6.970006601316275
23884,-1.3645605732438
23885,-3.8495700119628324
23886,15.534313941543289
23887,2.748313874261102
23888,5.03052389634683
23889,-2.9957553006229
23890,10.348533792894475
23891,10.435704285670989
23892,-20.052658582980335
23893,-11.544119354259546
23894,1.5153894543631807
23895,9.297415143234915
23896,16.04550338514279
23897,0.04193018807912452
23898,-9.658549472089703
23899,-2.8043188646226334
23900,8.375117227484015
23901,8.519035035125759
23902,13.510944563810662
23903,12.793236285118386
23904,-0.10456226485524311
23905,2.780930681771224
23906,13.091693040481875
23907,12.539554271408928
23908,14.039098388332466
23909,4.0181668724220625
23910,19.557518704821096
23911,20.332110878342228
23912,-20.162277206355917
23913,16.673751961972606
23914,13.067955205858397
23915,1.5382247726398806
23916,16.663555012621153
23917,22.640951516854336
23918,15.0279790447053
23919,20.234535720069825
23920,-16.609140936981383
23921,21.480174985473813
23922,-0.9067550684428234
23923,5.691754049354952
23924,4.790497975925138
23925,11.685079790602693
23926,14.886471449280462
23927,6.316750614968221
23928,7.020044287055244
23929,-7.081584343735496
23930,-2.6967174407333303
23931,21.861507328118936
23932,-6.337333969810292
23933,13.743864476807147
23934,21.541763141245607
23935,19.225156420806524
23936,-19.82640640322741
23937,-19.250252720073362
23938,-15.402336573476965
23939,-7.444380576955254
23940,-0.5773089845146977
23941,0.4230561026459547
23942,1.7806539838981372
23943,3.793175641619994
23944,1.9623385618148461
23945,20.23161047882035
23946,-5.9786548834851985
23947,5.327739864333589
23948,3.2217749692563356
23949,3.844364298076311
23950,9.948844033089252
23951,-8.8326676418292
23952,2.6745614576298244
23953,5.226799734511907
23954,-6.746364657653732
23955,3.0624936787844135
23956,3.4830237610037305
23957,-6.52846645474645
23958,-1.2239578025868454
23959,-10.119520868499148
23960,-3.306535538542885
23961,-4.335955174129303
23962,-5.934679011321808
23963,20.23131784574483
23964,-2.597514491277675
23965,6.588273165757368
23966,-9.87866937009884
23967,-10.664705726110615
23968,-3.5928947680050705
23969,4.579121945953423
23970,-0.13240937788100737
23971,5.640994723388506
23972,-3.615002232292568
23973,-4.2133743440402185
23974,5.244349015493219
23975,-1.9262071813669408
23976,16.05919380524864
23977,3.946646181750287
23978,-5.976780880905512
23979,9.812027852593513
23980,12.394467955058644
23981,-6.695593633737584
23982,5.965898865901291
23983,11.8984836130634
23984,-14.27496729636535
23985,14.145399282912072
23986,0.04352483593861933
23987,-0.8030570914989319
23988,-6.455005889632165
23989,-3.991393007983227
23990,-3.3263309804984793
23991,-12.37741290210396
23992,16.304363204161426
23993,5.102811528578991
23994,2.17731400197793
23995,2.903203242948882
23996,4.927117369003403
23997,2.5738454204553864
23998,-3.134896647306384
23999,0.6082520838477325
24000,6.6281021659246235
24001,-11.60399142911512
24002,-10.060205034239363
24003,8.525204654573024
24004,7.0523236136832566
24005,7.98376630809147
24006,2.553435406654252
24007,-7.9327775805554595
24008,10.347590967322228
24009,-5.577516311059334
24010,20.235048554997512
24011,-10.700279936584096
24012,-12.760948621714462
24013,-4.483589648223081
24014,-7.020346196229031
24015,1.256155598174054
24016,-7.435056022849938
24017,-5.434149281923599
24018,1.5405206042098563
24019,-8.735860717204055
24020,-10.156511395417343
24021,5.318506777630439
24022,-7.4051941478678245
24023,-5.207553788382725
24024,10.158477276383703
24025,4.0863400732777535
24026,-12.7134629737874
24027,2.2585584534792478
24028,7.780478184173518
24029,7.956696194774205
24030,2.6973307265063617
24031,-4.54282048215088
24032,-3.283626635712814
24033,10.13474353273934
24034,-3.483594064660501
24035,-0.5098217444538697
24036,4.319992118823821
24037,-8.31000055477422
24038,4.982000586841446
24039,20.227727137098206
24040,-12.106774145079122
24041,-9.112838868900155
24042,2.0306357961643275
24043,2.817574907022637
24044,-5.664270184502673
24045,6.348986825990282
24046,2.6664925892925755
24047,5.230941092279272
24048,9.321388225808555
24049,-4.974729703876417
24050,-2.449971539109182
24051,15.628562734982907
24052,-4.424079849456916
24053,-1.2832680025849115
24054,8.792510887277523
24055,-9.923519098374559
24056,11.387357800880139
24057,-6.339880359416501
24058,-8.925168532624756
24059,4.2862856408446195
24060,10.309500139131508
24061,-3.989146283537842
24062,7.690465121631558
24063,20.230828178393722
24064,1.6912117698015443
24065,18.715745233253564
24066,20.23230297438662
24067,-2.714475551264254
24068,11.814887204464574
24069,-17.50609425690198
24070,-3.33201160144322
24071,-12.864404033849048
24072,11.739071545340305
24073,5.964582416501575
24074,16.278694811917262
24075,-6.737953807030941
24076,-7.391164667265993
24077,-0.22823780561097706
24078,10.870934676839052
24079,10.97062038934994
24080,2.485041837269703
24081,0.5566030446460353
24082,9.657884392653123
24083,3.100850629436202
24084,-4.105287436048435
24085,-7.986403180225285
24086,9.097439283139202
24087,-4.168950464103567
24088,5.90349876712966
24089,-6.349980063541668
24090,-0.7474697431335002
24091,-13.392406888906049
24092,-9.928884967653506
24093,7.329680932267417
24094,-11.774370123993045
24095,-16.93179606450959
24096,20.228501005670985
24097,20.232125483859978
24098,13.556095718323098
24099,-1.8113715608437602
24100,4.185777408984066
24101,1.1674399161835556
24102,-0.47460091446689034
24103,3.632878694401441
24104,13.66823856905751
24105,-13.11425503061406
24106,-15.812048495353853
24107,13.173115738127303
24108,8.804539341339755
24109,5.1960915268411405
24110,17.52422102043857
24111,5.336586915839856
24112,-0.044114283206585725
24113,-0.14910009201901175
24114,3.181400490691109
24115,4.442575265766928
24116,-6.15662473996133
24117,-16.14440899663412
24118,14.921101518211199
24119,15.366491669682375
24120,-6.645880960415774
24121,12.689950885667947
24122,4.462551778006123
24123,-11.948399983414653
24124,-13.66495338030845
24125,-6.541702810868241
24126,-11.266052028907321
24127,-16.116260185697868
24128,10.367173308862064
24129,-4.190522937007923
24130,7.161426107524962
24131,6.215174945802264
24132,-2.778442515873987
24133,17.85893615807436
24134,20.22603115068077
24135,-5.630186692989113
24136,11.689694817599744
24137,10.701905028664463
24138,4.147011914729648
24139,3.435126614888018
24140,2.1644404188041673
24141,8.578499837339844
24142,-11.31219172614399
24143,-13.12257781228665
24144,-4.041399418571803
24145,-2.2872026868508115
24146,3.893243384344732
24147,14.805109927232186
24148,13.799417141547167
24149,20.22698767180497
24150,-17.871679736691604
24151,13.11596445202846
24152,13.32697863198958
24153,1.163063415248896
24154,15.084630900878754
24155,1.956822947582804
24156,-16.851211969693125
24157,-10.108849685706332
24158,2.4488074008087626
24159,3.6828084975996482
24160,3.013552030498067
24161,-0.7196777081623438
24162,6.787928297630584
24163,19.14383162850321
24164,12.251056445662972
24165,19.862861923937977
24166,-16.114082934718034
24167,10.713316882762946
24168,-4.18882221063517
24169,3.805483064389355
24170,-1.2565499955596167
24171,10.02331384781938
24172,11.784966092545297
24173,-13.52126991990087
24174,-19.124589265224095
24175,-7.213665795993592
24176,14.063874522638454
24177,0.4825457361910246
24178,-2.028971352204337
24179,-9.356183151634788
24180,-15.93077697349323
24181,19.823758803317148
24182,-11.540545211865961
24183,7.0808895055239205
24184,-14.530675858679867
24185,24.002476177426903
24186,16.370330124171574
24187,2.4167239889221204
24188,3.678173829284784
24189,9.100871550830941
24190,-10.160656874531291
24191,10.248479235726666
24192,-0.6799696012504413
24193,-9.956158563288362
24194,-7.9884813479489125
24195,10.748557256101403
24196,10.670453031537066
24197,4.042465834801906
24198,-1.90507769300363
24199,9.740293115361052
24200,16.040066128723314
24201,17.845112874407558
24202,3.1810241891130033
24203,0.4579645672803121
24204,4.935561114099169
24205,1.9696809530430421
24206,13.789996622670888
24207,9.447026108301962
24208,14.003287155082958
24209,10.783761014885028
24210,3.8823404005258393
24211,9.29748930278162
24212,16.288429790838627
24213,20.605285427378284
24214,-1.8762854407530796
24215,-13.328861919021776
24216,10.58598092165751
24217,-6.447865573914687
24218,-17.185124582589175
24219,9.678440093765282
24220,7.880021903987458
24221,-3.6682959666405246
24222,2.440047317833219
24223,9.955243509793124
24224,12.461715692707713
24225,-0.3869838987781442
24226,6.902250096083048
24227,1.5096414874939441
24228,-1.9757380910972984
24229,3.212360890214102
24230,19.385911485704092
24231,23.915881685666484
24232,18.9237483467964
24233,18.91721897512064
24234,19.11306640083106
24235,11.819825992379265
24236,15.214079269455594
24237,-13.879124338133362
24238,2.8793037353819866
24239,17.94849491998205
24240,13.780391715458144
24241,4.775840466652744
24242,-10.077390066110567
24243,4.174623236137961
24244,-8.772824780498134
24245,20.272512784906436
24246,-0.7054453098255209
24247,18.207732085133006
24248,-16.747008882867163
24249,-7.757150554574107
24250,16.664514918126343
24251,0.6297440860830079
24252,7.729838384302987
24253,27.299473109712974
24254,22.37602146066228
24255,-9.129443753512454
24256,-11.829455101842207
24257,0.6413536538784683
24258,24.071529124970702
24259,8.82052449909037
24260,7.529442215995074
24261,1.3732558905300234
24262,-0.14361966931804915
24263,-14.18058619630369
24264,0.4686589498294431
24265,20.98056294395727
24266,-2.0470084200680176
24267,13.341260067544775
24268,13.893428733192897
24269,-2.7585198335907464
24270,3.7340162534565167
24271,6.839611750762369
24272,20.23719323629625
24273,-1.4029941932897358
24274,9.633660187427473
24275,15.472508997290898
24276,8.28949320337147
24277,-12.190093422608964
24278,8.409784767605425
24279,12.989574715951314
24280,20.195733839221635
24281,15.725422893314454
24282,-1.549461068813745
24283,10.288558919204968
24284,13.94841623152442
24285,19.593751960745912
24286,16.88670740093388
24287,0.9188138106536456
24288,-9.528545480060139
24289,0.6804812416171782
24290,-0.46021028871551906
24291,19.344631402174812
24292,1.621388522965784
24293,11.03478607979828
24294,-25.73077506302583
24295,5.3368686930667355
24296,20.259432724550045
24297,-3.496261485122197
24298,-8.076001692942164
24299,7.0179484551171605
24300,9.54595381096452
24301,8.104644040195913
24302,8.195432612214894
24303,13.322358278857173
24304,9.231236059618357
24305,27.66402286808595
24306,17.662306660236442
24307,5.728322941771653
24308,14.963874646443562
24309,8.474341604562298
24310,21.53869090697812
24311,7.84561128902609
24312,14.432913705857196
24313,22.28692717487238
24314,17.496135953390606
24315,11.869993100676233
24316,-4.501857358181422
24317,8.583251842848107
24318,2.73591773824797
24319,-6.877980416876728
24320,19.2467912051994
24321,-5.493635471009277
24322,-4.082208693789852
24323,5.124211506097211
24324,16.371774132459734
24325,18.538302456863512
24326,15.035427261937947
24327,12.61886883303012
24328,-11.728363364395932
24329,27.09797875477731
24330,-8.563414738478716
24331,-1.2181608211652062
24332,6.4668085649825535
24333,36.84361184493504
24334,21.065858983242244
24335,-0.181315380502717
24336,20.3937047253089
24337,2.330133792934186
24338,17.506404663680552
24339,-9.915934100945915
24340,1.8450609040316976
24341,19.285544421736525
24342,16.091116331990015
24343,-5.091940262971363
24344,13.502280819983804
24345,8.676348704818931
24346,-5.430663757358715
24347,-9.106352149961516
24348,5.73177636671805
24349,-4.803192370358552
24350,4.009446990778633
24351,16.869025930750286
24352,1.9207896716345587
24353,12.449876939612501
24354,345.55630521499575
24355,163.4051009582663
24356,523.993365302488
24357,141.9911275697071
24358,10.433186829445313
24359,138.67563957313263
24360,67.60003772736125
24361,-4.896531716668495
24362,-2.7051137369901994
24363,16.530528653858113
24364,6.171797344188764
24365,202.30487502592214
24366,324.71254385093704
24367,511.93670089082013
24368,-5.5958003998360475
24369,1.4295969549371108
24370,23.298020940991385
24371,360.3392572708956
24372,0.9373571279961794
24373,5.193366189348156
24374,2.0928854087586295
24375,18.646866111549997
24376,7.329709937357274
24377,-2.0722270591235237
24378,240.0459164169484
24379,47.643291783845854
24380,337.3740230757225
24381,3.7887784907524793
24382,16.471831384930567
24383,0.47192077529640564
24384,10.408982562200372
24385,-5.9863524753201
24386,265.48035620602036
24387,4.876530760444371
24388,0.43682441083192636
24389,109.9421766152914
24390,360.7403824685697
24391,11.729204781242757
24392,8.13365221829267
24393,-19.260395602172856
24394,203.83450248794767
24395,7.524878828405699
24396,3.7094058014493534
24397,378.8689329008109
24398,15.079548612536023
24399,-13.58694464781685
24400,3.060880006199472
24401,193.94068284394243
24402,-1.3667612989995845
24403,11.888851867671894
24404,15.098275885596442
24405,-0.341495956779287
24406,10.577438000118526
24407,8.756847490816547
24408,-3.8611722789956495
24409,2.906614141487914
24410,15.68748232651747
24411,7.9554759652740845
24412,12.963759623997316
24413,0.743051113001366
24414,13.532823469936426
24415,-2.9198227216917374
24416,24.296725875302137
24417,8.814474171328866
24418,-1.3459593020635765
24419,1.79203998361249
24420,-4.437967193180462
24421,1.2157900925998675
24422,-6.568802075032323
24423,9.904988421617777
24424,12.035044526726496
24425,7.265035617168531
24426,15.382758599418011
24427,8.572085982638391
24428,4.603754391970812
24429,10.910385132621188
24430,4.384532450447104
24431,30.73796982944085
24432,-5.809265641402039
24433,18.387065937328785
24434,4.36037069435376
24435,-4.958059926772684
24436,-14.15473917180568
24437,-10.260896889757095
24438,-0.056486790433023515
24439,0.9884942554973417
24440,-6.519020617147259
24441,-3.1000617573978957
24442,6.315908237502365
24443,12.02577373660792
24444,5.619750571102321
24445,-3.175102078689772
24446,6.287448894426182
24447,4.078890824013094
24448,19.417471068394345
24449,6.71249960598505
24450,6.36959500958492
24451,9.495231834165335
24452,4.198887680607665
24453,19.069700173314683
24454,20.778959471011515
24455,-5.004260156025396
24456,-5.107669859252923
24457,-2.1840671608553563
24458,3.5660295562138025
24459,13.946342371990275
24460,10.215724677675414
24461,3.630559937023108
24462,6.1124086137111036
24463,2.7308040187988496
24464,14.52629090692735
24465,12.701721502672811
24466,17.059371473709046
24467,-1.271081709917631
24468,20.588736221289288
24469,9.095468757435142
24470,29.130301341208863
24471,31.152499255973616
24472,7.951471078296141
24473,3.501936481436214
24474,6.345857015292429
24475,-2.828629649586567
24476,10.077356396574295
24477,11.945507218549004
24478,1.8248563697573683
24479,26.241173390381675
24480,10.359248108462067
24481,2.3340504331108516
24482,13.70100448995157
24483,14.346558705082662
24484,16.901811434950364
24485,7.407105303243277
24486,5.74121662253321
24487,15.46985104179776
24488,10.733391501148493
24489,-5.322644629017713
24490,9.233916354396703
24491,6.020406143655613
24492,0.9024570436883472
24493,3.8506334650134946
24494,7.773009534044611
24495,1.980093847465385
24496,-4.224388071084192
24497,4.421184249045494
24498,-22.42761137258914
24499,-1.9634230768671408
24500,12.860945691612528
24501,24.155701987583978
24502,7.791867227286639
24503,19.211660487455095
24504,-18.125586497840757
24505,12.843894986384198
24506,2.3474008311690007
24507,12.899009485243177
24508,11.169151537215837
24509,12.449657664245526
24510,2.3636354103826687
24511,2.947107566017806
24512,13.840847841930636
24513,12.66488665314192
24514,4.943215570040277
24515,10.35024810315469
24516,13.631139449007517
24517,11.158731436360327
24518,-1.866235483141324
24519,8.543412914266813
24520,-5.138678479905696
24521,7.887603156514789
24522,18.217083224051436
24523,-2.8848141888574403
24524,11.239841293247569
24525,1.772134287926045
24526,8.821993582614793
24527,-13.129557487342325
24528,-1.9512212070345036
24529,14.337518018868382
24530,-2.8537030146288913
24531,2.7776295502194355
24532,6.5953136263280605
24533,4.454502818372129
24534,1.3164381813062942
24535,13.030289773691775
24536,-4.489613194526349
24537,-4.388634478136684
24538,-4.011404934459119
24539,-4.202332844788131
24540,6.164975276056813
24541,6.427377359544819
24542,2.7807684981117955
24543,-13.60352423421682
24544,13.627733156589068
24545,23.824457412316118
24546,-1.9748038641996608
24547,-3.311435144179679
24548,-8.268741291517568
24549,-2.410098083721344
24550,3.7388266279056293
24551,9.158969488286795
24552,-2.160549074931499
24553,0.7535278977779427
24554,-2.6781776153804735
24555,-3.646991787091146
24556,-2.5984537783751023
24557,-1.4324020980593097
24558,-0.5271706848848865
24559,0.5064185741436287
24560,-5.115087603019489
24561,7.127603245617765
24562,3.587657482019349
24563,-0.68498461087324
24564,3.3091322745555676
24565,7.26819976815988
24566,0.8380214842122662
24567,-2.3334826681100793
24568,-2.972435446406596
24569,4.647241770847382
24570,-11.381487063753355
24571,-5.412853266438848
24572,-0.40249528256486045
24573,-1.3418925257743055
24574,-3.5998668260231703
24575,-0.8806812163546986
24576,-0.7299747286482408
24577,4.264627366298374
24578,18.571664181959473
24579,3.321144329266092
24580,2.959513114888038
24581,8.059866438789271
24582,4.553284876943179
24583,0.2906922556387812
24584,15.414016946699473
24585,-4.243146218293447
24586,-1.7492239844743551
24587,6.101129536915574
24588,-1.2235187821166598
24589,1.576642010303889
24590,2.938937548857689
24591,0.6820833930409673
24592,-4.702183307262878
24593,16.00585002994137
24594,-3.0761130430235433
24595,6.240985646762379
24596,-0.23067013094754785
24597,1.1741456947757563
24598,2.8073945111372556
24599,14.373575123896988
24600,5.956361052643246
24601,-0.1575869160643535
24602,-2.371986078918269
24603,-3.269293086457136
24604,2.4915959084504973
24605,-6.953439548935968
24606,1.5719874314185311
24607,3.0438637435543754
24608,2.6786888645671674
24609,19.04192853574388
24610,0.0950053091152121
24611,-2.6378061648517743
24612,8.529054802346753
24613,13.30498600798919
24614,3.301496136001518
24615,-4.474262576503424
24616,-1.6919844004791287
24617,14.05981329064306
24618,17.799322396632093
24619,5.63961660814198
24620,3.281619744845619
24621,-8.475212823780847
24622,-0.13295660428133615
24623,9.895866807289114
24624,1.282429310294269
24625,5.705407805820592
24626,16.492480713245932
24627,-13.63877030676192
24628,8.10814814025838
24629,-4.4201125642912125
24630,-1.682945633186744
24631,11.547794324791115
24632,14.932060101396276
24633,11.485251827141063
24634,-5.412756632278718
24635,19.685388178206765
24636,5.753737815292322
24637,-1.7185017673905385
24638,1.6573542678944495
24639,1.8383677565673846
24640,-1.1521929754701574
24641,4.0782231662670245
24642,13.809729371130778
24643,11.291787250598393
24644,-11.043604382364123
24645,-16.059296493221524
24646,7.305157343983781
24647,23.814805367933232
24648,-4.224282368733434
24649,6.964338658243657
24650,14.75228443463255
24651,-3.006000155919857
24652,-5.427113639485913
24653,10.003187392361792
24654,-5.023311525648719
24655,-9.075460777069825
24656,5.056895174055965
24657,0.75361471356835
24658,21.452963170202615
24659,-3.597931880408833
24660,0.292982813925482
24661,10.06203357157306
24662,-0.3741966142764461
24663,-8.093433923993576
24664,9.504124141546178
24665,-2.8292892524156663
24666,-2.827633887766048
24667,9.025038944266331
24668,19.905722695430345
24669,3.551341560683303
24670,9.358442135269462
24671,2.679654590800368
24672,-4.503999155401601
24673,12.266878446938962
24674,-14.450302332551828
24675,12.627112047109426
24676,-1.947619071003615
24677,2.81932654272857
24678,9.070910797822
24679,-1.395220500689291
24680,5.237849135331183
24681,10.470462168025769
24682,-12.303803401376872
24683,2.5635934509192637
24684,1.5801675680019631
24685,8.012500728547966
24686,0.15797981054524612
24687,-6.913821774862782
24688,6.305630640690438
24689,2.3326348011177114
24690,4.8463165639923975
24691,1.121231610231927
24692,9.829650870010088
24693,-1.4914531705491036
24694,-1.120366830962709
24695,0.9846257216574728
24696,1.443766870800161
24697,1.9820470286768863
24698,-1.3136193077086986
24699,0.7382411492688199
24700,-1.8556567716220975
24701,-0.9203720384221228
24702,-1.2326295948578831
24703,8.961374102766937
24704,7.475174394135145
24705,-2.6318892223479438
24706,15.323207689966402
24707,-8.56747589722929
24708,0.6904215969108645
24709,-0.719937150527894
24710,9.8787912976266
24711,17.847486336883275
24712,13.262362218340142
24713,9.466297408805076
24714,3.468169695553181
24715,2.3330413383170967
24716,-2.0247906045256627
24717,1.0698452448067641
24718,9.48645018083981
24719,9.068746404840791
24720,13.093801411461586
24721,2.1334224746890076
24722,8.063467218951683
24723,0.9324155198044366
24724,21.6723948535881
24725,10.684760725840544
24726,23.450564946783143
24727,7.036763352237228
24728,-1.2571148742253264
24729,6.042377964055531
24730,-3.546146678671086
24731,4.273034190341011
24732,-1.3183911602121654
24733,16.06653137136395
24734,10.27793844136964
24735,9.10176211824334
24736,2.456415648842709
24737,11.281566950736346
24738,16.481844372371594
24739,0.41675270907180106
24740,-1.5236079869946977
24741,8.050627546855894
24742,11.267021640135798
24743,17.513487779895385
24744,-0.6450247087995713
24745,-2.2304268335416886
24746,-3.660001096669692
24747,-0.6156594226275729
24748,7.049165073572359
24749,0.18839322297364447
24750,9.41025835010215
24751,6.585694662077511
24752,-3.8737766680674746
24753,-0.8836721912703069
24754,-0.49085502178827767
24755,-5.250281979753744
24756,8.603827946642607
24757,10.345309195897073
24758,-2.152284340701609
24759,7.7127006925046775
24760,0.6928402601892394
24761,-7.0354594884097565
24762,15.41118632150298
24763,-12.858991524089863
24764,2.931309266461172
24765,11.96747913424077
24766,3.6581326671678482
24767,1.4935883856669694
24768,-6.025151143604436
24769,8.664174005457184
24770,6.980762807169308
24771,14.975856294666038
24772,22.181473253463103
24773,0.2797986292436274
24774,18.586825171423886
24775,-11.401120187118451
24776,-5.555426106841718
24777,5.059270990009219
24778,-3.6662283849583766
24779,7.098027199232439
24780,-15.775594643275916
24781,-22.880388908236597
24782,15.7839444306286
24783,21.91261923420256
24784,3.7918496608195955
24785,16.748249861688564
24786,20.16204749837435
24787,9.44725362880437
24788,-15.836685440971252
24789,5.982601186070816
24790,-2.4850425567877927
24791,-3.2398801087921107
24792,-7.0409982528347115
24793,-7.934003305787609
24794,2.221781562875618
24795,1.7931494901203955
24796,5.523128657508188
24797,4.115119152011449
24798,1.6508019845545991
24799,11.483392301815613
24800,11.929146979980127
24801,0.7936029386600083
24802,4.227387353924154
24803,-15.883717142173829
24804,-20.75404004401009
24805,14.096085285216482
24806,19.088967291619372
24807,-7.0667473107245655
24808,0.1451209345402802
24809,-0.8717182558612464
24810,2.650823188517368
24811,2.334027980117934
24812,1.3229081072175255
24813,-14.176942387092218
24814,-5.830775703770691
24815,22.027865732754993
24816,1.7007698929163535
24817,6.631035488961009
24818,-5.934279529163103
24819,11.880712365925696
24820,-1.0612769643738886
24821,7.807990154536725
24822,-13.966188644477352
24823,-9.918569994305809
24824,3.8534392620811158
24825,-7.546187465558894
24826,-3.4552011647969856
24827,-1.2434014683846861
24828,6.272242010534047
24829,-12.319097767752925
24830,2.6361841217949973
24831,8.759377493348396
24832,9.059429391520737
24833,11.103272884793682
24834,15.135765662828817
24835,11.41238660007148
24836,-11.496754078671195
24837,-3.667558237975598
24838,-9.834500552886432
24839,21.90237203083738
24840,28.113371177081902
24841,9.200845439235303
24842,15.565257757673486
24843,18.518435676068897
24844,9.18814094202986
24845,-20.98092274651532
24846,3.3917291056129404
24847,-14.25998252266087
24848,-14.857827486913148
24849,-5.422210236409139
24850,5.1694393107190795
24851,13.296043023722978
24852,1.0454071698295113
24853,-2.1548302120899834
24854,5.012942907622474
24855,18.398515335984715
24856,11.52415570942407
24857,7.6566577628980035
24858,2.7139154088307755
24859,-12.444821487191081
24860,4.269164960545973
24861,13.300768571241075
24862,21.08225085915444
24863,11.32649033662448
24864,1.9171593780298704
24865,5.050146711935806
24866,-4.490091534687888
24867,13.988076068692239
24868,1.7299176893699713
24869,16.014797278967755
24870,0.04338668841920423
24871,7.174157931495689
24872,-19.71383984844423
24873,17.227563392691884
24874,-22.851213257854162
24875,12.96918183208695
24876,7.498896686147651
24877,20.999120453690786
24878,3.681589203308615
24879,-6.495343756620979
24880,22.858690727394976
24881,11.517312447739684
24882,2.801254207028734
24883,11.733630858532408
24884,20.854074269839664
24885,21.93709719205918
24886,9.889675233299917
24887,13.906441856682639
24888,5.833546564069696
24889,3.2958301730820647
24890,21.18086867303196
24891,4.265020039099511
24892,9.581994431389386
24893,0.9457150243200712
24894,10.719092070710044
24895,-9.8727054692143
24896,-2.1299175765029403
24897,17.16513110865575
24898,4.286725500035553
24899,11.828781167289627
24900,11.81989325731637
24901,5.89602646328399
24902,-7.4330546596584774
24903,1.9786257683150588
24904,3.189053490840754
24905,18.189099083861613
24906,1.4281031720311894
24907,14.465343835098913
24908,5.5128598104847
24909,19.581430625905526
24910,4.3972515622507355
24911,20.087292396613993
24912,1.763644108765794
24913,-11.559533956759864
24914,27.101171806856662
24915,6.281794115981576
24916,4.8396493517267825
24917,6.464858571933764
24918,18.529327295854493
24919,4.317120415918751
24920,-1.067153847456872
24921,22.372669999832418
24922,4.747501482570655
24923,20.96469869698627
24924,0.22834800972094094
24925,6.483423965877343
24926,-8.65039070587293
24927,-0.15344072611796733
24928,10.814545659898013
24929,19.552035016170883
24930,5.5792796117832975
24931,128.26973445129127
24932,4.028063068376408
24933,20.141836368854335
24934,26.37917731190595
24935,305.82802807495636
24936,551.0185548346864
24937,232.26514585073983
24938,48.62624447505714
24939,17.7175194352359
24940,99.08995756363373
24941,-7.735675559785541
24942,-8.385908366669735
24943,-13.660846501460956
24944,64.7483467468769
24945,-25.332876186407802
24946,15.606539926602313
24947,25.99239700615935
24948,-22.331156448536632
24949,3.045782486608415
24950,531.1172007474707
24951,19.56802131641235
24952,339.61085386726364
24953,138.34721882160898
24954,286.6516761172573
24955,4.637695677902048
24956,-13.18725086335148
24957,190.83554301454086
24958,-15.45550908082662
24959,7.0610382746465294
24960,20.25020251109293
24961,-20.592672630371915
24962,367.394726936041
24963,16.285629306359862
24964,445.9241091437732
24965,11.57766894931927
24966,359.01541433862303
24967,274.70052413952374
24968,0.5485458855747272
24969,565.6295796028734
24970,3.9579629097688542
24971,-19.867421656274438
24972,-12.081736799697172
24973,333.34774066989905
24974,-0.13837310059063057
24975,84.29680698115399
24976,-1.3664647725217947
24977,11.410977244840003
24978,3.4819966270500444
24979,153.19116829487862
24980,114.68417715338242
24981,325.899119742789
24982,308.7314187057131
24983,4.59768891500485
24984,280.74285935345443
24985,12.297083723309484
24986,43.478272222823236
24987,1.2103333006529944
24988,-9.714260161718443
24989,11.45417509751148
24990,24.4247565630482
24991,112.92113088719694
24992,-1.1608140115795997
24993,183.70644104786845
24994,4.1507940988506835
24995,60.99613805390516
24996,13.899305921969145
24997,17.070354658183543
24998,435.11094846990255
24999,-0.45874941091731714
25000,16.48537442278553
25001,528.1757826386194
25002,-3.1093367224835227
25003,23.201391831585873
25004,11.55258958330078
25005,6.504329138792377
25006,116.03227946294216
25007,473.76167011851544
25008,586.9942887049476
25009,-20.606792988506257
25010,0.8885031124576841
25011,25.7722867535379
25012,59.808343605185264
25013,512.1430278806009
25014,0.2857808816301315
25015,-25.45504152715985
25016,-15.602094760913964
25017,-13.09787950333602
25018,2.28017976035137
25019,5.573933909585108
25020,13.664121176453515
25021,-4.0739028616068325
25022,0.22078784399483098
25023,12.738769526039949
25024,6.715165972271704
25025,-11.45041528458934
25026,-22.17977712729609
25027,-21.83001010563291
25028,-35.23338636868764
25029,-4.162725485533894
25030,-1.0866235231098784
25031,4.890238808459005
25032,5.859846896290403
25033,9.939148784274717
25034,0.8450538313603708
25035,-0.1543046996530748
25036,-18.64206574000613
25037,-8.93563404199153
25038,1.6449513569005703
25039,7.935590190263982
25040,17.108823536432755
25041,21.381882077425562
25042,-19.94920764615489
25043,20.9650425620498
25044,-24.0789388928782
25045,-11.86116462525235
25046,-2.799179188384329
25047,-1.3917753433654667
25048,-9.35060477205112
25049,1.4439661273282578
25050,-1.5140366065943667
25051,8.906725758465322
25052,5.857897299941232
25053,-21.64528365028268
25054,6.553723152747043
25055,23.487767666673662
25056,-11.350118120838154
25057,30.97982302515803
25058,12.585266483719693
25059,-5.355541711845557
25060,1.6720998253205295
25061,-6.538251118014426
25062,-2.978255319656917
25063,14.573221157618413
25064,1.729702701199443
25065,-22.11857566527592
25066,-6.2797240444124895
25067,-19.72917819527825
25068,10.743858348341963
25069,-12.848163596501255
25070,12.109264402188046
25071,7.055998342653531
25072,-13.31221257798893
25073,12.157575755428502
25074,8.316471651510362
25075,0.33504178478280444
25076,-20.985576448855184
25077,-34.79168088925625
25078,3.503495233806234
25079,4.239186420892224
25080,-6.83898372950609
25081,9.075539909104041
25082,-0.17108510097418161
25083,-1.4949090047438318
25084,3.0260678260560816
25085,-9.582476595471906
25086,13.619131865423315
25087,-29.52261802340788
25088,2.5852901487649067
25089,-13.47269063192756
25090,12.463240183645944
25091,19.81265546294498
25092,-23.412843713775644
25093,14.089583906681673
25094,-23.946352843719694
25095,-3.998448543085164
25096,-25.98006253982544
25097,20.90736493689354
25098,13.355902647227111
25099,-9.431113128524359
25100,-3.029256769426045
25101,11.062280331751545
25102,0.41690047510643247
25103,8.652328939506003
25104,7.729981697342172
25105,-26.767935518503037
25106,-1.2287355752455902
25107,19.861698865785918
25108,-27.078483969914664
25109,-7.369218134718533
25110,2.5914015019243983
25111,7.18403436823159
25112,1.1434131242120138
25113,-3.866212542881417
25114,-14.970783207733511
25115,13.755459406267077
25116,-14.313860561702935
25117,20.823432286466673
25118,-17.547477830496348
25119,-17.675334230334585
25120,-35.63534838032298
25121,5.076323939982894
25122,12.34751847706955
25123,-18.289608890733952
25124,-2.8061759082710225
25125,20.32733558601272
25126,-13.65618553941911
25127,-1.7583259970002558
25128,-33.417344709440826
25129,-15.919780659478405
25130,-3.822847020943925
25131,-5.574013680662148
25132,-5.110796053001597
25133,9.80183729519354
25134,1.5876910941443096
25135,-0.8474116911220513
25136,7.521957955220641
25137,9.37951586112438
25138,8.417266785611073
25139,5.021851812571979
25140,4.961937914405537
25141,0.743221409583871
25142,24.206342959298958
25143,13.386139641907493
25144,-32.12814839657656
25145,3.7192971123599587
25146,11.769401158163369
25147,-18.62224896061533
25148,-1.8285190743443849
25149,11.965150777236683
25150,-23.474633396412187
25151,8.512071791802153
25152,4.786250135864545
25153,-1.3114556750598183
25154,12.847412508612098
25155,4.986243615123655
25156,-5.122817435308029
25157,-8.738035556011155
25158,4.173250840653838
25159,-0.6287115273691803
25160,5.38153961139645
25161,8.447547851102085
25162,0.45508753572558724
25163,2.9577177514566344
25164,15.497677443803136
25165,-1.9403299694769345
25166,10.15826985612809
25167,1.4832206693980599
25168,11.973874990299212
25169,-4.612985667106717
25170,-11.772105175108763
25171,0.7119906329537002
25172,7.2887040762096955
25173,9.025912173639052
25174,13.73819305219822
25175,-28.594155546516994
25176,-4.793244751381646
25177,-6.7636676640481355
25178,2.121062699482133
25179,18.416194207106553
25180,22.248970378638198
25181,4.825063991708872
25182,3.276484048717176
25183,5.3182141775959195
25184,9.768099119826424
25185,5.589128681783581
25186,-25.867865719231958
25187,-25.075146515525923
25188,1.349370132909609
25189,-6.625346644891831
25190,-5.655274371515681
25191,-13.28867632759368
25192,8.535565600972877
25193,11.26883204594968
25194,6.440076709858353
25195,-21.046893915389447
25196,-37.182689392281354
25197,-5.633812256795196
25198,8.560572913849246
25199,-3.265808721454615
25200,-26.538024654668526
25201,10.000311134706752
25202,8.60366028604552
25203,-16.04528915820692
25204,21.999275377655096
25205,-14.589537817727972
25206,-5.505725575085318
25207,9.520973220154538
25208,10.636940171044925
25209,35.988041611794735
25210,14.46837270543793
25211,-14.893459452906576
25212,-15.099278607024857
25213,10.009863575730982
25214,7.602515260691273
25215,3.240240426715035
25216,6.8474143976093735
25217,-3.746317268312474
25218,1.9321511808725074
25219,-16.47481836439775
25220,1.7622690139569723
25221,16.96105946268121
25222,-0.2193551271835723
25223,-20.76275402477284
25224,3.0468112561161114
25225,3.160881825045612
25226,7.380580728871246
25227,-4.995162659107859
25228,-9.003076154807939
25229,-5.306029154567845
25230,-3.9004398763256027
25231,13.276922824884068
25232,0.9348472289012353
25233,-11.39052078998943
25234,-4.578702772494854
25235,-4.045865301715711
25236,-1.5167431011474548
25237,4.336847427544411
25238,-14.62227824404356
25239,3.0119930622364404
25240,-4.257049676443518
25241,-10.084193314279482
25242,-7.96647640679895
25243,-2.5627095353893345
25244,-23.365006553967042
25245,-11.471479362213056
25246,-11.384585245700674
25247,-11.692851659903237
25248,-7.571768936946061
25249,-3.580736035056084
25250,-5.601381973230907
25251,5.292830366371524
25252,-4.014602903713609
25253,-10.127949072111235
25254,-13.465293139857465
25255,-8.693208494007408
25256,1.1573331984571897
25257,-14.955073299699443
25258,-3.0301683557880423
25259,-2.669861504006235
25260,-9.139854674402581
25261,-9.007680943728456
25262,0.1705533414838598
25263,11.089784097939514
25264,-20.02679881553577
25265,-5.8764828138131335
25266,-14.20907519832667
25267,-7.338205451041862
25268,-21.932438452081527
25269,0.261969669460802
25270,4.821071836077213
25271,5.708207510216294
25272,-8.746199314629266
25273,-11.963451769496249
25274,-1.9921143438951532
25275,6.650865802250603
25276,3.5402680690154327
25277,-2.8025700406350893
25278,-4.76231498853803
25279,-9.10718560836295
25280,-12.011849830137404
25281,-4.267977548370158
25282,-7.00118605900504
25283,1.6947373707706372
25284,-8.816576794210537
25285,-8.88006492466479
25286,-3.4445796791472247
25287,9.529760142166321
25288,-6.2316648094018845
25289,-2.8602938353685694
25290,1.6297920568968802
25291,4.502545091187079
25292,-2.4911697363807903
25293,-9.767254292433854
25294,0.7408902243389992
25295,-8.685728931052466
25296,-6.695031525092656
25297,-9.680688284311746
25298,3.777551787473435
25299,2.589407061626975
25300,-20.265064409839773
25301,13.159969902006866
25302,-5.947361513558132
25303,7.1169987949990094
25304,15.796797044476193
25305,2.502985364546465
25306,-24.657332884680436
25307,6.29041787887016
25308,-8.556586689113434
25309,0.1407846077496302
25310,14.136614882384336
25311,-0.3105031569772514
25312,-9.367907563341255
25313,-1.924294896617468
25314,-0.7127776530455776
25315,-4.590101879695556
25316,-7.7143737572469355
25317,-7.187197392835522
25318,-7.097303436280782
25319,7.059387594013039
25320,-0.10073545183493238
25321,-1.1971209231437498
25322,1.0070733784458685
25323,-0.8968610872110503
25324,-8.658528508182094
25325,-4.737283568266339
25326,-8.721398492046653
25327,-7.282082412595081
25328,4.643354454571282
25329,14.908994110162045
25330,-3.6986741992205765
25331,1.2359008651942478
25332,-25.102556872740607
25333,9.174509998669892
25334,-1.6648363828351656
25335,-6.768168549558023
25336,-10.965769774782213
25337,-0.7776039812554174
25338,-2.9956044901936387
25339,-4.490277690158823
25340,-4.20608724699267
25341,-8.485209540742972
25342,-2.626187414423395
25343,9.520701387534562
25344,8.868644518840348
25345,-4.851348028018585
25346,-10.623695175112648
25347,-20.719779663626852
25348,7.386420273347463
25349,-5.646334990376641
25350,-22.886232668967054
25351,-12.576946458079039
25352,-4.718945044940618
25353,-2.849196623935452
25354,-5.9739869850179765
25355,4.375242016033555
25356,6.582814769272591
25357,-8.13177990128439
25358,-3.523345041316105
25359,-3.816934660465371
25360,-4.746077292148403
25361,7.347635020433193
25362,7.448095657906414
25363,-10.28498051161171
25364,5.537710547671281
25365,5.803256055984427
25366,2.605731911104982
25367,-21.807248568933204
25368,-2.4418848903196704
25369,3.879659228009304
25370,-8.47976274251776
25371,3.7239461854418803
25372,-4.796038654061071
25373,-6.968530837266329
25374,-13.731502000201687
25375,4.104929026131822
25376,-20.61752878381146
25377,-14.130292603601116
25378,-16.32018471498111
25379,14.314356734527157
25380,15.783693449558328
25381,14.423143234216564
25382,-6.585142715568939
25383,-4.1150495838578
25384,4.3703386514993525
25385,-9.96233101205916
25386,-10.818089125774886
25387,7.556300982452957
25388,-27.147682439476007
25389,-9.82334161289722
25390,-2.6910538828121027
25391,-8.533335678287948
25392,-7.7144524670211645
25393,-14.429784619733518
25394,-8.718317001000663
25395,-13.709081060035295
25396,-9.531675239589902
25397,5.063839569682475
25398,-7.8070117625523565
25399,0.7243834170692001
25400,2.9064662032402655
25401,5.9340621733707835
25402,-14.722915852198469
25403,-0.4751422505205021
25404,-0.8662724189097233
25405,-9.531559283302752
25406,-0.2046076462793387
25407,-8.350426866435622
25408,-0.78528935894958
25409,-4.095149542231518
25410,-16.3835587886388
25411,-9.644790029997907
25412,2.734994670210174
25413,1.9653856878237086
25414,-7.292959091369806
25415,-14.387521903322483
25416,6.185901309702311
25417,-1.5968245508583294
25418,-4.97088428075611
25419,-0.47929744923154516
25420,-2.643936056070512
25421,-5.32897065041794
25422,-17.732959162416435
25423,10.269318898112132
25424,-8.942993757397904
25425,10.63290689289438
25426,-25.310908499808747
25427,-0.1306766832809778
25428,-5.475259542640924
25429,0.2330893587905294
25430,7.852204505443586
25431,-6.37473667004609
25432,-3.175734991793039
25433,6.99382669569178
25434,-3.9703092194176186
25435,-3.8481521235858445
25436,4.485202885824609
25437,10.398870993587824
25438,7.66343538863836
25439,-1.1707138780157536
25440,-9.377090190364981
25441,2.137823143686944
25442,6.055132641396725
25443,15.869002343373463
25444,14.181560896658718
25445,-5.621930954911001
25446,-15.750844743775502
25447,-1.1438246620199628
25448,0.153081599688214
25449,12.447387322775173
25450,-12.495824533769444
25451,-11.541244095235651
25452,-11.850144102092734
25453,10.483386102810249
25454,12.114472505266978
25455,-10.28286218393795
25456,-14.573444288397656
25457,-14.25132126303643
25458,8.694103659915996
25459,8.025054235336015
25460,-19.357008640945438
25461,0.06015442794891612
25462,1.29564189856098
25463,4.312773428009951
25464,-20.05316347333457
25465,-24.481544339706055
25466,-13.586641415357768
25467,-11.104328866670489
25468,-0.5923286001840964
25469,-4.089573206164641
25470,5.2813931201978885
25471,5.044015708120716
25472,4.949774535561522
25473,3.9803080959122514
25474,3.9396815381797943
25475,0.26337056685724214
25476,4.696518077087683
25477,-7.446579437785587
25478,1.2156950328837848
25479,5.640734969775362
25480,20.960419478316883
25481,8.885146178480818
25482,-7.8387945005686674
25483,-16.796470168748925
25484,-6.007773110086273
25485,1.110121594107234
25486,12.219971360606886
25487,0.39859465584470577
25488,2.6397691764699243
25489,-1.5534188107418494
25490,-23.297548215415375
25491,-8.261583750983778
25492,4.07336021194128
25493,-25.631464032434607
25494,-26.937408644353233
25495,-12.049146108328987
25496,20.586184198905986
25497,-30.03431886584189
25498,-12.660734890091469
25499,-11.887078939110726
25500,-0.8860511575972296
25501,-7.015998584523029
25502,12.017479090803953
25503,8.579762664635652
25504,11.954377036307093
25505,-6.72489856133085
25506,-0.24536229925843145
25507,-4.2344237999945555
25508,-2.4693108347859756
25509,-23.837428504181645
25510,-5.771866941902957
25511,-7.113239882199206
25512,9.614896343970102
25513,9.341999184690163
25514,7.812312482114011
25515,-31.644030727061143
25516,-16.10284670453612
25517,6.717649905763517
25518,-5.444156115796954
25519,5.72125359802741
25520,4.8853108749288605
25521,-18.67412830088523
25522,7.951378178523909
25523,-9.17714580542517
25524,-4.396239704181628
25525,1.7567772426560495
25526,5.197963369835577
25527,-2.9200578997397884
25528,-21.658232555779946
25529,-11.660541846019683
25530,-0.2464526592790861
25531,5.540282831159924
25532,5.517527727418653
25533,-9.235849272738598
25534,5.791009032674687
25535,6.459635210381386
25536,-10.66757705884542
25537,9.588310157980867
25538,-7.036020329614448
25539,-12.29197903114197
25540,-13.82480469346762
25541,7.856164417238457
25542,18.3250908414989
25543,-9.089566687741112
25544,0.775450609364853
25545,12.5282226107094
25546,7.920914551942168
25547,-12.724905397172709
25548,2.783972139836308
25549,4.51713965840208
25550,2.6927039660668672
25551,-18.68199783188424
25552,-23.348035295760674
25553,6.768836774175421
25554,9.295545597997457
25555,-17.259677993058567
25556,15.75637731756254
25557,-13.87447327137103
25558,-31.57318590205748
25559,-5.155052298046527
25560,10.906393317347128
25561,5.2554087253463955
25562,4.391878913809499
25563,-6.941679766867594
25564,-6.847951100443062
25565,-12.606362887481275
25566,3.501170095105161
25567,-23.350385689740797
25568,7.50482591361342
25569,-29.204628849004955
25570,4.245890621349181
25571,-4.121847970371512
25572,4.828378742193804
25573,3.5575898097006338
25574,2.84316543154371
25575,3.0757895086050997
25576,-7.373254497366105
25577,-4.152194835421099
25578,16.215936631464068
25579,10.839329945539795
25580,-6.218540097904253
25581,-1.500588147465571
25582,5.478533174142424
25583,7.438957477806531
25584,12.283666776676354
25585,1.9923366981795692
25586,-10.472496578662408
25587,0.22311159180670614
25588,7.575168657834064
25589,-4.696756223335537
25590,16.181368859555946
25591,-2.8417750712698577
25592,-10.189910842297202
25593,-18.0904814008941
25594,2.2151040452388653
25595,3.5375963971760402
25596,8.407630922319955
25597,-4.444840707359855
25598,1.3947087743223978
25599,-10.865783825895566
25600,1.9538023902188328
25601,-23.636679794648877
25602,6.68613951686185
25603,1.9507528191283043
25604,12.795457519999994
25605,6.206467831744758
25606,19.49569626190428
25607,15.249803434277613
25608,11.105507057750115
25609,-34.219714116868005
25610,-17.521481746177038
25611,9.10094296610173
25612,-3.6609790890031704
25613,-1.280248301525667
25614,9.179335000356613
25615,-11.114739380524817
25616,-12.779089060258276
25617,14.882073850687096
25618,-3.0345741493585123
25619,-16.03521912051994
25620,-19.447753571164263
25621,-15.755209415134821
25622,-0.4974324953166125
25623,-2.023645880794259
25624,-0.6013720212793245
25625,-1.1477363997158285
25626,12.183878239587617
25627,3.131779603964782
25628,9.864747859230667
25629,-9.852178685007352
25630,0.3598918719230717
25631,5.392327070376506
25632,12.223969582099915
25633,-17.363174612484784
25634,7.703796862990831
25635,-9.659970885396902
25636,-5.168749087084976
25637,-14.520751248127418
25638,0.8143063462809881
25639,-5.528225073746238
25640,5.155790603094026
25641,-10.385595979719504
25642,1.3106527798676915
25643,2.8870675002426243
25644,4.31710155533643
25645,-26.381640536099262
25646,22.138809530225032
25647,12.962674723300964
25648,12.103101126309864
25649,-15.271392005236784
25650,2.3924830701550803
25651,-22.701880107193965
25652,-22.81354849063893
25653,-9.689577440010272
25654,-15.5158825115915
25655,11.088389968312352
25656,8.273934107392204
25657,4.319586908764887
25658,-3.1498991667829976
25659,3.2507244240642397
25660,-14.632155292394732
25661,22.10485701879462
25662,-15.193432254459427
25663,-7.391915579155221
25664,7.960904068224043
25665,10.037679682810712
25666,14.103471048355209
25667,-33.26382230090486
25668,-11.131630970072774
25669,-4.281729891918356
25670,-16.760135750480018
25671,3.1251738706755923
25672,2.605816437773848
25673,5.535174624553203
25674,-10.011087949260382
25675,-11.997090633369961
25676,-16.0081563306929
25677,29.926912906044983
25678,-1.3075392197238997
25679,-19.124240337814868
25680,8.610659156323752
25681,2.572845244006011
25682,20.49319123557564
25683,12.68032400913869
25684,9.878224164849643
25685,0.5940789633488617
25686,21.27565830275165
25687,26.416466959784366
25688,5.918615629430041
25689,-2.0233713449871473
25690,30.661663100262427
25691,-10.232785412919057
25692,-4.605119824919129
25693,-21.768276455476837
25694,-16.663416537730768
25695,16.805832559503493
25696,5.5206304160172675
25697,12.75961411219529
25698,14.367978248658456
25699,-4.792101786272184
25700,-0.5142032301002857
25701,5.053702156473809
25702,-1.2451015037793667
25703,-8.490438444988012
25704,-6.98147783050911
25705,17.230038578783493
25706,-10.418847330962567
25707,16.84605046860275
25708,9.826320737152844
25709,12.955164116385047
25710,28.2531022621631
25711,21.782125346044108
25712,-20.97047952824535
25713,23.28449887022443
25714,-17.14751010407538
25715,19.97746673655297
25716,-31.943969235023637
25717,-19.34683986393194
25718,8.654141729181003
25719,16.644267264757705
25720,-27.005700932484878
25721,19.825202809896357
25722,22.864050295551237
25723,-30.331824155697227
25724,-1.5528264283791842
25725,4.840914352005218
25726,-11.001467614303497
25727,-0.40069071691093683
25728,-3.5168404387378622
25729,11.677229189420842
25730,-24.335999747382736
25731,8.031757006693578
25732,-15.617667296317844
25733,-24.75756533355684
25734,-3.130702856970643
25735,10.053311948295793
25736,7.518796044502736
25737,18.700698908903778
25738,21.043651491981976
25739,-30.016142164418028
25740,3.1792815089503055
25741,21.488453010997652
25742,13.778602992813203
25743,16.851815073985673
25744,3.184739212747113
25745,11.36218913371941
25746,4.728925663804011
25747,-25.155942266704706
25748,-3.238367342786635
25749,12.884531137910043
25750,-6.20973247926058
25751,10.884773206263107
25752,-3.8021451475827632
25753,6.297813897067833
25754,3.45068671568181
25755,-0.707477120763162
25756,13.534281976577384
25757,12.60952838504567
25758,-19.70759678139577
25759,2.893543921899923
25760,-28.64609095238705
25761,-20.282795962035124
25762,-8.08302511391106
25763,21.291198886779554
25764,-8.873584957606507
25765,27.4758327605033
25766,10.988516160385274
25767,14.366544351634305
25768,0.48519418313838436
25769,22.516862871294702
25770,9.946600900145175
25771,-11.305268838725933
25772,-24.565796952333848
25773,-20.26496879602513
25774,3.511157347697713
25775,10.036017308434658
25776,-10.052730725243173
25777,-31.52802190627861
25778,-2.305211816966146
25779,12.357623160091805
25780,10.608976916566789
25781,0.1507408048577048
25782,5.336825377696957
25783,-0.1252314886414112
25784,3.076921355764677
25785,-5.912115958950309
25786,10.619562526576065
25787,5.70929508072672
25788,8.617512860002552
25789,-5.663494619512356
25790,8.442280200312318
25791,18.990239003132505
25792,18.79433529026099
25793,18.784746141871196
25794,11.122510669556398
25795,-3.8662411990584893
25796,17.739934365082966
25797,12.022246100746415
25798,-31.09150208260541
25799,16.49723260109084
25800,7.881297391141073
25801,27.070583202195397
25802,8.653387056669933
25803,16.575369313008945
25804,9.57077321813259
25805,5.252579178732139
25806,4.408012938660965
25807,27.02490206300711
25808,15.258918939368042
25809,-1.3086852451241846
25810,-19.8456962022627
25811,5.9083036760227525
25812,-9.820063908013235
25813,13.139626324555106
25814,-2.9138640597525054
25815,2.4680138602172796
25816,-9.023138584320531
25817,11.129194290985108
25818,8.612678202929397
25819,2.2861800866468123
25820,22.02139532410161
25821,13.112826812203839
25822,-23.382921942250157
25823,7.835782613430359
25824,-1.6405571834758597
25825,-5.914982826093215
25826,-5.357502982561268
25827,6.746841708472726
25828,5.616741203897382
25829,11.988265378124268
25830,-25.903095758651027
25831,7.7667938273003685
25832,25.209008132236843
25833,-11.350576931492338
25834,-11.12143969892513
25835,-0.5070695163856307
25836,20.01784821441904
25837,8.287309013562233
25838,-4.591452303287571
25839,4.744645737526005
25840,23.630111595700093
25841,16.874144512656166
25842,10.411833214665185
25843,17.233932179083595
25844,6.341239518225226
25845,19.198829584802116
25846,-15.38648091779724
25847,-18.086510666044518
25848,-10.163677177787772
25849,-9.601545940393624
25850,-22.938449888994604
25851,20.314791826469886
25852,-23.564488221139293
25853,-18.88042903640101
25854,-18.168208669613925
25855,12.422210203691705
25856,31.87577686781497
25857,-11.357648987662294
25858,35.504221952570774
25859,-12.409994193383056
25860,15.970530775837746
25861,17.411038133226214
25862,2.0065921944669984
25863,18.066420900262376
25864,8.54791190495043
25865,14.446362952260305
25866,5.723471044304782
25867,-5.959621653290753
25868,17.071858938133367
25869,12.003930248947476
25870,2.82374500090204
25871,-18.691918828956595
25872,-6.319795736366501
25873,-12.293322680750048
25874,28.279203145681855
25875,5.44146466810173
25876,-21.472927155444346
25877,3.6311373035604557
25878,26.217106855499274
25879,25.34575616113213
25880,-13.37902320653576
25881,-9.412203995405946
25882,25.13593273938553
25883,18.25606236230612
25884,-8.306401452016345
25885,9.935853815426814
25886,7.160383713263448
25887,8.404006548032656
25888,-2.186605025584992
25889,-4.215963073772645
25890,6.048087747193971
25891,-13.572801974241436
25892,-8.182974316055791
25893,10.522972790434352
25894,-2.492026294454103
25895,8.50568564427606
25896,25.215336475540227
25897,35.850445141275486
25898,7.435832102183349
25899,-11.02302428907964
25900,20.75834953883286
25901,0.37432775917538663
25902,0.16689555098074393
25903,-12.306384004456788
25904,-0.15550137607317538
25905,27.367329837031775
25906,-3.7762839018788625
25907,6.699532479395385
25908,-0.07770508659801223
25909,0.13393045279658722
25910,-8.810744818447628
25911,-3.1609019297529173
25912,7.569939464972013
25913,-9.982401895573418
25914,-20.011743014574762
25915,-9.232241102079183
25916,-10.767712927183418
25917,2.1548283645529533
25918,26.41599411179161
25919,-16.676140847391878
25920,-6.688294422181929
25921,-7.600610792167529
25922,10.650639016555214
25923,23.730100082577387
25924,-8.217693479164215
25925,21.549888104880672
25926,2.203132330710517
25927,10.67548253947696
25928,12.841106738654954
25929,18.97768739326355
25930,-10.885440166453407
25931,-18.531166640843658
25932,7.034307664759774
25933,4.748595093104072
25934,19.307735264436335
25935,22.513605543736492
25936,357.8665863154577
25937,231.9570598597065
25938,-1.9863425307637819
25939,294.14563821014406
25940,112.59232592355386
25941,22.274573858147633
25942,8.396021708533803
25943,10.14360407818576
25944,-0.9028026784138987
25945,3.72720631395862
25946,-3.044403963521674
25947,354.69844991671863
25948,-0.1027306363451217
25949,2.161462485963021
25950,-2.216756429180659
25951,-2.812285159222327
25952,12.51571003038056
25953,-2.73345756966091
25954,-6.6317261964556735
25955,-4.580577253313827
25956,21.135266013187717
25957,16.593167408067295
25958,9.372622557649427
25959,-2.0227072787581797
25960,-5.865597479467919
25961,10.573822750671297
25962,1.6597897800329502
25963,4.561479760380122
25964,0.009345348030105782
25965,11.561827649486148
25966,11.014972327325243
25967,16.942397011054695
25968,2.3694330177777463
25969,6.448695155149704
25970,3.7608385008327687
25971,13.873637700268542
25972,3.7710639595329596
25973,8.524976393554105
25974,-6.401928954779947
25975,-2.5444587533642
25976,-15.777869472213006
25977,-6.038408538808856
25978,-11.820730375717453
25979,-7.06338488801963
25980,-18.502310420557222
25981,-20.356503119637736
25982,-15.167064803940697
25983,7.2668754862338165
25984,-13.448884383581216
25985,-12.762082666739314
25986,4.4437268816821
25987,9.56638872616999
25988,7.846470428613198
25989,-14.79319395007207
25990,2.397687541317209
25991,-1.7792041640920893
25992,5.819965270624223
25993,-18.739835742709133
25994,-0.7907601898472976
25995,5.1244243361298345
25996,5.771063398725111
25997,-15.848487778418615
25998,4.559804388474204
25999,-10.108330202946902
26000,4.976446849058428
26001,11.148794289146904
26002,-14.947208173894829
26003,-5.829906541536747
26004,7.377218702888678
26005,-12.889094669203345
26006,-10.991686873287772
26007,1.8778769415633079
26008,-14.339055326627335
26009,6.2542076379496905
26010,13.58193765477952
26011,-14.238826826026077
26012,13.261609455304182
26013,5.909175300754569
26014,9.593527462770485
26015,-15.475081441093383
26016,5.484250968135365
26017,-4.658744494750316
26018,13.834648898591649
26019,8.188730950081592
26020,11.498954404920514
26021,10.6429655175758
26022,3.71009271414189
26023,-7.346754429567927
26024,-17.86572868938528
26025,-5.322770526393388
26026,-15.737171487171267
26027,-8.583283987197582
26028,-9.88524853606253
26029,9.713106506287325
26030,8.97387610778446
26031,10.812467729843522
26032,7.644324630667063
26033,1.549131661235414
26034,3.6058945948013594
26035,8.593130920091877
26036,1.0105855719719834
26037,3.5629405669246843
26038,-16.323376353282875
26039,-12.575712783284974
26040,16.719057693134708
26041,24.298152364329663
26042,-2.9122727734298373
26043,-26.17289093030095
26044,9.51332001438153
26045,16.461324220443945
26046,11.639915012446359
26047,14.895599121742139
26048,-0.9345879623760602
26049,9.182591950061383
26050,0.06794566951112913
26051,8.153383700011196
26052,-1.5741862533672624
26053,14.434437005891851
26054,0.5865255316331961
26055,-7.4163442796625
26056,12.138627789442904
26057,13.554382677196593
26058,32.11388840093431
26059,7.889522578418045
26060,17.221228554470212
26061,9.571245473524655
26062,-2.199859332693123
26063,5.654963100702805
26064,11.57204688762547
26065,17.314176947002178
26066,5.3861385985185475
26067,7.697702531827046
26068,13.715432317028315
26069,-7.112558093192341
26070,-9.908242665783803
26071,13.19836548436016
26072,-13.813267971811008
26073,-17.799113140057074
26074,17.161863296913275
26075,1.810186802758686
26076,11.270508915021772
26077,-5.190143913940155
26078,13.263241830228296
26079,5.303901575965977
26080,9.106024684567556
26081,-4.782200184365035
26082,-1.0216348127197143
26083,-1.9247329421129642
26084,11.853797046694682
26085,24.811867878219818
26086,10.161016795784928
26087,519.3266302906436
26088,-0.34352419051218064
26089,133.37710485754667
26090,2.9018262217703708
26091,-8.400397317128178
26092,545.9082707622737
26093,-1.9069165967776556
26094,55.122001729659964
26095,427.9643707576293
26096,-12.241954898351462
26097,312.83694655717693
26098,14.829330368671476
26099,257.8759331120352
26100,46.259692312229866
26101,43.54491882020613
26102,-10.921828604926436
26103,57.91119285662439
26104,5.255317131018286
26105,22.70219327109418
26106,33.1365009575672
26107,-6.498795090348423
26108,12.815905517483428
26109,403.54973597242446
26110,51.00639082544272
26111,15.547449352160113
26112,444.98428394704314
26113,528.4662465573994
26114,15.974851930567453
26115,9.52305703133202
26116,4.59716764906247
26117,-15.500111595175031
26118,3.4258384927646492
26119,329.55833074587497
26120,190.18310146579884
26121,30.50161753001853
26122,225.21562826307652
26123,245.35992402689135
26124,261.40007942415366
26125,253.7083072096177
26126,-12.050188291516438
26127,11.409979220006143
26128,1.6868135918604743
26129,68.31102983329482
26130,89.54562610105673
26131,3.355202414493247
26132,320.20336586160187
26133,275.20083174367505
26134,-7.343618904585544
26135,5.536219966185165
26136,97.38141819524589
26137,-7.7817721550019385
26138,-4.9604578780229645
26139,372.4256718678125
26140,9.863042565133618
26141,501.57424780151666
26142,-2.5657889929539266
26143,12.195195130576518
26144,-10.47110739462088
26145,-17.475988758130875
26146,-3.0024091816700427
26147,-5.357319289416019
26148,437.09749536395725
26149,56.08289728896915
26150,538.2675020682752
26151,11.347040468745575
26152,-5.390329874118198
26153,10.664345445077586
26154,-16.266242308014697
26155,3.306194029039313
26156,-12.089790284613485
26157,10.239082216111845
26158,10.916949711317915
26159,11.766881899135758
26160,6.626309312003862
26161,15.841284058034951
26162,1.1480123351111011
26163,0.9892017618660152
26164,-1.6070216412120715
26165,-3.7604337013829614
26166,11.211369045685728
26167,8.753422503334846
26168,-1.5365008057430174
26169,-1.0306634379373492
26170,1.8082291981208112
26171,9.969293191616206
26172,1.8175836583125395
26173,15.233323897538497
26174,12.680054550159294
26175,-4.180932923736101
26176,-27.545866053708657
26177,-3.660941548325223
26178,6.926663217520444
26179,-18.54571610352602
26180,-13.661587681065011
26181,-12.34793472186385
26182,-11.669097510959869
26183,-5.784116482424206
26184,15.514886618347562
26185,-5.29146913359892
26186,-10.449727479569578
26187,-1.5494493708659398
26188,-9.208021377798513
26189,-8.735392893053287
26190,-9.135309305709939
26191,2.630959723493218
26192,8.542954449808594
26193,20.319336183222788
26194,-11.773569216638517
26195,10.963573088964795
26196,-26.18475665168055
26197,14.141282809610862
26198,17.511621891744888
26199,3.6781184174471004
26200,-0.07880684104154412
26201,-7.862105901069871
26202,-10.497157058350304
26203,-18.551878866679402
26204,-4.025451598175543
26205,-1.0906975988095446
26206,-13.027362395824728
26207,-4.49459352717756
26208,4.312473156474766
26209,-1.0547398191001385
26210,-6.623908023584232
26211,2.8098230905984494
26212,8.050180371927736
26213,-13.5288227771562
26214,-1.43654268717043
26215,-0.16732260382674013
26216,12.156103444597868
26217,7.805870333844213
26218,-6.943169208664983
26219,-6.8676962350090065
26220,22.397044197725172
26221,-23.292419567714227
26222,5.684842309877007
26223,4.898763815642743
26224,2.0276631695002276
26225,-8.600086495127023
26226,17.396064855921246
26227,5.60283136038141
26228,-15.761592449934742
26229,-1.743567048307316
26230,-24.69614464911593
26231,2.834783098188211
26232,-23.46638363928875
26233,-10.639459280394984
26234,0.3121842731272988
26235,-15.042374105212534
26236,-4.1729780775683665
26237,1.2202527261782183
26238,16.73043774212885
26239,-3.1403999016182915
26240,-9.894824722209204
26241,6.032989172976338
26242,11.860446414263567
26243,3.0339803045110862
26244,11.765363669161573
26245,-22.126887288839676
26246,5.331284853650095
26247,0.07339030400208557
26248,10.768816444326824
26249,7.412869391596322
26250,13.508944924151857
26251,-2.551195216565734
26252,8.029009882398515
26253,15.329991184290167
26254,11.260961387113401
26255,4.465830703995914
26256,-16.826931122855065
26257,8.443994501716567
26258,-0.9686860694602935
26259,2.2968415005704372
26260,-11.22715551468599
26261,-3.8325161685664604
26262,12.277507099334015
26263,2.1607797227975585
26264,-15.444153200237292
26265,-12.583258370510045
26266,3.421816171887425
26267,10.33128782550719
26268,13.409742343024817
26269,7.125905860696204
26270,5.902543184619816
26271,1.8352626302078896
26272,2.616707357629993
26273,1.7864255191575058
26274,-8.352688648423836
26275,-12.37759399165995
26276,-5.507751569716298
26277,-13.807642248726747
26278,-5.745087817741581
26279,-3.4047034900212125
26280,-28.019307242640366
26281,-6.612635782799796
26282,5.413248762028827
26283,13.040344105012004
26284,17.81166087510109
26285,9.938908790116976
26286,4.389922265638194
26287,1.439370865810755
26288,-2.4542822749044255
26289,11.998046833920489
26290,-6.172015182168433
26291,-0.8963555103496965
26292,16.9428651636639
26293,12.203377532546048
26294,-6.088947595572922
26295,-6.653830893978217
26296,-10.681274911090906
26297,2.3977332048345144
26298,0.2022517152654757
26299,1.7468365464000453
26300,5.639705216370661
26301,13.636269949327705
26302,-7.095986569505939
26303,5.01917984637452
26304,10.785864941625736
26305,5.7288544452929475
26306,6.055044215822761
26307,-11.257568705113016
26308,7.536285113419282
26309,12.31079412976801
26310,-11.557331143609336
26311,12.963621975191755
26312,8.392934759729659
26313,10.838522406713844
26314,3.9172156175417108
26315,10.082437444134417
26316,-28.562021378724666
26317,-15.064522722126362
26318,6.017743533825053
26319,-1.5024506504028743
26320,-4.283683394758807
26321,9.744129821647984
26322,15.732486420008929
26323,15.09628635485859
26324,-9.39213792193111
26325,-6.361696140797925
26326,0.06358065921313028
26327,-3.312833762365802
26328,-4.81507440648204
26329,12.169570359517355
26330,-1.3086174009951392
26331,14.284664512097477
26332,10.276127635678039
26333,-3.740681796313538
26334,-9.563452108591218
26335,14.752120858243854
26336,-0.6998023804378057
26337,-7.915952727997851
26338,-1.444369822874613
26339,-15.115405328116616
26340,-16.080353476328362
26341,-5.750676231884832
26342,-13.622201681874
26343,-16.577400583718358
26344,-16.91202903302932
26345,2.4560574659310888
26346,-2.3648927065067653
26347,3.138882552977151
26348,-0.03065018473298764
26349,-15.235143158523965
26350,-10.119140299683536
26351,-23.308427287130556
26352,5.563484321776237
26353,5.704517392095401
26354,5.8471162557283805
26355,2.8900632681839564
26356,4.230211152643225
26357,-7.945949553530941
26358,-16.119051919591058
26359,-8.77068681229105
26360,-4.967855781428721
26361,-20.225895721396988
26362,2.8864866743534527
26363,5.916529034383867
26364,-6.4420280393205935
26365,-1.5575256894689673
26366,11.496128483266247
26367,13.107179780154903
26368,10.716587359390108
26369,-5.120693912666432
26370,-8.933328490184671
26371,2.2782982451059333
26372,-13.206686085033606
26373,3.538694829590529
26374,12.29503325660564
26375,4.7017686907551965
26376,-14.602555377672122
26377,4.464231777803519
26378,3.22461579097898
26379,-14.412697899881309
26380,-12.184656857080672
26381,-20.666550007947706
26382,5.285390273367449
26383,-9.950685572632572
26384,0.8590634958598855
26385,-0.7008639203771203
26386,-22.05104597681259
26387,-8.95278227322801
26388,9.47724601746
26389,-1.3583985573918653
26390,-3.8716832727569717
26391,-15.356428853157318
26392,3.1374545264848486
26393,-12.391680179939144
26394,-12.019114289782866
26395,-1.1092338549150682
26396,-0.7615745290606206
26397,3.5124101324787347
26398,-2.888990377626399
26399,-12.322308619499434
26400,-8.218288750292814
26401,12.0731395772332
26402,-0.14355233411897217
26403,7.363416873509713
26404,7.391412028903138
26405,-0.10463307107023923
26406,-5.6977448444222
26407,-6.339067172240796
26408,10.258278474358017
26409,1.2736518231025737
26410,-4.329678257359905
26411,-12.33944840137234
26412,5.708965824354138
26413,-29.636812079693186
26414,5.289404041782854
26415,2.434703078304638
26416,-22.34036319850275
26417,-12.194987449055326
26418,4.076040047772949
26419,-1.1786129090485993
26420,11.066069708010454
26421,-2.2002156523515914
26422,8.781036347837587
26423,5.594967091497621
26424,4.62344004161767
26425,-14.105175717274353
26426,-14.898048619028387
26427,-1.259561595891931
26428,0.02201279460000194
26429,2.322257076415431
26430,14.832727827664884
26431,-2.5814809055477284
26432,-16.277086623739564
26433,-7.264193524228485
26434,11.5404783952882
26435,8.79544321693094
26436,2.4842802338041814
26437,-3.158760735594715
26438,-10.24883289709075
26439,-2.972279533564624
26440,3.5731897830812205
26441,-9.96833544746207
26442,-11.776589533514798
26443,-13.366507375758609
26444,0.8582861522128589
26445,-2.3996167475242345
26446,2.964039555041845
26447,7.697697075110563
26448,-13.657522192503823
26449,-4.690621103791383
26450,-1.1463556200465312
26451,-12.545843155779096
26452,-8.011494127519349
26453,-4.374331494650086
26454,-13.13508916775056
26455,-25.649688884839385
26456,3.428993471323084
26457,5.455677751295205
26458,-5.308039027162742
26459,3.570923302716185
26460,-1.1001514787109272
26461,5.430434448532301
26462,2.037936493933259
26463,1.9404062023174156
26464,-14.48039032391723
26465,5.56406135484456
26466,-0.8328606301019121
26467,-13.9347593625825
26468,-1.5397624388898414
26469,2.6226459978375427
26470,2.7524837732052916
26471,-11.469587550742169
26472,-6.456262170015709
26473,7.112651415609385
26474,-6.255120541071399
26475,-16.093041929979982
26476,-12.694908471583933
26477,-11.437233101878324
26478,-1.1368339938737506
26479,3.850734853813483
26480,-14.245059247674387
26481,-2.763332651827408
26482,5.3314720018999076
26483,-24.059382560028318
26484,-19.278140669887478
26485,-5.426736848478658
26486,-13.94680696740484
26487,-4.59898500757356
26488,-0.1979099558959696
26489,-10.259059750242749
26490,-11.33790265627447
26491,9.151903549068894
26492,-4.899031994582586
26493,1.3659440946459842
26494,-9.663409793840035
26495,-6.176956753640926
26496,-6.2363880735255925
26497,-20.229870580719435
26498,2.7418410307377474
26499,-25.08500947889702
26500,5.633812027649354
26501,2.0854828732225066
26502,-2.1328375214941744
26503,5.705813986221813
26504,4.605377567199975
26505,-5.904530559695818
26506,8.196120125740727
26507,-6.547076321929964
26508,6.887258810780855
26509,4.230058076583957
26510,-2.0087629128630127
26511,9.482176356636689
26512,0.6169962706769105
26513,-5.774368160721377
26514,-0.5568723858009257
26515,-6.11756072468112
26516,-3.668486215208045
26517,0.7615123895876703
26518,-0.35259480348080174
26519,2.0241243050884563
26520,3.006181368977904
26521,-1.9609769834718485
26522,0.38350121083895594
26523,10.282689859375633
26524,-1.6486371411123741
26525,-19.752277429563968
26526,-13.76348116924266
26527,-0.8587090023662789
26528,3.8550643356650376
26529,10.14182808625363
26530,-1.5145243193785447
26531,-16.263115077947255
26532,2.9940715120652133
26533,-0.7821629724090577
26534,-6.283426145237023
26535,5.516688785765062
26536,6.787072311531427
26537,2.2137362963647558
26538,8.532078944313348
26539,10.201412824306766
26540,7.29321972485474
26541,-2.2379491779283605
26542,-4.5596968965479405
26543,-7.063544215128875
26544,-0.8536936514124562
26545,2.5999675854679403
26546,-7.467642783353192
26547,-2.6669792865585897
26548,12.17668708541566
26549,-6.5009664319976
26550,-7.247369749083795
26551,0.8612865523987701
26552,10.342354412317118
26553,-10.091956738228351
26554,8.312425859027382
26555,-2.1204739715025447
26556,1.2600821378841314
26557,-1.3404111860867403
26558,-18.1686570338495
26559,-8.354696078936975
26560,-12.621151195910642
26561,-1.5498363913480944
26562,-6.2209580919564935
26563,13.694515838453226
26564,4.155565049349725
26565,-13.258857728225223
26566,2.347148688267241
26567,1.8814243377759254
26568,4.091281793245514
26569,12.303620197744513
26570,5.015877157811639
26571,-2.802777512865088
26572,1.8030356330768669
26573,3.5445163065772007
26574,-7.962193990208224
26575,11.91327077228443
26576,-3.4643490055460155
26577,-3.5939385264289605
26578,9.78534625075826
26579,3.095511884168129
26580,2.007470017418351
26581,-18.037078644770688
26582,2.295295992499611
26583,-8.03452608795481
26584,-10.404824592975658
26585,-7.488389179192264
26586,-7.306653584964629
26587,1.723461975986858
26588,11.295147845921424
26589,1.453434144681399
26590,-7.82166098110368
26591,-24.172330722669166
26592,-1.1044707696500566
26593,-23.416356258587214
26594,-2.585715247036081
26595,9.23363658399738
26596,6.065295781969105
26597,-1.4222119926371874
26598,9.780506325508938
26599,7.079080328968201
26600,8.639101055271269
26601,-6.706956525737969
26602,1.132041477666938
26603,5.201479922499367
26604,-11.02428316299904
26605,10.959503097114922
26606,-4.1727424520740755
26607,7.379599143754355
26608,6.012360749159438
26609,-2.933075236769163
26610,-2.1551384495900585
26611,1.059740195318394
26612,-6.754190205579366
26613,-4.859033204879125
26614,-11.506430357479296
26615,3.035933855519719
26616,3.315013134369371
26617,-15.029979926144136
26618,-3.131152448451804
26619,-7.984881406401406
26620,-9.440592354370565
26621,-4.014150218961916
26622,2.688103786236825
26623,-1.2614715860911154
26624,6.848207899355669
26625,-19.35768961304486
26626,-20.836573473006787
26627,8.181817915840714
26628,11.488446106190654
26629,-0.4823503100759652
26630,-3.870871010860803
26631,-3.969316509131165
26632,-9.730961347984849
26633,-4.741351342780135
26634,2.0514869122714767
26635,-14.004132731148783
26636,-18.35950642660437
26637,-1.9939279448175
26638,-2.938670078885213
26639,-1.264857315633268
26640,-0.5069343133024731
26641,-5.413044383643417
26642,14.227135506731841
26643,-4.136351859101577
26644,-0.9827763553424091
26645,4.652918946957385
26646,-2.0146689461805103
26647,-3.5405403605539476
26648,9.966287018361475
26649,0.5945966254076946
26650,1.0187553560279081
26651,3.153500155153546
26652,7.243808376636585
26653,8.499309870745531
26654,8.618953454365926
26655,-10.380920816334662
26656,-1.943566514949648
26657,-0.3941903819929351
26658,-17.977184362264396
26659,-4.971676199045525
26660,17.213249269096213
26661,1.8596164716323607
26662,2.5649785915751515
26663,-8.998506820017358
26664,-6.504643866242784
26665,-12.112605118114011
26666,4.739407492134134
26667,4.136986317739057
26668,-7.166717917907473
26669,1.1506781054685735
26670,4.215342982274512
26671,5.110191492791563
26672,-8.129149073965817
26673,-15.241319018591511
26674,1.2528808645495122
26675,3.0450208567933075
26676,-17.03695877769674
26677,-9.515450401783081
26678,5.70921380577216
26679,-6.152274422526087
26680,-4.111827195206864
26681,1.5285419330967223
26682,-20.116354983647177
26683,0.8287117159641593
26684,-14.498514250720383
26685,-2.880939185450476
26686,9.842533098087529
26687,3.338899667333342
26688,-9.943176169890599
26689,11.975204603811335
26690,4.493925673011654
26691,-5.824154657381936
26692,-6.597544647104225
26693,7.025664325919767
26694,2.441655581634482
26695,7.919748896946931
26696,-13.437043911022418
26697,-10.63722476491072
26698,-5.425207632613397
26699,5.655178440962006
26700,-8.32866029048666
26701,19.332947117238454
26702,14.896338071989636
26703,31.139704080038697
26704,12.828127319212918
26705,-4.961255828660409
26706,7.500349404582186
26707,-0.6149185418771772
26708,-2.517335804552271
26709,-0.29818083075509705
26710,15.80998153116043
26711,30.40854872910505
26712,1.641791003706853
26713,-18.31384407843246
26714,12.6207261860497
26715,-10.413096799946775
26716,-29.68346991678107
26717,6.997012392392481
26718,9.185894645361811
26719,-1.8178920666046423
26720,-5.123639674734886
26721,-23.03526747239011
26722,-10.487728826420454
26723,-19.87583541639973
26724,5.893601579511884
26725,-19.75027815201849
26726,22.855464343792292
26727,-5.082975914868236
26728,24.764888132088252
26729,-6.4689062445752015
26730,-0.7605201303643838
26731,-1.4367865926925987
26732,-4.0152490039592195
26733,-8.848065734773783
26734,6.021460709034233
26735,4.508990135498101
26736,17.033968025980908
26737,-20.886543552229355
26738,-14.469031615673828
26739,-8.027661360315328
26740,-16.193652674595135
26741,12.388640256968625
26742,6.790951000073777
26743,-3.374360844279174
26744,5.263346940400847
26745,12.652505502594533
26746,4.258020042809541
26747,-16.19224479546982
26748,-13.694837477546205
26749,-11.435869137888815
26750,7.776149199230186
26751,6.550510697150443
26752,-2.975035946454266
26753,2.93522609819623
26754,-12.581524628093973
26755,21.10268474423495
26756,-6.836251412934384
26757,7.325153468775801
26758,1.6787971895028946
26759,-14.695303836917386
26760,10.054574426805512
26761,10.002794251469869
26762,-6.196974470356672
26763,-2.4237121254859986
26764,5.983932229741384
26765,11.753936942204302
26766,-6.472271719309127
26767,2.496747011740375
26768,-4.726315095636323
26769,-2.0656529386621365
26770,13.363509422508667
26771,14.416982007954195
26772,8.67719441700072
26773,-1.6731357535303815
26774,10.316557493989679
26775,-14.402924248473916
26776,19.87539622771982
26777,-23.63035643733849
26778,0.9857605791413242
26779,-9.311509942365891
26780,0.8273831150386766
26781,6.604205847364014
26782,5.896248546119564
26783,2.043930290736439
26784,-12.150150119892842
26785,19.155778967225555
26786,-0.2587767396835048
26787,8.662311953531571
26788,-7.8625148869334325
26789,-3.5906440154452994
26790,-1.0872500341836187
26791,-25.078382340341385
26792,-15.294438182817913
26793,-4.524761090623311
26794,19.639982498062853
26795,-1.636788258332789
26796,8.795177250823976
26797,-8.588802307401824
26798,21.06809025373174
26799,0.9767838170214684
26800,-1.4160573081276837
26801,-3.4576106108567792
26802,9.374072279023103
26803,-23.853229578993336
26804,3.255517180400476
26805,5.655972037223398
26806,-2.7931171671962076
26807,-4.364248120510041
26808,-5.687731298153533
26809,10.167753794889375
26810,22.626073982284844
26811,-13.572805229844406
26812,7.296980544158796
26813,-3.921168300000783
26814,-4.220246717759505
26815,-10.305951589480493
26816,2.9114662703087912
26817,-1.0945450385045028
26818,-22.21271805547643
26819,4.193994817608068
26820,17.424550549906538
26821,2.9157666292211974
26822,-15.641717816010626
26823,-11.640075642145295
26824,12.866095991977076
26825,-8.903402545527232
26826,21.05206561115631
26827,-2.004627891091193
26828,11.764932146085258
26829,-2.5956275797319
26830,-5.95738859701412
26831,-5.272648334535017
26832,-8.859373358365712
26833,-9.45709165515736
26834,16.701509928615028
26835,18.29305115779838
26836,-2.0652243991232417
26837,-14.337558577667814
26838,1.8935873425385807
26839,-9.5718569994966
26840,-28.812854984600683
26841,-13.947016486507607
26842,5.17433332984497
26843,13.326027385990304
26844,12.294826283012407
26845,-19.686766128587266
26846,4.524890275992762
26847,-14.998927213094035
26848,-12.18366438853463
26849,9.988296006061274
26850,2.0981245819895165
26851,-19.605482220580164
26852,7.713663062407209
26853,4.816471740726399
26854,9.932147213305164
26855,-30.268788848516778
26856,-12.462153970336637
26857,9.581155007769766
26858,-1.1723240192627813
26859,4.58060378554975
26860,-0.6206131495367728
26861,14.428018724628497
26862,25.800096832632185
26863,-5.153913579229879
26864,7.306733195388206
26865,9.64464067776574
26866,1.3776130929536787
26867,6.878751949696248
26868,-12.1165035346189
26869,13.543742165853327
26870,12.396716103651915
26871,-24.36154085742598
26872,21.261425644679075
26873,6.902653854486568
26874,23.597013374780026
26875,9.08456756886676
26876,-4.193837738752254
26877,11.005826611240895
26878,2.3188708722582074
26879,-11.47852270758851
26880,13.139299820209544
26881,7.839135590547766
26882,8.338876838881735
26883,22.303372237931903
26884,7.665500584666081
26885,4.970926911277505
26886,-6.897184932605189
26887,-6.248830547912323
26888,-3.6519814930319576
26889,-3.450912435671924
26890,12.932278076082506
26891,-6.546097282855925
26892,18.2247337890793
26893,-5.023595219782706
26894,-10.54370445799152
26895,1.6646872112918984
26896,1.2309453955675167
26897,15.788790717178369
26898,8.17709408783265
26899,-30.28111643738778
26900,-8.338172369723377
26901,2.3818410621906487
26902,-1.0037685121731599
26903,12.277115428961693
26904,-9.62263510490553
26905,-3.390200957381893
26906,-11.020420576971258
26907,-13.121526438888317
26908,-11.300466359330784
26909,15.701441602849098
26910,-2.376498110329468
26911,12.491905643523445
26912,1.0946820997994369
26913,3.1331394231534517
26914,-3.2286601105705337
26915,-13.987474572908248
26916,2.6702642828409147
26917,0.5126186591213582
26918,-11.199807025739997
26919,8.064218065412595
26920,-2.861689401338662
26921,-0.10530835461300825
26922,-31.39688907411029
26923,12.615240551446195
26924,-0.3382941366343317
26925,-3.5053753496004774
26926,12.117457277543757
26927,-1.8848801184310524
26928,-0.19496099714958603
26929,-6.895787013762121
26930,5.050286257473109
26931,-11.560538146240997
26932,-8.85821421898007
26933,-1.5040627329268723
26934,6.393471238242807
26935,-7.790107797146373
26936,-10.553833995112463
26937,5.65530749525017
26938,3.201759820164135
26939,-0.8222536199675794
26940,-3.7352887307761087
26941,17.4660239803268
26942,9.54129398956903
26943,-1.3470859463010605
26944,-2.967462754343888
26945,-11.995493508987114
26946,-11.152978183577698
26947,3.6881068989625945
26948,46.42661984585118
26949,391.3432088790656
26950,4.718762413446074
26951,7.8851941713513725
26952,233.74038225144827
26953,-2.2761267454398073
26954,7.52279802375419
26955,337.4800576438031
26956,51.94722822083185
26957,5.684637244859385
26958,11.773183416328884
26959,472.19257700386055
26960,5.365043573551102
26961,-12.990251893106311
26962,404.170236065249
26963,50.95151776742513
26964,13.463486057494404
26965,14.960704356541278
26966,197.82387890182414
26967,0.678300083005503
26968,2.663270961742981
26969,341.1211832259749
26970,-12.178188577934637
26971,17.509607426647946
26972,20.206212931033576
26973,15.345439358092834
26974,9.15566209214295
26975,287.1598781599613
26976,-7.935169531009819
26977,17.141084388305103
26978,306.14435585717575
26979,312.25945937570947
26980,38.128467726599304
26981,4.5973193488428326
26982,438.01135955259076
26983,149.34041587572523
26984,22.58608735924396
26985,-15.355625102995631
26986,29.514390584597315
26987,276.77916706783026
26988,494.2795098475817
26989,-13.047092457856841
26990,477.91867720431947
26991,15.781373501739592
26992,-4.183267193045474
26993,9.449666805136548
26994,11.7081183651019
26995,7.822098511969244
26996,469.00622557657755
26997,306.35548406214735
26998,47.43195317100739
26999,76.35223282080386
27000,465.46276962808497
27001,16.179133571326783
27002,260.1540613199483
27003,207.23149629806298
27004,32.84363405549154
27005,194.06236963482723
27006,12.192385399473284
27007,13.551231786477087
27008,20.425856297938527
27009,40.21783869016615
27010,5.050235376777595
27011,373.66320974344563
27012,4.756779446536989
27013,24.897645038034973
27014,444.0143687777819
27015,10.439580211451734
27016,201.29769212306118
27017,15.080851977835716
27018,-7.950837613164058
27019,293.1148446640902
27020,530.523574006094
27021,18.258522456481238
27022,6.156242880807941
27023,-0.17379607283760734
27024,-6.271925282729779
27025,367.59426919330616
27026,11.558042094345794
27027,-9.217747049380218
27028,-15.098932561042297
27029,9.121495322957099
27030,-5.790736203351763
27031,385.64837828840774
27032,7.020009331370606
27033,-9.504962985787905
27034,-6.724571357899098
27035,-10.713912558932122
27036,-13.260805454412449
27037,13.264199757003007
27038,-13.681610337923903
27039,-9.232064718370875
27040,-9.728392538955301
27041,14.07140559782805
27042,-11.597368562870926
27043,12.644619311914406
27044,0.604714471314276
27045,5.684256307982762
27046,-13.346764905842598
27047,-7.7141870804862265
27048,-11.160696441708772
27049,-3.2367003190600485
27050,-7.455667124414983
27051,-2.589457672062238
27052,13.960792796086146
27053,1.3848678777314785
27054,-8.131416632186099
27055,28.864014173038218
27056,15.179048947354211
27057,19.573958253488826
27058,22.400588723603832
27059,10.299367542483385
27060,-19.421628312777543
27061,6.893494068426424
27062,13.327329253299835
27063,1.8653326080255273
27064,-8.147497497527297
27065,24.196719825303315
27066,19.61531030340145
27067,5.746170586682807
27068,14.533900385470604
27069,17.96660133804052
27070,10.244632180053838
27071,5.69382984290784
27072,-21.776095105603716
27073,-19.251111536065387
27074,21.52398891912472
27075,13.955854921453888
27076,-1.2566304035146736
27077,-13.847410334721971
27078,6.300479121881615
27079,-16.70136147406574
27080,-4.477972724836622
27081,11.92759762299729
27082,9.88167961953253
27083,-3.4801579641472493
27084,-2.412439933275106
27085,9.855322256111414
27086,-8.886526758071273
27087,13.961545629211257
27088,-14.561922807244741
27089,-19.37448082322846
27090,-16.78902576972876
27091,-11.956835009629714
27092,17.982140007091747
27093,16.943168982637292
27094,7.914937922978856
27095,11.113703972793001
27096,16.749782657333853
27097,8.2934557945302
27098,2.373978026510553
27099,-9.395020187916277
27100,21.742889901022323
27101,-2.4112677071035833
27102,2.6033981871459453
27103,-3.0958832106384264
27104,0.22808188589561595
27105,1.9120877101319795
27106,-0.7433417587829929
27107,5.290460890122384
27108,10.221522946725296
27109,7.134409636892643
27110,6.57363629952199
27111,-2.70622836652187
27112,-12.34283054482961
27113,-3.217921184606695
27114,27.83012308726242
27115,-0.37558132913061115
27116,13.856795641322488
27117,10.144111066858574
27118,11.961814258954776
27119,22.591782971010048
27120,25.435068022094335
27121,-21.989575326722523
27122,10.426111592793372
27123,-21.8016161055101
27124,-2.396213107905851
27125,11.664093711387455
27126,4.433704360017728
27127,18.421876856150547
27128,-8.499304182571077
27129,9.595687225766444
27130,7.04948941262605
27131,-0.1673705836407393
27132,28.686029989418863
27133,26.210129805896642
27134,-4.497377500993672
27135,25.504360146444128
27136,15.350538720368059
27137,2.997375262175151
27138,-4.152550714441649
27139,-3.138062788228183
27140,6.382543778723674
27141,5.095143484730324
27142,12.979878539610231
27143,-17.55328821250083
27144,19.71090402370204
27145,-2.274937563482542
27146,20.529916984565098
27147,11.117672138363003
27148,1.6210973531784916
27149,-0.8828705496774347
27150,18.710103533870594
27151,9.74578177974984
27152,-23.234963926005136
27153,-10.051293353939382
27154,10.35240467771591
27155,21.743016116253607
27156,-7.475575499971118
27157,28.625613295147694
27158,15.509170932717755
27159,22.98308541316633
27160,-21.633706034878017
27161,13.466732892850898
27162,10.515003823200452
27163,-6.425040357192657
27164,9.201167873708522
27165,25.90927593918195
27166,12.1082756220032
27167,8.947612841374504
27168,18.58677539296422
27169,-5.203621205225435
27170,1.0116830591960166
27171,-13.818139600373335
27172,5.243982223258655
27173,-23.566627461257085
27174,-17.580768223548652
27175,11.008677289752931
27176,21.43660865171335
27177,-5.168240820933054
27178,13.625662600721183
27179,0.7655888215786888
27180,0.24566481261695117
27181,-21.623628391615988
27182,10.659173593573838
27183,5.252706309486861
27184,5.763359839397529
27185,4.37741028481252
27186,-2.4782481200829807
27187,-13.56989569735276
27188,-7.638758604695649
27189,3.4171621764994065
27190,-8.092890666804866
27191,-10.788582036235965
27192,-5.944066645428766
27193,19.97114287854514
27194,13.48128120314287
27195,0.8588885616907831
27196,-1.3934436577126164
27197,-0.7413911845879753
27198,26.09761733313843
27199,15.811663492456448
27200,17.580481954894037
27201,-24.43475510302615
27202,6.092560159792352
27203,8.920378512631682
27204,3.862945774702684
27205,4.4214531429737445
27206,20.724933802530607
27207,28.44941547458503
27208,8.200863704540009
27209,-4.199326992016417
27210,19.34489703204727
27211,10.908370415585093
27212,-19.293933065152167
27213,1.5314672489911292
27214,-10.167012860543458
27215,-21.295565454375826
27216,17.99955232714108
27217,11.356830293922371
27218,8.86748129089226
27219,7.386110353917243
27220,12.179688976919902
27221,4.602549316778626
27222,21.495063547860738
27223,-1.742454023972929
27224,8.651325213034458
27225,17.259607911388397
27226,16.439723786961927
27227,8.471783843833599
27228,-3.6676045492546088
27229,-9.78053318817587
27230,-21.825771467652658
27231,-8.157762044313504
27232,12.290472776976554
27233,3.8979834305802292
27234,4.10875446319486
27235,0.5908254754527125
27236,20.619373333345763
27237,-1.2592863816152864
27238,15.982299725886408
27239,16.780949428500858
27240,-3.208390950206674
27241,1.0156662569900412
27242,5.387228652732514
27243,1.3115953750896931
27244,11.393178277217714
27245,10.02968340741759
27246,-5.7924456903091475
27247,-6.190267296453925
27248,-8.204044806774725
27249,-3.3070832084192787
27250,-12.928366197322724
27251,4.387108101685971
27252,6.151889616202244
27253,-4.148583823272016
27254,-5.506321929462043
27255,-7.297884766743959
27256,0.2749873157005531
27257,3.8726786271344587
27258,-1.7555186513269732
27259,8.572115812593502
27260,-1.8686198371164018
27261,-5.531543761244414
27262,-6.317386576079258
27263,-13.896637706105043
27264,14.571449728608197
27265,12.143735220073545
27266,-1.085676349112422
27267,5.1084517942333285
27268,4.5720180499977285
27269,-8.172239964772118
27270,7.804024943647056
27271,-15.493153187390217
27272,2.6632710320479234
27273,-4.109881781098135
27274,14.956549710865637
27275,-1.0723995414441134
27276,-11.73875132715705
27277,-15.260505167299371
27278,-6.4762794752272335
27279,-3.561458998138633
27280,-7.144997422593448
27281,-3.6334777499956807
27282,-6.7814524150931454
27283,-8.84892677494133
27284,-13.29283868645464
27285,12.381621585419847
27286,-3.2496565672137727
27287,-10.492004489966881
27288,-9.825515349530395
27289,-14.984251292864322
27290,-2.375188821691342
27291,6.696680554784004
27292,13.497049108292913
27293,9.606398793134698
27294,-2.0484650403317346
27295,11.483576478244862
27296,5.538018450736796
27297,1.496692196903334
27298,7.191793113747414
27299,-3.6592321344486827
27300,-1.920163738780893
27301,-1.8299624254139424
27302,-11.844288129906758
27303,-4.449295614983932
27304,-4.28950389468428
27305,-12.849147051664769
27306,16.077312512196258
27307,5.914254360135846
27308,-12.643947298577771
27309,-3.0534242938098366
27310,-0.6348416860280182
27311,15.259953062567277
27312,-5.732675264428167
27313,-6.7370029323102685
27314,-4.7029918995129165
27315,-3.168990448008344
27316,2.362983857535456
27317,-3.6570272362098173
27318,18.15276791617371
27319,-2.4550703129134455
27320,2.8933185675095796
27321,-8.034961978291456
27322,3.102780080562395
27323,-5.834840785465747
27324,-6.961870645310075
27325,-1.1608993166551187
27326,4.128668205090483
27327,1.2375108853167305
27328,2.552469032589519
27329,14.747771452261086
27330,12.965400914592907
27331,3.1585387923267376
27332,10.988390910329297
27333,-6.203375730036235
27334,-21.405166322995193
27335,-11.870120580174689
27336,2.694954594334103
27337,9.111527126473858
27338,-6.922527077838986
27339,-9.247551328725926
27340,9.939320840196991
27341,4.702309421971211
27342,7.42811372755555
27343,2.224536905869014
27344,-2.851747244048859
27345,-10.600319250153536
27346,5.698362847439405
27347,-22.830347650402693
27348,-23.42934373342883
27349,-14.362628918933197
27350,-6.501387824298032
27351,-0.9026406789472112
27352,4.31535575775197
27353,-11.125587705588977
27354,4.221545775276512
27355,4.601968693268997
27356,2.2242436154336573
27357,1.34207607268206
27358,12.511327261855836
27359,-8.413014097506846
27360,-15.98151452084629
27361,-15.342322412294159
27362,-4.25783601727894
27363,10.85042228842977
27364,18.398920702817016
27365,-5.112141993843316
27366,4.021295003707857
27367,2.6433761476219217
27368,-3.428425630919893
27369,-5.134739230368734
27370,1.8847068514469179
27371,-2.5336364020251985
27372,-1.7452064240943166
27373,-14.30846053282066
27374,-15.882654124886692
27375,-10.827057689703835
27376,1.2125823947725731
27377,-8.265472931034342
27378,6.571385902000564
27379,-6.048991231555444
27380,-6.32557017500115
27381,6.206696156887768
27382,9.254619840542908
27383,0.3340610195550173
27384,3.3923417964011335
27385,-0.14056255175428234
27386,-2.2393331817150255
27387,0.3030583432829985
27388,-0.040433160796411016
27389,3.3842246183319364
27390,-10.348996659964843
27391,3.530501418275035
27392,-1.9975076820275781
27393,5.970955565286152
27394,6.459823832544378
27395,-7.666993332796611
27396,-6.911419377429329
27397,-6.782135909029762
27398,4.584601255323138
27399,2.9539622290995773
27400,13.313448160099266
27401,-2.0944649593207387
27402,-1.790501242228494
27403,3.4925168174343746
27404,-7.609194823326586
27405,2.7008976744938984
27406,-6.45262352590127
27407,-4.732997922665824
27408,0.06018141626364937
27409,7.832382889291921
27410,-4.118450312077137
27411,-9.476639306904836
27412,-7.318974297832405
27413,4.326129328803699
27414,-6.842651455693478
27415,10.910288290001136
27416,-0.07253413795048047
27417,-5.052939708979306
27418,-13.683751833625099
27419,-23.814031634308407
27420,-2.9265600057652854
27421,4.376198400312681
27422,-2.5473644270518783
27423,-6.271252361498238
27424,8.010633436019273
27425,1.0989028381108756
27426,-1.642348845808705
27427,-7.083950518805505
27428,-0.3945111206233243
27429,5.915967196584933
27430,0.9196846771826088
27431,-5.739827976711727
27432,-20.34819971113435
27433,9.511323137196186
27434,7.070736093753089
27435,-0.3012030451690997
27436,8.899041779168185
27437,-0.4572980499613202
27438,0.08004571107897007
27439,1.1911737633381563
27440,-5.413718416107056
27441,6.607258707438788
27442,-12.510634446654219
27443,-6.230080747901706
27444,-7.8510404035157855
27445,-5.597182104406379
27446,-0.8185473002707155
27447,-11.895505198103447
27448,4.927450610887263
27449,-6.901771922273706
27450,0.9797398565273276
27451,-6.030981743437557
27452,-18.09869567463621
27453,7.789089748380599
27454,8.236337951700053
27455,13.235867961199512
27456,10.775125116517735
27457,15.380757856674089
27458,12.804392988665317
27459,5.315525089812459
27460,-10.379880149451498
27461,1.2691759547466948
27462,-15.91482829833722
27463,1.3629206921330574
27464,8.847737903928685
27465,1.6341297941527433
27466,-0.02866917443487793
27467,-1.6186298181966876
27468,8.74546680902706
27469,-1.3654031660281376
27470,-5.4367935797154345
27471,3.6469640187909906
27472,-11.96409162862965
27473,1.187000006052072
27474,14.466717886775273
27475,12.42082229275912
27476,2.088824786368775
27477,-5.757256729225176
27478,8.305855728128332
27479,21.825049738484797
27480,10.441451036657007
27481,-0.32152570386690726
27482,15.662652158775229
27483,8.784966814276551
27484,5.979973473773763
27485,-15.850671410464315
27486,-15.081596624606188
27487,5.603350380945292
27488,10.526107473947256
27489,-7.831704303831163
27490,-7.779693068455131
27491,-10.273380742792888
27492,3.786309508642155
27493,11.337481205026428
27494,-2.852155522409742
27495,10.043113867371636
27496,-8.15745478511203
27497,14.202667216072978
27498,5.562392340727509
27499,-12.888766256570396
27500,-11.153231541549587
27501,3.491090626558794
27502,-11.182783025128987
27503,-12.193960692002502
27504,-3.2054904738077674
27505,11.771282280792471
27506,20.953994515499996
27507,4.936727436754079
27508,14.236376751785103
27509,-6.825370781765216
27510,-3.7373911384171166
27511,3.826323482172075
27512,7.019436929576278
27513,-15.126116221223505
27514,-5.388273911648838
27515,-1.4664188150531956
27516,13.319995019672644
27517,-10.901086388167712
27518,11.217399191790623
27519,17.35439001449838
27520,-2.5894095333311817
27521,-5.418101609071147
27522,-11.357138105622283
27523,-12.499098113338245
27524,12.176240839356819
27525,6.0285966388246575
27526,-1.573999285568128
27527,5.386872799141196
27528,-19.06984021048089
27529,11.23745944408312
27530,23.615834810794915
27531,-2.9062705046849473
27532,-1.6838997309625725
27533,10.691748693595745
27534,-0.43188725327170374
27535,2.952789221312967
27536,8.861056303817353
27537,6.0927794814040315
27538,-3.5632813351019763
27539,-10.331555129558044
27540,-0.6516675792871993
27541,-8.576724093576033
27542,3.842299987555892
27543,-0.49139153516589573
27544,15.500972048925759
27545,9.049185052206932
27546,10.571933452262286
27547,-17.82471234768302
27548,-10.564781158565804
27549,15.430184298857965
27550,-8.880991633594785
27551,-4.507779315070977
27552,-17.89326480856117
27553,-7.475838309129891
27554,5.318198960785331
27555,26.210483280759384
27556,12.248127001748724
27557,16.894143106737317
27558,16.45200589683632
27559,2.257213247235738
27560,-3.498425345757415
27561,9.588008493887028
27562,7.74130952891549
27563,6.903806991201623
27564,-6.192912129044128
27565,-8.142202702440873
27566,-19.572571107323327
27567,-3.8676558616834065
27568,-3.3884992009863844
27569,-12.345137755048857
27570,-13.267041035096401
27571,3.1321045279179813
27572,8.293538857150983
27573,-7.773780743291127
27574,-3.2258548566830108
27575,10.377683764565722
27576,7.44639089655819
27577,8.133410999625438
27578,17.328246669335506
27579,16.45788437348914
27580,7.742319264435469
27581,6.196154867462466
27582,-15.835253357026765
27583,-13.353745438274686
27584,9.721480577974093
27585,14.743286953617034
27586,12.669251338330826
27587,14.352014550768653
27588,0.9384175716075163
27589,0.5521568700264012
27590,16.18318817319573
27591,23.61791249991149
27592,9.784593856921976
27593,-0.7457344933648393
27594,11.185078639623836
27595,16.176216555664528
27596,0.5156441367222975
27597,2.1674397070303577
27598,11.46341852549888
27599,11.096134375226853
27600,14.680707917562724
27601,-5.029089378132646
27602,8.74629152962926
27603,2.4524406574778848
27604,3.952228554889217
27605,26.30702632913448
27606,9.812109323752136
27607,6.949956336710571
27608,-17.815312421560627
27609,-3.08978353718528
27610,7.104603639501628
27611,14.100183868919657
27612,4.523092223278056
27613,2.3236186329037896
27614,4.64075763965015
27615,-10.039321300180099
27616,-13.192619570323682
27617,7.126553691361778
27618,-12.255731014910658
27619,-0.6716149718008957
27620,8.966805011269283
27621,-17.284741885786858
27622,6.272822079061413
27623,16.5622917561558
27624,2.038230731892016
27625,11.586342011478813
27626,-7.4158374902960205
27627,8.014270740164902
27628,-15.532412954418398
27629,-4.15565740879136
27630,10.390646401194253
27631,-7.1145786858628135
27632,-3.88024960344708
27633,16.656573736197778
27634,16.837581468986833
27635,6.857900839043118
27636,0.1477678386148149
27637,0.2366718233809948
27638,19.388767253902532
27639,4.990411301250425
27640,3.081620692279939
27641,-7.743527061066029
27642,4.194194878987975
27643,4.129899568828453
27644,-2.021067072317006
27645,-1.0860466534355702
27646,18.074049347633586
27647,18.886921656481316
27648,-14.28204197521908
27649,-9.476708223541742
27650,-11.742659237218287
27651,3.870877993600409
27652,-9.101651678178563
27653,25.78525414242185
27654,18.408879374958754
27655,18.55988383327353
27656,13.948371640323824
27657,-12.250253957887317
27658,12.108383043846615
27659,-7.228536925631598
27660,1.928926314588935
27661,-13.493844362147449
27662,26.779777718292973
27663,14.38346098155767
27664,15.874226348602367
27665,19.149382068725625
27666,12.490047526251908
27667,7.120549311238998
27668,7.773543413963116
27669,15.174108524016942
27670,8.853836242996106
27671,2.5993051011887918
27672,8.578023423862835
27673,9.737839589753138
27674,7.796175411325782
27675,5.762178038862508
27676,6.5260918970767055
27677,7.7523975842782225
27678,13.158800422431568
27679,-21.73280707356841
27680,-5.561522844922472
27681,29.543607837459668
27682,4.331347584358957
27683,11.008437044458539
27684,10.863121290522127
27685,10.579383602129202
27686,11.81900287279312
27687,10.68007062620487
27688,40.46700643829472
27689,-15.664230821409731
27690,-8.294586820397853
27691,13.969955675374168
27692,36.22327001776682
27693,21.762040718449857
27694,12.519913635467177
27695,17.857973423140745
27696,24.19665398796834
27697,8.153383510595233
27698,0.5837460177352227
27699,25.489453264112562
27700,5.559437229291621
27701,7.747300022593311
27702,-9.433081047981421
27703,-12.710863621880012
27704,31.003376374770937
27705,26.10792131223417
27706,17.640510445139125
27707,7.694931935704117
27708,19.22363520369787
27709,27.229827298910116
27710,13.398512573452606
27711,29.906564147859072
27712,10.548630270440457
27713,1.7443438822765476
27714,19.094613863247112
27715,5.698594910434975
27716,24.15849709872821
27717,17.36406691893206
27718,-7.182585299868098
27719,24.567436308825094
27720,25.42355532093651
27721,17.98436027703185
27722,29.292770998520353
27723,10.728301711337771
27724,14.73612718780997
27725,25.088947168938624
27726,-14.325015387115023
27727,16.720146742082978
27728,5.799247263036516
27729,-25.685339508784097
27730,13.345410169521605
27731,28.7183860620434
27732,34.31301175694689
27733,-17.773255797730492
27734,24.94416119818917
27735,15.896896758336172
27736,-0.5090143404575684
27737,12.204867687812126
27738,5.282942702045517
27739,-7.053751676636978
27740,13.289197821547061
27741,8.926535401274197
27742,-2.5021770525411675
27743,11.236343321479618
27744,26.15756352994977
27745,13.569687681485508
27746,19.885972388527144
27747,29.1444633542381
27748,11.586640127894958
27749,1.9718326356090756
27750,-12.872029892650126
27751,5.958933566343434
27752,-3.5213027933529304
27753,12.431173272844049
27754,17.172679192645255
27755,20.67086314690428
27756,-3.510826525143056
27757,40.374911913864636
27758,14.027311858797855
27759,21.148652858502537
27760,12.159412950140831
27761,24.629091558884593
27762,16.34071678745256
27763,20.590493229603393
27764,7.646414416206365
27765,4.617455784878096
27766,13.479351841494172
27767,14.83550464772488
27768,12.321677000505115
27769,20.752871436099568
27770,19.799025303358327
27771,8.486707681286157
27772,-5.778115605892644
27773,15.127051593592011
27774,13.755645131094097
27775,7.398621667270284
27776,-20.97686956025929
27777,15.449252486373648
27778,25.402706729154872
27779,7.026846820182062
27780,-12.699088782358857
27781,10.650187298637544
27782,27.20551361612081
27783,5.995783005391139
27784,20.488458722308902
27785,7.8631795799709
27786,14.792919042811336
27787,10.488086316791357
27788,12.055862766834508
27789,-1.5964238467164336
27790,29.042021268701426
27791,8.553282885079424
27792,25.548194870024844
27793,7.867498643045648
27794,9.809217079490328
27795,22.85060077728605
27796,-17.565050845005196
27797,16.790998895287935
27798,18.98340941665978
27799,23.576246750230503
27800,27.72444945716114
27801,14.217081536924006
27802,-3.595518408192568
27803,21.64383039208818
27804,0.8285778509422865
27805,-6.990698038641131
27806,5.113789088832846
27807,11.144888308634405
27808,7.707993730341366
27809,7.017775697997859
27810,3.650920095930598
27811,14.015644684467746
27812,18.317115982838693
27813,-11.56642719144073
27814,30.789425341977015
27815,26.51453891108492
27816,13.59802316890065
27817,-14.17192400734644
27818,-7.02379745468739
27819,24.93770321002878
27820,19.380877237175408
27821,-18.297875892346084
27822,26.11115755838088
27823,8.460988061499984
27824,11.2399905848911
27825,4.689697645592172
27826,25.097445140776216
27827,14.225937650612874
27828,20.4351828226861
27829,11.131990694331533
27830,0.6833087923918466
27831,27.57757774380369
27832,16.54185384282094
27833,15.854873750785828
27834,33.01738343664749
27835,24.395206885253582
27836,33.9130614686254
27837,22.890855212936536
27838,-2.019534561334826
27839,-10.499572533871962
27840,16.704112012871057
27841,9.069756913830135
27842,6.620960092706499
27843,11.984497768832977
27844,16.184940850005436
27845,17.020068030724413
27846,40.698361889903474
27847,28.198104082794295
27848,10.034187547458124
27849,12.683066700439904
27850,4.230368751523592
27851,19.882590705918545
27852,4.394595834322427
27853,13.890128451849973
27854,19.010520287700857
27855,4.914109550967508
27856,7.91962856312141
27857,7.277881476121962
27858,2.7881116315679826
27859,21.70582908070998
27860,22.829392318580872
27861,17.211977699120435
27862,15.286166119180786
27863,15.26790099389033
27864,8.779461843723704
27865,7.425407244947115
27866,11.474326996966793
27867,13.052144448931553
27868,18.075384376642926
27869,-5.365864921089479
27870,17.672271330408783
27871,2.9321156484987654
27872,23.344497834755266
27873,13.587944229075744
27874,19.55991600678633
27875,9.576926083874458
27876,-10.163148045230994
27877,5.731746700663418
27878,19.64879000047409
27879,-7.343941136819815
27880,12.011558918788609
27881,0.971472496873151
27882,-7.445974295126504
27883,25.776859873135045
27884,12.268508539359024
27885,20.976866542849628
27886,15.52627693467073
27887,-2.215126473957632
27888,12.437056584643255
27889,-7.437391671059935
27890,-7.219595330363962
27891,-13.916255568289984
27892,9.770519277269802
27893,-10.75118100842666
27894,-5.725646630601307
27895,15.260728246583872
27896,-11.545003881646743
27897,9.112678872019156
27898,17.549296079752843
27899,4.74111619260233
27900,20.827178825473453
27901,8.61730573384214
27902,-11.021896897228231
27903,22.541365282894894
27904,9.992762826348493
27905,11.226563970690236
27906,2.8724122033099366
27907,4.601368352035063
27908,26.740416396122377
27909,13.835503842353583
27910,15.68550234511845
27911,-3.1859244930675885
27912,6.176743654943932
27913,1.9331395167778425
27914,-5.345728070429079
27915,10.171231996800346
27916,14.939007056506927
27917,14.096128019005132
27918,17.966925449275642
27919,9.852241104409469
27920,19.33010198140234
27921,4.709380053930408
27922,4.760986639951549
27923,17.066060596230123
27924,10.356527665613473
27925,-14.173140848925872
27926,24.903033882742868
27927,10.407034638090021
27928,1.486566219896984
27929,10.876438644582368
27930,-4.889435617396021
27931,11.533810980543517
27932,11.230790696975713
27933,0.42096088936937015
27934,29.877169415722655
27935,19.41310183455007
27936,0.9935013277805904
27937,12.731958360956448
27938,-17.720034835309768
27939,-9.234415822417425
27940,19.73349043904315
27941,-16.942448092322998
27942,8.877042723433972
27943,26.688995541757116
27944,23.308755613531506
27945,5.3210987234135025
27946,23.349520113469012
27947,9.468721216181448
27948,398.8180165550355
27949,8.369927026749327
27950,437.2111587256524
27951,0.6427655513279511
27952,372.973853110327
27953,2.8449426924642136
27954,23.74221520908595
27955,32.1591611213534
27956,14.159046415932579
27957,14.88540142261727
27958,256.18849021172866
27959,21.263222657556003
27960,11.102846654405415
27961,208.7959197862437
27962,11.115057532858955
27963,218.27896946214182
27964,16.564760679278372
27965,22.923933887265406
27966,13.83415844343639
27967,405.6744573115312
27968,275.69654708024564
27969,43.472936403861326
27970,21.03279561089037
27971,7.7067881292292135
27972,-14.367991789780078
27973,12.173407542314717
27974,4.007495988870575
27975,5.6981363606618505
27976,2.252120998378853
27977,7.776266639079505
27978,-1.3436011276537556
27979,15.186233901011128
27980,6.836371455786901
27981,2.1723254084742365
27982,5.506052548753871
27983,16.935718304474495
27984,11.216050301094803
27985,-6.515506577464464
27986,10.402439676847624
27987,2.095099452941815
27988,6.293150097525137
27989,2.5352966975708764
27990,-15.223154928799772
27991,6.30763922915272
27992,10.338480158263673
27993,12.784530897574806
27994,1.480464126286206
27995,11.080251319031508
27996,20.806429852918225
27997,0.6478130289844177
27998,0.45658808145275565
27999,11.906637811789764
28000,0.02459099674444687
28001,-2.529376919920292
28002,-16.04079332612136
28003,4.225621017331697
28004,15.987592613662903
28005,14.838855686726355
28006,8.718598172137872
28007,17.711805422119784
28008,7.0400297368502365
28009,-16.576945885272337
28010,5.067680316795883
28011,14.56970422412971
28012,1.7927728318667118
28013,17.709117235154054
28014,9.116578753326287
28015,-7.385215028138699
28016,-11.316992177343835
28017,-6.253626711840841
28018,6.071167160481158
28019,14.122027068887864
28020,5.621764683502393
28021,6.217486150813386
28022,11.59017581752149
28023,10.64138451530676
28024,5.712633156002658
28025,4.006078392810011
28026,-6.7264867111682065
28027,-14.289946736994402
28028,-4.87746578402928
28029,-1.361777702771242
28030,7.857525994058891
28031,13.171532288508738
28032,8.4555341254
28033,3.5665816692723578
28034,-6.14161869084754
28035,7.635018781005437
28036,4.409941933657459
28037,-0.9074186599903697
28038,1.777271814063166
28039,1.615018579244186
28040,10.797452129498696
28041,14.421400854461984
28042,10.518339301170034
28043,3.6263452702983
28044,-0.31608589521266595
28045,5.981355004316599
28046,11.939061692913798
28047,7.266182165821251
28048,5.349122438388557
28049,10.165206536186417
28050,0.2517642838752252
28051,-1.4927249328102654
28052,2.474082453379765
28053,2.266817546616661
28054,6.52505020409879
28055,4.301094037453542
28056,2.278922582469738
28057,3.8378614503078
28058,1.4400690949311024
28059,9.344772071487824
28060,-0.29556149562353085
28061,0.1717778691560774
28062,-9.068645779075716
28063,-0.036059899554626185
28064,0.2058672470648233
28065,5.62067668274109
28066,11.023011168661322
28067,5.910876303399691
28068,-1.1414972515361477
28069,6.298475045058154
28070,4.840599036086674
28071,4.456742015076713
28072,-3.956077296105967
28073,-0.9442019767753891
28074,-4.535900707056481
28075,4.084630260901648
28076,7.521260493265904
28077,3.6939136857802612
28078,9.231445749468783
28079,4.613747205721808
28080,-5.953835551672469
28081,9.97493556780612
28082,11.309138734595562
28083,0.6362719761564097
28084,2.387598401273687
28085,4.0739351656857
28086,8.424269670942483
28087,8.654731085559844
28088,-3.7816646353088075
28089,-2.688538424879333
28090,1.388152797830033
28091,11.494457905677006
28092,9.740608965593932
28093,3.065830696522017
28094,1.516927937441693
28095,3.094731446184726
28096,1.6506644500317726
28097,-1.029999692089028
28098,12.830694882868528
28099,-8.323509763202726
28100,2.242614789441447
28101,3.493646987728104
28102,10.371523506245715
28103,18.122207099611373
28104,15.595159466765859
28105,4.733094833222188
28106,-10.749990680434891
28107,5.282589938241426
28108,15.76870414804712
28109,0.45778723366005103
28110,9.062428266729327
28111,6.369200962832135
28112,10.75878561870103
28113,1.6758137126367423
28114,-4.129396532676761
28115,10.989716690754829
28116,-11.431199652289472
28117,-6.123903298582839
28118,11.597152505871435
28119,3.42698047184321
28120,1.068141013539515
28121,4.418112705898249
28122,4.724883860029051
28123,2.0949484187295617
28124,2.4243042251215368
28125,8.137977875287396
28126,2.7489132184846934
28127,0.5707389987110343
28128,15.791181813764574
28129,9.824076031608264
28130,16.778732452801083
28131,11.775682245808
28132,1.3332878677297249
28133,4.861145953587741
28134,6.177755132081003
28135,11.557386027128725
28136,9.231709017833623
28137,-7.062055980542933
28138,-4.501677512521685
28139,0.5490531605647817
28140,9.885704139474358
28141,3.6979202832179627
28142,8.603050635246088
28143,-1.5916111401016053
28144,0.6204567956546985
28145,-10.302341373115727
28146,5.7695402453345945
28147,5.973454260893249
28148,-2.7405916803437407
28149,6.524984805441601
28150,15.319309224995393
28151,-4.46210152078654
28152,26.191509257208878
28153,24.96719909799006
28154,12.933454970784064
28155,7.722159872544115
28156,11.689272434070151
28157,12.912881035205197
28158,6.523342251652085
28159,20.32967291160861
28160,11.91684338789901
28161,5.604392995032256
28162,6.0390933182846975
28163,8.916294324745127
28164,11.941790526881316
28165,-3.9849718021829226
28166,-4.05470511637332
28167,9.591644440974328
28168,21.928130872821864
28169,12.418705488182804
28170,10.46017661764857
28171,1.0504773434486587
28172,17.16134067962929
28173,7.896861987201046
28174,-0.9571175620857879
28175,16.873614254735024
28176,17.132029283915013
28177,9.274384966195036
28178,12.508569905920062
28179,10.087309082659155
28180,-10.618193439949493
28181,17.276621287059605
28182,24.052856410198604
28183,17.22995961137171
28184,7.214411682668693
28185,7.17640912088528
28186,15.732865333052512
28187,17.252710776018287
28188,15.259034814288661
28189,2.7214525915569237
28190,2.873347468750284
28191,5.988640816805955
28192,6.385683443928205
28193,17.012355769241836
28194,8.819276517506005
28195,13.480667195933325
28196,12.926869753339602
28197,5.46802715152266
28198,11.374551067923246
28199,19.14223466098883
28200,17.063186794027043
28201,2.9995979242244584
28202,6.254877787642961
28203,8.039772993719566
28204,13.828666177701418
28205,-1.248194042960332
28206,1.4487513796183844
28207,3.9031366593338195
28208,2.3313066249530703
28209,-2.4148700473417612
28210,18.60421948568635
28211,23.518688261326886
28212,0.167937696385156
28213,9.039070645760845
28214,16.249509566202473
28215,16.225961553919525
28216,12.828485769474907
28217,11.735846363354298
28218,16.459037209002105
28219,1.37085578490397
28220,9.463212019005642
28221,22.314579276130203
28222,10.79886191319406
28223,17.65532893940963
28224,8.25373331701006
28225,5.747655488989787
28226,30.87852200915829
28227,14.627223460940836
28228,16.711486441160424
28229,11.086312394842764
28230,11.453747718805367
28231,7.063147559157008
28232,23.632684682910565
28233,21.1824803151095
28234,9.345136724397175
28235,9.986736849943828
28236,16.38111200291605
28237,22.522230399911443
28238,10.243997586609948
28239,340.0655992952489
28240,21.699651883039742
28241,398.1154286052268
28242,-6.190005069298067
28243,-3.83698913880124
28244,317.9004733911291
28245,22.05138092691964
28246,480.64995696633633
28247,-4.654743805543774
28248,154.37744372089634
28249,223.02870222411147
28250,21.989556925425273
28251,467.4387942346351
28252,20.91712187465686
28253,216.79146749139196
28254,2.959214569882892
28255,14.583801610333257
28256,168.26067626786875
28257,297.7462528946733
28258,281.4506298427092
28259,-1.5101319728706883
28260,31.070731793682594
28261,203.27052962107805
28262,1.4417147868158366
28263,26.0096801309176
28264,262.2633944464576
28265,6.99024426047229
28266,17.061686289622457
28267,130.53109345202665
28268,382.0579340007491
28269,491.0322857987452
28270,133.49610514714695
28271,-10.75310776225874
28272,24.382907093421522
28273,47.496545955350726
28274,11.799001963424724
28275,1.755230672887775
28276,-2.235479749846945
28277,225.83970328452605
28278,138.71569406140807
28279,442.2969888986516
28280,235.10731833675706
28281,10.3085803201487
28282,372.86814958474974
28283,18.776344772041803
28284,210.77060431639038
28285,279.07041683982953
28286,-0.454158556111377
28287,-13.542155440627493
28288,39.514901286087046
28289,266.58644996504887
28290,14.225634925804178
28291,31.942943570451217
28292,25.7461886811761
28293,137.46217955398555
28294,-11.482991174007452
28295,5.806102173816814
28296,30.043874763579176
28297,11.877618437555958
28298,0.7720463907374615
28299,22.29528623719319
28300,5.564539894321918
28301,-10.736350077816887
28302,-30.961008666347425
28303,-12.468314725966433
28304,22.906263670608563
28305,-1.3446025253479519
28306,-7.316089528510812
28307,324.41706786103384
28308,66.48199091338498
28309,-7.045583399186349
28310,13.293564852881662
28311,22.46792415239105
28312,8.210000465059004
28313,0.6973417381266795
28314,12.78793848827014
28315,-2.4953068460484467
28316,2.06318669975669
28317,-12.26373747088003
28318,309.91955283601413
28319,-6.825405118750442
28320,10.844271103080025
28321,1.4822847878812837
28322,1.1361901382904058
28323,11.94072820336821
28324,-2.626212724966308
28325,4.065003706728696
28326,14.99246046805034
28327,-23.05249607310195
28328,9.512451150157359
28329,2.464403177107659
28330,-3.190053861294242
28331,9.922219725957184
28332,13.602053508769725
28333,3.177488952628586
28334,16.117959488260492
28335,-6.050753670508005
28336,17.93068141477563
28337,12.05924670879337
28338,-1.7638134835577368
28339,-6.680123851488478
28340,-0.42133736724755266
28341,12.677371379627568
28342,13.988358574816083
28343,-13.871526606870198
28344,4.957466818380443
28345,-13.744148992440596
28346,-0.6739212286511069
28347,22.16870980136678
28348,8.280343386618576
28349,7.33197695298322
28350,9.085245211165734
28351,5.137416254300524
28352,8.239033940815501
28353,-5.048202651391659
28354,14.094990088317427
28355,-9.382869192054873
28356,-0.6087735715055338
28357,-5.09278676984264
28358,-12.045659732671222
28359,-3.988623366236567
28360,-17.198890248929565
28361,-14.544245357833585
28362,1.6504107706345597
28363,-2.9974242674690537
28364,4.207421985629301
28365,8.99416962615582
28366,9.836893082974125
28367,12.686174483896012
28368,14.658329507377049
28369,-8.381165406022806
28370,4.213199907723245
28371,1.3876952317118967
28372,10.136835911964258
28373,4.437909405989156
28374,-1.8051767039156275
28375,10.219041916830239
28376,1.3222552474058578
28377,-3.7647388486604143
28378,-1.4410189207479114
28379,6.051278436580592
28380,20.37775683953014
28381,15.550324503492066
28382,-15.450620678882405
28383,-4.627118660665495
28384,21.063511077437237
28385,1.8302577364344277
28386,14.174956060575997
28387,6.52626372623946
28388,16.34400644709018
28389,-0.3249821962915824
28390,2.5094467910049847
28391,5.481452388100269
28392,9.364104350638392
28393,7.178608675460106
28394,9.606893287703839
28395,12.43158041272628
28396,-9.765967810696537
28397,2.6834823762993913
28398,1.7252726096137376
28399,20.528725281629615
28400,11.194494647698555
28401,-6.411897430697543
28402,-8.03216821195917
28403,-15.130526305982404
28404,12.49009111349261
28405,17.318957236425053
28406,5.019323436169788
28407,11.053584367404401
28408,14.743210360538702
28409,-2.478063799284879
28410,-2.458373667825139
28411,12.426522669479123
28412,7.899021699227642
28413,14.207839790598044
28414,13.857433609457935
28415,10.387256675795332
28416,16.35460151379454
28417,4.279752425115149
28418,6.3043670521207815
28419,-22.387260290009884
28420,10.74196717742258
28421,1.3245710250795124
28422,-10.860026225225962
28423,9.61909504436303
28424,2.2105112116433663
28425,11.852618288608221
28426,-15.379422641553486
28427,6.212215908613448
28428,-7.6539977629822395
28429,-9.737559064886689
28430,-4.494042175176116
28431,4.288404966078311
28432,1.1318035057274365
28433,13.917453435160613
28434,-16.536800078698512
28435,1.9481099991549762
28436,23.53183750154145
28437,11.892336731484317
28438,-15.58009875022065
28439,-6.213116113576948
28440,2.4736888715921097
28441,13.132253243486613
28442,10.65280186928943
28443,-13.204957822683376
28444,-22.675688250469186
28445,7.686143627520842
28446,11.348632349771556
28447,-0.41147731712394275
28448,-2.3455491908981188
28449,1.342785629451356
28450,-6.433966129881643
28451,3.740792816038649
28452,-1.691903362588036
28453,-6.733800934474107
28454,2.4799032534045207
28455,3.1669025441567165
28456,-18.213364991007225
28457,16.02454007213957
28458,4.602993485154471
28459,-13.403207438760646
28460,14.112390529979024
28461,2.0355644316263906
28462,-1.3706185321716653
28463,9.31898637386761
28464,15.189720428937502
28465,-3.198254145090793
28466,0.9317727112248626
28467,29.928737114204992
28468,1.8227053336737775
28469,14.602315826396483
28470,21.953389256247263
28471,8.242966887736934
28472,-3.964014568792148
28473,-13.240252361991761
28474,2.270314465498581
28475,5.1348102145315035
28476,1.1562673988118934
28477,7.099306219959287
28478,12.431085084365463
28479,5.242150810678686
28480,13.468444423974026
28481,13.845714984653979
28482,-15.66934612851718
28483,-2.3492855966178716
28484,-5.082239747507472
28485,0.8319551370203637
28486,-11.365591582622187
28487,19.2329285051924
28488,14.616206147448796
28489,-6.825737168260943
28490,-10.82532947361316
28491,5.3518222124536905
28492,17.45840648588844
28493,25.82441555409588
28494,10.176529334820398
28495,16.137618342115907
28496,11.74204068826534
28497,-0.07994231454179612
28498,23.129923077445
28499,-4.4622788264146145
28500,10.871042247465876
28501,6.429591014232583
28502,12.750333834103131
28503,21.476951383301987
28504,-4.8999622718770794
28505,7.275388328174358
28506,2.7551516682473522
28507,-21.129624784703957
28508,12.924780886151773
28509,-3.168703652479273
28510,-15.028706174805581
28511,10.516573428971164
28512,33.76986258744519
28513,12.703205495833565
28514,22.530836661893012
28515,4.89774317213355
28516,2.0838695777668566
28517,13.668531888043644
28518,11.917425444431451
28519,10.897294329739047
28520,2.2473847069100863
28521,20.842445802352348
28522,6.500797479808115
28523,-18.348562840436657
28524,11.343677183941463
28525,-0.7790131811867838
28526,-7.146227640015727
28527,-5.4070074620753275
28528,-0.42642744531668697
28529,5.619950437671843
28530,7.7760059906452845
28531,13.899609764265039
28532,-8.221443984702443
28533,-3.2678082988493067
28534,21.1273593318842
28535,1.301651853384918
28536,-0.7212662331933473
28537,7.267487556139093
28538,11.646688556710941
28539,9.887846090984883
28540,-5.370078949198582
28541,-14.652922101359426
28542,-0.9988225351821107
28543,-7.934390402822853
28544,4.502370698004146
28545,6.196795802389881
28546,-12.411292515926018
28547,-1.1170979521289546
28548,-10.890298856397798
28549,-9.471345812403598
28550,-16.089629194713993
28551,-17.899759621755216
28552,1.187121068609791
28553,-6.168899150404794
28554,22.339466478801963
28555,23.860409483689626
28556,-16.16997300784066
28557,6.1306441429084355
28558,-9.849128410427923
28559,-13.77383469680452
28560,5.721970688143651
28561,1.9204232177699758
28562,3.529107988616188
28563,9.91227087293364
28564,-10.087483722006677
28565,9.575835286643901
28566,11.002601640459755
28567,-10.829843184663584
28568,21.57025576868543
28569,-11.206978326921679
28570,6.930948793102898
28571,16.477915269075762
28572,5.5512210223852385
28573,-4.947512184187996
28574,-3.0284321279373643
28575,9.733879183963383
28576,0.1873411641471492
28577,1.5033961661803712
28578,4.770920878857142
28579,0.34602855117469744
28580,0.6980392869108094
28581,13.426531254001716
28582,5.762193842358963
28583,-7.767149801761246
28584,-5.150023827406418
28585,10.387263270499485
28586,7.00836076960487
28587,17.496925192076677
28588,6.646270920838921
28589,0.37198599944002453
28590,4.375857448772935
28591,16.019740326497757
28592,-3.4929922617328657
28593,-2.3394756106350094
28594,-2.2998326893596897
28595,-2.98174778470171
28596,5.039051991386417
28597,-11.209956838927592
28598,4.277145462432237
28599,-15.734467056341614
28600,13.154773185992113
28601,-0.5742254734801016
28602,-5.289666030524241
28603,-6.518214235227198
28604,-0.8380189244816698
28605,16.434257724528607
28606,-7.552586107052491
28607,-3.242846529168517
28608,9.667218270424605
28609,1.3930030435038994
28610,-0.9969042521992009
28611,22.670424501209414
28612,-14.215387446716989
28613,-3.8683834472884655
28614,9.103198018201013
28615,9.427376775978658
28616,-6.002363146589836
28617,-16.176292521268977
28618,20.32500043299694
28619,-4.895656862953743
28620,-4.077233164234514
28621,15.890135081260626
28622,18.551090870085552
28623,0.9553350219308694
28624,-2.54149539518345
28625,-14.36507161228969
28626,17.42140727498167
28627,3.981818120311239
28628,1.0260267552097115
28629,2.194272433007164
28630,-3.693930022477957
28631,-1.9794329048791397
28632,0.5831693464374226
28633,-8.465608693761844
28634,-3.651080309711073
28635,0.23911184678233965
28636,-7.401580165875682
28637,9.901526434591844
28638,-0.5129182703476509
28639,-0.44058085149367443
28640,-2.410572862870687
28641,-11.901129845446459
28642,8.894063241624359
28643,13.934774072210637
28644,-3.3289734864450757
28645,9.932403130660408
28646,-5.233301661768806
28647,1.5666698177536151
28648,11.574050037417237
28649,9.455552049269716
28650,4.476778303278161
28651,1.3857805129477185
28652,0.4936574082207592
28653,-10.962765076793858
28654,-3.8754065509739313
28655,-12.937340476645808
28656,10.67866457021388
28657,-20.307979896925566
28658,19.107424538169706
28659,6.085098368255517
28660,18.376845245889868
28661,13.764786483949898
28662,-1.2224791636580576
28663,3.955106355992971
28664,-5.6231249891420845
28665,2.663710888670849
28666,-19.2972542410024
28667,4.393551959446205
28668,8.57891505511748
28669,8.282382188124316
28670,4.118017452872985
28671,-2.2282411547217897
28672,6.319481517664629
28673,2.54700509852851
28674,-7.34663705220515
28675,-1.5253895612328066
28676,5.427888208494309
28677,-5.482533856709342
28678,1.8475178646597978
28679,-10.48699568914418
28680,-4.90734471274104
28681,-12.293231773535673
28682,-0.6427897568576704
28683,1.6510307951000236
28684,10.381829718159201
28685,2.7653767062278103
28686,10.221039152490555
28687,-17.04461026784996
28688,-3.762357632714995
28689,1.6383451269789777
28690,-3.182813609648896
28691,-8.55083843968545
28692,-12.445592062817969
28693,-9.686977506368525
28694,9.512574486915913
28695,3.4662873497279723
28696,0.4796437142201704
28697,-12.646461220029934
28698,-15.67665652755802
28699,4.174201742808103
28700,4.589134917690352
28701,-3.3453020731661844
28702,-1.3147555382952518
28703,-10.374575725656804
28704,-6.476945937145075
28705,-1.2395028386421352
28706,5.050915133631296
28707,6.263836736225317
28708,-7.712310158088162
28709,-5.834812263721183
28710,19.067268106858283
28711,8.568540890250812
28712,6.749531356630067
28713,11.218590600785088
28714,3.0411521624465365
28715,-15.134601532430171
28716,8.900642708446231
28717,12.75969288865751
28718,1.7786542138063837
28719,0.44388584272999054
28720,-7.613497768533843
28721,14.936918132822893
28722,8.569460422632659
28723,14.045576227944792
28724,8.539891261898603
28725,-8.71934810848622
28726,-4.592720646910347
28727,7.514295723933095
28728,-18.47264563283231
28729,-6.121702236015317
28730,-7.25707337700025
28731,2.4917999073426866
28732,-14.705117072314469
28733,3.805198044377752
28734,8.552320425716143
28735,-1.8525493538229654
28736,2.304389500537253
28737,-15.77115612163903
28738,19.45855400763564
28739,-1.4805247922058413
28740,6.7544389050267775
28741,1.1968911746054545
28742,4.434556325920106
28743,1.6250286772418896
28744,-7.3068793145971185
28745,6.276631797366301
28746,7.824004633000644
28747,-19.180788366077735
28748,-18.742280577082887
28749,15.268855059133196
28750,9.334505274552805
28751,6.059403468322248
28752,-1.8150205972611744
28753,-8.701338779748255
28754,-13.93670758158866
28755,7.783507899668791
28756,12.676647443535611
28757,10.137528446000115
28758,8.118315314791099
28759,8.906499863597325
28760,2.715420895714173
28761,4.494280065780702
28762,2.2429037153148084
28763,11.383434995705187
28764,-0.4266821044151392
28765,-15.846004318362127
28766,2.590063840830629
28767,4.722403426953514
28768,4.858092237161477
28769,10.036724414025795
28770,-14.391047835593213
28771,3.3394419345689954
28772,3.516828007780598
28773,-0.7024334846735947
28774,-7.034131683626718
28775,1.9387680183815146
28776,-1.3926155794330306
28777,2.3844710866889436
28778,8.098259838457553
28779,5.780643361134221
28780,-20.787391995935884
28781,-14.84503469858236
28782,9.684559875488675
28783,-5.771349249816293
28784,11.159563241798175
28785,10.718911125295264
28786,3.044784866121015
28787,-5.855506312090679
28788,-13.299004875571306
28789,3.845624435474935
28790,0.8839418202274203
28791,3.3420693130204135
28792,2.063474731427755
28793,4.935023377628761
28794,6.789773895277905
28795,4.354534705362816
28796,-17.16631989567383
28797,14.406515126771252
28798,2.9975801299315563
28799,18.26935227716094
28800,0.3053355660717365
28801,14.365159242416942
28802,-15.08052221900056
28803,5.060794018083378
28804,5.787226908397619
28805,-19.93430558489589
28806,2.9255612936218203
28807,-1.9662384249664342
28808,10.12720495320822
28809,4.601387115213434
28810,4.808436427658187
28811,-9.348779772974574
28812,5.322511224414683
28813,6.431275342205337
28814,-16.94169012447322
28815,9.763372788331228
28816,-0.8024580849556102
28817,12.192027114249651
28818,8.003318770295412
28819,13.81546852301327
28820,0.38829978979445556
28821,-12.81461703342266
28822,-9.398582230220583
28823,5.490340317957353
28824,-9.536851855719615
28825,0.07622303211827841
28826,7.695571543978268
28827,7.901848315604573
28828,7.155807603065277
28829,-13.468494028979933
28830,-10.001709387950552
28831,-6.869256830467872
28832,6.150510595726747
28833,4.608947580338532
28834,6.679905109194506
28835,-17.1758781600361
28836,15.120551709130583
28837,10.318447079882404
28838,-0.8979611694511505
28839,0.8072994616368305
28840,1.2191734474867761
28841,-6.743199590164249
28842,-12.678466999855733
28843,5.431026114343275
28844,12.464091870694041
28845,3.30057258586705
28846,5.485094293680687
28847,-2.772766769971085
28848,9.306097185667419
28849,1.4677584277332745
28850,0.431593437361645
28851,4.769804618795634
28852,27.92397058870465
28853,5.381263392615617
28854,6.367291351145296
28855,8.606239305387206
28856,10.420253215831835
28857,-6.154517324538894
28858,0.6391851872702148
28859,-8.408084016735462
28860,6.897832485285669
28861,24.56384350828339
28862,-17.80767616298374
28863,1.9861262310283276
28864,10.911098479917566
28865,-3.83286904195327
28866,-3.363603465794135
28867,-12.881571597053952
28868,29.597670704252458
28869,24.108607269504827
28870,6.797258308734206
28871,7.705344095506451
28872,4.171719035911657
28873,-10.447528002637224
28874,7.117108959428663
28875,1.6751959898728437
28876,9.90524042068953
28877,6.863203202649812
28878,8.879194695205626
28879,-4.230120420413645
28880,5.862165728452846
28881,-8.12823768339494
28882,-11.11967869098391
28883,-10.17898389792143
28884,18.069782704558886
28885,9.558349983859927
28886,22.184066763440605
28887,23.550403974127295
28888,5.712191423843704
28889,3.2068506886269166
28890,7.426808525923201
28891,-2.5594485862773517
28892,4.813746195658453
28893,-11.009317249414021
28894,26.36547347236823
28895,6.221268052186739
28896,3.629447994869265
28897,10.87929759805893
28898,-14.332673502162304
28899,8.758580152885823
28900,8.071394811818537
28901,4.23601247464703
28902,3.7626615248283315
28903,3.505621345098529
28904,4.349289163894175
28905,8.460416695596003
28906,5.799792411068049
28907,0.7753544973323923
28908,-5.720972268164605
28909,-10.437565406711215
28910,-11.012622631098946
28911,6.872577474801329
28912,0.36002685940845147
28913,2.4525517901329863
28914,-9.34472070027913
28915,-2.5752943681157667
28916,-5.635365267771409
28917,3.9188423274859367
28918,0.9624480638153994
28919,-16.175122320504215
28920,-1.675759758741858
28921,6.282842219024474
28922,23.638251722347093
28923,3.0507397824082414
28924,8.026188016118773
28925,4.144902748452491
28926,10.960702894589847
28927,3.3472886511498867
28928,-6.445208946784078
28929,7.819103682949999
28930,3.7418203814430164
28931,-22.58168001800712
28932,5.406098274164538
28933,11.23803349641804
28934,1.8888847344262132
28935,-12.633749826060452
28936,-12.276177936877165
28937,9.07360416294787
28938,-5.633299078657551
28939,-8.899167123552672
28940,-2.0823795077107725
28941,8.41198584296244
28942,22.8747852193348
28943,12.256786842504418
28944,0.0900715548513702
28945,4.9390415463123265
28946,23.891831150884276
28947,4.616697316223373
28948,-14.567276273069666
28949,5.784274001130759
28950,-14.586147502721946
28951,0.846325596652088
28952,3.451739619881616
28953,9.207837822081586
28954,-9.522368921542398
28955,10.613897294386696
28956,33.66377812271806
28957,0.9616416087174979
28958,-19.60604186533832
28959,7.160075323391451
28960,5.95348741083143
28961,7.343902925069839
28962,2.3700284455523875
28963,-13.684727200906472
28964,0.7767022745228829
28965,31.473483314473704
28966,21.287795575606026
28967,14.28822678771971
28968,21.272495216123705
28969,-2.218733309977143
28970,21.664235035702866
28971,14.905237355694151
28972,16.61759310728193
28973,0.7199231013745386
28974,31.47324193582594
28975,7.657430038560642
28976,-15.725078960282861
28977,4.316844600213015
28978,23.08554178860693
28979,-8.299154888669495
28980,29.17551100752125
28981,33.99100193965074
28982,11.198171644125953
28983,22.67371054434571
28984,8.831184524013523
28985,0.672832645493239
28986,8.378540563573015
28987,-5.097291055597168
28988,11.339842495843826
28989,23.207199196172464
28990,9.643376720996688
28991,8.642536722930881
28992,24.512046661150407
28993,3.377300280749573
28994,8.874892855064466
28995,6.380756518531916
28996,11.422914257194698
28997,11.669142545725009
28998,11.536489921437527
28999,12.860195438361767
29000,-3.0161022732515264
29001,-5.941908893069254
29002,34.626569730747306
29003,-11.572883948829581
29004,13.352838699633427
29005,0.3102261090096725
29006,-3.0939313065919833
29007,7.361892381260308
29008,5.908761538620217
29009,-0.4679919531592702
29010,13.569795857940102
29011,6.16042654845854
29012,8.634695925840834
29013,-6.655556072038046
29014,-2.1497675166371764
29015,30.887493062087295
29016,14.267199639537175
29017,21.47136608437709
29018,-1.437302946849094
29019,5.4476544814962224
29020,31.165702514523794
29021,34.09313050581601
29022,3.2026694778730995
29023,22.605961849744386
29024,-14.556906890432213
29025,-8.539274480331269
29026,6.436216760891625
29027,19.74680472346404
29028,10.026878835289146
29029,36.10490397273728
29030,9.041097133043305
29031,14.34302381627789
29032,-16.7784321012971
29033,-11.59437618000598
29034,0.7476462485676159
29035,-0.6216700924165153
29036,3.441530132622466
29037,26.631244814960247
29038,-1.3532282912943856
29039,-11.794816888788723
29040,12.93789708638505
29041,19.218972008431653
29042,38.75733711083759
29043,6.427368435935197
29044,2.7898417409326868
29045,13.325597711037748
29046,14.731637931344956
29047,16.869698840769217
29048,6.71767920686289
29049,27.653193382411402
29050,14.253363159794018
29051,24.59850085334906
29052,5.240476516841909
29053,-16.280890455085306
29054,8.472349573075935
29055,0.7833175970822186
29056,9.642543193736397
29057,7.452861443521368
29058,-4.140013844157355
29059,17.501941241496805
29060,38.415909751152284
29061,26.763982158487593
29062,20.603334539273984
29063,26.420905023632198
29064,14.92101277534654
29065,-17.65740180845517
29066,31.03641619218692
29067,7.019189460158586
29068,18.981426062046566
29069,-0.6038864214519606
29070,20.940624170088604
29071,25.51154874341434
29072,9.328026106810167
29073,6.837004875613253
29074,13.871505525818108
29075,15.358427394067071
29076,11.843018588856454
29077,5.31036188104958
29078,4.890404432727706
29079,-1.4632821846372686
29080,1.331263296696573
29081,33.265953535890745
29082,-8.07501581698186
29083,18.89106335908734
29084,0.5231961042236932
29085,34.303702795404575
29086,12.515109353241657
29087,8.754283825561473
29088,27.016550628351347
29089,16.696366361024946
29090,16.791125343066867
29091,-5.5579260332923965
29092,7.7904043310732405
29093,19.734369997020483
29094,17.831654710653403
29095,17.10043660917178
29096,-4.962310958045499
29097,-4.860563254628005
29098,8.64273048042816
29099,30.88972482981897
29100,-0.7626076717014563
29101,38.083844447190145
29102,16.90846450173098
29103,-5.219928869522562
29104,13.208164859093477
29105,21.52590357154276
29106,5.518582609755274
29107,3.219411211213881
29108,4.664784415411132
29109,1.4160609361368852
29110,28.983770792110356
29111,26.225035515940807
29112,3.964175910267917
29113,9.955384848263158
29114,10.108762528422202
29115,-17.266832548347246
29116,22.823179870471733
29117,-9.17930310627585
29118,32.093831705187476
29119,11.202424948135032
29120,7.591284033243621
29121,0.27471203517263376
29122,18.402110698667983
29123,32.930925182948755
29124,-1.1750226112954714
29125,4.547397235287544
29126,31.82758988213036
29127,44.59675342986574
29128,22.479872139017274
29129,23.483676169402926
29130,9.588805393522428
29131,-11.393057690607076
29132,25.8099596423581
29133,22.513959972981823
29134,16.51360334367655
29135,-13.09648895055248
29136,-15.612368414265767
29137,-9.601919038729548
29138,9.120455988342508
29139,-5.893545337704978
29140,11.716442852506749
29141,-6.717257510359815
29142,18.955418567961413
29143,6.321624125341106
29144,10.76444995892358
29145,-8.577850680825069
29146,29.396599411112994
29147,2.892182639880513
29148,-7.529266906227026
29149,-0.725126564160778
29150,-15.456128673218512
29151,7.7712068129550005
29152,8.675719680070063
29153,14.310491874455252
29154,15.279072175611534
29155,15.242473093446074
29156,32.81631120278411
29157,-5.253244726713518
29158,4.84197225080621
29159,8.0322599739845
29160,16.012689076583165
29161,11.136408764317284
29162,9.888119972724324
29163,-13.371871113544326
29164,20.12774115976852
29165,17.800358273799695
29166,-7.011047402503159
29167,21.836407574915256
29168,1.6629405858928283
29169,17.866211042813028
29170,19.374666962145575
29171,26.888592861742772
29172,-11.57626857543843
29173,16.114311331665167
29174,31.04045247821916
29175,29.025572890306492
29176,18.711689545526774
29177,19.131759179832738
29178,9.405165234466612
29179,4.047743961734167
29180,2.6291169593983685
29181,14.338137014531117
29182,2.6277461312984762
29183,1.775268358335886
29184,22.748715220688887
29185,22.188111704954554
29186,31.755525638711216
29187,-12.499130479308079
29188,-15.990512541248656
29189,20.152203310424532
29190,11.553591828033953
29191,26.957583215624755
29192,0.8832234068170539
29193,2.6740771846950686
29194,7.869209197085464
29195,15.903834836090123
29196,0.12809890766716592
29197,15.578401765826886
29198,18.147214275881527
29199,12.971555051708226
29200,3.0726989137730527
29201,30.52199171043696
29202,5.45246316903177
29203,21.340921446434557
29204,13.14220260752616
29205,30.765363559785406
29206,26.115506623294223
29207,-4.7270958004498915
29208,27.37390708308213
29209,7.121794906611605
29210,-15.046083124538193
29211,1.8307516288565662
29212,25.447043970373066
29213,-13.229853748449614
29214,3.2980299692412274
29215,-16.014244776797007
29216,-9.007557743753999
29217,33.22910099475003
29218,-10.264648077849643
29219,18.429897104292273
29220,19.483251310738282
29221,4.8484843128196164
29222,22.863438077972468
29223,22.64393031652058
29224,-9.98767943384357
29225,14.902667855558894
29226,10.655123680161322
29227,14.349675226375602
29228,8.373453753323219
29229,-1.6232740163492494
29230,-2.819397130302576
29231,-13.646496067503918
29232,-6.455589515912113
29233,28.583033530575456
29234,-6.597926213815775
29235,20.26810119297883
29236,13.035336436763554
29237,11.858357615218974
29238,30.60872552091798
29239,13.824398504625604
29240,15.702420345298474
29241,7.831739635994893
29242,21.101057710026467
29243,4.665060661551626
29244,-9.743080318130069
29245,1.0772260674228917
29246,16.35476158134858
29247,-16.55191936743627
29248,6.3277298783199765
29249,20.426391381936508
29250,22.560654669428214
29251,35.280111758475186
29252,15.827006691963483
29253,8.187265291407055
29254,4.303803168241961
29255,21.408584188994517
29256,124.3545068774639
29257,2.0209710769304152
29258,-15.850019776513285
29259,42.95026164603592
29260,4.318025646764166
29261,-5.705289110068101
29262,380.4880621361048
29263,348.77221856556383
29264,367.251783615352
29265,3.4463376653394224
29266,14.386788946926588
29267,-7.861343899845675
29268,-6.647497758942119
29269,300.83579971383415
29270,46.06080044748495
29271,22.340384786073386
29272,212.06553358767448
29273,-5.493298950750717
29274,1.8028851673251332
29275,6.256172672846295
29276,523.7884833537448
29277,17.483321719955264
29278,491.26257148505425
29279,564.915297535277
29280,363.2839080325201
29281,4.1635516611411845
29282,-3.1384227458283895
29283,318.7407438583725
29284,55.268584212559595
29285,534.817410982454
29286,2.27398744442422
29287,18.83184600452416
29288,177.98815691910707
29289,-0.5285771028432364
29290,-0.43813871896302814
29291,-10.471050860780338
29292,-2.8755435823581657
29293,-7.319128369007604
29294,1.7284437612416355
29295,2.1393876875230013
29296,-1.8252960326766114
29297,-12.68624482122718
29298,-5.565964478909233
29299,4.665271846211903
29300,9.417967716998437
29301,-9.292966188121977
29302,-11.246812799167976
29303,-9.027847323634436
29304,2.754778992155286
29305,2.7229308240489516
29306,-17.319401348138925
29307,-8.59282697003404
29308,-7.210072580549355
29309,0.012073719658637572
29310,1.5197520426141935
29311,2.269885034217504
29312,-10.66584784460131
29313,-8.644159738284227
29314,-9.07482467804833
29315,4.922501594588475
29316,6.686189702303283
29317,-13.939011187919228
29318,-1.3751169851154579
29319,-8.626737407407596
29320,-3.469817409219022
29321,-21.8308805821325
29322,-18.87525530544461
29323,-1.4183158233631907
29324,-14.169558130689353
29325,7.234399951855455
29326,-8.439228620220504
29327,-4.806880369806674
29328,-12.714072393212607
29329,-10.817489035882968
29330,-6.654866196130055
29331,-1.7574730555901894
29332,-3.278001004366324
29333,0.18033128304211488
29334,-6.363548659912787
29335,-11.638336870174061
29336,-23.068436839214222
29337,-3.7991123339344064
29338,-9.324545106570106
29339,-6.483498999618256
29340,-13.28357280123733
29341,-8.801264874732556
29342,-5.189463780908792
29343,-9.33879460203002
29344,0.4021393427086064
29345,-7.222284351303987
29346,2.9963780050152575
29347,-9.552298876094643
29348,-6.8257795927434906
29349,-9.234556855333366
29350,-7.236124513037442
29351,-5.181033051664915
29352,-8.69934836683625
29353,-9.695083425656001
29354,-18.03406047457642
29355,-14.67425636545575
29356,-1.7680514640084901
29357,-0.5744953996653202
29358,1.654680528126379
29359,2.47991719308307
29360,-6.874174046522359
29361,2.8640960152537005
29362,8.305743097100141
29363,24.514179862152773
29364,15.20451223744698
29365,-10.59917044170325
29366,-10.567587267984699
29367,-23.789823541712337
29368,-2.4714338312349433
29369,-10.028646439594326
29370,-7.4634668036444545
29371,6.135250031436451
29372,-10.381011670220506
29373,-13.238429741306042
29374,-0.19487663096803232
29375,-4.440071304356717
29376,-10.220604789976779
29377,-10.398937343842679
29378,-3.789566670727723
29379,-3.8456102017420832
29380,7.373987084997415
29381,6.246536349619985
29382,-13.687405976035922
29383,1.0550489049727378
29384,-11.20922670602933
29385,4.377393136788786
29386,-9.186429812109989
29387,-0.25818951522883893
29388,-11.062204312621066
29389,5.952297882393852
29390,-2.4397677040262096
29391,-10.13775878674954
29392,2.031731547614376
29393,-11.111567651788526
29394,10.064173062920238
29395,2.9664072310415754
29396,-8.321842090233275
29397,-0.2648258406806079
29398,3.1407336706173616
29399,-3.686095451176424
29400,-15.252151057617056
29401,2.0483581833786673
29402,-2.4349655571749977
29403,-9.737056935952076
29404,-4.379499655569646
29405,-8.731970867787393
29406,1.3235740659718065
29407,2.526963075488979
29408,-12.381341067631222
29409,-7.936282783405897
29410,8.463008799899928
29411,-0.42708471186393027
29412,1.0478174318415636
29413,-2.9035658959098285
29414,-2.9295285293406863
29415,2.2035261184586474
29416,-2.055396184912656
29417,3.0466926090900994
29418,2.9694167524297566
29419,-0.6061139539043872
29420,-10.087323553964428
29421,-4.621605387115807
29422,6.185020122031764
29423,-1.071694797994386
29424,-1.851715800926815
29425,-2.5283601720723787
29426,3.4917266856939975
29427,9.781295713184255
29428,-4.423610518367447
29429,-0.43807747342490444
29430,8.243069121547844
29431,-10.17978376631114
29432,-1.9199347359071126
29433,5.129135424945096
29434,-1.269428894810595
29435,-1.309803251314733
29436,-4.162059298526064
29437,-10.153330482225599
29438,9.464335535799556
29439,-0.7253000115563175
29440,-7.517923555517918
29441,8.28689464167606
29442,-2.867126663226376
29443,-3.326548691925037
29444,-4.2821030081677876
29445,-4.329318382903267
29446,-10.146280719957492
29447,-2.517566222340097
29448,2.3566860966566434
29449,-4.276616606353176
29450,-1.508501042047083
29451,-11.86523046420195
29452,-6.027717703272668
29453,0.7137492287411504
29454,-10.47955001530217
29455,4.756990962348194
29456,0.9711240689461569
29457,-13.971107465514915
29458,8.426272367552563
29459,-2.1600928922904643
29460,-7.6064464992129
29461,3.9737055614224115
29462,-15.520648933754291
29463,-18.727283816084544
29464,-12.247677401093739
29465,-0.3591111376099221
29466,-4.783472201507362
29467,-2.229637757689776
29468,-8.666656471640177
29469,-10.672754511131984
29470,-9.619889013370578
29471,-6.242972442753228
29472,-6.244522851545035
29473,-1.7144849467437773
29474,0.6010168534321334
29475,-12.97727458002526
29476,4.0953291083747665
29477,-3.770282050525843
29478,-5.654137989659226
29479,-5.4530347171756155
29480,-6.708990872851466
29481,6.215619185650906
29482,7.717217884165038
29483,-2.689193731951903
29484,-6.640820499675442
29485,-2.1142077014820693
29486,-8.152057078614096
29487,2.99832849587556
29488,-2.871004787518821
29489,1.8909940306541824
29490,0.3649747715249614
29491,-8.927357099900487
29492,-3.6334885707414557
29493,-3.6161249357027074
29494,0.5563498219053642
29495,-2.5557433940887044
29496,1.975805512999841
29497,-6.0662144156829
29498,-0.8231428854357468
29499,-4.958636284129767
29500,-13.532278280602515
29501,10.025652286059966
29502,-6.803378393712215
29503,-8.063141970535401
29504,-12.509675852113283
29505,-0.6619499492054004
29506,-5.6845579976369365
29507,-4.406260045813987
29508,4.122679067234577
29509,-2.4031696985251934
29510,-10.689664656998495
29511,-13.381883152055991
29512,11.843896735083307
29513,-0.266726362383217
29514,-0.10510548777044448
29515,-3.921858424630969
29516,0.8067489274367983
29517,-6.941323907004431
29518,-2.060164509844917
29519,-5.5794668327449095
29520,-9.655798065408153
29521,-5.906443781600842
29522,-10.750392381045838
29523,-11.829841274488249
29524,-12.227252391580887
29525,2.5342257739701655
29526,-2.9806125272681
29527,-4.697641940378009
29528,4.018865773059664
29529,3.295418101262042
29530,-11.110660428589355
29531,-5.546279201874587
29532,-6.993645138860124
29533,0.7171428053101518
29534,3.641840354997518
29535,-0.7471622649436718
29536,-1.0517585882950868
29537,-8.549347308185325
29538,-8.429130655454362
29539,-13.076259969169133
29540,-5.784660583156583
29541,9.227547494032233
29542,-7.9787861146893455
29543,-1.1594536964845723
29544,-3.0613970928864482
29545,-8.294048593236095
29546,-3.4907860334680123
29547,-14.735555961635313
29548,-10.430805860264151
29549,7.874746481016402
29550,-5.901627464372897
29551,-5.06419454041805
29552,-8.180241581364271
29553,-2.2331167705040293
29554,-3.5287612410876186
29555,-6.558133556893548
29556,-6.025100898964197
29557,-9.109260972336031
29558,-7.9705906527169965
29559,25.4282967070533
29560,-12.388505532800544
29561,-9.411444927654365
29562,0.39807787805245276
29563,14.567328355111425
29564,3.0521648407931377
29565,16.826433874884238
29566,-1.2982883277727275
29567,8.525998188794624
29568,-3.219881197262133
29569,3.3413559921080562
29570,-7.752431265181439
29571,-12.801361266107719
29572,-11.68907063153615
29573,0.7552002845463299
29574,-2.2116751623211357
29575,-5.7474033023212705
29576,1.6977580135247106
29577,-21.292630563678124
29578,-9.449765693310752
29579,5.2435426364542685
29580,-6.655911442539356
29581,-21.775860318176484
29582,-8.977962963282454
29583,-1.7404385190938179
29584,3.4687512667428404
29585,24.438941293205332
29586,-16.15242652719421
29587,18.24119814783601
29588,24.981387453240515
29589,-5.405255467905562
29590,2.0924901065127894
29591,13.700218780921633
29592,17.806429606498593
29593,10.349179995852245
29594,21.208011182153772
29595,-7.981270374507595
29596,-8.946293340662187
29597,37.17115089956718
29598,-12.272864121828487
29599,43.66153567121371
29600,-7.693098104551286
29601,-9.48048029099214
29602,-2.7485827997150594
29603,6.6316965327302135
29604,-10.636082858004976
29605,-2.37702498033671
29606,0.5418797464245344
29607,3.4723279904913777
29608,-9.18354971095264
29609,-4.254287292163525
29610,13.86371995149448
29611,23.083833017650857
29612,1.6258431808462124
29613,1.5286165072570324
29614,3.2502629022670835
29615,15.444844000318081
29616,-12.64874595286365
29617,14.343755221405345
29618,-10.531662015536757
29619,2.28415786071926
29620,4.007795257930496
29621,12.0020717180394
29622,11.19993452614527
29623,-10.839330330798756
29624,25.57146149996163
29625,-5.79368667518753
29626,2.2483921611285016
29627,-3.3756211419306794
29628,-12.778109879788595
29629,-11.501052989989518
29630,-0.5040740262420549
29631,-4.329046229820339
29632,17.62236154964366
29633,-10.871089714089116
29634,0.6833664483910056
29635,-11.291440405527805
29636,1.06291398334856
29637,16.75512985092367
29638,-8.920990286561075
29639,14.690014796972072
29640,-4.384898557816662
29641,1.4544982048466633
29642,-2.937752766401136
29643,-1.352890917334257
29644,1.1557936264520539
29645,-0.43438171924613656
29646,-2.696748267392632
29647,-11.088826614475924
29648,16.563090607729777
29649,8.439251508376648
29650,4.07923833346034
29651,6.739656571432519
29652,2.449838688557165
29653,9.899705084785753
29654,33.06172349954996
29655,17.48624405681527
29656,4.2939864948835496
29657,-3.0084942623805695
29658,4.224151799811089
29659,16.769902471127594
29660,-2.8689881407398374
29661,2.2030772281849416
29662,11.89588248182381
29663,1.0590925325443266
29664,-11.852762908349135
29665,-12.591761608810899
29666,13.168879539397935
29667,21.33000288686669
29668,-4.458277135504353
29669,15.659284994002242
29670,-3.962323749441204
29671,0.7573846394428969
29672,9.195203016074956
29673,-9.479561357214433
29674,12.552498951446548
29675,10.303988784681279
29676,4.582437654713003
29677,4.150667018641956
29678,-0.6458464228685301
29679,3.487475883099128
29680,28.132174081128348
29681,-0.01671178362648007
29682,-0.24224516092037263
29683,16.119387538674335
29684,36.20003153004696
29685,11.56208750722436
29686,-8.241669448536712
29687,10.912141560292845
29688,-3.1953020633563085
29689,296.0929881082967
29690,21.909479696935946
29691,17.322774919021896
29692,11.741366559038491
29693,10.949073887127545
29694,-4.009079322988654
29695,7.145176013844159
29696,4.321946499302305
29697,-4.8020429980219355
29698,433.1695276492885
29699,-16.06249663276646
29700,2.231450019829394
29701,570.4983446951378
29702,321.9212468463194
29703,1.5203848852611
29704,-11.18595126242029
29705,497.89687542792956
29706,9.408248164811365
29707,-3.594560707367606
29708,24.488664605003976
29709,19.30417316735473
29710,13.890604531247707
29711,128.6976517221504
29712,15.955605524098923
29713,9.074900301475054
29714,16.727795726687518
29715,9.631829929250468
29716,17.707015546040424
29717,12.985384465663486
29718,32.469821742795894
29719,112.99072357900677
29720,111.19317318963108
29721,141.28743662793534
29722,11.105397878522322
29723,20.597812449251343
29724,15.591440078726308
29725,237.54360807883634
29726,20.345823150892365
29727,6.34998003487148
29728,21.579844092370152
29729,260.3043092461203
29730,224.69126517374204
29731,-9.120483634412388
29732,310.7775574196352
29733,247.72419245077086
29734,309.6247927765226
29735,452.20589018086457
29736,26.815387830535357
29737,291.516380574344
29738,4.603775866815996
29739,195.08152545955437
29740,-6.596126198591577
29741,209.956403186432
29742,22.988787810637632
29743,395.23022145770386
29744,-4.439639389748553
29745,5.518602868450268
29746,2.982545729565892
29747,6.561059504880815
29748,169.77030885755497
29749,-11.324541096579
29750,-17.483064141030518
29751,8.122960035560883
29752,-13.588144973833778
29753,22.569012004726112
29754,-8.876462283158013
29755,2.6534832744219337
29756,0.8267515379409929
29757,-0.7280594803076532
29758,-2.91008832227131
29759,4.221559948339811
29760,11.307769251782165
29761,-6.022873948417377
29762,11.948557439533243
29763,-13.074958629096432
29764,-6.886106066056541
29765,19.636019543890985
29766,13.872266724499978
29767,21.57872121057278
29768,-5.8365874844322185
29769,-4.87160959062453
29770,1.3724163608721245
29771,-17.045407234641033
29772,12.568716662620586
29773,-5.161396489759042
29774,3.6463102270405923
29775,-0.8465831684819101
29776,-10.620480128005408
29777,11.368974627795122
29778,-7.170946497084341
29779,-4.687932282910911
29780,10.073641183546025
29781,-8.675211654888894
29782,2.6175161626181804
29783,-15.76481525975753
29784,16.5520659235932
29785,13.817961910132016
29786,-0.7119237753136609
29787,1.6707333366875137
29788,-1.5031703950135977
29789,-7.736383872128737
29790,8.76533014118706
29791,15.006551734060222
29792,-12.008669653494124
29793,2.3985053525548086
29794,-2.798560059205645
29795,-29.241736870944706
29796,-3.4387618508044895
29797,20.206534271292185
29798,16.158858133896214
29799,1.494034970913777
29800,-1.3471036099929456
29801,10.658678163285673
29802,3.6193233158282787
29803,8.396767654448768
29804,-5.87519978301431
29805,6.432392297462558
29806,6.796652843138473
29807,1.2380188288195146
29808,2.0387303889838613
29809,5.501121656540832
29810,-14.542236115363107
29811,-18.141431625070915
29812,-2.570517001524127
29813,-1.5793829966045578
29814,-14.88244408741705
29815,13.332681449797454
29816,4.405842273722051
29817,-5.363068572803915
29818,22.449980153339254
29819,-18.389466634804194
29820,5.8785405465091465
29821,-8.729458188659653
29822,-39.212648274202934
29823,-17.012141800645395
29824,9.757627072325631
29825,-6.8295681459617334
29826,2.424042254977028
29827,-11.406798520696729
29828,-9.533811261074362
29829,-10.605278446827473
29830,-6.158663093856855
29831,2.8660325576115557
29832,8.823875918339837
29833,8.251458891577121
29834,13.911901354346112
29835,7.783380698686852
29836,-5.563479008191187
29837,1.98245446547382
29838,15.404882286784924
29839,-3.424573835272472
29840,-1.8203503571100796
29841,13.47507444789333
29842,5.0039619420593535
29843,-6.512441771332469
29844,-15.408458874758718
29845,8.708699309802522
29846,-19.69403903236234
29847,12.142299057776404
29848,12.482533190818216
29849,0.8683329111086753
29850,-12.03024290995008
29851,-11.273069140484434
29852,20.361734308109384
29853,17.763849921031028
29854,16.335416849762247
29855,-0.014995887962999888
29856,15.965766191421471
29857,2.1503122778936046
29858,-1.8137165908966466
29859,9.140391670774966
29860,-7.238055380651886
29861,-3.1811700092055446
29862,-4.548350528804892
29863,0.11177698641596479
29864,-22.483483565378222
29865,-7.233902773278821
29866,3.061671294365498
29867,2.5412254387122974
29868,20.697663064214314
29869,8.391500990545168
29870,7.051435575209812
29871,7.101335561271155
29872,-15.815443366224194
29873,23.817277237144456
29874,-14.265482291829649
29875,-19.229869275522233
29876,-6.832891703260518
29877,-33.37769063323699
29878,5.005028134843876
29879,-0.024323094599825623
29880,14.232163229523598
29881,-1.1766039932346395
29882,16.416114266908025
29883,0.14899922247317576
29884,5.420254282279652
29885,-12.77331427419421
29886,17.31324420928929
29887,-13.828520638459743
29888,-13.326827468126012
29889,-8.89625906801803
29890,-8.801168163457586
29891,8.495729366507911
29892,15.329812798349735
29893,-4.095119905927941
29894,-9.439123119736106
29895,6.093187733252462
29896,15.562538907120837
29897,-0.5186747416988275
29898,0.32038299254963754
29899,-1.2765389376703453
29900,-17.179753364860872
29901,-9.95806303607894
29902,-10.316767960349484
29903,19.821333746751474
29904,17.876438939062098
29905,15.022939336670328
29906,-13.131927333861881
29907,-9.5534265256607
29908,-8.182843061393111
29909,3.803730146244911
29910,2.9691092198975273
29911,0.21955600122360153
29912,0.17491040204964747
29913,0.8559850976421046
29914,12.858351411174729
29915,1.0910680834450073
29916,-14.260762068537964
29917,16.045376437934703
29918,1.3370681529734298
29919,-8.23533362005109
29920,-14.039662545731446
29921,18.132097477335577
29922,9.520509571671589
29923,12.569213997259215
29924,4.5868466932723155
29925,6.547692230705875
29926,8.861667157280822
29927,-11.053309010652903
29928,5.634867717457139
29929,-0.03437834986534938
29930,10.27597699209802
29931,6.876195692368286
29932,-8.18826667165564
29933,8.17810742102878
29934,-9.45313260793995
29935,7.8033925875161945
29936,8.808587218045853
29937,-13.716417650349719
29938,0.03216971112726341
29939,18.243768623692535
29940,-21.74462125990142
29941,-2.8747438842538884
29942,15.268340182576182
29943,10.314495488967234
29944,5.215311530819532
29945,9.706799888042582
29946,12.099506595503009
29947,-7.4571740215460665
29948,10.580194673586234
29949,9.604589557930552
29950,-10.686015306506476
29951,8.608896132654142
29952,1.0208510720490285
29953,14.34960504071336
29954,2.5162767776991792
29955,20.86859262931959
29956,18.876066114275318
29957,3.3887618456074353
29958,3.3539356060989807
29959,-13.084277750548662
29960,-16.992216865347395
29961,15.124634820925188
29962,-12.101824248469871
29963,-7.0021993876559705
29964,-3.5787125658145627
29965,-8.309729611454163
29966,14.99100853659439
29967,-4.604417868322521
29968,5.472619551707822
29969,11.260219212347284
29970,-4.206020644629138
29971,4.957413331264002
29972,13.73675448182112
29973,19.56831466331737
29974,-6.890728771647559
29975,19.675224463255248
29976,13.537215511521298
29977,-11.188997508172875
29978,8.502905608013144
29979,16.481824637553974
29980,1.9852768140669728
29981,-3.0382364866026847
29982,12.649471740020843
29983,-6.723945055163327
29984,-6.5995858234543014
29985,-11.845716159121885
29986,-8.074779725445062
29987,-5.6193994624795
29988,14.483509630446298
29989,14.154875417990038
29990,1.5972404329984418
29991,-0.16189792177876328
29992,4.258233684072769
29993,-8.97500602990857
29994,-13.780108735425507
29995,16.44984080644659
29996,-4.263253057856449
29997,-2.55973896411907
29998,-10.241919245035422
29999,14.706133871203797
30000,21.546617370236188
30001,3.8345205304282306
30002,18.309621703321252
30003,6.944005217263976
30004,4.096313082197177
30005,-3.9373458099199574
30006,-0.7229675821928012
30007,-5.289839526899115
30008,-14.83778813592522
30009,15.060902264671276
30010,-10.18279893304743
30011,8.125213771325543
30012,-11.302450936181838
30013,15.776001183551685
30014,3.5551871489432276
30015,-5.299731027170552
30016,12.081303300664402
30017,-11.392554654617008
30018,19.78420515455525
30019,-9.248802634022063
30020,-9.10690253503163
30021,17.1850221210109
30022,-16.964970318602028
30023,-6.620162028332256
30024,19.12172472072273
30025,-6.949807569147552
30026,-4.663003636510972
30027,3.982008274653543
30028,0.2598609252862758
30029,-1.4942708719164628
30030,17.001158037603442
30031,5.621484781873308
30032,5.93129693893883
30033,-4.315718196806319
30034,-7.07928349598712
30035,-4.8405299914189435
30036,20.8334196324911
30037,-4.867799578588411
30038,15.92070759604627
30039,-2.9235254883788393
30040,-10.996252099892185
30041,5.74915977685785
30042,4.324964932105065
30043,-12.10127613038944
30044,-5.35770841550373
30045,-9.25236216892814
30046,6.225153833204947
30047,17.626068922451033
30048,19.851920674600603
30049,-12.904512154154784
30050,-13.961374321198928
30051,14.16726313110418
30052,3.4030558824707438
30053,-19.26408946087087
30054,-13.79180877665614
30055,-1.1794085616368157
30056,20.444366140704958
30057,18.67340707226371
30058,13.577578112518978
30059,12.883266152821346
30060,18.698026578127035
30061,10.653001025414301
30062,11.411910264511341
30063,3.391469095007716
30064,3.5663969865208003
30065,11.022109228521426
30066,-5.712723922262434
30067,7.887160827842941
30068,11.549761254333351
30069,9.91139444496662
30070,13.580988356053872
30071,-4.3764830242183095
30072,-10.123246450071019
30073,-7.869502739959469
30074,6.366394228492297
30075,13.70104361235833
30076,13.455678518738784
30077,-2.9145888010164853
30078,10.888007914166552
30079,15.595909295030667
30080,-6.449835518753552
30081,16.951596952715345
30082,13.478940997788033
30083,6.784663448696625
30084,5.115086249969584
30085,-2.4841689876798867
30086,5.583916913728201
30087,12.938663444981572
30088,17.525861253705617
30089,-5.6093228829839745
30090,7.557167649175195
30091,-0.616651493248753
30092,-7.4533433254672445
30093,2.792591587208305
30094,-5.5786994811646196
30095,11.251394498412534
30096,5.510556081513915
30097,-13.839708149994436
30098,3.1839610152095013
30099,-10.289992798987292
30100,23.013000501806488
30101,14.141598234054657
30102,7.757399864241888
30103,3.539135703034562
30104,-10.691705987799576
30105,-11.174423310690834
30106,3.799282898373365
30107,-2.276459147255405
30108,14.42155660308311
30109,-6.879129712722655
30110,-6.7147274897839715
30111,-2.7517822589763874
30112,18.252554167544588
30113,4.765017438868872
30114,-7.057489696761628
30115,-19.95174668235078
30116,-4.691623449471841
30117,7.4989717285770965
30118,11.324305241142683
30119,6.389439555827911
30120,-2.86072361420797
30121,-7.876152354085367
30122,12.274677670731919
30123,7.260800092372577
30124,3.0938803412494913
30125,-12.454341027116477
30126,-9.518952211967946
30127,17.73389917376486
30128,20.55746732976253
30129,6.742049296366005
30130,-5.531732713849987
30131,10.779776448019458
30132,17.40310948747301
30133,-9.418908827645641
30134,4.6834257805416275
30135,1.3608889741925498
30136,5.805635135064273
30137,-5.56210699754196
30138,-4.16563344335275
30139,-0.07168602363143606
30140,-1.0104061578316283
30141,-15.755871451743012
30142,3.6711316596931507
30143,-0.9041487146511002
30144,3.37628069572529
30145,6.382172858219832
30146,18.303088462614035
30147,13.749258668356234
30148,10.307918016482152
30149,0.2113918556032015
30150,20.116297222947395
30151,-11.534600478922592
30152,11.418696270060073
30153,14.842901171678212
30154,5.458695475108286
30155,-0.11390546314954975
30156,8.61758545419972
30157,16.081965028693368
30158,10.81322184249191
30159,-13.588601022782882
30160,-8.60306918600287
30161,-15.858437594565395
30162,-11.492241259273541
30163,6.047261337430728
30164,7.080041560942933
30165,5.235776646744672
30166,-1.9029417351781852
30167,17.45097995776009
30168,3.742794820773213
30169,12.394192036066675
30170,13.54289031045781
30171,17.30232115410723
30172,-17.22957787547673
30173,7.268649767632889
30174,1.253431068172926
30175,-1.7113823220597801
30176,-1.107479703125236
30177,-6.051902284635606
30178,-6.836191182959588
30179,0.02178339599339907
30180,6.894403759559635
30181,-9.722931305688771
30182,-2.695744631331408
30183,1.5565841455434892
30184,-5.037934904347853
30185,12.147267942070222
30186,-10.202709567781163
30187,3.981030896772216
30188,3.245702395648623
30189,7.2474101377235804
30190,-25.6705160346595
30191,18.62742246200916
30192,12.330910139373481
30193,-4.969853321646394
30194,1.6504960178121806
30195,5.677836305806023
30196,-4.059988801327943
30197,7.0884165860811965
30198,-3.1232691378351944
30199,7.348920143641768
30200,28.805366098553897
30201,-1.6660882377427946
30202,-2.186990933750561
30203,6.239785787111172
30204,5.549396168660293
30205,21.803950318023766
30206,18.550027784426113
30207,-5.707934938308501
30208,-16.360132113891353
30209,26.557170328160474
30210,-1.5242239176109926
30211,4.1030205744730495
30212,12.554680802060904
30213,6.747421191014363
30214,-0.9462861386109402
30215,12.215978726250963
30216,19.708536623944976
30217,15.84612774978508
30218,-13.84859737719605
30219,1.4787978962820763
30220,-10.321500630104925
30221,-15.905188758664004
30222,15.721989382484729
30223,1.6682535330424972
30224,-19.575634679331515
30225,12.93177573651726
30226,-14.002350719536796
30227,2.614077482752837
30228,16.02362664876563
30229,13.864479192374057
30230,3.499585583376522
30231,-4.229956070717979
30232,-7.975630208125711
30233,-9.469200364868446
30234,-4.593646183351204
30235,20.310657722862494
30236,-5.15389056690886
30237,2.654646364517239
30238,-9.261569727954946
30239,-9.84548436725036
30240,14.21652139308297
30241,2.161160172058878
30242,20.882669479685976
30243,-9.320234289360467
30244,8.258313702394624
30245,30.43520646417011
30246,-11.083068808126875
30247,14.385382197387308
30248,22.26351372762148
30249,16.0108138970426
30250,9.097453850237748
30251,9.190626826602767
30252,11.505155978300708
30253,15.438259851735461
30254,20.71817187422015
30255,11.388445848721506
30256,-2.8180962179866746
30257,3.2996595211130213
30258,22.425578646717
30259,15.227384372139907
30260,-9.554575482400647
30261,20.548744921983065
30262,19.07480622779058
30263,16.947716599539312
30264,25.17577860688059
30265,11.271165600624204
30266,24.60473382098465
30267,14.496008072311563
30268,10.936448030174617
30269,4.448831719545893
30270,1.900083014727949
30271,-3.174850742176428
30272,17.595621544708102
30273,4.5541205313265305
30274,11.848150579119343
30275,15.074164879703426
30276,6.211149817541429
30277,-9.133744986532676
30278,20.89324017794635
30279,13.495136958920945
30280,10.408343291796694
30281,7.3373530270022815
30282,-0.8914238997648027
30283,-0.19153009656278286
30284,13.922544623684935
30285,5.765384963397841
30286,20.815978734346963
30287,-4.101947540975505
30288,9.895357587450789
30289,5.228145831797464
30290,3.311294575920046
30291,2.829478323863249
30292,14.089199733632764
30293,18.600397909058824
30294,12.081633391477617
30295,20.681467359500353
30296,4.715591922609697
30297,-34.67529787785235
30298,-1.1039228623367485
30299,7.344616714866165
30300,12.026218684902815
30301,7.6323324802280155
30302,6.346710061378573
30303,20.825406643687703
30304,5.467682451235904
30305,24.54305436056776
30306,14.403335635002202
30307,7.76428822618985
30308,22.155362051174883
30309,-12.565092953974126
30310,1.8161947649692394
30311,15.916430947970001
30312,8.726974502222012
30313,29.94443410845006
30314,2.4577331369645954
30315,16.047943859640817
30316,20.533978192825362
30317,-0.12605914602576007
30318,25.562282462259812
30319,14.262110353795908
30320,-1.477858183764564
30321,7.687415367806063
30322,5.143856170792507
30323,14.721446527090041
30324,6.876924116447343
30325,14.136565998889505
30326,-10.200686746003097
30327,-10.617737857100952
30328,-3.830838242892181
30329,2.272446236781347
30330,8.953925470285792
30331,35.24618136517945
30332,17.381004955403824
30333,13.067022881252838
30334,26.13923666538949
30335,-13.689295185565523
30336,-10.934157113293896
30337,-6.330285564462049
30338,-9.744253446858291
30339,-0.7469601259127963
30340,6.935018140444674
30341,24.94012119251108
30342,7.7788657463126025
30343,7.4031300672901
30344,1.2261804255741833
30345,-4.627209520370908
30346,-30.708738029547092
30347,-1.026248275147612
30348,10.467121960904638
30349,7.247564814650724
30350,21.123088279908426
30351,15.309737027481384
30352,4.288294038321949
30353,-24.064092347356365
30354,9.641743698966453
30355,0.4881872878597502
30356,9.159519451555058
30357,17.966992319541184
30358,20.588647144561932
30359,2.679173116558493
30360,7.219091462281234
30361,5.700495015557017
30362,-9.111369332741422
30363,10.900848244031009
30364,30.859042380054102
30365,-32.88839820988374
30366,3.649373125397741
30367,4.66071032247029
30368,-8.846138100425872
30369,15.284500371691008
30370,5.511350091162724
30371,-2.4699735612293807
30372,9.914420937797246
30373,9.539593305619931
30374,11.904708012620901
30375,11.295548187014163
30376,-5.566933115501701
30377,14.3716840560531
30378,18.12867719777701
30379,12.085248867613592
30380,26.89057698686936
30381,-1.591696956312397
30382,-2.073273547390599
30383,20.522408268349515
30384,7.488089265111798
30385,20.06301333634424
30386,15.77487623267559
30387,17.882788722390885
30388,26.055620752152045
30389,7.623182854165293
30390,18.256263960149727
30391,-1.0268009093942077
30392,27.082343991578693
30393,4.343160816884712
30394,-5.120237028714314
30395,-9.220687306283288
30396,6.480473536419101
30397,26.01844795193773
30398,-11.816473577314344
30399,-7.731171319204027
30400,26.12903423134074
30401,23.0443586773986
30402,7.14650401994864
30403,22.156762188333463
30404,-2.2490728859510867
30405,4.283685502684687
30406,23.015451178578672
30407,11.951028650474079
30408,8.485659615663593
30409,4.246313067625339
30410,495.6438750488253
30411,456.67889039176237
30412,4.79745564415771
30413,11.881481733515571
30414,3.388470563501331
30415,-12.335206469177674
30416,6.692023814055013
30417,357.9575511114193
30418,12.874327376336968
30419,222.01797851837338
30420,-1.9943977633848355
30421,495.500215352906
30422,4.893538275386904
30423,330.9018644125577
30424,10.561039737703023
30425,218.44915553660084
30426,12.37810147248665
30427,2.771091920157783
30428,-4.370606205236669
30429,30.540825074147705
30430,0.8472975735160038
30431,-14.438518143856914
30432,15.257380343135672
30433,348.6542533202009
30434,81.02483497266118
30435,328.9625268736733
30436,-11.247200392280188
30437,-0.957976540387822
30438,4.9224247528216
30439,-7.422810901462302
30440,314.2932484037807
30441,2.8554803640198294
30442,144.05816064784483
30443,341.21763755659737
30444,359.8388736499047
30445,24.476922151105125
30446,234.96472022566266
30447,497.64263245388037
30448,540.659664395115
30449,-12.992364183933606
30450,214.226418484725
30451,-4.497267866939772
30452,7.706105659747591
30453,8.27413125356655
30454,9.444453068274235
30455,36.25702644659437
30456,16.597971470284428
30457,513.7260608258911
30458,8.280959658979153
30459,5.658501080534892
30460,356.33474213412325
30461,44.750334050766966
30462,13.915603698036776
30463,11.47082814191264
30464,331.5037864657261
30465,288.5508241923679
30466,15.559594808134136
30467,13.05187876062993
30468,22.395244728920467
30469,3.678133205558739
30470,-0.5596723780604229
30471,14.29845922722653
30472,-1.6586037878869853
30473,-19.580946407878223
30474,25.679918267678893
30475,21.057190772472186
30476,19.989681370361218
30477,18.677490992001502
30478,18.020575342251643
30479,5.884343247586083
30480,10.420732943521855
30481,9.913939671789397
30482,1.1238480636437878
30483,3.845124893936557
30484,3.837132896826729
30485,20.902620799228387
30486,-1.8612929541160348
30487,14.04898842236742
30488,-0.07792403763691169
30489,8.925118098998574
30490,15.792942528802975
30491,-4.367268530031179
30492,26.546265836771305
30493,20.381679371198196
30494,-0.19309060089270247
30495,13.712854091856146
30496,-3.4751217495651012
30497,1.309181073883499
30498,11.56921182295697
30499,5.950693274960772
30500,13.330983830326645
30501,29.174485028893407
30502,19.684840323667185
30503,6.085406644507634
30504,5.918873330037272
30505,21.5365033011222
30506,2.9216622295492147
30507,1.8544414533649274
30508,10.5303808284846
30509,-0.45575017231771753
30510,6.393206148471233
30511,28.69417533111649
30512,3.6346872651439224
30513,2.574048708959994
30514,-6.565099684842931
30515,11.893718061834903
30516,-16.637724928062276
30517,1.2068293419245588
30518,4.378229796027103
30519,7.587903299070245
30520,-15.266344694235531
30521,-0.9847986722693705
30522,3.6621186975693476
30523,2.8029612963924055
30524,-3.4070391481854045
30525,0.10352107856725823
30526,-1.1280085700003752
30527,-3.9944187048390205
30528,2.7973827611762534
30529,-0.21994157601538333
30530,-13.778601526000578
30531,3.9311469455739747
30532,3.3015267368990564
30533,5.479620150674318
30534,16.356448734162147
30535,21.030303557777426
30536,26.55368003469551
30537,15.279791904727318
30538,6.476818829463278
30539,11.157767940689652
30540,-9.650970136611654
30541,-4.744448677286908
30542,-13.721596721452894
30543,-19.2172577927031
30544,18.16814799353631
30545,-1.6076818462399878
30546,6.095091601496586
30547,3.028015860012335
30548,-15.840720129793006
30549,-17.65364625895551
30550,3.1074911632618907
30551,13.158549314574682
30552,3.698453003362422
30553,-6.388133351552199
30554,3.366805008999698
30555,-0.07695729958908615
30556,26.407275009810085
30557,26.031525142577202
30558,18.997244476431536
30559,16.337522034578395
30560,5.893882157089644
30561,23.51224287101705
30562,4.314956779328762
30563,20.962587392121637
30564,-0.0915678384782943
30565,18.092269344034808
30566,13.274736479893866
30567,4.881498169014323
30568,-7.424446445311805
30569,12.275365602416743
30570,4.01280247449208
30571,-9.475904041064155
30572,19.321459742743585
30573,4.151021564791739
30574,24.158897795375232
30575,10.11084603934227
30576,-13.203597042440286
30577,4.3263986094078675
30578,16.68364059297024
30579,5.41657076015229
30580,-3.4840307399198736
30581,-11.967437435569643
30582,16.518863509377127
30583,-0.16387687138162477
30584,11.835209907203993
30585,-3.9583749086883415
30586,8.30736691147169
30587,-16.742669376317494
30588,19.595253614306234
30589,-5.281275618000709
30590,17.35647095077806
30591,-21.659794711484558
30592,4.565421080034001
30593,6.1780561181268645
30594,-6.4955935418734505
30595,3.8899319180476706
30596,1.148926925395358
30597,-5.166032571109973
30598,-9.17232236918909
30599,3.9478322627604783
30600,11.899025461325552
30601,-11.360346722589018
30602,20.968922795432054
30603,22.37946298853273
30604,5.9828866054419905
30605,15.279512657782004
30606,1.3547971401167231
30607,8.645178170318001
30608,-2.9127381655513
30609,-2.7687879072996786
30610,0.5895457721352138
30611,8.536740363380286
30612,-10.595753370531021
30613,26.4746851301788
30614,7.307003714850872
30615,4.004028810684906
30616,-5.763603693569763
30617,19.484469247993104
30618,11.48223921546488
30619,13.580536043380757
30620,12.843271214869933
30621,-0.8463837127738536
30622,2.2598324354242827
30623,3.457463089442747
30624,-20.550821229649948
30625,2.5097303242883218
30626,13.879153144304881
30627,-5.665512703019726
30628,4.292535835559637
30629,0.14504231474369078
30630,-1.1819620944983598
30631,-0.30049255882150305
30632,-4.563811052947102
30633,30.460237989865725
30634,11.984468220106166
30635,-2.7180593100555868
30636,-1.8024340461189112
30637,7.50995123422091
30638,-2.5463188182837584
30639,10.231411851318287
30640,4.007715927394361
30641,11.761021425773198
30642,1.2721935094566135
30643,-5.980806000171047
30644,0.7481206461477576
30645,0.06844857100787038
30646,3.682171661009102
30647,11.148201940093166
30648,7.314633269874829
30649,-4.920168165639044
30650,-6.213025187458733
30651,2.1693102245575915
30652,11.350572023297985
30653,0.2837798398094886
30654,2.9387765292116725
30655,-0.6142029427026579
30656,17.335329605482272
30657,9.392969136859847
30658,-3.4458963967295126
30659,-4.409677036012013
30660,11.947995837441105
30661,10.157754527398598
30662,-4.939702677593825
30663,19.14800934231205
30664,0.8043318295720194
30665,0.044424007366380636
30666,13.35774719384427
30667,-4.4180787103315495
30668,0.6603803190101836
30669,-22.387116536938763
30670,-1.8062286930182054
30671,6.627168793859408
30672,8.048330366917371
30673,-12.763101973173132
30674,-4.747327091344044
30675,-16.842985128818782
30676,-0.45469175136883777
30677,-2.569619692945107
30678,-17.254059265500864
30679,28.468595754798578
30680,11.491714037926432
30681,-2.525764093611013
30682,15.358199652258689
30683,-16.510870079227878
30684,-16.356881759211426
30685,-4.230753933875654
30686,-0.05595430273914204
30687,-3.5333071778388963
30688,-19.00654205882411
30689,-3.7135374209768948
30690,5.698979433688573
30691,-18.53209211279345
30692,-3.625525661335999
30693,-6.819300421540611
30694,1.5435366809305755
30695,-2.953250528186242
30696,11.779228242384454
30697,-1.1493185759142435
30698,-4.05154312172688
30699,0.29651570549039263
30700,0.5451022192544706
30701,-6.912573744071718
30702,0.6922431711103556
30703,7.062234250323614
30704,-4.864362385809617
30705,19.82456949458558
30706,12.772927847625837
30707,-1.0596521801554566
30708,-2.958109765939973
30709,-16.13685157085768
30710,30.487095509416697
30711,-2.966550488237914
30712,-22.23458474569184
30713,-1.628412354845377
30714,18.403643078531772
30715,4.438556435513233
30716,20.407742577859317
30717,18.36179273605617
30718,-2.7808043444906048
30719,12.47928028295016
30720,7.571393656902995
30721,9.875617503582717
30722,1.8082121477029176
30723,-0.4734287351789952
30724,15.677117242401552
30725,16.880728512819978
30726,12.65889463747215
30727,8.0644126913523
30728,-2.1044327587495495
30729,-5.497054579134442
30730,26.287349963001155
30731,17.3807837423209
30732,9.60567820061109
30733,-4.658601006563924
30734,-6.587864163806447
30735,-10.095810174653636
30736,-4.832088815321402
30737,4.132886868295582
30738,-6.647348121587125
30739,-5.8231451846860836
30740,18.012775807449003
30741,-2.1273790328210858
30742,0.4744988536288677
30743,-22.542599000943852
30744,-0.3441317151790457
30745,27.501087051780587
30746,12.504382600464373
30747,11.049145676126617
30748,13.072629257727737
30749,-18.839137368125492
30750,-7.3205058915848795
30751,-4.841200675526032
30752,-0.3486262939427256
30753,17.34882487907584
30754,-4.932297598773058
30755,9.198773089482112
30756,4.50475829076249
30757,-7.560561371835092
30758,0.8797257336459818
30759,4.791850154232105
30760,13.090629008886346
30761,9.601051031884023
30762,-1.6284934534238538
30763,7.175512466210275
30764,-15.682648434853245
30765,-10.907974793205973
30766,15.176256691125458
30767,15.885952396350035
30768,25.326386733836223
30769,5.505107783042371
30770,-11.820286548919903
30771,12.71079197727413
30772,17.885014145015134
30773,18.526557157565165
30774,-12.512450547179775
30775,-10.130946365251052
30776,-7.992250131024559
30777,-5.559456027295127
30778,-1.2319477746628813
30779,-4.560899139529791
30780,-2.7302729445688847
30781,27.120099582879746
30782,12.122966832795415
30783,-0.742541527168143
30784,2.1037137458922768
30785,-5.475484030280732
30786,-3.144711187218391
30787,8.086804361789916
30788,-5.033407485595141
30789,21.762909939776765
30790,-6.603186472555034
30791,2.4751960328686042
30792,26.16095104087666
30793,14.005267952348774
30794,12.523145460376389
30795,-10.055529369234595
30796,4.51490302289438
30797,20.9527591010357
30798,3.0878408554324768
30799,-1.482274802119548
30800,2.0432488211908186
30801,24.028479986763706
30802,-3.7601809238884414
30803,7.308240587807655
30804,-5.465913183501865
30805,20.181381642287345
30806,9.547156683084328
30807,-10.32827918534933
30808,1.0568662086732896
30809,-9.861922591836468
30810,-8.748206734566427
30811,7.077788548249824
30812,26.555887037340916
30813,15.637487702951676
30814,-1.370642257791232
30815,15.897164097863678
30816,18.980150564996258
30817,5.947823085977127
30818,0.9036871237050637
30819,1.6722647879167347
30820,30.59349132288387
30821,27.625105215322183
30822,5.37471527765787
30823,-4.8956360596884885
30824,12.494491393136672
30825,1.2269539938886052
30826,3.134972902634008
30827,8.54025794214894
30828,-3.088784489123558
30829,-0.65202420280281
30830,7.60995430504331
30831,8.692006220952248
30832,-4.12374763165921
30833,21.44777209252908
30834,-3.4827090205930205
30835,5.816833592557705
30836,7.944618169626642
30837,17.479754205883122
30838,6.311871966140133
30839,0.9864055180066185
30840,2.9468033475281334
30841,0.706911254010075
30842,6.421843594532273
30843,-8.04358269461423
30844,5.103585930638962
30845,26.17951285830742
30846,-2.5357832822722735
30847,-0.7025811027503863
30848,-1.5898080182835876
30849,21.309082848140356
30850,25.93281575237386
30851,29.11467087649924
30852,-2.054523545933428
30853,22.502666837857532
30854,3.115912942825542
30855,-0.7555345839364378
30856,-1.9639799936360838
30857,1.230816953065549
30858,2.0712039976904553
30859,5.965051916498632
30860,-13.389478115045716
30861,25.134199818855976
30862,-7.103806163301041
30863,-6.357394142403191
30864,-2.33238415138792
30865,1.5483505551947196
30866,2.319328669797173
30867,-0.004138768183985064
30868,1.255858848247227
30869,-0.9968977516535951
30870,19.69245873088815
30871,9.416796023072118
30872,-1.6963124912711898
30873,31.679554991904137
30874,23.071447438529702
30875,5.8216024148929595
30876,-3.5582125169203564
30877,-1.6419560130485173
30878,-1.5466446968216836
30879,-4.534233706780039
30880,6.012002051111404
30881,2.235788289114357
30882,15.47983943415676
30883,-3.9569992563611613
30884,-3.482497655507185
30885,4.678065549690469
30886,-4.596213465221975
30887,23.87140441996145
30888,-0.6888309017935725
30889,9.502680942787254
30890,17.210163395047882
30891,6.502034741873601
30892,6.707058892687922
30893,-2.354691643974668
30894,5.002152659583361
30895,12.142123644107706
30896,3.5954720775116424
30897,-2.4752495219254094
30898,17.040485418652437
30899,-3.33929341258008
30900,21.278758170036596
30901,12.649278320825932
30902,-2.662768819898954
30903,4.975283368689054
30904,0.5659884455497899
30905,4.507256456082615
30906,-9.576349318267383
30907,-3.297724796404335
30908,-2.833605069703573
30909,32.21111763198526
30910,25.611609122551833
30911,-1.861760831641618
30912,-3.1818108582662497
30913,-6.620803874587978
30914,-4.176503652274132
30915,21.39732255763978
30916,8.731895031352423
30917,25.059797972430214
30918,5.408249870133558
30919,20.62873620755176
30920,22.480448674503464
30921,21.3912897472783
30922,5.963441650524011
30923,26.47704231804778
30924,-7.401783524203651
30925,10.031678480671175
30926,18.117536999754186
30927,14.08592896196509
30928,16.956729383394357
30929,6.358292399449677
30930,-11.88145335320328
30931,15.387037869574597
30932,-11.771525205153083
30933,-3.159789991592948
30934,14.799992986616633
30935,16.40242855581864
30936,9.042398371606023
30937,14.788164726483936
30938,-4.479032541376608
30939,35.577355233967
30940,-9.32404420927557
30941,8.3849077695493
30942,-8.038247965368814
30943,14.51858544744238
30944,11.437484436807534
30945,9.829548639150431
30946,-11.824814657977242
30947,-0.9838103132671172
30948,16.119878943271736
30949,18.44756514228894
30950,0.5885010123583019
30951,10.078142479205354
30952,21.34091800201434
30953,23.93557633255671
30954,-17.278033195309526
30955,15.964851938749558
30956,10.171084889202529
30957,27.392411837340948
30958,10.402673689261146
30959,-6.645358607868971
30960,8.707729110847154
30961,7.58533916431179
30962,-3.6759937903665403
30963,28.687923113338396
30964,27.4333683310282
30965,6.300697036944548
30966,24.831085849415686
30967,11.249212365658373
30968,-13.690120777543708
30969,8.206946027754487
30970,15.984424870030631
30971,25.972831363205444
30972,18.662797152103277
30973,-3.058039784443622
30974,-2.7252761040960074
30975,14.235840223265456
30976,10.502467270393144
30977,-1.3212896536036283
30978,12.096631738243667
30979,7.374547238191401
30980,0.8831185150236163
30981,17.139180854948442
30982,33.542531238689065
30983,-15.624724109725406
30984,2.829028480132834
30985,30.074541543499077
30986,15.333572709484626
30987,14.680284313779119
30988,20.31796363880676
30989,16.703681641640436
30990,13.343649900642596
30991,9.06102451434569
30992,14.398303466077031
30993,-5.519863187671707
30994,11.863730128069445
30995,20.306372371380558
30996,29.934098246721884
30997,-24.829867150053687
30998,45.47421536084692
30999,7.2269130748545525
31000,10.962368178532458
31001,4.628033464133562
31002,10.986151976230836
31003,7.14721443140502
31004,15.443798366943454
31005,15.814573775948801
31006,13.168966654835346
31007,11.685566075865312
31008,7.041773092067956
31009,21.791579255000517
31010,21.509887347136132
31011,14.56153697251026
31012,16.41248295947029
31013,14.483255978480942
31014,25.69568386989676
31015,1.6422135656146732
31016,-13.449763115021469
31017,0.4104279645301627
31018,21.79927725545221
31019,4.81129130239159
31020,21.17753132866556
31021,40.99875411666794
31022,26.00268874940791
31023,4.110299229727721
31024,24.527779615428933
31025,-7.765906192898655
31026,11.4305961927463
31027,21.664055448011165
31028,11.221033361405382
31029,11.40969239722546
31030,6.627709065130043
31031,12.5549076255175
31032,15.552132292894807
31033,23.772451365662935
31034,22.344634113011374
31035,2.268263896166305
31036,-1.3589041478388992
31037,1.3915196121354665
31038,14.52234150671685
31039,6.417237967624946
31040,19.534501522121925
31041,24.079802547954575
31042,11.618178962924562
31043,5.260663436921721
31044,18.68546108085233
31045,8.772690364694675
31046,11.468718908609432
31047,1.7498505187079054
31048,0.08055992407176049
31049,8.933352584309329
31050,22.51000850797873
31051,20.60550487657181
31052,9.052082441772704
31053,11.862152771582187
31054,9.67807488152404
31055,11.967483417724537
31056,19.740376936590284
31057,14.304326199954005
31058,18.469445840086493
31059,13.457646235125013
31060,7.793616051798336
31061,14.552781903428198
31062,22.707173449644614
31063,9.97135263255844
31064,1.9742272062524968
31065,16.996999657565812
31066,16.445220246384384
31067,14.618740505624904
31068,8.416078391040598
31069,22.33966026925399
31070,10.23882163031266
31071,19.283352862524737
31072,7.359519543329636
31073,13.687105902811549
31074,2.6467548989292435
31075,4.415598731792732
31076,-8.697384423948009
31077,0.5996630537514474
31078,11.600051469681258
31079,9.82843809688298
31080,-10.457156774066686
31081,4.7904102859221815
31082,-2.886030447949768
31083,13.53988836322069
31084,13.217411041172449
31085,6.694127836620886
31086,-5.645564583724006
31087,16.094902387505783
31088,-1.0020715313061253
31089,17.229141408717425
31090,-0.512462151324879
31091,11.824402692875196
31092,17.56164072391189
31093,-0.3959566023981367
31094,13.831068519065195
31095,5.790216470346985
31096,19.96106505516102
31097,16.013864835115953
31098,7.745499906270176
31099,14.033503100770746
31100,6.653937797753889
31101,5.9305155809795185
31102,3.182442746766993
31103,10.714570395512682
31104,1.4252072754961755
31105,-6.573307157197373
31106,10.004256807140525
31107,22.537862762148677
31108,-7.023007253959882
31109,26.710135756990418
31110,0.2702651288460096
31111,-19.42466624828549
31112,-9.954035513696954
31113,-4.146752986084106
31114,17.868934815058523
31115,10.208572871867547
31116,5.887267288392305
31117,26.392363796191486
31118,-24.22499366356938
31119,-28.460744822762145
31120,4.958321559899796
31121,19.189574092915947
31122,16.794065293409876
31123,18.373208718656468
31124,13.118028458821431
31125,18.631257678764122
31126,18.09206991605702
31127,-10.361791465732338
31128,11.051496796603782
31129,12.842718838635921
31130,9.333699009387438
31131,406.68020274340114
31132,3.9134374085556516
31133,40.77553835151691
31134,3.721904701222936
31135,4.167432836216056
31136,6.526881576286323
31137,274.93816794634523
31138,305.90073406353486
31139,4.409584880377054
31140,20.596527967092833
31141,4.661364943152169
31142,614.8191897432148
31143,2.095348951437879
31144,583.2494469461392
31145,372.64480449706224
31146,-2.1970518478298153
31147,344.1858483870716
31148,19.426415664298716
31149,525.4544945134684
31150,355.37762901071216
31151,21.7682834148456
31152,-5.462496919494722
31153,8.998787719960397
31154,204.10872633924794
31155,5.83249524705983
31156,28.306329440246344
31157,12.717702268567646
31158,306.895705214743
31159,57.10521614211971
31160,-7.733818345883474
31161,-1.1652474768968197
31162,-16.386670443796426
31163,42.85313920221627
31164,424.5755939941138
31165,55.98597055851074
31166,17.54978871761839
31167,-7.016500375231892
31168,418.71899802927396
31169,13.893147776957772
31170,-7.775331615183038
31171,551.3214881189781
31172,-7.687470940526289
31173,-17.39663542627659
31174,-2.1688608670613014
31175,52.36214124258884
31176,461.3687092059248
31177,-1.3490658319033493
31178,-6.678178949880227
31179,-9.370056257560066
31180,-4.4113469125508225
31181,232.8469818085636
31182,11.90186654609949
31183,7.913760394310424
31184,253.9375184300775
31185,367.0631620038212
31186,399.3577679568794
31187,3.9897275635190397
31188,-4.0729923276999145
31189,-2.868303446695659
31190,12.744903974918838
31191,-0.33187470480817893
31192,7.9210587204131215
31193,-0.3962001519943108
31194,17.719784561881525
31195,-4.136166152567519
31196,5.0581185833898274
31197,-0.31752377263829956
31198,-3.4715929370043206
31199,-1.4211160987125417
31200,5.447211912257382
31201,5.81287531539207
31202,18.071092043738897
31203,2.5322130754305423
31204,-7.273837703274975
31205,-1.3211778970818173
31206,-0.5134223474869835
31207,9.706735868829448
31208,-1.4691180991700818
31209,-5.540423611133093
31210,16.0367669311849
31211,18.471487781183928
31212,-5.792785054476809
31213,8.646875885753861
31214,9.681467631703663
31215,0.4721405474382756
31216,-5.2792350050316905
31217,-3.5439016620902812
31218,0.40674687467759263
31219,3.734304647273765
31220,7.162853946318469
31221,0.5917066279853227
31222,22.25259605299506
31223,4.375543441465556
31224,-3.4940281716561756
31225,19.80538029472169
31226,-12.835725414816334
31227,-5.089924621093633
31228,3.2378431997771866
31229,2.5537199355192257
31230,-8.224625852469504
31231,5.686847928299239
31232,3.7193755277167195
31233,7.312813289147865
31234,-0.39129238536435906
31235,4.018565382408525
31236,-3.3358442918561444
31237,-3.3376816246210907
31238,-4.23764112062856
31239,-2.7495594864587645
31240,5.75085076723054
31241,2.4635921837284727
31242,0.6394572041404363
31243,7.948261210779641
31244,-0.8207884114003363
31245,1.2447538447174775
31246,-5.317495421894982
31247,-3.6415092557215303
31248,11.083061280516738
31249,4.337687001709945
31250,11.033723679408556
31251,2.5559398166204446
31252,-5.394249504529395
31253,11.132507955048869
31254,17.184669700206662
31255,0.24006180871218952
31256,-1.2414828415633998
31257,3.2615335049870016
31258,4.213327333945795
31259,-2.4858484202353672
31260,-12.065583479624333
31261,-4.6881234779219305
31262,-4.702179312474637
31263,22.739580188167814
31264,9.980979901239593
31265,-5.037339917527078
31266,-6.691876279031884
31267,-7.440243794983026
31268,-7.37162721515832
31269,6.467122737416597
31270,-5.348149794928105
31271,-0.334592213912682
31272,-0.09766262743523768
31273,-1.5798958721537382
31274,18.537723978123637
31275,4.1006969648954605
31276,27.405102054947832
31277,9.45096628222623
31278,19.233246146608302
31279,-0.9314772979967465
31280,1.2246574854652437
31281,-9.30757359439384
31282,7.220256291856099
31283,3.656832656335375
31284,4.284276267334182
31285,0.5758373525882732
31286,6.00115847445128
31287,3.9134731284732904
31288,1.788680366889313
31289,11.488624651247985
31290,12.038058922873109
31291,-2.442223194465978
31292,-0.3781653007032233
31293,1.8584111967701844
31294,-5.8908301197706905
31295,-0.46342775705603145
31296,-1.6942887201659858
31297,3.400516313204232
31298,-4.814215499380975
31299,8.07190356302091
31300,-0.3765947729369188
31301,-8.677519542247143
31302,11.905285277610197
31303,-7.160957741705566
31304,0.6905519626315915
31305,16.010259808854716
31306,-12.603232190903618
31307,-10.294517540143232
31308,-7.380972114648529
31309,-7.066723739200878
31310,-2.860620920856409
31311,23.299113909139624
31312,1.503552659937771
31313,-3.548454616046911
31314,-8.868085432643468
31315,-6.804220752902644
31316,-0.8776706896591158
31317,-5.627233586084646
31318,-10.037682276261087
31319,4.968475740103498
31320,10.489384164431105
31321,4.04736834455961
31322,1.3796633072194897
31323,-6.198491942436998
31324,-4.524426234363304
31325,-4.215831375218119
31326,-2.764242712266139
31327,-1.7353699339413495
31328,-1.6336162071708102
31329,0.4988965803976484
31330,3.778763786033263
31331,6.671182669371792
31332,-9.949674951257435
31333,5.234302382887032
31334,5.990238302906562
31335,-4.427792408455144
31336,10.240396589898129
31337,-8.485485504664677
31338,-4.285343929693926
31339,1.1876297842394852
31340,1.7620184391010358
31341,4.250537520350248
31342,6.47414297159067
31343,-9.263536681821549
31344,-8.571110994454003
31345,-9.770599954462359
31346,-6.68918784558781
31347,7.161290148337779
31348,18.209780800533483
31349,-6.252012286886988
31350,-2.2473523792515344
31351,14.040142074175968
31352,-12.84302286611598
31353,-8.573741574188741
31354,0.5201761119073929
31355,0.9617955073229769
31356,14.679827208205712
31357,14.312132185646277
31358,9.83437445756648
31359,4.15503393719646
31360,-5.382683977187838
31361,-3.6315252623103547
31362,0.9055398903111929
31363,-3.284783564501506
31364,-9.252630255777635
31365,18.33801035142893
31366,7.246844582540334
31367,0.6607891002225497
31368,9.760748502860302
31369,-11.45237919071134
31370,-8.537454143453513
31371,-4.282589234375671
31372,2.3007882200035343
31373,-7.420795973124978
31374,-5.842040729582255
31375,2.8261557421212817
31376,5.435759279737466
31377,-8.179323642967418
31378,-7.993279391548402
31379,5.781348809422255
31380,-12.11474049901506
31381,-10.611199286905638
31382,-5.900826619798746
31383,1.7026659145181338
31384,2.8112959797032033
31385,11.728278917547057
31386,9.03409536875791
31387,5.293556099672223
31388,-0.4575363943076667
31389,0.11923824238462899
31390,-4.7710852233311485
31391,4.921667686822536
31392,-7.189706658956297
31393,-0.9022555618089179
31394,16.286875963589786
31395,1.145010368033832
31396,-0.45395730601945417
31397,3.005733394095257
31398,4.300754985928215
31399,-5.001598960126923
31400,-5.526910144724621
31401,5.12632790194742
31402,-1.6380223394063549
31403,-3.6222001814727776
31404,1.6184078341122738
31405,7.503941893728117
31406,15.825305827083783
31407,1.400166414502209
31408,7.8144259810077
31409,17.096009466651772
31410,12.700964105828653
31411,4.274694372555567
31412,4.17237299504489
31413,0.632115071905206
31414,-12.060188281569776
31415,-8.187878813375615
31416,-10.182100319085073
31417,0.7705629516318258
31418,-3.0192062704500913
31419,-9.420608626948077
31420,16.580686426420087
31421,-3.6656387491808786
31422,-14.255653697261437
31423,3.4598533223544674
31424,-1.0349946657897462
31425,0.3388076724791347
31426,12.521078640772803
31427,9.262011693196307
31428,-20.542638309630668
31429,7.1836825056142555
31430,-2.3484996545360346
31431,-8.434128738343603
31432,5.571574253474356
31433,-9.542011875413966
31434,-2.9513310822003156
31435,14.923551846222253
31436,-0.9319893204280696
31437,2.698831366891909
31438,6.199414412891651
31439,-7.5497293776002685
31440,0.1406949177561856
31441,-11.084153336812737
31442,2.235307998747208
31443,-2.7075952596687998
31444,4.93101750748365
31445,5.62466687037622
31446,2.5071371074145805
31447,3.856742796909698
31448,-0.7632385730692555
31449,-19.99084650879511
31450,-6.643769389053507
31451,3.474228911515919
31452,-3.2743059761914033
31453,3.4919887335681796
31454,2.38388243973705
31455,0.4298710059816866
31456,-2.1792216123378125
31457,-3.6011711642597
31458,-13.432350292112595
31459,4.6390049392582355
31460,6.657482509268531
31461,-2.7132728033134477
31462,-8.339307632574197
31463,-7.965510279754724
31464,8.23367574935077
31465,-6.205775314587669
31466,-4.417049404236916
31467,-16.196094917161254
31468,5.604495127196694
31469,1.4858918352024961
31470,-9.777361849439245
31471,-13.779420565926372
31472,-7.052446080281566
31473,-0.2454085067220042
31474,-8.32606953067273
31475,-10.508405191812088
31476,-1.7539063007039672
31477,15.413173319001062
31478,-1.16326534431861
31479,-7.510799028526733
31480,2.2885418646833138
31481,-9.193328159673541
31482,-8.891220250184372
31483,-3.8589374522840103
31484,3.3399562141200825
31485,-2.399063982723998
31486,1.251744991901374
31487,6.266705222015645
31488,-9.095551732707257
31489,-10.94004406871381
31490,15.343329815651286
31491,5.977401520053785
31492,-3.583334525826352
31493,-6.601395323713152
31494,5.604144575376871
31495,-4.5688130342198185
31496,-4.615530471798429
31497,5.080251973270947
31498,16.110695697266774
31499,12.63628780093521
31500,14.247132369916267
31501,5.401114411969038
31502,-0.7929477978058372
31503,22.255226317288333
31504,10.603572859799504
31505,-11.145862071322249
31506,-7.364124574539986
31507,-2.2472407352134596
31508,-5.490285160572075
31509,1.6714982985774807
31510,-3.684114314198805
31511,4.778427522850025
31512,-6.151958802551668
31513,4.150287361743574
31514,14.265624992834006
31515,5.24876206839096
31516,8.203748551702647
31517,5.807691847485241
31518,-0.09262264999561509
31519,1.9818347046741618
31520,-6.8902443242003315
31521,-2.871969955480445
31522,9.278133897996941
31523,-2.4074222540328556
31524,-6.191649652256633
31525,-5.651159468283929
31526,-2.3243689896524486
31527,-4.125883399132228
31528,-3.788630459822677
31529,23.13760795620383
31530,-9.099604474822158
31531,1.4382409383193373
31532,5.5743852753831415
31533,6.231573437126032
31534,7.680210310517461
31535,-7.128056834523559
31536,1.8695971507324263
31537,-1.6510101334938945
31538,5.192282053684147
31539,-8.497405585626243
31540,-5.395683201274647
31541,-6.527762972225155
31542,0.11395851202216889
31543,14.68192955631767
31544,4.5502697954139
31545,11.276524806311858
31546,-11.121691167881469
31547,3.5345229569428795
31548,-3.2016494556148807
31549,20.472564044021865
31550,-10.578250961160265
31551,-0.5338249216799902
31552,9.483661314394094
31553,-4.917977483760801
31554,-4.107751079065192
31555,-6.646141994362914
31556,16.62437079725443
31557,-3.889383989431682
31558,-5.729227965103384
31559,-1.485857052727983
31560,-11.01865844273695
31561,-7.173164393368694
31562,-2.710393412284528
31563,4.349892436896511
31564,-9.050801288212053
31565,5.151949084135531
31566,-9.90159283155537
31567,9.30531917552877
31568,2.7904213166679757
31569,3.3596607663615536
31570,2.6736338375851005
31571,14.741168023187129
31572,1.802201934641758
31573,-7.245980819366814
31574,-5.964105229687089
31575,-8.009309818858164
31576,-8.680101567224149
31577,-5.104997065969105
31578,9.373626150873106
31579,6.555450168169671
31580,-2.7815777566291153
31581,10.704884178209971
31582,-4.779120365392309
31583,-7.936565704856751
31584,0.08611909643624216
31585,-5.352726377259593
31586,-8.423769084916533
31587,20.16559159948885
31588,1.2199683852294125
31589,1.379236369686824
31590,0.2751090608990001
31591,9.532448815364141
31592,-6.594891547991885
31593,4.721728981036902
31594,4.507483334846194
31595,-5.016916458960576
31596,5.916051903771772
31597,-0.5353841054939004
31598,2.401009430332186
31599,-0.47625749644960536
31600,2.898270602540123
31601,19.668626239396676
31602,12.498197345023545
31603,1.5244180573903456
31604,-3.488169646101511
31605,1.24150531937042
31606,2.3004383852086896
31607,7.165902272361748
31608,-8.03539510593443
31609,6.854285148997148
31610,3.157903677059439
31611,4.5404250613595885
31612,-6.94857106127651
31613,-10.134692312008156
31614,-9.771077744792823
31615,2.7378644696105656
31616,7.541947809971168
31617,-1.4995565218547533
31618,4.521284093085347
31619,-4.633265868783802
31620,22.528346103615508
31621,15.371905072557318
31622,19.923967439136074
31623,2.3641859288635168
31624,9.11750204768191
31625,-9.137587990537657
31626,-5.088291486222641
31627,-0.9450614457523407
31628,-9.35941260862457
31629,-4.104879118451478
31630,7.383448229485937
31631,-5.7072150380286395
31632,11.696074423622253
31633,-4.957256435257687
31634,-6.940955716899527
31635,8.974266759693386
31636,-5.938265077902514
31637,-6.072954239442147
31638,-0.6372267512494183
31639,0.8385499373053111
31640,-6.91205914623534
31641,-11.174256677620054
31642,10.724465203543932
31643,27.06583622761453
31644,20.263849941400643
31645,20.540202467242963
31646,5.982701111584154
31647,4.553222743292462
31648,5.341948290883234
31649,14.90969060797778
31650,-7.390956920101029
31651,20.667788480475423
31652,0.8243313465119311
31653,-18.560029725482487
31654,-4.456644509419576
31655,-0.2387670048531696
31656,13.572813935193157
31657,3.245796859052911
31658,4.5066566761893565
31659,-14.26028831887379
31660,1.7959737428801326
31661,14.662420186086283
31662,13.34709384982451
31663,21.020700652731723
31664,-12.186072799522695
31665,14.8644851661693
31666,-0.2898594553149927
31667,-2.312207011172852
31668,-21.670564998681108
31669,17.16429700176088
31670,14.875390282209043
31671,5.1297058918862675
31672,3.5578998636451917
31673,-2.134450025437097
31674,4.586793125247626
31675,17.64133643407948
31676,-4.435356162487395
31677,13.939309976221553
31678,-22.499225453222778
31679,2.4696016576016735
31680,3.5615609188754824
31681,7.209843624770825
31682,8.01201553380339
31683,-8.32041754665763
31684,-9.410391361974789
31685,-4.203070813706002
31686,-13.944452177508232
31687,9.85133023777568
31688,6.986863303921565
31689,4.195333516093717
31690,17.574858130559306
31691,-3.2484460369747197
31692,-0.3450705544877479
31693,13.08421351293485
31694,20.67237237123061
31695,0.9573864516186177
31696,5.228347126214722
31697,25.17630581607485
31698,9.140479580405117
31699,-8.867499035565832
31700,18.669418510745913
31701,-1.5803483986275282
31702,16.71512819630693
31703,8.541675003523299
31704,-21.926539981031567
31705,10.875835799857196
31706,5.661172821213867
31707,24.023397750155244
31708,0.2737090619655458
31709,7.958491385822139
31710,23.64786824464447
31711,13.475711495471685
31712,15.188936489638483
31713,-4.327321432517017
31714,-1.9016660230526732
31715,14.825918516582373
31716,12.180891854562446
31717,3.5730096494313095
31718,-8.617985683124967
31719,-8.146441854732913
31720,15.125191017334657
31721,6.309263551209726
31722,4.41536993313383
31723,7.222714075704957
31724,9.161495544499207
31725,0.7619179514569279
31726,16.40415897116475
31727,-2.9797275163781123
31728,15.506107806343937
31729,7.533703165886651
31730,5.64599379532941
31731,16.20819217146937
31732,-16.80271223187983
31733,2.4803244260714354
31734,8.445637293745815
31735,0.8096451597872907
31736,23.930084445362677
31737,13.150169499968404
31738,18.805869531867028
31739,11.237539626869763
31740,4.356501918772842
31741,-10.655790636552371
31742,-4.144616982799715
31743,33.795684323364696
31744,-10.25151348783817
31745,22.9910181327314
31746,4.655822815994686
31747,0.5790315954050165
31748,12.61094586265396
31749,-7.435419149971249
31750,15.701197567704382
31751,-2.49381340812052
31752,19.323942256554673
31753,-12.88888093818996
31754,6.56403806375606
31755,8.849315856588404
31756,3.6099123156636566
31757,6.245711174139549
31758,2.51311600453152
31759,7.535494128940577
31760,-10.73964898328816
31761,2.1392832754013504
31762,-4.525221878522711
31763,2.0926296050136273
31764,6.85374907831868
31765,6.430914363350748
31766,-1.3210158939005545
31767,-15.561450636104972
31768,5.2181588961161545
31769,-4.165645733528745
31770,-17.242247669250105
31771,-4.692284534275171
31772,16.68853128195296
31773,17.533275022105617
31774,9.884000542501617
31775,22.120041870821456
31776,9.07804198045069
31777,-2.595368099850287
31778,-10.419539289784556
31779,-2.418459785281499
31780,0.6130920200396854
31781,14.706693161378254
31782,-14.253936356867133
31783,-12.855245496132103
31784,8.818880911775048
31785,-11.156418893043043
31786,8.94272290086413
31787,24.518374579195495
31788,21.610644947241788
31789,-13.50756977598384
31790,13.095559148888132
31791,17.427362442458314
31792,5.820075777826251
31793,1.3840896576429031
31794,-12.878637403512329
31795,1.000819620950935
31796,-5.755723528384163
31797,-7.293531237518142
31798,20.426191044572214
31799,-2.4747572043640496
31800,-2.899817337743407
31801,0.35998952039316734
31802,-10.858347304188364
31803,2.3742619706677974
31804,-3.7768503372580433
31805,-9.490387112888314
31806,0.13519583333944496
31807,2.266001155653452
31808,13.545372026176278
31809,-5.327776710470207
31810,-11.896060491280092
31811,-4.023771955571561
31812,21.763818116264403
31813,27.703379125255637
31814,6.175617903149714
31815,10.164127343084122
31816,7.503737637168355
31817,12.316384575261914
31818,-13.114740795832049
31819,1.7787618453008402
31820,24.913807362530427
31821,-0.38817068985744285
31822,18.583918677920085
31823,5.084636105577966
31824,4.985018633076816
31825,11.149421442620433
31826,33.92925393970948
31827,20.68645811808044
31828,21.961834221178417
31829,9.46710469276874
31830,-20.567907241313556
31831,17.269721246265618
31832,19.60901451284066
31833,-15.11290382961424
31834,4.469561570377717
31835,-2.762434586150711
31836,7.026655142383712
31837,20.453004278285064
31838,9.839998527127616
31839,-13.050740201559837
31840,-0.46165140718438025
31841,-8.596366566980421
31842,17.153380363651006
31843,-7.700214785303114
31844,1.5394260727272595
31845,47.206168618332796
31846,327.19087718354075
31847,-8.153832548333884
31848,-5.361529152690462
31849,-0.42569725217304466
31850,313.02642828803795
31851,11.923075768949516
31852,279.56032321172484
31853,410.18558803974935
31854,248.04435908577054
31855,146.0973212431977
31856,-7.569293668596639
31857,8.502588462613865
31858,-2.80544724648934
31859,14.868422167827049
31860,462.9159004818138
31861,8.803989101734668
31862,422.3165676148722
31863,17.859609339002162
31864,105.81469567727994
31865,13.22321542916611
31866,3.9955868590668775
31867,129.67645034252078
31868,8.643910258153017
31869,7.42732057856157
31870,23.068764560758304
31871,11.070819238209864
31872,447.410211078583
31873,-4.040172239679567
31874,5.260332610761822
31875,-16.352916139131835
31876,433.41445132708924
31877,12.414392547221091
31878,26.226396716596533
31879,277.13482684828546
31880,40.020283065393244
31881,135.08381079322945
31882,23.81422454778922
31883,10.884066855966225
31884,-28.168555152566505
31885,247.2151773083647
31886,3.0643342156505984
31887,349.4856698744782
31888,193.51735172623668
31889,23.936298773712757
31890,426.89882529679534
31891,2.1242784297803237
31892,17.53779392217209
31893,100.6301850024396
31894,133.21176268869357
31895,12.202725860433002
31896,-13.411551365638026
31897,-32.86038051294199
31898,200.26019913404164
31899,42.085460837284025
31900,295.3947516939464
31901,-6.121387203228959
31902,282.8155421324799
31903,295.24315676789996
31904,3.10689095733437
31905,24.76160046596778
31906,-0.6999464220766498
31907,2.040285635092287
31908,-4.554943028137146
31909,-6.947419175269193
31910,33.49708726184533
31911,293.43452217470116
31912,-4.827263888486716
31913,207.8335054781299
31914,176.78885886202332
31915,9.587740932417864
31916,13.974533453826131
31917,9.535684846420484
31918,321.4745938122443
31919,359.19302338349195
31920,-21.156274788012077
31921,2.523369628158049
31922,3.7018445039492818
31923,10.254289939905421
31924,4.9499845780377285
31925,286.27370354942934
31926,-2.7323636012323647
31927,366.58821140894014
31928,162.73678977049263
31929,449.8607309143126
31930,3.056521708533113
31931,236.55671925126984
31932,-3.695134760526667
31933,356.3841702153209
31934,7.684010250626903
31935,-5.834870576495675
31936,-0.03564476873418343
31937,70.4852766188416
31938,561.2223979768274
31939,-5.3600041007584664
31940,16.984191182247457
31941,20.60611228936013
31942,-16.856833337059832
31943,46.76581956662004
31944,-18.1884872557615
31945,292.71596933400247
31946,70.79686250006364
31947,445.4155783757387
31948,-18.00173667270853
31949,331.40442162969947
31950,8.934534615057633
31951,90.42012945668155
31952,57.21508302161069
31953,-10.595089311952211
31954,17.383833578032025
31955,8.169695552242429
31956,141.79177139715358
31957,61.33941898658012
31958,226.90523348923736
31959,4.722923111322526
31960,42.761493822674154
31961,22.155531078680234
31962,293.60151381015453
31963,10.492875791296996
31964,0.9509424973668885
31965,3.3518504935015834
31966,3.7616699067992023
31967,6.629171484344241
31968,7.350647599309912
31969,16.8639067265628
31970,-2.4154850963337324
31971,5.767027650137287
31972,-6.360182705828706
31973,7.197717946335219
31974,-10.108293767245325
31975,5.643424722311794
31976,-3.8242667013901617
31977,32.46855897043504
31978,22.25022813822828
31979,0.9130099357983532
31980,25.03733540071576
31981,-10.36067676989039
31982,-0.5874649823683775
31983,-1.9087960972453857
31984,0.992520884553306
31985,15.179129523379919
31986,35.0559149517627
31987,7.869592675827814
31988,18.985830804081044
31989,-11.89822328407745
31990,5.19258411792995
31991,-6.356279107791035
31992,-5.665220991175207
31993,-6.645564544060058
31994,5.010637123341265
31995,4.148007556442652
31996,-1.7023170793657592
31997,4.683810268496472
31998,5.664332699525856
31999,5.794191526726552
32000,1.0341988609639028
32001,11.764632099912795
32002,-1.8376534978561097
32003,-2.150706617661985
32004,-14.85483623008032
32005,2.9863772320612476
32006,6.060371489288983
32007,0.08026933455931484
32008,-12.52063941395225
32009,6.864033509970488
32010,21.54185020063514
32011,-1.1196870495421507
32012,-8.638720050448224
32013,-4.7669923786744555
32014,8.767329943514945
32015,-19.551831290291112
32016,-15.193034508633929
32017,12.022404488828837
32018,-11.974911328576756
32019,10.30310596542595
32020,24.866162438519723
32021,-4.538798929390897
32022,-3.3282081387057048
32023,17.04224837696356
32024,3.1289685341389895
32025,2.7053770047034185
32026,7.17467679821123
32027,-2.301326853918301
32028,12.378339513210289
32029,17.412783232792062
32030,-0.35488249213036127
32031,0.32535607386748566
32032,-12.076133945441672
32033,28.776931587841368
32034,0.22019035008356092
32035,0.11011705096204949
32036,-4.2723361268572475
32037,9.58230870619468
32038,26.86810966207803
32039,16.85068165197606
32040,-5.151841066299408
32041,-2.838513156991098
32042,13.034458723020053
32043,-1.6800357848614702
32044,13.31897359753121
32045,-4.625783806402588
32046,-8.690624208526934
32047,-15.144818689185307
32048,-2.7420211798582557
32049,10.56726784274726
32050,3.2341942656317357
32051,-0.2031500935988646
32052,12.290818041997879
32053,5.936800086329232
32054,12.327845414537085
32055,-21.108213503808074
32056,-2.3939687223529873
32057,-7.8005364125215095
32058,20.385365898794532
32059,7.578425054109921
32060,21.52271831424147
32061,-2.3799689025936317
32062,-1.3507795766748316
32063,-19.634860962472956
32064,-1.6506308356868153
32065,-0.6231569160930235
32066,16.747470874696614
32067,-6.35520380535381
32068,11.23962786190678
32069,6.145931886951486
32070,-3.1895616002050744
32071,-1.1067502518500376
32072,-13.965997017695127
32073,22.858081503449682
32074,3.4339318422093967
32075,18.120094665989114
32076,-3.764782454058537
32077,-29.01067604476254
32078,18.227801995452296
32079,-8.536183104827867
32080,0.10810281098960672
32081,26.561689410668713
32082,-6.944043196278471
32083,-17.165335985001448
32084,14.124169998925575
32085,18.002075000047036
32086,0.5041848517815222
32087,-0.8004448985181511
32088,8.765624195164126
32089,6.890737624124164
32090,0.44315260567606174
32091,38.95282366602571
32092,26.707987731208988
32093,-17.189958391219605
32094,17.608967045274554
32095,26.99820609604307
32096,-0.6907210619403976
32097,2.662868987954912
32098,-13.705291190339462
32099,15.609691063255786
32100,6.358086564691483
32101,-2.8906331879789384
32102,7.13310557557017
32103,-14.021687155268722
32104,20.154192436354325
32105,4.530581721187589
32106,3.4552671610940635
32107,21.872790083581172
32108,5.981534406445615
32109,-0.8288703203472423
32110,2.9484514696812454
32111,7.482546820705485
32112,-9.946708685406122
32113,4.378418939503094
32114,7.260646040038186
32115,16.91175693163139
32116,1.391258732947536
32117,-14.607728348015158
32118,21.547007302407422
32119,-2.7109053241382988
32120,7.584326418944617
32121,-12.377270209403076
32122,1.5914196750118847
32123,1.8006653679120763
32124,-8.704121834328248
32125,-10.725667038629336
32126,7.596616626464513
32127,12.840085861861956
32128,25.06697768523572
32129,5.295493229745928
32130,-21.940750186592254
32131,-15.481517345991954
32132,-5.488027444950546
32133,-2.4280845496388928
32134,-14.414928991059426
32135,13.731940527126595
32136,6.0700713132754505
32137,10.531410059018054
32138,-13.552462266606888
32139,15.306963914154686
32140,-1.1496031480483424
32141,-11.353041772727767
32142,-2.4987661802360854
32143,-9.365058097062946
32144,-23.633866867511614
32145,-6.5375984711552775
32146,-5.906602361183523
32147,-15.011629653355456
32148,-7.956524538667079
32149,11.761269789171234
32150,0.17897415165874975
32151,-11.379388249491083
32152,-17.9435849540709
32153,6.801560078238994
32154,-23.373414116338893
32155,1.2660509731848268
32156,22.308761896202082
32157,-15.997180786040104
32158,15.1338808558177
32159,4.57499218606554
32160,12.005358808926022
32161,8.4351535662954
32162,18.06903453577152
32163,-7.37572208279752
32164,-19.259336184699876
32165,-17.95346355936713
32166,-3.820495682297498
32167,6.149664295773739
32168,12.487650556448314
32169,4.788164207595903
32170,-23.79503027911172
32171,-18.11132280275075
32172,-1.8332359097838626
32173,28.375139875076144
32174,-32.98213760143156
32175,-16.743692859314052
32176,6.89785561428903
32177,7.22969016287343
32178,-2.566444336993129
32179,-10.654736783062315
32180,-10.46038332042454
32181,7.093258476908003
32182,1.7949912554763614
32183,27.485187538725036
32184,12.02053097919604
32185,7.669412239308583
32186,12.664573522392356
32187,9.44950603263931
32188,3.105546789331843
32189,7.495882832080538
32190,-26.990522806799213
32191,4.068533019505971
32192,3.8652834651663195
32193,-13.988225467861664
32194,19.3762283351642
32195,-3.419080500258925
32196,30.715875343274654
32197,12.036148827907958
32198,-1.8913869539768058
32199,0.43788645841625495
32200,-26.82806412920332
32201,-29.184280459105324
32202,-9.149723502793847
32203,4.114829765682613
32204,7.117665468461832
32205,4.888571726073248
32206,-12.73537245609488
32207,-13.87848492533281
32208,-13.16332071873397
32209,14.848944455223982
32210,11.101218023073965
32211,19.39794728460976
32212,13.972063753230685
32213,11.630532743051138
32214,-6.211746734123558
32215,19.625910637125614
32216,9.75225493281705
32217,-4.947812819565048
32218,24.205989381296266
32219,20.147603729823096
32220,-3.347448339982563
32221,-0.28817713084865204
32222,9.656173814993181
32223,-28.6715245382807
32224,-3.058536266486257
32225,-13.629572939521129
32226,11.918036719418103
32227,15.43830432326202
32228,15.337879521194504
32229,20.043134170389827
32230,-2.4303979461796246
32231,3.7122379740768228
32232,-13.02612858471796
32233,18.446060806582224
32234,9.137083035488985
32235,-5.6681490972828215
32236,-10.637476446807732
32237,-1.8530943160583284
32238,10.099543221100646
32239,3.174783931258524
32240,-0.35946676646661757
32241,-2.669454317996834
32242,-28.782465790779582
32243,-32.426644519867835
32244,-0.7689404323149702
32245,17.968116610957985
32246,-9.95657360337637
32247,3.7728488848854678
32248,6.652864291830484
32249,13.795434172253525
32250,-10.25220962129831
32251,22.680726683576964
32252,-13.14210076269724
32253,-19.40877763981073
32254,6.904900450851539
32255,25.139081318819564
32256,-6.211015715291936
32257,3.2287991545188905
32258,4.4673594839547075
32259,-0.3425487752986385
32260,-21.833336811425482
32261,-0.8723095599465616
32262,16.767035587357714
32263,-7.381525029622335
32264,7.595236260997931
32265,-11.540449246828654
32266,-5.7937191302039075
32267,7.446144083418217
32268,-4.8473763227976505
32269,6.0921463782747125
32270,13.115517046164925
32271,-13.27501169069848
32272,-5.8505118811454295
32273,11.842476468902202
32274,-12.258527114683499
32275,-14.942232241953473
32276,-7.216067848126471
32277,-3.107553165380782
32278,10.562235047960495
32279,-5.397445730036367
32280,-1.1373178526348582
32281,2.2695722541108445
32282,0.5160925785684345
32283,-1.9923805772280048
32284,15.447695644465439
32285,-7.431192404004545
32286,-9.477950579148803
32287,-9.338986010543543
32288,17.68014710283073
32289,-5.0324184592483725
32290,-6.052664253813159
32291,-10.696868763052908
32292,21.965969508011263
32293,8.80331573676973
32294,-10.116080513366644
32295,-7.707739208250995
32296,1.9365431613414135
32297,-15.991504069774066
32298,-15.04193732696439
32299,-9.646955509792694
32300,9.273171189115304
32301,-4.3575426061858415
32302,-6.176453180595534
32303,3.024729891564103
32304,8.043506609458332
32305,-10.940197694132767
32306,-10.579440890542518
32307,9.883556017089582
32308,15.526409571953035
32309,11.878854558225662
32310,-14.529194090709769
32311,-7.245132396064875
32312,-4.696177452249696
32313,13.529443505023382
32314,-5.383114300371915
32315,-1.0711395463696967
32316,-13.175525652595706
32317,-12.354998013300808
32318,-10.57476077201025
32319,13.081717841657124
32320,7.244627192124115
32321,8.400671341364347
32322,-18.258568793354705
32323,5.344707147918394
32324,-8.94453779081908
32325,7.601237082522342
32326,5.238224723391946
32327,-12.641661387222559
32328,-5.763552697146377
32329,-7.782072494629492
32330,7.893184741614027
32331,-2.5446222057497643
32332,11.47992619696163
32333,-4.711815787533471
32334,-14.30183727772463
32335,-8.091983012394977
32336,-9.159081148036531
32337,-8.613896230874293
32338,17.06481378887876
32339,7.220959669908419
32340,3.36573705521511
32341,-15.631603262258338
32342,4.60350463435098
32343,7.103640218771455
32344,-17.485419255096282
32345,12.986038267762458
32346,2.6151229541814303
32347,-3.757148048122488
32348,0.7185664627860948
32349,-0.018941333684328043
32350,4.039842887288792
32351,-8.005851023843483
32352,-11.36676220232727
32353,-12.006390592035281
32354,-17.15715034058399
32355,-16.005970203160764
32356,5.067004629028133
32357,-2.8886661166543455
32358,-14.312133975881757
32359,-12.35158682165138
32360,-14.754709454105509
32361,-11.498048790262267
32362,-5.767109176828459
32363,5.353633832261588
32364,-0.7549194724165389
32365,9.085525412104392
32366,-11.221322570517547
32367,-7.4222035002633575
32368,-7.809741292585311
32369,0.23304256697624837
32370,9.563236987170157
32371,19.95231540201376
32372,-17.3899429607486
32373,8.88372718503015
32374,11.691979876717873
32375,14.334412916405466
32376,-7.1656408857862814
32377,-7.4209533355494415
32378,9.774656535336874
32379,14.0875187723263
32380,11.300157497990558
32381,-13.673660139645449
32382,-2.3669509873930537
32383,-0.08813479549228376
32384,24.615363240779423
32385,-6.356145803626994
32386,11.319856314633146
32387,19.683087039959283
32388,-11.394619326169586
32389,-5.489686614764633
32390,15.558844358794634
32391,16.826615606617278
32392,-14.897513777148063
32393,-17.04713438835679
32394,10.07783571850842
32395,-8.548061603067353
32396,8.024145319192503
32397,-3.8626734205186715
32398,6.064329574583596
32399,-3.633563108900187
32400,-8.823467392482616
32401,14.773024926112065
32402,-4.214464201540185
32403,-3.648970267367396
32404,-5.20566473331337
32405,-1.2259161807755987
32406,15.494800040415164
32407,17.744287079236592
32408,-10.462389708468706
32409,-7.705477191528786
32410,-3.527958085233994
32411,-16.02383560010484
32412,-10.803859800189162
32413,10.500594577322225
32414,9.882128406479247
32415,-13.27864182620062
32416,-18.119326258771203
32417,-13.329381105024794
32418,7.579935486406761
32419,18.56475610630193
32420,-10.272446465675156
32421,-10.505322603191399
32422,-5.486924935647107
32423,34.74724693812577
32424,13.541522240113675
32425,-5.462505990379743
32426,3.6047659456177747
32427,12.611776726698235
32428,-10.554699584938984
32429,-4.289279051069979
32430,-7.776441183985391
32431,-4.656931964197504
32432,-11.870379307318366
32433,17.142209203069118
32434,13.477413260551126
32435,-7.442527555154779
32436,-7.967771168567623
32437,-2.311747081664688
32438,-5.931646833171321
32439,-6.048226586064569
32440,17.186001800289535
32441,-6.7208661090509025
32442,-1.4638951438957015
32443,-12.116089535786077
32444,-11.275364983373649
32445,9.46387298722836
32446,19.881708082142502
32447,2.052062369504485
32448,-13.24227738779257
32449,10.640798852415337
32450,-10.53963568798487
32451,20.73522851283147
32452,20.389156824496517
32453,19.802800883445638
32454,-6.627801998183379
32455,-4.75673996968079
32456,-10.935982787512668
32457,-15.506051307727727
32458,0.6613000328527878
32459,3.153480094758285
32460,6.652204495077502
32461,-17.22692105884959
32462,10.025001411911896
32463,-6.707693032965032
32464,-13.486515427401478
32465,-11.283711294519403
32466,-9.682590331533326
32467,-0.4099765241407276
32468,11.025717576509344
32469,-2.6318159548381956
32470,-9.770623713838706
32471,-7.27668697439595
32472,-5.662792108273127
32473,-0.38671812558119
32474,-0.24774765119548192
32475,-13.081264842305316
32476,-12.612179425622386
32477,12.442113026620412
32478,1.4417213348225353
32479,-1.2532535138512344
32480,-10.90543131291546
32481,16.503203885062504
32482,-12.243679771301267
32483,-10.70086482075671
32484,13.57052269903983
32485,-15.419049636661331
32486,-14.3171961882414
32487,4.074226333188072
32488,-6.326835695404785
32489,4.821598877698756
32490,-5.660742204212923
32491,32.08665014709351
32492,-7.795244068401164
32493,-0.9343595869679326
32494,-10.391095821806413
32495,20.368112232913575
32496,-11.903907398611189
32497,-8.041639483758917
32498,5.091911621352629
32499,12.663952359496264
32500,-4.192491210312848
32501,-10.113059534495598
32502,-0.4568898743738856
32503,6.566078663185531
32504,-7.4898935165147265
32505,4.068612058209078
32506,-5.222293625973734
32507,-8.91104282213438
32508,2.4756210634903795
32509,-5.086263682482812
32510,-12.525707259373014
32511,14.17533080842664
32512,30.552868716879214
32513,33.555247209120964
32514,-0.9570142066513156
32515,-10.274936372389966
32516,2.267544716300259
32517,2.010543792089228
32518,3.86519336000463
32519,2.324100202294863
32520,-3.4810433812326913
32521,26.04739917699186
32522,-5.360332612774844
32523,-10.377120492559794
32524,3.223893068066692
32525,-2.816232947208899
32526,-14.371148933347609
32527,-13.999758543662406
32528,-9.471135122457934
32529,-3.373173482517938
32530,15.834423059476421
32531,-14.29649950505075
32532,-4.91024948338325
32533,18.915226835408863
32534,-6.395792454567449
32535,12.681747562587114
32536,33.86634500465659
32537,6.699926084129569
32538,3.2762330200060354
32539,-7.944346231156828
32540,-8.42256317232583
32541,0.5953566856610699
32542,6.296703488662924
32543,-1.5587187467936694
32544,-8.824979942373112
32545,3.988883510959635
32546,0.3964036351224802
32547,-14.359269277686291
32548,-6.816387591022025
32549,9.896521766213962
32550,3.7234092151668126
32551,10.041330356570157
32552,6.445276947417167
32553,14.489168252083976
32554,-5.549140282184172
32555,-19.732554186543794
32556,-0.48708634419010366
32557,1.0947109343552128
32558,-0.39698282609156976
32559,-13.081345853268012
32560,-13.502646719637333
32561,-6.935763839346695
32562,8.918570307402739
32563,14.669669561055475
32564,-14.289235063738367
32565,-5.460544463762282
32566,-17.02701671230774
32567,16.62627814648968
32568,8.371112125169898
32569,-6.249067851631665
32570,-12.454907940573339
32571,15.153882414904935
32572,15.693496406059134
32573,15.294101341572347
32574,-2.260119717903571
32575,2.3032725617535377
32576,4.568770858739567
32577,-1.638171992837787
32578,-2.6456463489787225
32579,-15.476748167524864
32580,10.382031789915532
32581,-6.210038917278521
32582,-6.4530085891573385
32583,-3.0125611734205044
32584,-3.854030268558841
32585,1.81158029915734
32586,9.415829379266569
32587,-1.8306293708593735
32588,14.732588663872695
32589,-20.764322665856383
32590,-5.999462893959393
32591,12.020018027387124
32592,-25.95773989961522
32593,0.8964708592192512
32594,-16.147398641188204
32595,-15.749494129479729
32596,9.19789511944414
32597,29.52175816922006
32598,-2.9136914165377483
32599,18.02142470971121
32600,-2.6039070052445012
32601,9.374765024756698
32602,11.495005097053458
32603,-8.77206587172838
32604,5.460405084921598
32605,18.634534773394563
32606,-15.64037839902706
32607,10.021509117887106
32608,6.341273340713199
32609,1.670563304091342
32610,-8.984522385945215
32611,33.15412324227334
32612,6.338259418885061
32613,-10.565877364742832
32614,-12.874394512524468
32615,-9.227276082634326
32616,4.175925960459939
32617,-24.907018887963943
32618,-1.14791522397703
32619,17.86235689515848
32620,-8.785508968156439
32621,18.367633899519138
32622,6.0423009750614405
32623,2.1875454527348186
32624,4.100429172330733
32625,2.9666206813403893
32626,21.396120055961003
32627,-22.007718733628238
32628,-13.704739267397006
32629,-5.923090675559113
32630,-25.079778183032808
32631,3.9998211080478114
32632,-0.33441357177856545
32633,-6.762650696954534
32634,-19.127970841750027
32635,0.0580491237520846
32636,24.663168750360747
32637,-12.014659080262334
32638,-1.3500133915634862
32639,-4.5038148744649895
32640,9.781194706932665
32641,6.4924054069089046
32642,24.09643277559362
32643,13.705334496997994
32644,12.500854653219731
32645,9.349049574994282
32646,11.171985476507967
32647,-21.277562587770277
32648,4.178901695830586
32649,15.760765284796536
32650,5.1801577897302185
32651,16.501155642160573
32652,-7.678707659773167
32653,4.569587538706823
32654,15.780728961761215
32655,-6.972517199977332
32656,-2.7004996462338013
32657,6.929712383223782
32658,-7.709483593291317
32659,-11.020947954233165
32660,-9.520134818694704
32661,-0.033590650672746136
32662,-8.073941528046888
32663,20.099317291315163
32664,14.038312057896722
32665,-13.67748586182229
32666,-12.667081194249455
32667,-5.1640619665818015
32668,-10.623016893373034
32669,-5.3989445689362086
32670,13.095715108634188
32671,9.248940106106707
32672,-8.521100732827808
32673,10.416022317239573
32674,11.887201919122472
32675,-5.062576871194054
32676,-7.566407511826501
32677,-21.282551979971778
32678,2.8138855195019747
32679,10.502329253861161
32680,8.971342825072359
32681,3.073525710976014
32682,0.753390177291811
32683,2.7199785571373933
32684,13.424026742722772
32685,-6.631304052719006
32686,-14.635181535423424
32687,-13.116912030201117
32688,0.8089883078459099
32689,3.60738049513445
32690,-21.401613788443008
32691,38.2353597611546
32692,38.373962520325655
32693,11.671533254453976
32694,16.04692864609443
32695,-9.85264255956714
32696,9.239059203148358
32697,-15.009524201021168
32698,-3.469681879204394
32699,-0.8051242209643696
32700,7.246813603078634
32701,-12.577684668770818
32702,-17.754997132842483
32703,-11.572651086498144
32704,9.377675857074
32705,10.240733523489368
32706,-7.315506580646918
32707,-16.11107489313701
32708,31.50224927852159
32709,5.314016539908781
32710,37.77394619572272
32711,-7.536836663701404
32712,-9.711787496251116
32713,12.624184337393858
32714,-13.479606929432151
32715,-18.743017989450138
32716,17.17683538500229
32717,-9.86328687167406
32718,2.826134155572115
32719,13.716510243631257
32720,0.6337827303275514
32721,21.01351234840652
32722,-1.091917173956375
32723,-17.704279917619758
32724,-1.8829193920843466
32725,4.746664703539505
32726,5.088388310876127
32727,-12.519865475704204
32728,9.555345075520712
32729,0.7694714096864672
32730,22.003944825837582
32731,21.24382770272277
32732,-6.1359805383808315
32733,8.186853342766884
32734,3.5963994767053524
32735,-8.02440105963612
32736,-22.448360181713063
32737,10.986970495603007
32738,10.007571797976025
32739,-1.3654679683368798
32740,16.638441043347918
32741,-19.209178878770594
32742,-8.452681060327702
32743,-0.33272682160345823
32744,-2.645283848707919
32745,13.728281431108584
32746,10.669803551538283
32747,-7.472290940730318
32748,-16.70791095028769
32749,-24.291475597303247
32750,4.440801019676089
32751,-11.804196256661054
32752,26.140170688410308
32753,1.9668035017189496
32754,-11.334468379811472
32755,-15.635788346604606
32756,-16.062643625872944
32757,6.216483969055837
32758,20.86336289121842
32759,-17.369591759149458
32760,-19.406038554012127
32761,0.19995926734223346
32762,18.467183633814358
32763,1.3301569908149737
32764,-22.68271555807594
32765,5.646835763164921
32766,-1.4138991548972726
32767,-2.218597112893818
32768,-18.900080259704417
32769,10.810645058317348
32770,-3.5835342892378748
32771,11.903378915695384
32772,-8.324206107338203
32773,12.495758811378176
32774,10.626470762982839
32775,-4.2055960829619465
32776,10.607055353902346
32777,-11.47123540175166
32778,-0.3584395230875508
32779,-2.1717680785941553
32780,6.86936021637915
32781,-11.364226095685307
32782,8.362444582906724
32783,-11.307541184693743
32784,13.045651181349898
32785,-14.555763967491437
32786,-17.48513307207645
32787,-9.424788716889996
32788,3.91310241430053
32789,3.112752262942209
32790,-10.655039750577036
32791,-8.605276460892334
32792,3.831639050576335
32793,2.4639606547552084
32794,0.6297632956356143
32795,-6.858894852481175
32796,4.364530635440111
32797,8.533054832247075
32798,0.3453152235017267
32799,-6.098480198023495
32800,2.1486150222868563
32801,4.707528598765371
32802,2.231593371728678
32803,6.107493311542489
32804,-1.8967409416899095
32805,22.412973393278765
32806,22.960224663518368
32807,1.0605227061492801
32808,-13.95110969902468
32809,-9.65466184208741
32810,5.602905146258118
32811,-7.486295192717989
32812,-6.46605524659434
32813,3.157899695647245
32814,-3.360209809932396
32815,10.917581079368333
32816,4.7472126403763895
32817,11.255520265778296
32818,-7.003309078270682
32819,-9.848957908451432
32820,11.34958095892383
32821,17.001253171951348
32822,-21.008365769649515
32823,-5.75370857088976
32824,4.017700273360866
32825,20.02854309008599
32826,-12.50970139137766
32827,22.198848728305
32828,7.127790831359304
32829,-21.69408409311606
32830,0.1487298106465147
32831,3.9894103661546954
32832,2.7090255113983783
32833,10.566769049521046
32834,-8.308127817373862
32835,-8.514687534736371
32836,14.413046104424684
32837,-8.339189376088438
32838,6.922776242912327
32839,-0.474714879270401
32840,11.650469675682501
32841,3.167346985785869
32842,19.67060382645228
32843,-3.6177188381065086
32844,25.174866971848374
32845,-17.720078287300133
32846,8.790448995166603
32847,-20.167869982214015
32848,-9.472925298254609
32849,-10.471548136631998
32850,-8.135294492592205
32851,-26.132887561274188
32852,17.78668782268371
32853,5.203694668716835
32854,-7.04216210491996
32855,5.5780901021045395
32856,-9.700871655841851
32857,1.00104847817928
32858,12.398049312517042
32859,25.936847402012198
32860,-1.101860035871379
32861,-10.86385630858528
32862,-1.765280114250654
32863,-10.457863559812072
32864,24.35137400957673
32865,-5.1634771117580485
32866,13.058901690279368
32867,-14.49856899466096
32868,37.07078076946664
32869,11.286737807399984
32870,14.553464218555654
32871,6.062814918334961
32872,16.895590466396428
32873,48.227103898315
32874,15.679259424795957
32875,5.696147715435723
32876,3.8201639355325003
32877,10.153037155183963
32878,-12.84867967117837
32879,-7.915386989017424
32880,11.120798921322113
32881,24.806276820532144
32882,-20.333575641605805
32883,-12.119067939740269
32884,-2.6405473023594865
32885,6.379339908117434
32886,18.622541251764922
32887,-1.7784411612431583
32888,14.358434934926667
32889,-3.5689255384924436
32890,16.547416727768145
32891,13.438389411155466
32892,-13.79136986338597
32893,2.1272063286717344
32894,-9.33622980361556
32895,5.629463075510419
32896,10.267137752945224
32897,-3.132155477024007
32898,-22.28958472650212
32899,-5.220141350423766
32900,-6.988162709423545
32901,25.94220798835319
32902,27.866351324912852
32903,-20.26621681507943
32904,16.26356625227601
32905,-35.36988082088366
32906,-2.024985684133849
32907,12.631809952586648
32908,19.38354911335542
32909,-4.154171870546477
32910,3.63861292301009
32911,4.53740885232383
32912,0.9416574466414254
32913,17.05897003044428
32914,10.171221982104925
32915,19.406179248385918
32916,-7.939319423867026
32917,15.73657465812009
32918,-14.712227766178163
32919,15.41627517691849
32920,-4.279248500584835
32921,27.399556572935147
32922,-2.573249240542456
32923,0.9500597583002417
32924,-21.737928895437932
32925,-11.57531394441158
32926,0.3445640170026234
32927,-19.789789632759053
32928,-0.63033178750905
32929,-13.594785427171267
32930,-16.973400566392492
32931,-6.544494685652193
32932,32.21923382848076
32933,9.688330337121116
32934,14.296390114412429
32935,33.94969435193225
32936,-1.8004771248369096
32937,13.577050598682607
32938,21.84306024623634
32939,-2.4017597069588277
32940,20.448757019242265
32941,19.766582973048454
32942,6.195621577616453
32943,18.95677515919097
32944,10.18491991566702
32945,5.209940737966598
32946,7.27326376446106
32947,5.039441981638012
32948,-11.311467302656315
32949,-0.6583922614401736
32950,12.668279038425366
32951,4.594740145209196
32952,-21.58040803010679
32953,-25.944073038907206
32954,30.467923916136655
32955,-13.108823990940088
32956,-13.403533646749622
32957,14.604185967355546
32958,4.296786616197522
32959,13.950126327024183
32960,4.628917501229552
32961,-7.479223070280881
32962,10.957099536804515
32963,31.324548997616837
32964,2.126390804452109
32965,14.819075732230827
32966,12.557262074608339
32967,19.697653966608563
32968,-14.695211334600835
32969,20.743021372016813
32970,-2.5699416365509933
32971,24.19826287197102
32972,23.657939863367396
32973,3.1029780712464134
32974,25.369546637840433
32975,33.24824834875572
32976,-6.800805120149349
32977,19.52921142875756
32978,14.29640454173898
32979,9.24775797875285
32980,19.62337387203223
32981,17.32746566226554
32982,16.6987341831475
32983,13.557829019350246
32984,12.576471582597138
32985,17.431674566032584
32986,-23.99499613660113
32987,5.550859288645784
32988,-10.42417337258777
32989,6.270699024011723
32990,-23.071592198316694
32991,-5.310566167343005
32992,4.640544527035399
32993,6.797905891923364
32994,-12.971700503289533
32995,27.3915712881061
32996,-11.248042156382326
32997,-10.903387921064954
32998,7.134257497651102
32999,6.917204882013586
33000,-2.257667100222257
33001,23.56748061787997
33002,8.992873601117083
33003,1.4478451683494757
33004,-13.721867980608241
33005,18.995816973453586
33006,-22.90861475766178
33007,-16.592835659757917
33008,24.914690336257138
33009,-9.764054643846922
33010,-11.181656045666763
33011,-1.8692377944683294
33012,8.317188308263656
33013,5.113453239771843
33014,20.774289163445722
33015,41.700655226935396
33016,8.335870115465132
33017,-10.951530645073724
33018,24.017616546351867
33019,-0.3771697083571013
33020,-1.1581828971826695
33021,-14.367636697358346
33022,20.903171788392044
33023,-4.640641666741693
33024,3.2465041406860156
33025,9.56496867998084
33026,12.095592785453327
33027,21.468867989966633
33028,-11.710902891258002
33029,-16.790488268995787
33030,19.74630864527199
33031,15.561894678179948
33032,3.5885421693166233
33033,16.832524341906467
33034,17.664576456320763
33035,18.034234311288685
33036,8.490943675467328
33037,1.108679906049927
33038,6.42078638678897
33039,6.375077968959035
33040,16.11364836819905
33041,4.557037069310933
33042,-13.46171388408089
33043,17.74934552526351
33044,18.69618252898933
33045,9.169899305692176
33046,7.162643022831185
33047,-12.51608014520993
33048,12.351568804562508
33049,27.786107260718865
33050,-1.143103849759683
33051,1.1893094786156464
33052,-8.050366412225266
33053,-8.55527997624078
33054,-26.122420577965165
33055,2.9704300787332087
33056,-2.6450102350793294
33057,3.2709949033106707
33058,8.657000645254609
33059,17.38442893074737
33060,38.34239113519856
33061,-22.898063519860656
33062,-8.267276555474307
33063,2.9924440040665967
33064,4.670203022038001
33065,2.154938501096261
33066,-6.296472158841894
33067,-16.64976902676772
33068,-13.378374124727706
33069,11.917695983540902
33070,-12.142331669342756
33071,-12.16048064246387
33072,18.073323738615947
33073,14.96497510330055
33074,0.6588492512729331
33075,31.453058942924287
33076,12.589485676752378
33077,11.782901508687333
33078,20.774828970180913
33079,17.93525087402999
33080,1.419888871200337
33081,15.915758788569482
33082,-21.328449453954804
33083,6.082675514924302
33084,20.566353307809557
33085,6.066795989149048
33086,19.928244703427158
33087,42.301861001402344
33088,1.4901475810194071
33089,35.87091647449209
33090,10.758501720831141
33091,29.40800350794758
33092,21.350318892463406
33093,-1.3887912989423974
33094,14.169658766066771
33095,14.492243081772571
33096,1.7318903655944755
33097,7.61409399313639
33098,0.8170934950592699
33099,-13.86517707580741
33100,7.360929913629983
33101,-10.114463072142726
33102,19.56665104387827
33103,10.106921973988786
33104,-14.76387950233591
33105,9.843696130952058
33106,26.17574817801763
33107,6.744127292278815
33108,9.574534930644027
33109,22.60584196812325
33110,-15.31489797390055
33111,-8.854328996317637
33112,-1.563626310987047
33113,12.11551975719393
33114,-28.298953860382746
33115,-7.863279383954474
33116,-7.807915873444301
33117,22.353447194747634
33118,18.409397945429085
33119,16.449252381615022
33120,8.352456571202183
33121,-12.014753978822483
33122,18.22668475263846
33123,7.997319558844595
33124,-1.857445270265412
33125,8.229603769460596
33126,-2.690895850969092
33127,-9.73909071302327
33128,8.048535355137993
33129,20.86458960070522
33130,1.4108744897727306
33131,3.74872895115484
33132,-5.498300838474101
33133,10.995779186600672
33134,-25.642677916044022
33135,38.53966540304094
33136,-5.576762844839045
33137,12.834011713953782
33138,28.465930331438308
33139,1.3916900541937398
33140,-7.185149638808571
33141,22.164577856100447
33142,-1.2062061355050204
33143,17.4012713817142
33144,-2.814295226796677
33145,15.710266005223467
33146,-28.02878778014361
33147,14.990192602840468
33148,-2.941308555018896
33149,2.139966155607123
33150,19.624556443185043
33151,-19.623860331223035
33152,-7.797853033314933
33153,7.91723774269952
33154,4.334263589628343
33155,5.459313873088021
33156,5.638651772984314
33157,17.14772928209024
33158,-10.747321433240671
33159,14.380155460865657
33160,-4.512294803213862
33161,1.1092002060280848
33162,27.203048184791406
33163,-0.9252989936465603
33164,-10.967407340768045
33165,3.920405917713788
33166,-4.338856077154869
33167,3.059420663612716
33168,31.714215898216118
33169,-5.362025449283681
33170,-22.341423860158393
33171,22.03714832665887
33172,32.84485811028339
33173,-4.054830860369837
33174,2.492343601750779
33175,13.115172226886258
33176,24.73195178027799
33177,-9.482633717021812
33178,16.825609536704377
33179,24.22335689719865
33180,18.951952627247238
33181,18.496976408350385
33182,-15.089719225729556
33183,6.719233889743178
33184,6.022380009313913
33185,16.963551824129677
33186,-6.7636079159033535
33187,1.702596803765255
33188,17.39248132217069
33189,22.410396756907545
33190,-7.045777658658913
33191,11.993528843911276
33192,1.2080069947060679
33193,-23.82649185129501
33194,29.558937995660145
33195,14.352358925123909
33196,21.18254974914815
33197,16.546498814391686
33198,20.09942904449237
33199,-6.284609199158211
33200,15.445074531245865
33201,16.430562640779414
33202,23.126972601483295
33203,10.989956702297182
33204,-16.825080556370693
33205,-25.269890078187814
33206,6.803955646603953
33207,-6.569832843665129
33208,29.094222998249414
33209,14.539792344250674
33210,17.54967784173231
33211,16.884664634246725
33212,-6.865840017597552
33213,-7.6766888467881245
33214,5.705560639175809
33215,-0.4870176326566735
33216,26.671825337872782
33217,-23.637262614996004
33218,13.480983466109027
33219,17.832100638224745
33220,0.15349659248028757
33221,-6.258979351756544
33222,10.093022824090754
33223,-1.8715698338587536
33224,12.507339950978794
33225,6.2746115742199855
33226,-20.425157219081008
33227,-6.3042906342935865
33228,21.226472934651156
33229,2.641461043820007
33230,-16.217319313030806
33231,16.30432321222349
33232,-1.4912503174557195
33233,0.4657343737198172
33234,-6.943573730798835
33235,4.429680714998696
33236,13.446554482561233
33237,-28.128801743468024
33238,5.138727497188208
33239,1.7756647747385372
33240,-13.035968260377793
33241,26.260324529849832
33242,1.9766223364319089
33243,-8.69602891118205
33244,6.955476730959575
33245,13.81265122725426
33246,-3.275287046262875
33247,-9.559141279983354
33248,-0.5024970292751512
33249,-15.360939609713029
33250,14.019134318671519
33251,-4.934404234551909
33252,-6.1058865321919775
33253,18.17948094653787
33254,13.767872928380964
33255,19.45890199489628
33256,3.6823366038280323
33257,0.2603241805333205
33258,15.516338244621291
33259,15.956651933694175
33260,-5.241756498046875
33261,1.7993327590019188
33262,15.269347878271514
33263,-19.119764226362378
33264,14.75113119480819
33265,5.274212410685033
33266,14.568403763097528
33267,4.801202246333158
33268,-15.839005704823215
33269,-3.7051501126167636
33270,-3.859724020703574
33271,-14.863807283126068
33272,6.240331443320091
33273,1.6276108038944344
33274,16.233063414409365
33275,12.484273525215462
33276,-4.645436848794631
33277,10.202575367561582
33278,1.1074905676620972
33279,-4.477394273945336
33280,3.8413574024520614
33281,-8.206049625465681
33282,2.899035132125565
33283,17.820160819210276
33284,9.167255825555705
33285,-6.14957214343864
33286,4.884459748031269
33287,-9.205822847279642
33288,-19.631704822849763
33289,-14.349891964785687
33290,16.302526728149218
33291,10.360641117085866
33292,0.7151980614603843
33293,13.442954181371736
33294,58.110205336080476
33295,5.415201972175929
33296,247.0213758962584
33297,321.75249470402383
33298,357.81339943811525
33299,0.8575436310657913
33300,-8.957870036784918
33301,-6.018927463010556
33302,453.75269285405574
33303,45.28214370181988
33304,367.481575320799
33305,1.3884274530988687
33306,-4.918020259325729
33307,-0.6546752207263751
33308,26.41719712313872
33309,11.19730803756974
33310,16.521933741048997
33311,180.30606911636067
33312,8.663889294524838
33313,361.2340471679485
33314,538.583470269839
33315,0.3871741066414067
33316,6.600494300863486
33317,541.8767491001344
33318,7.463659331697341
33319,-5.942294504758653
33320,236.32932618531714
33321,343.6353702803687
33322,22.2872198059448
33323,3.6419813959557104
33324,39.21872841292599
33325,529.0874501479092
33326,14.563694263174524
33327,11.943170039354285
33328,-0.08076125586557481
33329,10.35799568929442
33330,-0.8750265565445083
33331,-11.62901948082871
33332,-10.243581696676078
33333,2.0170247480271435
33334,-17.192486823155
33335,-1.4677344190350503
33336,-5.21118865116885
33337,4.153161727958652
33338,6.123854114745937
33339,-6.4042332375421935
33340,-7.699714441153457
33341,1.1482392342476686
33342,-1.716772559860594
33343,12.796865824812663
33344,9.151520550489945
33345,-0.6274339303254663
33346,-0.6223120020026727
33347,-8.760762994280682
33348,25.814782014360315
33349,-8.60849334663169
33350,-5.0048255867372795
33351,2.538888729839419
33352,-14.19713711303443
33353,23.564361304929633
33354,-12.929451327085317
33355,-7.461649802743967
33356,0.8027119956989477
33357,3.6566703216224674
33358,-12.402519965852683
33359,-11.171793888668283
33360,1.1160711314597833
33361,6.60843201704232
33362,8.094766375938923
33363,-11.06331348648725
33364,24.254282269615665
33365,26.21336982577443
33366,-11.076457879036543
33367,-3.141281964094105
33368,-11.711156891961267
33369,8.451073094262302
33370,-11.165135689920731
33371,1.6819978796542454
33372,-9.271753873496316
33373,-7.392487343922582
33374,9.611980562357882
33375,-9.022742616170412
33376,2.7170713497535424
33377,5.231536347099844
33378,5.579337151408792
33379,-11.88010818049333
33380,-8.119075674998875
33381,17.885271262932584
33382,4.212950884789615
33383,-10.702563994246837
33384,3.8632829218601685
33385,-12.464979672464967
33386,2.957415349408288
33387,7.913235478575331
33388,10.258826985104385
33389,25.07532262557428
33390,27.268174503577
33391,-14.518368182938207
33392,-4.513708953075433
33393,8.538463371080397
33394,10.570366465935006
33395,2.4380933410647234
33396,9.198793151167695
33397,18.760684965440223
33398,11.738017735341247
33399,12.291599988287238
33400,6.49192044227256
33401,17.58698949769129
33402,15.422730148675488
33403,13.467065758596588
33404,-14.39895477155839
33405,15.638063448420823
33406,9.245487405635608
33407,4.755821702174664
33408,6.881916873432182
33409,-10.190632773177029
33410,6.983629421701359
33411,-12.924187255200401
33412,24.471471260334653
33413,-6.88965771948012
33414,-17.173124759135455
33415,6.4983082104750824
33416,-0.9959201688411454
33417,-1.4588528289399783
33418,-8.842775575000566
33419,-7.675324605883613
33420,-5.9381594563500535
33421,27.464041612711043
33422,-14.745042303482084
33423,0.11508953918806597
33424,-0.04033736524676712
33425,-0.3604271868614646
33426,-8.242148496956357
33427,-0.26752446173357214
33428,1.9375808620891437
33429,2.621853259053985
33430,5.485926032893721
33431,-5.416589588656436
33432,-1.1954196479607404
33433,-3.5034471473746507
33434,0.5380595837692219
33435,3.841804065837062
33436,27.965937249776765
33437,-1.7899757517521877
33438,8.341245933445009
33439,-1.3336755954093356
33440,27.848815085478375
33441,-0.202768306691258
33442,-7.346011435525643
33443,-0.4780037136460926
33444,-9.10215750783086
33445,2.422872799846317
33446,2.827479199365973
33447,0.5521852949562565
33448,-0.11759760633566785
33449,-1.6399072320396364
33450,6.386340270979991
33451,-3.1234215900189035
33452,-3.3534869695460294
33453,-9.860651694871226
33454,-2.067534845094883
33455,-1.0567593386243814
33456,4.983368915832903
33457,2.566836922860313
33458,6.988970833777122
33459,-0.9376068386970609
33460,-10.14993757678733
33461,1.1148259249525996
33462,-9.348827858398586
33463,-0.9015788176844701
33464,-10.675970240471596
33465,-2.742976007913942
33466,3.8239393343050203
33467,1.8303815163208697
33468,1.9341119037175858
33469,-4.364961979930289
33470,0.45644343519526487
33471,-5.660765084947791
33472,-7.832036460632512
33473,-1.7268029755596892
33474,-8.960090383066742
33475,-4.753311735586994
33476,28.160265545508512
33477,-2.2838368080492444
33478,-3.8645966716931532
33479,-11.844638927947269
33480,28.461992529229725
33481,-3.028774265803577
33482,-4.8695852746969415
33483,1.184249033940855
33484,3.0732328159287867
33485,-0.02230876724271269
33486,1.217051480675897
33487,-8.39389309302705
33488,2.5990220823061847
33489,-0.5306196844198254
33490,0.8310222053990763
33491,-0.6645482042187929
33492,-13.611725969100558
33493,-16.386883318387547
33494,-12.327824842385542
33495,1.3762876100535735
33496,4.051138452631699
33497,-9.222927529667604
33498,-7.358016587601853
33499,0.14036041988924097
33500,-11.647272132263524
33501,-5.5252569424797535
33502,-6.635137001802633
33503,-3.4119520920113864
33504,2.9068179563210066
33505,3.994690172704697
33506,-8.916511956351378
33507,-11.372034379796546
33508,9.616045553714574
33509,6.693601940467355
33510,2.203525129085035
33511,0.04796127175069387
33512,-8.44482572918011
33513,-5.547121842499472
33514,6.130781930209569
33515,1.9428408731519902
33516,4.169018428953791
33517,0.23986166941256748
33518,7.326049889836206
33519,-7.987758231634846
33520,4.088148343847337
33521,4.625699844331976
33522,1.3790260865700077
33523,-2.847765534422237
33524,1.9721468662117836
33525,-0.7327375148911983
33526,-0.12454863686193463
33527,-13.644316877650834
33528,3.822712942751231
33529,-0.8045053955880128
33530,-9.66586196833667
33531,-1.1511887768859914
33532,-2.021196605198476
33533,3.3961396343183434
33534,10.56086983036571
33535,9.63461621117964
33536,26.27999560208867
33537,-0.21411315689498522
33538,2.2861916827816415
33539,-4.079635028837789
33540,8.845136902753648
33541,-9.239966268291955
33542,5.230600437313322
33543,-4.510823188631274
33544,6.249247552390038
33545,7.6147151805682185
33546,10.971552021030883
33547,4.450779384743214
33548,-10.447531645039962
33549,-11.46502289430462
33550,25.409664744244527
33551,6.295196074569578
33552,1.4600084632128265
33553,1.8980286764682432
33554,10.791886806861704
33555,8.891459841797507
33556,-2.0628142623782573
33557,9.094379934003147
33558,9.110091281968186
33559,-9.092723117388626
33560,5.663041216729416
33561,-5.110785077501035
33562,12.612447095232945
33563,4.5601285989037414
33564,-6.116251002905003
33565,6.660257175331413
33566,-3.8246581482298794
33567,-2.420772535139477
33568,4.9487585530340965
33569,4.688356609568622
33570,3.9348748503841886
33571,-0.45792536673771167
33572,-1.7506828348342616
33573,8.249329037077295
33574,-7.706726056423047
33575,-6.143549197834709
33576,8.105616984202847
33577,5.954094937943715
33578,7.694842736229836
33579,12.069965678649728
33580,4.199116457108326
33581,24.93308754596685
33582,2.64251211026224
33583,6.1198156601903335
33584,3.9016345532165158
33585,12.30723991053126
33586,26.338178018054677
33587,25.12008263773903
33588,-12.876859763511884
33589,-14.15949050251136
33590,1.2353499967621016
33591,-12.999559931397474
33592,-9.232085915736853
33593,-8.473778961850716
33594,-1.028873590447457
33595,-8.29409952407888
33596,12.655489844145567
33597,15.52322397933317
33598,6.313163945729158
33599,-26.724531405723916
33600,17.397350902545277
33601,3.6837508004625725
33602,13.238094576805631
33603,20.486027970496973
33604,19.226088854595446
33605,-19.42354871845719
33606,24.962582198567628
33607,15.483410728308913
33608,10.51229350500661
33609,11.229745158355827
33610,-6.347188705041802
33611,-9.038924314754631
33612,17.499898424213423
33613,-4.05499914927552
33614,2.0969114295989026
33615,13.441581853428026
33616,-0.7439632657904376
33617,2.9954313376618984
33618,22.251609541658446
33619,10.925492593733935
33620,4.361077932971444
33621,10.14180015637076
33622,-7.775345674305456
33623,-3.4388816220555647
33624,-1.7343995122345532
33625,-26.517009992711635
33626,-3.6831620594862287
33627,6.5462007780592515
33628,10.774718082635395
33629,-0.5661989316025107
33630,4.792122335841325
33631,-6.336345569244077
33632,-0.30965968078696804
33633,9.63485440537738
33634,4.399722281942889
33635,0.7421000343855564
33636,15.789191417126398
33637,9.712095704835589
33638,10.143794673031074
33639,5.125620984702451
33640,8.891113387184099
33641,-0.17020896127600338
33642,3.7411908929270847
33643,3.6586732093350296
33644,9.138320835300377
33645,0.8045793747229215
33646,18.62212066990207
33647,9.977959538158416
33648,6.039322478292336
33649,4.958224830601367
33650,4.979757855571558
33651,-1.4655206223674604
33652,5.404353119002614
33653,16.155090082733707
33654,-16.155185384694754
33655,5.9189953907785995
33656,7.713597016601563
33657,21.571510856505103
33658,6.5639168278739835
33659,19.573593872836483
33660,-3.8601097272205394
33661,-4.417656936599592
33662,22.404998264162757
33663,-0.7869347829302491
33664,4.434907649491496
33665,5.198547614012751
33666,7.18552971908918
33667,6.4145001144848734
33668,23.556357700090707
33669,-9.303490991969475
33670,7.492594562125204
33671,5.683060526595739
33672,14.989094429320367
33673,6.278582672583793
33674,-4.012462263932321
33675,1.29294331862776
33676,6.541424626172981
33677,-2.4081264322905263
33678,2.185437755191222
33679,9.526994089522306
33680,-10.17932681416081
33681,-20.00010107418629
33682,5.068718259298565
33683,5.906075555453858
33684,7.0478189006720715
33685,-7.042191820388869
33686,4.327745745896147
33687,-3.0025813697844512
33688,0.6988161683193201
33689,15.884520707009495
33690,-2.698786614208437
33691,11.220410342854006
33692,4.17861909621689
33693,-10.463031287032834
33694,7.325630650239724
33695,0.26901140832353043
33696,1.442160348441904
33697,-5.371214988476023
33698,20.371150468788876
33699,-6.184801872514981
33700,22.760905642409618
33701,-12.50831244194596
33702,22.44028003288657
33703,11.836587229932768
33704,6.632082331869286
33705,9.27406319449728
33706,7.956117870644254
33707,17.363187441254937
33708,9.579272623080197
33709,2.246407606956055
33710,18.051010424635802
33711,6.998251885292522
33712,-4.547933027113292
33713,23.32472965060531
33714,3.794106552850476
33715,-3.5707145945220553
33716,-3.05903419195786
33717,-1.4150365860744643
33718,-9.125062056408733
33719,18.1607435056155
33720,14.277657615910863
33721,10.7359288113126
33722,-3.7234828487761575
33723,1.5359249942064128
33724,9.203177617437248
33725,22.2363292182606
