y_pred,y_test,community_area,date
0,0,36,2025-03-11 08:00:00
0,0,36,2025-08-12 04:00:00
0,1,36,2025-06-20 12:00:00
0,0,39,2025-06-20 20:00:00
1,0,36,2025-05-15 12:00:00
0,0,37,2025-05-15 00:00:00
0,0,36,2025-07-25 04:00:00
0,0,37,2025-08-24 20:00:00
0,0,37,2025-11-27 12:00:00
0,0,36,2025-11-27 12:00:00
0,0,37,2026-02-02 12:00:00
0,0,36,2026-02-02 12:00:00
0,0,38,2025-11-30 04:00:00
0,1,39,2025-06-23 12:00:00
0,0,37,2025-06-23 04:00:00
0,0,36,2025-11-30 20:00:00
0,0,37,2025-07-02 16:00:00
1,0,38,2025-07-02 12:00:00
0,0,39,2025-07-02 16:00:00
1,0,40,2025-07-02 12:00:00
0,0,38,2025-09-11 00:00:00
0,0,36,2025-09-11 00:00:00
0,0,39,2025-01-23 08:00:00
1,1,39,2025-07-02 08:00:00
0,0,37,2025-12-25 20:00:00
0,0,40,2025-04-02 00:00:00
0,0,39,2025-07-02 00:00:00
0,0,37,2025-12-25 04:00:00
0,0,38,2025-12-25 00:00:00
0,0,40,2025-04-02 16:00:00
0,0,39,2025-06-29 08:00:00
0,0,37,2025-06-29 16:00:00
1,0,36,2025-06-29 12:00:00
1,0,39,2025-06-29 12:00:00
0,0,37,2026-04-30 16:00:00
0,0,37,2025-11-08 00:00:00
1,0,38,2026-04-16 12:00:00
1,1,38,2026-04-30 08:00:00
0,0,36,2025-10-16 20:00:00
1,1,39,2026-04-30 12:00:00
0,0,36,2026-03-10 20:00:00
0,0,36,2025-09-07 20:00:00
0,0,40,2025-09-07 20:00:00
0,0,39,2025-09-07 16:00:00
0,0,39,2025-12-04 20:00:00
0,0,39,2026-01-13 20:00:00
0,0,40,2026-01-13 20:00:00
0,0,40,2025-03-10 08:00:00
0,0,39,2026-04-26 04:00:00
0,0,36,2025-07-12 00:00:00
0,1,39,2026-04-26 08:00:00
0,0,38,2026-04-26 00:00:00
0,0,40,2025-07-12 04:00:00
0,0,37,2025-06-27 20:00:00
0,1,39,2025-06-27 08:00:00
0,0,40,2025-06-27 00:00:00
0,0,40,2025-06-27 16:00:00
0,0,36,2026-01-10 16:00:00
0,0,36,2025-09-27 08:00:00
0,0,38,2025-12-14 04:00:00
0,0,39,2025-02-07 04:00:00
0,0,39,2025-08-30 08:00:00
0,0,39,2025-10-21 00:00:00
0,0,36,2025-10-21 12:00:00
0,0,38,2025-09-27 00:00:00
0,0,38,2025-07-31 04:00:00
0,0,37,2025-11-21 12:00:00
1,1,39,2025-07-31 08:00:00
0,0,40,2025-11-21 08:00:00
0,0,38,2025-08-06 04:00:00
0,0,38,2025-11-21 20:00:00
0,0,37,2026-03-11 00:00:00
0,0,40,2026-03-11 20:00:00
0,1,38,2025-05-24 12:00:00
0,0,39,2025-05-24 12:00:00
0,0,38,2025-01-11 20:00:00
0,0,40,2025-01-11 20:00:00
0,0,38,2026-03-11 04:00:00
0,0,38,2026-02-13 00:00:00
0,0,36,2026-02-13 00:00:00
0,0,40,2025-05-24 20:00:00
0,0,40,2026-02-13 00:00:00
0,0,37,2026-03-11 12:00:00
1,0,38,2026-03-11 12:00:00
0,0,40,2025-01-11 12:00:00
1,0,37,2025-04-15 12:00:00
0,1,36,2025-02-27 08:00:00
0,0,39,2025-03-21 08:00:00
0,0,37,2025-03-12 20:00:00
0,0,38,2025-03-12 20:00:00
0,1,39,2025-03-12 04:00:00
1,1,39,2025-03-12 08:00:00
0,0,40,2025-09-22 12:00:00
0,0,40,2025-09-22 20:00:00
0,0,36,2025-08-13 20:00:00
0,0,37,2025-11-05 20:00:00
1,0,36,2025-11-05 12:00:00
0,0,36,2025-11-24 16:00:00
0,0,39,2025-11-24 04:00:00
0,0,38,2025-11-24 20:00:00
0,0,37,2025-11-24 12:00:00
0,0,36,2025-11-24 12:00:00
0,0,39,2025-07-19 12:00:00
0,0,39,2025-09-10 08:00:00
0,0,38,2026-01-19 16:00:00
0,0,37,2026-02-27 16:00:00
0,0,37,2026-02-07 20:00:00
0,0,37,2025-11-18 00:00:00
0,0,37,2025-11-18 16:00:00
0,0,38,2025-02-24 00:00:00
0,0,39,2025-01-15 16:00:00
0,0,36,2026-02-07 12:00:00
0,0,36,2025-07-19 08:00:00
0,0,38,2025-02-24 20:00:00
0,0,38,2026-02-27 04:00:00
0,0,36,2026-01-19 12:00:00
0,0,39,2025-09-10 20:00:00
0,0,37,2025-03-04 04:00:00
0,0,36,2026-01-19 04:00:00
0,0,39,2026-02-07 08:00:00
0,0,39,2025-07-01 20:00:00
0,0,37,2025-07-14 08:00:00
1,1,38,2025-07-14 12:00:00
0,1,39,2025-01-14 12:00:00
0,0,40,2025-01-14 20:00:00
0,0,36,2025-01-14 04:00:00
0,0,39,2025-01-14 04:00:00
0,0,38,2025-03-11 16:00:00
0,0,36,2025-03-11 04:00:00
0,0,36,2025-03-11 16:00:00
0,0,40,2025-03-11 16:00:00
0,0,40,2025-08-12 20:00:00
0,0,39,2025-08-12 04:00:00
0,0,38,2025-11-27 08:00:00
0,0,40,2025-11-27 16:00:00
1,0,39,2025-05-15 12:00:00
0,0,36,2025-05-15 00:00:00
0,1,39,2025-07-25 08:00:00
0,0,38,2025-05-15 20:00:00
0,0,36,2025-07-25 16:00:00
0,0,40,2025-08-24 20:00:00
0,0,37,2025-07-25 20:00:00
0,0,39,2025-08-24 12:00:00
0,0,38,2025-11-30 00:00:00
0,0,39,2025-11-30 12:00:00
0,0,37,2025-06-23 20:00:00
0,0,36,2025-06-23 20:00:00
0,1,38,2025-12-18 08:00:00
0,0,37,2025-12-18 16:00:00
0,0,38,2025-06-23 00:00:00
0,0,40,2025-06-23 00:00:00
1,0,40,2025-09-11 12:00:00
1,0,38,2025-11-04 12:00:00
0,0,37,2025-01-23 00:00:00
0,0,37,2026-04-14 08:00:00
0,0,38,2025-09-11 04:00:00
0,0,36,2025-01-23 00:00:00
0,0,36,2026-04-14 00:00:00
0,0,37,2025-04-02 20:00:00
0,0,40,2025-12-25 12:00:00
0,0,38,2025-12-25 16:00:00
0,0,37,2026-04-14 04:00:00
0,0,37,2025-11-04 16:00:00
0,0,38,2026-04-14 20:00:00
0,0,38,2025-06-29 04:00:00
0,0,40,2025-11-08 08:00:00
0,0,40,2025-11-08 20:00:00
0,0,38,2026-03-10 16:00:00
0,0,39,2026-04-30 16:00:00
0,1,36,2025-11-08 12:00:00
0,0,40,2026-04-16 04:00:00
0,0,37,2026-04-30 00:00:00
1,1,39,2026-04-16 12:00:00
0,1,39,2026-04-30 08:00:00
0,0,37,2026-03-10 00:00:00
0,0,38,2026-03-10 08:00:00
0,0,40,2026-03-10 00:00:00
0,0,37,2025-10-16 16:00:00
0,0,37,2026-04-16 16:00:00
0,0,40,2026-04-16 16:00:00
0,0,39,2025-11-08 04:00:00
0,0,38,2025-09-07 00:00:00
0,0,39,2026-01-13 00:00:00
0,1,39,2025-07-12 12:00:00
0,0,38,2025-07-12 20:00:00
0,0,36,2025-03-10 00:00:00
0,0,40,2025-03-10 00:00:00
0,1,39,2025-12-04 08:00:00
0,0,40,2025-12-04 20:00:00
1,0,38,2026-03-24 12:00:00
0,0,38,2025-12-04 16:00:00
0,0,38,2025-12-04 04:00:00
0,0,40,2025-07-12 00:00:00
0,0,39,2025-07-12 16:00:00
0,0,40,2025-07-12 16:00:00
0,0,37,2025-07-12 04:00:00
0,0,38,2025-06-27 08:00:00
0,0,38,2025-06-27 20:00:00
0,0,38,2025-11-14 12:00:00
0,0,40,2025-09-27 00:00:00
0,0,40,2025-10-21 16:00:00
0,0,36,2025-12-14 08:00:00
0,0,39,2025-12-14 04:00:00
0,0,37,2025-10-21 20:00:00
0,0,39,2025-02-07 00:00:00
0,0,37,2025-02-07 04:00:00
0,0,39,2025-08-30 20:00:00
0,0,39,2026-01-10 04:00:00
0,1,39,2026-01-10 12:00:00
0,0,38,2025-02-07 20:00:00
0,0,36,2025-08-30 00:00:00
1,0,38,2025-10-21 12:00:00
0,0,36,2025-12-14 16:00:00
0,0,40,2025-07-31 20:00:00
0,0,36,2025-07-31 00:00:00
0,1,38,2025-11-21 12:00:00
0,0,37,2025-11-21 08:00:00
0,0,38,2025-08-06 00:00:00
0,0,36,2025-11-21 04:00:00
0,0,36,2025-07-31 20:00:00
0,0,36,2025-11-21 20:00:00
0,0,38,2025-05-24 16:00:00
0,0,40,2025-05-24 16:00:00
0,0,36,2026-02-13 20:00:00
0,0,39,2026-02-13 08:00:00
0,0,37,2025-06-01 12:00:00
1,0,38,2025-06-01 12:00:00
0,0,37,2025-06-01 04:00:00
0,0,37,2025-01-11 12:00:00
0,0,39,2025-03-21 00:00:00
0,0,38,2025-04-15 04:00:00
0,0,36,2025-04-15 04:00:00
0,0,39,2025-04-15 00:00:00
0,0,40,2025-03-21 12:00:00
0,0,36,2025-02-27 20:00:00
0,0,39,2025-02-27 20:00:00
0,0,36,2025-11-05 04:00:00
0,0,40,2025-05-06 08:00:00
0,0,36,2026-03-18 12:00:00
0,0,38,2025-11-05 20:00:00
0,0,39,2025-11-05 20:00:00
0,0,36,2025-11-05 00:00:00
0,0,38,2026-01-19 00:00:00
0,0,36,2025-03-04 00:00:00
0,0,36,2025-02-24 04:00:00
0,0,39,2026-01-19 20:00:00
0,0,37,2025-01-15 20:00:00
0,0,36,2025-09-10 08:00:00
0,0,38,2025-03-04 16:00:00
0,0,38,2026-02-07 20:00:00
0,0,36,2025-01-15 12:00:00
0,0,39,2026-02-27 16:00:00
0,0,37,2025-01-15 16:00:00
0,0,36,2026-02-27 00:00:00
0,2,39,2025-11-18 08:00:00
0,1,37,2025-01-15 08:00:00
0,0,36,2026-02-27 04:00:00
0,0,40,2026-02-27 04:00:00
0,0,37,2025-09-03 08:00:00
0,0,39,2025-03-04 12:00:00
1,0,40,2025-09-03 08:00:00
0,0,38,2026-02-07 08:00:00
0,0,36,2026-02-07 08:00:00
0,0,36,2025-07-01 04:00:00
0,0,37,2025-07-01 20:00:00
0,0,40,2025-07-01 20:00:00
0,0,38,2025-07-01 16:00:00
0,1,39,2025-01-14 08:00:00
0,0,36,2025-02-09 00:00:00
0,0,38,2025-03-11 04:00:00
0,0,37,2025-06-20 04:00:00
0,0,38,2025-06-20 04:00:00
0,0,39,2025-02-09 16:00:00
0,1,39,2025-08-12 16:00:00
0,0,40,2025-03-11 20:00:00
1,0,38,2025-08-12 12:00:00
1,1,36,2025-03-11 12:00:00
0,0,38,2025-11-27 16:00:00
0,0,37,2025-07-25 04:00:00
0,0,40,2025-07-25 08:00:00
0,0,37,2025-05-15 20:00:00
0,0,39,2025-07-25 16:00:00
0,0,37,2026-02-02 04:00:00
0,0,38,2025-12-18 00:00:00
0,0,36,2025-12-18 16:00:00
0,0,40,2025-11-30 16:00:00
0,0,38,2026-02-02 20:00:00
0,0,40,2025-11-04 08:00:00
1,0,36,2025-07-02 12:00:00
1,0,39,2025-09-11 12:00:00
0,0,40,2025-09-11 00:00:00
0,0,37,2025-01-23 08:00:00
1,0,38,2025-09-11 08:00:00
0,0,36,2025-09-11 08:00:00
0,0,40,2025-09-11 08:00:00
0,0,36,2026-04-14 08:00:00
0,0,40,2025-01-23 00:00:00
0,0,39,2025-01-23 16:00:00
0,0,40,2025-09-11 16:00:00
0,0,36,2025-06-29 16:00:00
0,0,39,2025-06-29 16:00:00
0,0,36,2025-10-16 16:00:00
0,0,39,2026-04-16 16:00:00
1,0,40,2025-07-10 08:00:00
0,0,39,2026-03-10 20:00:00
0,0,40,2025-10-16 00:00:00
0,0,37,2026-04-30 04:00:00
0,0,38,2025-11-08 12:00:00
0,0,38,2025-10-16 04:00:00
0,0,39,2025-10-16 04:00:00
0,0,38,2026-03-10 12:00:00
1,0,40,2026-04-16 12:00:00
0,0,36,2026-04-30 08:00:00
0,0,40,2026-04-30 08:00:00
0,1,36,2025-10-16 08:00:00
0,0,39,2025-03-10 04:00:00
0,0,36,2026-03-24 04:00:00
0,0,36,2026-03-24 08:00:00
0,0,39,2025-09-07 12:00:00
0,0,36,2025-03-10 20:00:00
0,0,38,2025-07-12 12:00:00
0,0,40,2025-09-07 08:00:00
0,2,39,2025-12-04 12:00:00
0,0,36,2025-03-10 16:00:00
0,0,38,2025-09-07 16:00:00
0,0,36,2025-09-07 16:00:00
0,0,40,2025-09-07 16:00:00
0,0,40,2025-03-10 12:00:00
0,0,37,2025-03-10 08:00:00
0,0,39,2026-03-24 20:00:00
0,0,38,2026-04-26 08:00:00
0,0,39,2025-11-14 20:00:00
1,0,38,2025-06-27 12:00:00
0,0,38,2025-12-14 16:00:00
0,0,36,2025-09-27 20:00:00
0,0,40,2025-09-27 12:00:00
0,0,37,2026-01-10 08:00:00
0,0,37,2025-08-30 12:00:00
0,0,40,2025-08-30 20:00:00
0,0,37,2025-09-27 04:00:00
0,0,40,2025-10-21 04:00:00
0,0,39,2025-11-21 04:00:00
0,0,40,2025-07-31 04:00:00
0,0,36,2025-11-21 00:00:00
0,1,39,2025-11-21 16:00:00
0,0,38,2025-08-06 20:00:00
0,0,37,2025-05-24 16:00:00
0,0,38,2026-02-13 12:00:00
0,0,39,2026-03-11 00:00:00
0,0,40,2025-05-24 00:00:00
0,0,39,2025-06-01 20:00:00
0,0,40,2026-02-13 08:00:00
0,0,37,2026-02-13 16:00:00
0,0,37,2025-01-11 04:00:00
0,0,37,2025-03-21 16:00:00
0,0,38,2025-02-27 04:00:00
0,0,37,2025-09-22 16:00:00
0,0,37,2025-09-22 08:00:00
0,0,40,2025-11-24 04:00:00
0,0,39,2025-05-06 00:00:00
0,0,36,2025-11-24 00:00:00
0,0,39,2025-11-05 04:00:00
0,1,38,2025-05-06 08:00:00
0,0,38,2025-05-06 20:00:00
0,0,40,2025-11-05 20:00:00
0,0,40,2025-11-24 16:00:00
0,0,37,2025-03-04 12:00:00
0,0,36,2025-03-04 12:00:00
0,0,38,2025-01-15 20:00:00
0,0,38,2025-03-04 20:00:00
0,0,36,2025-03-04 20:00:00
1,0,36,2026-02-27 12:00:00
0,0,39,2025-11-18 04:00:00
0,0,38,2025-09-10 04:00:00
0,0,40,2026-01-19 16:00:00
0,0,36,2026-02-07 20:00:00
0,1,39,2025-03-04 08:00:00
0,0,40,2025-01-15 12:00:00
0,0,40,2025-03-04 08:00:00
0,0,38,2025-01-15 16:00:00
0,0,39,2026-02-07 04:00:00
0,0,38,2025-11-18 08:00:00
0,0,36,2025-09-03 16:00:00
0,1,39,2025-02-24 12:00:00
0,0,39,2025-09-03 16:00:00
0,0,37,2025-07-14 04:00:00
0,0,36,2025-07-14 04:00:00
0,0,36,2025-07-14 16:00:00
0,0,40,2025-01-14 00:00:00
0,0,40,2025-07-14 16:00:00
0,0,37,2025-01-14 12:00:00
0,0,38,2025-01-14 12:00:00
0,0,36,2025-01-14 12:00:00
0,0,36,2025-07-14 08:00:00
0,0,40,2025-07-01 08:00:00
0,0,36,2025-08-12 16:00:00
0,0,38,2025-08-12 08:00:00
0,0,39,2025-06-20 16:00:00
1,0,38,2025-03-11 12:00:00
0,0,38,2025-06-20 00:00:00
1,0,39,2025-08-12 12:00:00
0,0,37,2025-08-12 00:00:00
0,0,40,2025-08-12 00:00:00
0,0,40,2025-06-20 08:00:00
0,0,36,2025-11-27 20:00:00
0,0,39,2025-05-15 00:00:00
0,0,36,2025-11-27 04:00:00
0,0,37,2025-08-24 00:00:00
0,0,36,2025-07-25 08:00:00
0,0,38,2025-11-27 00:00:00
0,0,39,2025-05-15 20:00:00
0,0,37,2025-05-15 16:00:00
0,0,38,2025-05-15 16:00:00
0,0,38,2025-08-24 12:00:00
0,0,40,2025-11-30 12:00:00
0,0,38,2026-02-02 00:00:00
0,0,40,2026-02-02 00:00:00
0,0,38,2025-06-23 16:00:00
0,0,40,2025-12-18 08:00:00
0,0,39,2025-12-18 04:00:00
0,0,37,2026-02-02 16:00:00
0,0,39,2026-02-02 20:00:00
0,0,37,2025-06-23 00:00:00
0,0,36,2025-12-18 12:00:00
1,0,37,2025-04-02 12:00:00
0,0,36,2025-01-23 08:00:00
1,0,36,2025-07-02 08:00:00
0,0,39,2025-12-25 12:00:00
0,0,38,2025-07-02 00:00:00
0,0,38,2025-04-02 04:00:00
0,0,40,2025-04-02 04:00:00
0,0,37,2025-04-02 16:00:00
0,0,38,2025-04-02 16:00:00
0,0,38,2025-09-11 16:00:00
0,0,40,2026-04-14 04:00:00
0,0,37,2025-01-23 12:00:00
0,0,38,2025-11-04 00:00:00
0,0,39,2025-07-02 04:00:00
0,0,37,2026-04-14 16:00:00
0,0,37,2025-06-29 04:00:00
0,0,39,2025-06-29 04:00:00
0,1,39,2025-07-10 04:00:00
0,0,40,2026-03-10 16:00:00
0,0,36,2026-04-16 04:00:00
0,0,36,2025-07-10 16:00:00
0,0,40,2026-04-30 20:00:00
0,0,37,2025-10-16 20:00:00
0,0,39,2025-10-16 16:00:00
0,0,39,2025-07-10 20:00:00
0,0,37,2025-11-08 08:00:00
0,0,36,2025-10-16 00:00:00
0,0,39,2025-10-16 00:00:00
0,0,38,2025-11-08 20:00:00
0,0,36,2025-11-08 16:00:00
0,0,36,2025-09-07 08:00:00
0,0,36,2025-07-12 12:00:00
0,0,36,2026-01-13 08:00:00
0,0,36,2025-12-04 12:00:00
0,0,37,2025-03-10 00:00:00
0,0,38,2026-01-13 20:00:00
1,0,40,2026-03-24 12:00:00
0,0,36,2026-04-26 12:00:00
0,0,38,2026-04-26 04:00:00
0,0,37,2025-09-07 12:00:00
0,0,38,2026-04-26 20:00:00
0,0,39,2026-04-26 20:00:00
0,0,40,2025-09-07 04:00:00
0,0,38,2025-03-10 20:00:00
0,0,39,2025-03-10 20:00:00
0,0,40,2025-11-14 20:00:00
0,0,37,2025-11-14 00:00:00
0,0,40,2025-11-14 00:00:00
0,1,39,2025-11-14 12:00:00
0,0,37,2025-08-30 04:00:00
0,0,37,2026-01-10 16:00:00
0,1,38,2025-09-27 12:00:00
0,0,38,2026-02-01 12:00:00
0,0,36,2026-02-01 12:00:00
0,1,38,2025-10-21 04:00:00
0,1,39,2025-02-07 08:00:00
0,1,39,2025-12-14 16:00:00
0,0,38,2025-10-21 08:00:00
0,0,39,2025-07-31 04:00:00
0,0,37,2025-07-31 00:00:00
0,1,38,2025-11-21 16:00:00
0,0,36,2025-11-21 16:00:00
0,0,40,2025-08-06 16:00:00
0,0,37,2025-07-31 16:00:00
0,0,38,2025-07-31 16:00:00
0,0,38,2025-11-21 04:00:00
0,0,36,2025-05-24 04:00:00
0,0,38,2026-03-11 00:00:00
0,0,40,2025-01-11 00:00:00
0,0,38,2025-05-24 00:00:00
0,0,38,2026-03-11 20:00:00
0,0,37,2026-02-13 08:00:00
0,0,40,2025-05-24 08:00:00
0,0,39,2025-01-11 08:00:00
0,0,37,2025-06-01 16:00:00
0,0,38,2025-05-24 20:00:00
1,1,38,2026-03-11 08:00:00
1,0,38,2025-03-12 12:00:00
0,0,37,2025-02-27 00:00:00
0,0,40,2025-04-15 00:00:00
0,0,36,2025-09-22 08:00:00
0,1,39,2025-04-15 16:00:00
0,0,38,2025-09-22 12:00:00
0,0,39,2025-08-13 20:00:00
0,0,37,2026-03-18 04:00:00
0,0,36,2025-05-06 08:00:00
0,0,37,2025-05-06 20:00:00
0,0,37,2025-11-05 08:00:00
0,0,39,2025-08-13 00:00:00
0,0,37,2025-08-13 16:00:00
1,0,39,2026-03-18 08:00:00
0,0,40,2025-11-24 20:00:00
0,0,37,2025-11-24 08:00:00
0,0,37,2025-11-18 04:00:00
0,0,37,2025-03-04 16:00:00
1,1,39,2025-09-03 12:00:00
0,0,40,2025-11-18 00:00:00
0,0,37,2026-01-19 08:00:00
0,0,37,2026-02-07 04:00:00
0,0,37,2025-11-18 08:00:00
0,0,36,2025-02-24 12:00:00
0,0,37,2025-11-18 20:00:00
0,0,38,2025-11-18 20:00:00
0,0,39,2025-07-19 16:00:00
0,0,40,2025-11-18 20:00:00
0,0,39,2026-02-27 04:00:00
0,0,36,2025-09-10 20:00:00
0,0,40,2025-03-04 04:00:00
0,0,39,2025-03-04 00:00:00
0,0,40,2025-03-04 00:00:00
0,0,39,2025-01-14 00:00:00
0,0,36,2025-07-14 20:00:00
0,0,40,2025-07-14 12:00:00
0,0,38,2025-01-14 04:00:00
0,0,39,2025-07-01 08:00:00
0,0,36,2025-01-14 16:00:00
0,0,37,2025-07-01 04:00:00
0,0,38,2025-03-11 08:00:00
0,0,36,2025-08-12 20:00:00
0,0,37,2025-03-11 00:00:00
0,0,37,2025-08-12 16:00:00
0,0,40,2025-06-20 12:00:00
1,0,37,2025-03-11 12:00:00
1,0,37,2025-08-12 12:00:00
0,1,39,2025-02-09 08:00:00
0,0,39,2025-08-24 04:00:00
0,0,40,2025-07-25 04:00:00
0,0,38,2025-11-27 04:00:00
0,0,39,2025-11-27 00:00:00
0,0,40,2025-07-25 16:00:00
0,0,36,2025-07-25 12:00:00
1,0,38,2025-05-15 12:00:00
0,0,39,2025-06-23 16:00:00
0,0,40,2025-12-18 04:00:00
0,0,36,2025-06-23 00:00:00
0,0,39,2026-02-02 04:00:00
0,0,39,2026-02-02 08:00:00
0,0,37,2025-09-11 08:00:00
1,0,36,2025-04-02 12:00:00
0,0,36,2026-04-14 12:00:00
1,1,39,2025-11-04 12:00:00
1,0,40,2025-07-02 08:00:00
0,0,38,2025-04-02 20:00:00
0,0,38,2025-09-11 20:00:00
0,0,39,2025-01-23 20:00:00
0,0,36,2025-07-02 00:00:00
0,0,39,2025-12-25 00:00:00
0,0,37,2025-11-04 08:00:00
0,0,40,2025-01-23 12:00:00
0,0,38,2025-07-02 04:00:00
0,0,36,2025-07-02 04:00:00
0,0,36,2025-06-29 08:00:00
0,0,38,2025-06-29 20:00:00
0,0,40,2025-07-10 04:00:00
0,0,38,2025-11-08 00:00:00
0,0,37,2026-04-30 08:00:00
0,0,36,2026-04-30 20:00:00
0,0,40,2025-10-16 20:00:00
0,0,37,2025-10-16 00:00:00
0,0,38,2026-03-10 04:00:00
0,0,38,2026-03-10 20:00:00
0,0,39,2026-03-10 04:00:00
0,0,40,2026-03-10 04:00:00
0,0,39,2025-09-07 00:00:00
0,0,40,2026-01-13 12:00:00
0,0,37,2025-12-04 12:00:00
1,1,39,2026-03-24 12:00:00
0,0,37,2025-07-12 08:00:00
0,0,38,2026-01-13 16:00:00
0,0,40,2026-04-26 16:00:00
0,0,39,2026-03-24 16:00:00
0,0,37,2026-03-24 08:00:00
0,1,38,2026-03-24 08:00:00
0,0,38,2025-07-12 16:00:00
0,0,36,2026-04-26 20:00:00
0,0,39,2025-07-12 04:00:00
0,0,38,2025-09-07 08:00:00
0,0,39,2025-11-14 04:00:00
0,0,36,2025-11-14 00:00:00
0,0,38,2025-06-27 16:00:00
0,0,36,2025-06-27 16:00:00
0,0,36,2025-11-14 16:00:00
0,0,36,2025-09-27 12:00:00
0,0,40,2025-02-07 12:00:00
0,0,40,2025-08-30 04:00:00
0,0,40,2026-01-10 16:00:00
0,0,40,2025-12-14 04:00:00
0,0,38,2025-08-30 16:00:00
0,0,38,2025-12-14 20:00:00
0,0,36,2025-12-14 00:00:00
0,0,40,2025-09-27 16:00:00
0,0,38,2025-09-27 20:00:00
0,0,36,2025-09-27 00:00:00
0,0,37,2025-11-21 00:00:00
0,0,40,2025-11-21 00:00:00
0,0,39,2025-08-06 16:00:00
0,0,40,2025-07-31 16:00:00
0,0,39,2025-08-06 00:00:00
1,0,39,2025-07-31 12:00:00
0,0,37,2025-11-21 20:00:00
0,0,39,2025-11-21 20:00:00
0,0,39,2025-01-11 00:00:00
0,0,39,2025-01-11 16:00:00
0,0,38,2026-02-13 16:00:00
0,0,37,2025-05-24 12:00:00
0,0,40,2025-01-11 04:00:00
0,0,37,2025-01-11 20:00:00
0,0,40,2025-01-11 08:00:00
0,0,37,2026-02-13 00:00:00
0,0,39,2026-02-13 00:00:00
0,0,36,2026-03-11 12:00:00
1,0,40,2026-03-11 08:00:00
0,0,37,2025-03-21 08:00:00
0,0,38,2025-09-22 04:00:00
1,1,36,2025-03-12 12:00:00
0,0,36,2025-04-15 20:00:00
0,0,40,2025-02-27 00:00:00
1,0,40,2025-02-27 12:00:00
0,0,36,2025-04-15 16:00:00
0,1,39,2025-03-12 16:00:00
0,0,40,2025-03-12 16:00:00
0,0,40,2025-03-21 20:00:00
0,0,40,2025-04-15 04:00:00
0,1,39,2025-05-06 04:00:00
0,0,38,2026-03-18 20:00:00
1,0,40,2025-08-13 12:00:00
1,1,38,2025-05-06 12:00:00
1,0,36,2025-05-06 12:00:00
1,0,39,2025-11-05 12:00:00
0,0,38,2025-11-05 00:00:00
0,0,37,2025-11-24 04:00:00
0,0,39,2025-11-24 08:00:00
0,0,38,2025-11-18 04:00:00
1,0,39,2025-09-10 12:00:00
0,1,36,2025-11-18 16:00:00
0,0,39,2025-01-15 12:00:00
0,0,39,2025-11-18 00:00:00
0,0,36,2025-09-03 04:00:00
0,0,39,2025-09-03 00:00:00
0,0,36,2026-01-19 08:00:00
0,0,40,2026-01-19 08:00:00
0,0,39,2025-07-19 00:00:00
0,1,39,2025-01-15 08:00:00
0,0,39,2025-11-18 12:00:00
0,0,38,2026-02-27 08:00:00
0,0,36,2025-01-15 04:00:00
0,0,39,2026-01-19 12:00:00
0,0,39,2025-07-19 20:00:00
0,0,40,2025-07-19 20:00:00
0,0,37,2025-03-04 00:00:00
0,0,36,2025-02-24 16:00:00
0,0,37,2025-02-24 04:00:00
0,0,37,2025-07-14 00:00:00
0,0,40,2025-07-14 00:00:00
0,0,36,2025-07-01 00:00:00
0,0,37,2025-01-14 16:00:00
0,0,39,2025-01-14 16:00:00
0,0,36,2025-02-09 20:00:00
0,0,38,2025-02-09 04:00:00
0,0,36,2025-03-11 00:00:00
0,0,37,2025-06-20 20:00:00
0,0,37,2025-08-24 12:00:00
0,0,38,2025-07-25 00:00:00
0,0,36,2025-08-24 12:00:00
0,0,38,2025-11-27 20:00:00
0,0,38,2025-05-15 00:00:00
0,0,40,2025-05-15 04:00:00
0,0,37,2025-08-24 08:00:00
0,0,40,2025-05-15 20:00:00
0,0,40,2026-02-02 12:00:00
0,0,39,2025-12-18 08:00:00
0,0,37,2025-12-18 00:00:00
0,0,38,2025-06-23 08:00:00
0,0,36,2025-12-18 04:00:00
0,0,38,2026-02-02 16:00:00
0,0,36,2025-06-23 04:00:00
0,1,39,2026-02-02 16:00:00
0,0,38,2025-11-30 20:00:00
0,0,40,2026-02-02 20:00:00
0,0,39,2025-11-04 00:00:00
0,0,36,2026-04-14 20:00:00
0,0,36,2026-04-14 16:00:00
1,0,36,2025-09-11 12:00:00
0,0,37,2025-12-25 08:00:00
1,0,37,2025-07-02 08:00:00
1,1,39,2025-09-11 08:00:00
0,0,37,2025-12-25 12:00:00
0,0,40,2025-01-23 20:00:00
0,0,40,2025-04-02 20:00:00
0,0,40,2025-09-11 20:00:00
0,0,39,2025-12-25 04:00:00
0,0,40,2025-06-29 00:00:00
0,0,37,2026-03-10 04:00:00
0,0,40,2025-11-08 16:00:00
1,0,37,2026-04-16 12:00:00
1,0,37,2025-07-10 12:00:00
0,0,38,2026-04-30 00:00:00
0,0,39,2026-04-30 00:00:00
0,0,40,2026-03-10 12:00:00
0,0,40,2026-04-30 00:00:00
1,0,40,2025-07-10 12:00:00
0,0,38,2025-09-07 12:00:00
0,0,36,2025-09-07 04:00:00
0,0,37,2026-01-13 00:00:00
0,0,36,2025-09-07 00:00:00
0,0,40,2025-09-07 00:00:00
0,0,40,2025-07-12 12:00:00
0,0,37,2026-01-13 08:00:00
0,0,39,2025-07-12 20:00:00
0,0,37,2025-09-07 16:00:00
0,0,37,2025-12-04 20:00:00
0,1,36,2025-03-10 12:00:00
0,0,36,2025-12-04 16:00:00
0,1,39,2025-03-10 12:00:00
0,0,40,2026-03-24 16:00:00
0,0,37,2026-01-13 04:00:00
0,0,36,2026-01-13 04:00:00
0,0,39,2025-12-04 04:00:00
0,0,36,2025-06-27 04:00:00
0,0,37,2025-11-14 08:00:00
0,0,40,2025-12-14 16:00:00
0,0,40,2026-02-01 08:00:00
0,0,37,2025-10-21 16:00:00
0,0,39,2025-10-21 16:00:00
0,0,37,2025-02-07 00:00:00
0,0,37,2025-08-30 16:00:00
0,0,40,2026-02-01 04:00:00
0,0,39,2025-08-30 12:00:00
0,0,36,2025-08-30 20:00:00
0,0,40,2026-01-10 00:00:00
0,0,40,2025-02-07 20:00:00
0,0,37,2025-11-21 04:00:00
0,0,40,2025-11-21 12:00:00
1,1,39,2025-08-06 12:00:00
1,0,40,2025-08-06 12:00:00
1,0,37,2025-07-31 12:00:00
1,0,38,2025-07-31 12:00:00
0,0,36,2026-03-11 04:00:00
0,0,39,2025-06-01 16:00:00
0,0,40,2025-06-01 16:00:00
1,0,36,2026-03-11 08:00:00
0,0,39,2025-06-01 08:00:00
0,0,37,2025-05-24 04:00:00
0,0,38,2025-01-11 00:00:00
0,0,38,2025-06-01 04:00:00
0,0,37,2025-03-21 00:00:00
0,0,39,2025-03-21 04:00:00
0,0,40,2025-03-21 04:00:00
1,0,37,2025-03-12 12:00:00
0,0,36,2025-09-22 00:00:00
0,0,40,2025-09-22 00:00:00
0,0,38,2025-02-27 00:00:00
0,0,36,2025-03-12 20:00:00
0,0,40,2025-03-21 16:00:00
0,0,36,2025-03-12 04:00:00
0,0,40,2025-03-12 04:00:00
1,1,39,2025-02-27 12:00:00
0,0,37,2025-02-27 04:00:00
0,0,40,2025-03-12 00:00:00
0,0,38,2025-02-27 20:00:00
0,0,36,2025-11-24 08:00:00
0,0,39,2025-05-06 16:00:00
0,0,37,2025-05-06 04:00:00
0,0,37,2025-11-24 00:00:00
0,0,40,2025-08-13 20:00:00
0,0,40,2025-11-24 00:00:00
0,0,38,2025-11-05 04:00:00
0,0,40,2026-03-18 20:00:00
0,0,36,2025-11-05 20:00:00
0,0,39,2026-01-19 04:00:00
0,0,40,2026-02-27 20:00:00
0,0,40,2025-02-24 16:00:00
0,0,36,2025-11-18 04:00:00
1,0,39,2026-02-27 12:00:00
0,0,40,2025-11-18 04:00:00
0,0,36,2025-03-04 16:00:00
0,0,40,2025-09-10 04:00:00
0,0,39,2025-09-03 04:00:00
0,0,40,2025-09-03 04:00:00
0,0,37,2026-02-27 00:00:00
0,0,40,2025-02-24 08:00:00
0,0,38,2025-11-18 12:00:00
0,0,36,2025-11-18 12:00:00
0,0,40,2025-01-15 08:00:00
1,0,36,2025-07-01 12:00:00
0,0,37,2025-01-14 04:00:00
0,0,37,2025-07-01 08:00:00
0,0,37,2025-07-01 16:00:00
0,0,39,2025-02-09 20:00:00
0,0,37,2025-08-12 04:00:00
0,0,39,2025-03-11 00:00:00
0,0,39,2025-03-11 20:00:00
0,0,36,2025-02-09 12:00:00
0,0,39,2025-08-12 08:00:00
0,0,39,2025-06-20 12:00:00
0,0,38,2025-06-20 20:00:00
0,0,37,2025-08-24 04:00:00
0,0,39,2025-07-25 04:00:00
0,0,40,2025-05-15 08:00:00
0,0,37,2025-07-25 08:00:00
0,0,36,2025-08-24 00:00:00
0,0,38,2025-11-27 12:00:00
0,0,39,2025-12-18 20:00:00
0,0,40,2026-02-02 04:00:00
0,1,38,2025-12-18 16:00:00
0,0,39,2025-12-18 16:00:00
0,0,39,2025-06-23 04:00:00
0,0,40,2025-06-23 04:00:00
1,0,37,2025-07-02 12:00:00
0,0,37,2025-11-04 20:00:00
0,0,39,2025-09-11 00:00:00
0,0,40,2025-04-02 08:00:00
0,0,40,2025-11-04 20:00:00
0,0,36,2025-11-04 12:00:00
0,0,40,2025-09-11 04:00:00
0,0,37,2025-01-23 20:00:00
0,0,38,2025-04-02 00:00:00
0,0,38,2025-12-25 12:00:00
0,0,37,2025-12-25 16:00:00
0,0,36,2025-12-25 00:00:00
0,0,37,2025-09-11 16:00:00
0,0,40,2025-06-29 08:00:00
0,0,39,2025-06-29 20:00:00
0,0,38,2025-11-08 16:00:00
0,0,37,2025-10-16 08:00:00
0,0,37,2026-04-16 08:00:00
0,0,37,2026-01-13 12:00:00
0,0,38,2026-01-13 08:00:00
0,0,40,2025-12-04 12:00:00
0,0,36,2025-12-04 04:00:00
0,0,40,2025-12-04 04:00:00
0,0,37,2025-07-12 00:00:00
0,0,37,2025-03-10 04:00:00
0,0,36,2025-09-07 12:00:00
0,0,40,2025-06-27 20:00:00
0,1,36,2025-06-27 12:00:00
0,0,40,2025-09-27 08:00:00
0,0,39,2025-08-30 16:00:00
0,0,39,2025-10-21 20:00:00
0,0,40,2026-01-10 08:00:00
0,0,36,2025-08-30 12:00:00
0,0,40,2026-02-01 12:00:00
0,0,37,2025-08-30 20:00:00
0,0,38,2026-01-10 12:00:00
0,0,36,2026-01-10 04:00:00
0,0,36,2026-01-10 12:00:00
0,0,40,2026-01-10 12:00:00
0,0,36,2025-02-07 16:00:00
0,0,40,2025-02-07 16:00:00
0,0,40,2026-02-01 16:00:00
0,0,37,2025-09-27 16:00:00
0,0,40,2025-10-21 00:00:00
0,0,37,2025-09-27 00:00:00
0,0,39,2025-11-21 12:00:00
0,0,37,2025-07-31 08:00:00
0,0,37,2025-08-06 04:00:00
0,1,39,2025-08-06 08:00:00
0,0,40,2025-08-06 08:00:00
0,0,36,2025-05-24 16:00:00
0,0,36,2026-02-13 12:00:00
0,0,40,2026-02-13 12:00:00
0,0,38,2025-06-01 08:00:00
0,0,37,2026-02-13 04:00:00
0,0,36,2026-02-13 16:00:00
0,0,37,2026-03-11 16:00:00
0,0,39,2025-06-01 00:00:00
0,0,37,2025-01-11 08:00:00
0,0,38,2025-01-11 08:00:00
0,0,36,2025-06-01 16:00:00
0,0,39,2026-03-11 04:00:00
0,1,38,2025-02-27 08:00:00
0,0,37,2025-09-22 00:00:00
0,0,39,2025-09-22 00:00:00
0,0,37,2025-04-15 20:00:00
0,0,37,2025-03-12 04:00:00
0,0,37,2025-04-15 00:00:00
1,0,36,2025-03-12 08:00:00
0,0,40,2025-04-15 16:00:00
0,0,40,2025-09-22 08:00:00
0,0,37,2025-11-05 16:00:00
0,0,38,2025-11-05 16:00:00
1,0,37,2025-11-05 12:00:00
0,0,36,2026-03-18 08:00:00
0,0,36,2025-08-13 04:00:00
0,0,36,2025-05-06 00:00:00
0,0,36,2025-11-24 20:00:00
0,0,39,2025-11-24 20:00:00
0,0,40,2025-01-15 00:00:00
0,0,37,2025-09-10 08:00:00
1,0,38,2026-02-27 12:00:00
0,0,37,2025-09-10 16:00:00
0,0,38,2025-09-10 16:00:00
0,0,36,2025-09-10 16:00:00
0,0,38,2026-02-07 16:00:00
0,0,36,2026-02-07 04:00:00
0,0,40,2026-02-07 12:00:00
0,0,40,2025-11-18 08:00:00
0,0,37,2025-02-24 12:00:00
0,0,37,2025-09-03 16:00:00
0,0,39,2025-11-18 20:00:00
0,0,40,2025-02-24 20:00:00
0,0,36,2026-02-27 08:00:00
0,0,39,2025-01-15 04:00:00
0,0,37,2026-02-07 08:00:00
0,0,38,2025-07-14 16:00:00
0,0,38,2025-07-01 00:00:00
0,0,36,2025-07-14 12:00:00
0,0,40,2025-07-14 08:00:00
0,0,37,2025-01-14 20:00:00
0,0,40,2025-01-14 04:00:00
0,0,37,2025-03-11 04:00:00
0,0,39,2025-03-11 16:00:00
0,0,36,2025-02-09 16:00:00
0,0,36,2025-03-11 20:00:00
0,0,38,2025-06-20 16:00:00
0,0,40,2025-06-20 20:00:00
0,1,36,2025-06-20 08:00:00
0,1,39,2025-06-20 08:00:00
0,0,39,2025-11-27 16:00:00
1,0,37,2025-05-15 12:00:00
0,1,38,2025-07-25 04:00:00
0,0,40,2025-05-15 00:00:00
0,0,37,2025-08-24 16:00:00
0,0,38,2025-05-15 04:00:00
0,0,37,2025-07-25 16:00:00
0,0,40,2025-11-27 00:00:00
0,0,39,2025-08-24 20:00:00
0,0,37,2025-07-25 12:00:00
0,0,36,2025-07-25 20:00:00
0,0,37,2025-11-30 00:00:00
0,0,39,2025-11-30 00:00:00
0,1,38,2026-02-02 12:00:00
0,0,39,2025-11-30 04:00:00
0,0,37,2025-12-18 08:00:00
0,0,40,2025-06-23 16:00:00
0,0,38,2025-12-18 04:00:00
0,0,36,2025-06-23 08:00:00
0,0,40,2025-06-23 08:00:00
0,0,38,2025-06-23 04:00:00
0,0,40,2025-11-30 08:00:00
0,0,37,2025-12-18 12:00:00
0,0,39,2026-04-14 20:00:00
0,0,37,2025-09-11 00:00:00
0,0,37,2025-07-02 20:00:00
0,1,39,2025-04-02 08:00:00
0,0,38,2025-12-25 08:00:00
0,0,39,2025-09-11 04:00:00
0,1,39,2026-04-14 08:00:00
0,0,36,2025-04-02 20:00:00
0,0,36,2025-12-25 12:00:00
0,0,39,2025-04-02 16:00:00
0,0,39,2026-04-14 04:00:00
0,0,37,2025-06-29 00:00:00
1,0,38,2025-06-29 12:00:00
0,0,37,2025-10-16 12:00:00
0,0,39,2025-11-08 16:00:00
0,0,38,2026-04-16 04:00:00
0,0,39,2025-07-10 16:00:00
0,0,40,2025-11-08 00:00:00
0,0,36,2026-03-10 12:00:00
1,1,36,2025-07-10 12:00:00
0,0,40,2026-04-16 20:00:00
0,1,39,2025-10-16 08:00:00
0,0,37,2026-03-10 08:00:00
0,0,36,2025-07-10 00:00:00
0,0,39,2026-04-16 08:00:00
0,0,37,2025-12-04 00:00:00
0,0,38,2025-12-04 00:00:00
0,0,37,2025-09-07 08:00:00
0,0,38,2026-03-24 00:00:00
0,0,40,2026-03-24 00:00:00
0,0,37,2025-09-07 20:00:00
0,0,39,2025-03-10 16:00:00
0,0,40,2025-03-10 16:00:00
0,0,37,2026-01-13 20:00:00
0,0,38,2025-12-04 20:00:00
0,1,38,2025-03-10 12:00:00
0,0,38,2026-04-26 16:00:00
0,0,38,2025-07-12 08:00:00
0,0,40,2025-07-12 08:00:00
0,0,37,2025-12-04 04:00:00
0,0,39,2026-03-24 08:00:00
0,0,40,2026-03-24 08:00:00
0,0,36,2025-06-27 20:00:00
0,0,39,2025-06-27 20:00:00
0,0,36,2025-11-14 20:00:00
0,0,40,2025-11-14 12:00:00
0,0,37,2025-10-21 08:00:00
0,0,36,2025-10-21 08:00:00
0,0,39,2025-08-30 04:00:00
0,0,39,2025-12-14 08:00:00
0,0,36,2025-12-14 04:00:00
0,0,38,2025-10-21 20:00:00
0,0,36,2025-02-07 04:00:00
0,0,38,2025-08-30 08:00:00
0,0,38,2025-08-30 20:00:00
0,0,37,2026-02-01 20:00:00
0,0,38,2026-01-10 04:00:00
0,0,37,2025-10-21 04:00:00
0,0,37,2025-10-21 00:00:00
0,0,38,2025-10-21 00:00:00
0,0,36,2025-10-21 00:00:00
0,0,39,2026-02-01 00:00:00
0,0,40,2025-12-14 00:00:00
0,0,37,2025-12-14 16:00:00
0,0,37,2025-07-31 04:00:00
0,0,40,2025-07-31 00:00:00
0,0,37,2025-08-06 16:00:00
0,0,37,2025-08-06 20:00:00
1,1,38,2025-08-06 12:00:00
1,0,36,2025-08-06 12:00:00
0,0,39,2025-08-06 04:00:00
1,1,38,2025-08-06 08:00:00
0,0,37,2026-02-13 20:00:00
0,0,38,2025-06-01 20:00:00
0,0,38,2026-02-13 04:00:00
0,0,38,2025-05-24 08:00:00
0,0,36,2025-06-01 00:00:00
0,0,39,2026-03-11 16:00:00
0,0,38,2025-09-22 00:00:00
0,0,39,2025-02-27 00:00:00
0,0,38,2025-02-27 16:00:00
0,0,39,2025-02-27 04:00:00
0,1,39,2025-02-27 16:00:00
0,0,38,2025-09-22 16:00:00
0,0,37,2025-03-12 00:00:00
1,1,38,2025-04-15 08:00:00
0,0,37,2025-02-27 20:00:00
0,0,38,2025-11-24 00:00:00
0,1,39,2025-05-06 08:00:00
0,0,36,2025-05-06 20:00:00
0,0,37,2026-03-18 12:00:00
0,1,39,2025-11-05 08:00:00
0,0,40,2025-11-05 08:00:00
1,0,37,2025-05-06 12:00:00
0,0,38,2025-08-13 00:00:00
0,0,40,2025-11-05 00:00:00
0,0,37,2025-08-13 04:00:00
0,0,36,2025-01-15 00:00:00
0,0,39,2025-01-15 00:00:00
1,0,37,2025-09-10 12:00:00
0,0,38,2025-11-18 00:00:00
1,0,40,2025-09-03 12:00:00
0,0,38,2025-09-03 00:00:00
0,0,38,2025-09-03 04:00:00
0,0,37,2025-02-24 00:00:00
0,0,36,2025-02-24 00:00:00
0,0,39,2025-02-24 00:00:00
0,0,40,2025-02-24 00:00:00
0,0,40,2025-01-15 16:00:00
0,0,38,2025-07-19 00:00:00
0,0,38,2025-09-10 00:00:00
0,0,36,2026-02-07 00:00:00
0,0,38,2025-09-03 20:00:00
0,0,39,2025-07-19 08:00:00
0,0,40,2025-09-03 20:00:00
0,0,37,2025-02-24 20:00:00
1,0,36,2025-09-03 08:00:00
1,1,38,2025-07-01 12:00:00
0,0,37,2025-03-11 16:00:00
0,0,36,2025-06-20 04:00:00
0,0,40,2025-06-20 04:00:00
0,0,40,2025-02-09 16:00:00
0,0,40,2025-08-12 16:00:00
0,0,38,2025-02-09 12:00:00
0,0,40,2025-02-09 12:00:00
0,0,40,2025-08-12 08:00:00
0,0,38,2025-06-20 12:00:00
1,1,39,2025-03-11 12:00:00
0,0,36,2025-02-09 08:00:00
0,0,39,2025-08-12 00:00:00
0,0,37,2025-06-20 08:00:00
0,0,38,2025-08-24 04:00:00
0,0,39,2025-11-27 04:00:00
0,0,40,2025-11-27 04:00:00
0,0,36,2025-05-15 04:00:00
0,0,36,2025-05-15 16:00:00
0,0,40,2025-05-15 16:00:00
0,0,39,2026-02-02 12:00:00
0,0,39,2025-06-23 20:00:00
0,0,40,2025-06-23 20:00:00
0,0,37,2025-12-18 04:00:00
0,0,37,2025-11-30 16:00:00
0,0,37,2025-11-30 08:00:00
0,0,36,2026-02-02 20:00:00
0,0,36,2025-11-04 00:00:00
0,0,40,2025-11-04 00:00:00
0,0,38,2026-04-14 16:00:00
0,0,38,2025-04-02 08:00:00
0,0,37,2025-11-04 12:00:00
1,0,40,2025-04-02 12:00:00
0,0,38,2026-04-14 00:00:00
0,0,40,2025-12-25 20:00:00
0,0,40,2025-12-25 04:00:00
0,0,36,2025-04-02 16:00:00
0,1,39,2025-11-04 08:00:00
0,0,36,2025-06-29 00:00:00
0,0,37,2025-06-29 20:00:00
0,0,40,2025-11-08 04:00:00
0,0,37,2026-04-16 00:00:00
0,0,36,2025-11-08 20:00:00
1,0,39,2025-10-16 12:00:00
0,0,36,2026-04-30 04:00:00
0,0,36,2026-04-30 16:00:00
0,0,37,2025-10-16 04:00:00
1,1,38,2025-07-10 12:00:00
1,0,39,2025-07-10 12:00:00
0,0,38,2026-04-30 20:00:00
0,1,39,2026-03-10 08:00:00
0,0,40,2026-03-10 08:00:00
0,0,38,2026-04-16 08:00:00
1,1,38,2025-07-10 08:00:00
0,0,39,2025-12-04 00:00:00
0,0,40,2025-12-04 00:00:00
0,0,39,2025-09-07 08:00:00
0,0,37,2025-07-12 20:00:00
0,0,36,2026-04-26 16:00:00
0,0,36,2026-03-24 16:00:00
0,0,39,2025-06-27 04:00:00
0,0,37,2025-06-27 08:00:00
0,0,37,2025-11-14 20:00:00
0,0,38,2025-06-27 00:00:00
0,0,39,2025-11-14 00:00:00
0,0,37,2025-12-14 12:00:00
0,0,39,2025-09-27 00:00:00
0,0,40,2025-12-14 12:00:00
0,0,37,2025-09-27 12:00:00
0,0,38,2026-01-10 08:00:00
0,0,36,2025-10-21 20:00:00
0,0,40,2025-02-07 00:00:00
0,0,39,2026-01-10 20:00:00
0,0,36,2026-01-10 00:00:00
0,0,36,2025-10-21 04:00:00
0,0,39,2025-02-07 20:00:00
0,0,38,2025-08-30 00:00:00
0,0,39,2025-12-14 20:00:00
0,0,40,2025-08-30 00:00:00
0,0,38,2026-02-01 00:00:00
0,0,38,2025-12-14 00:00:00
0,0,36,2025-11-21 12:00:00
0,0,37,2025-08-06 00:00:00
0,0,37,2025-08-06 08:00:00
0,0,39,2025-05-24 20:00:00
0,0,36,2025-01-11 12:00:00
0,1,39,2025-01-11 12:00:00
1,1,39,2026-03-11 08:00:00
0,0,39,2026-02-13 12:00:00
0,0,36,2025-06-01 08:00:00
0,0,38,2026-02-13 20:00:00
0,0,39,2026-02-13 20:00:00
0,0,37,2025-05-24 00:00:00
0,0,36,2025-01-11 20:00:00
0,0,37,2026-03-11 04:00:00
0,0,40,2025-03-21 00:00:00
0,0,38,2025-03-21 04:00:00
0,0,36,2025-09-22 04:00:00
0,0,38,2025-03-21 16:00:00
0,0,40,2025-04-15 20:00:00
0,0,37,2025-02-27 16:00:00
0,0,38,2025-04-15 00:00:00
0,0,37,2025-09-22 12:00:00
0,0,37,2025-03-12 16:00:00
0,0,38,2025-03-12 16:00:00
0,0,38,2025-03-21 20:00:00
0,0,40,2025-11-24 08:00:00
0,0,36,2025-05-06 04:00:00
0,0,40,2026-03-18 04:00:00
0,0,37,2025-05-06 08:00:00
0,1,38,2025-11-05 08:00:00
0,0,39,2026-03-18 12:00:00
1,0,40,2025-11-05 12:00:00
0,0,40,2025-08-13 16:00:00
0,0,37,2025-11-24 16:00:00
0,0,38,2025-11-24 16:00:00
0,0,39,2025-11-05 00:00:00
0,0,40,2026-03-18 08:00:00
0,0,40,2026-02-07 08:00:00
0,0,36,2025-07-19 12:00:00
0,0,37,2025-01-15 12:00:00
0,0,38,2026-02-07 04:00:00
0,1,39,2025-02-24 08:00:00
0,0,40,2026-02-27 00:00:00
0,0,40,2025-07-19 04:00:00
0,0,38,2026-02-07 00:00:00
0,0,39,2026-02-07 00:00:00
0,0,39,2025-09-10 00:00:00
0,0,37,2026-02-27 04:00:00
0,0,40,2025-01-15 04:00:00
0,0,37,2026-01-19 12:00:00
0,0,38,2025-07-19 20:00:00
0,0,40,2025-07-01 00:00:00
0,0,38,2025-01-14 20:00:00
1,0,36,2025-08-12 12:00:00
0,0,37,2025-02-09 20:00:00
0,0,38,2025-03-11 00:00:00
0,0,40,2025-08-12 04:00:00
0,0,38,2025-07-25 20:00:00
0,0,40,2025-07-25 20:00:00
0,1,39,2025-05-15 16:00:00
1,0,40,2025-05-15 12:00:00
0,0,39,2025-11-27 20:00:00
1,1,39,2025-05-15 08:00:00
0,0,37,2025-11-27 04:00:00
0,0,38,2025-07-25 16:00:00
0,0,36,2025-05-15 20:00:00
0,0,37,2026-02-02 08:00:00
0,0,36,2025-11-30 04:00:00
0,0,40,2025-12-18 00:00:00
0,0,39,2025-11-30 16:00:00
0,0,38,2025-01-23 04:00:00
0,0,36,2025-01-23 04:00:00
0,0,38,2025-11-04 04:00:00
0,0,40,2026-04-14 20:00:00
0,0,40,2025-07-02 04:00:00
0,0,40,2025-11-04 16:00:00
0,0,40,2025-07-02 16:00:00
0,0,39,2025-07-02 20:00:00
1,0,39,2026-04-14 12:00:00
0,0,38,2025-12-25 20:00:00
0,0,40,2026-04-14 08:00:00
0,0,37,2025-07-02 00:00:00
0,0,37,2025-04-02 04:00:00
0,0,40,2025-06-29 04:00:00
0,0,37,2025-07-10 20:00:00
0,0,36,2026-03-10 04:00:00
0,0,36,2026-04-30 00:00:00
0,0,39,2026-04-16 20:00:00
0,0,36,2026-04-26 00:00:00
0,0,38,2025-07-12 04:00:00
0,0,38,2026-01-13 00:00:00
0,0,40,2026-01-13 00:00:00
0,1,39,2026-01-13 08:00:00
0,0,37,2025-12-04 08:00:00
0,0,40,2025-12-04 16:00:00
0,0,37,2026-01-13 16:00:00
0,0,36,2025-03-10 08:00:00
0,0,37,2026-03-24 16:00:00
0,0,39,2025-06-27 16:00:00
0,0,38,2025-06-27 04:00:00
0,0,40,2025-06-27 08:00:00
0,0,36,2025-11-14 04:00:00
0,0,39,2025-06-27 12:00:00
0,0,38,2025-02-07 08:00:00
0,0,36,2025-02-07 08:00:00
0,0,40,2025-10-21 12:00:00
0,0,38,2026-02-01 08:00:00
0,0,36,2025-08-30 04:00:00
0,1,39,2025-02-07 12:00:00
0,0,38,2025-12-14 08:00:00
0,0,38,2026-02-01 04:00:00
0,0,36,2025-08-30 16:00:00
0,0,37,2026-01-10 20:00:00
0,0,38,2026-01-10 20:00:00
0,0,36,2026-01-10 20:00:00
0,0,40,2025-02-07 04:00:00
0,0,40,2025-08-30 12:00:00
0,0,37,2025-08-30 08:00:00
0,0,37,2026-01-10 04:00:00
0,0,37,2026-01-10 12:00:00
0,0,38,2026-02-01 20:00:00
0,0,36,2025-08-06 00:00:00
0,0,40,2025-08-06 00:00:00
0,0,36,2025-07-31 08:00:00
0,0,36,2025-11-21 08:00:00
1,0,39,2026-03-11 12:00:00
0,0,40,2025-05-24 04:00:00
0,0,37,2025-01-11 16:00:00
0,1,38,2026-02-13 08:00:00
0,0,40,2025-06-01 12:00:00
0,1,39,2025-09-22 12:00:00
0,0,38,2025-03-21 08:00:00
1,0,40,2025-03-12 12:00:00
0,0,38,2025-03-12 04:00:00
0,0,36,2025-03-12 00:00:00
0,0,39,2025-03-12 00:00:00
0,0,39,2025-03-21 12:00:00
0,0,36,2025-11-24 04:00:00
0,0,37,2026-03-18 16:00:00
0,0,37,2026-03-18 20:00:00
0,0,40,2025-11-05 04:00:00
1,1,38,2025-08-13 12:00:00
1,0,36,2025-08-13 12:00:00
1,0,38,2025-11-05 12:00:00
0,0,40,2025-07-19 16:00:00
0,0,36,2025-02-24 20:00:00
0,0,37,2026-02-27 08:00:00
0,0,37,2025-07-19 20:00:00
0,0,38,2026-01-19 12:00:00
0,0,40,2026-01-19 12:00:00
0,0,38,2025-03-04 04:00:00
0,0,38,2026-02-27 20:00:00
0,0,37,2025-02-24 16:00:00
0,1,38,2025-09-10 08:00:00
0,1,36,2025-09-10 04:00:00
1,1,38,2025-09-03 12:00:00
0,0,37,2025-09-03 04:00:00
0,0,40,2025-09-03 00:00:00
0,1,37,2025-02-24 08:00:00
0,0,38,2025-07-19 04:00:00
0,0,37,2025-09-10 00:00:00
0,0,40,2025-02-24 12:00:00
1,0,40,2025-07-01 12:00:00
0,0,36,2025-07-14 00:00:00
0,0,36,2025-07-01 20:00:00
0,0,37,2025-07-14 20:00:00
0,0,39,2025-01-14 20:00:00
0,0,36,2025-06-20 20:00:00
0,0,38,2025-08-12 00:00:00
0,0,40,2025-02-09 08:00:00
0,0,38,2025-02-09 20:00:00
0,0,36,2025-02-09 04:00:00
0,0,37,2025-03-11 08:00:00
0,0,38,2025-08-12 04:00:00
0,0,39,2025-06-20 04:00:00
0,0,37,2025-11-27 20:00:00
1,0,38,2025-05-15 08:00:00
0,0,40,2025-08-24 08:00:00
0,0,39,2025-11-30 20:00:00
0,0,40,2025-11-30 20:00:00
0,0,38,2025-12-18 12:00:00
0,1,39,2025-12-18 12:00:00
0,0,36,2025-11-30 00:00:00
0,0,36,2026-02-02 00:00:00
0,1,36,2025-06-23 16:00:00
0,0,36,2025-11-30 08:00:00
0,0,38,2025-11-04 08:00:00
0,0,38,2025-11-04 16:00:00
0,0,36,2025-11-04 04:00:00
0,0,39,2025-11-04 04:00:00
0,0,39,2025-11-04 16:00:00
0,0,36,2025-11-04 20:00:00
1,0,38,2026-04-14 12:00:00
0,0,40,2025-01-23 08:00:00
0,0,40,2025-11-04 12:00:00
0,0,39,2025-01-23 00:00:00
0,0,39,2025-04-02 20:00:00
0,0,39,2025-12-25 16:00:00
0,0,40,2025-06-29 20:00:00
0,0,38,2025-06-29 00:00:00
0,0,38,2025-10-16 16:00:00
0,0,38,2025-11-08 04:00:00
0,0,39,2025-11-08 08:00:00
0,0,37,2025-11-08 20:00:00
0,0,38,2026-04-16 00:00:00
1,0,36,2025-10-16 12:00:00
0,0,39,2025-11-08 20:00:00
0,0,40,2025-11-08 12:00:00
0,0,39,2025-11-08 00:00:00
0,0,40,2025-07-10 16:00:00
0,0,37,2026-03-10 12:00:00
0,0,39,2026-04-30 20:00:00
0,0,37,2026-04-26 00:00:00
0,0,36,2025-03-10 04:00:00
0,0,37,2026-03-24 04:00:00
0,0,37,2025-09-07 04:00:00
0,0,39,2025-09-07 04:00:00
0,0,37,2025-03-10 20:00:00
0,0,40,2025-03-10 20:00:00
0,0,37,2026-03-24 00:00:00
0,0,39,2026-03-24 00:00:00
0,0,40,2026-01-13 08:00:00
0,0,39,2025-09-07 20:00:00
0,0,36,2025-12-04 08:00:00
0,0,36,2025-12-04 20:00:00
0,0,36,2026-01-13 16:00:00
0,0,38,2025-11-14 16:00:00
0,0,37,2026-02-01 16:00:00
0,0,38,2026-02-01 16:00:00
0,0,39,2026-02-01 16:00:00
0,0,40,2025-12-14 20:00:00
0,0,38,2025-09-27 16:00:00
0,0,40,2025-02-07 08:00:00
0,1,39,2025-09-27 12:00:00
0,0,37,2025-09-27 08:00:00
0,0,37,2025-12-14 08:00:00
0,0,40,2025-12-14 08:00:00
0,0,39,2026-02-01 04:00:00
0,0,38,2025-02-07 04:00:00
0,0,40,2026-01-10 20:00:00
0,0,37,2026-01-10 00:00:00
0,0,36,2025-09-27 04:00:00
0,0,39,2025-10-21 04:00:00
0,0,37,2025-11-21 16:00:00
0,0,39,2025-11-21 08:00:00
0,0,39,2025-07-31 16:00:00
0,0,36,2025-05-24 12:00:00
0,0,38,2025-06-01 16:00:00
0,0,37,2025-01-11 00:00:00
0,0,38,2025-01-11 16:00:00
0,0,36,2026-02-13 04:00:00
0,0,36,2026-02-13 08:00:00
1,0,39,2025-06-01 12:00:00
0,0,40,2026-02-13 16:00:00
1,2,39,2025-04-15 08:00:00
1,0,40,2025-04-15 08:00:00
0,0,39,2025-04-15 04:00:00
0,0,36,2025-03-21 04:00:00
1,1,39,2025-03-12 12:00:00
0,0,40,2025-03-21 08:00:00
0,0,40,2025-09-22 04:00:00
1,0,37,2025-02-27 12:00:00
0,0,40,2025-02-27 04:00:00
0,0,40,2025-02-27 16:00:00
0,0,36,2025-04-15 00:00:00
0,0,36,2025-03-21 12:00:00
0,0,38,2025-08-13 04:00:00
0,1,38,2025-11-24 08:00:00
0,0,39,2025-11-24 12:00:00
0,0,38,2025-08-13 20:00:00
0,0,36,2026-03-18 16:00:00
0,0,39,2026-03-18 20:00:00
0,0,39,2025-11-05 16:00:00
0,0,40,2025-11-05 16:00:00
1,0,39,2025-08-13 12:00:00
0,0,37,2025-08-13 00:00:00
0,0,39,2025-02-24 20:00:00
0,0,38,2025-09-10 20:00:00
0,0,36,2025-03-04 04:00:00
0,0,38,2025-01-15 00:00:00
0,0,37,2025-03-04 20:00:00
0,0,39,2026-01-19 16:00:00
0,0,40,2025-03-04 16:00:00
1,0,36,2025-09-03 12:00:00
0,0,39,2025-11-18 16:00:00
0,0,36,2025-09-03 00:00:00
0,0,37,2026-02-07 16:00:00
0,0,38,2026-01-19 08:00:00
0,0,37,2025-07-19 04:00:00
0,0,36,2025-11-18 08:00:00
0,0,40,2025-09-10 00:00:00
0,0,38,2025-02-24 12:00:00
0,0,38,2025-07-19 08:00:00
0,0,36,2025-09-03 20:00:00
0,0,40,2025-09-03 16:00:00
0,0,37,2025-11-18 12:00:00
0,1,36,2025-01-14 08:00:00
0,0,38,2025-07-14 04:00:00
0,0,39,2025-07-14 04:00:00
0,0,40,2025-07-14 04:00:00
0,0,36,2025-01-14 00:00:00
0,0,38,2025-07-14 20:00:00
0,0,39,2025-07-14 20:00:00
0,0,39,2025-07-01 00:00:00
0,0,36,2025-01-14 20:00:00
0,0,36,2025-07-01 08:00:00
0,0,40,2025-06-20 00:00:00
0,0,37,2025-02-09 08:00:00
0,0,37,2025-02-09 00:00:00
0,0,37,2025-02-09 04:00:00
0,0,40,2025-02-09 04:00:00
0,0,39,2025-03-11 08:00:00
0,0,37,2025-02-09 16:00:00
0,0,38,2025-03-11 20:00:00
0,0,37,2025-08-12 08:00:00
0,0,40,2025-08-24 12:00:00
0,0,38,2025-08-24 16:00:00
0,0,39,2025-08-24 16:00:00
0,0,36,2025-11-30 16:00:00
0,0,37,2025-12-18 20:00:00
0,0,37,2025-11-30 04:00:00
0,0,36,2025-12-18 08:00:00
0,1,38,2025-06-23 12:00:00
0,0,39,2025-09-11 16:00:00
0,0,37,2025-07-02 04:00:00
0,0,36,2025-11-04 16:00:00
0,0,36,2025-07-02 16:00:00
0,0,36,2025-04-02 08:00:00
1,0,39,2025-04-02 12:00:00
0,0,38,2025-01-23 20:00:00
0,0,36,2025-01-23 20:00:00
0,0,36,2025-01-23 16:00:00
1,0,37,2025-06-29 12:00:00
0,0,36,2026-03-10 08:00:00
0,0,39,2026-03-10 00:00:00
0,0,38,2025-07-10 00:00:00
0,0,36,2026-04-16 08:00:00
0,0,40,2025-10-16 16:00:00
0,0,38,2025-11-08 08:00:00
0,0,40,2026-04-16 00:00:00
0,0,39,2026-04-30 04:00:00
0,0,40,2026-04-30 16:00:00
0,0,37,2026-04-16 04:00:00
0,0,38,2025-07-10 16:00:00
0,0,39,2026-03-10 12:00:00
0,0,38,2026-04-16 20:00:00
0,0,39,2026-04-26 12:00:00
0,0,38,2026-01-13 04:00:00
0,0,37,2026-04-26 08:00:00
0,0,39,2025-07-12 00:00:00
0,0,38,2025-03-10 04:00:00
0,0,39,2026-04-26 00:00:00
0,0,40,2026-04-26 00:00:00
0,0,37,2026-04-26 20:00:00
0,0,40,2026-04-26 20:00:00
0,0,36,2026-03-24 00:00:00
0,0,38,2025-12-04 12:00:00
0,0,37,2025-03-10 16:00:00
0,0,38,2025-03-10 00:00:00
0,0,38,2025-09-07 20:00:00
1,0,37,2026-03-24 12:00:00
1,0,36,2026-03-24 12:00:00
0,0,37,2025-12-04 16:00:00
0,2,39,2025-03-10 08:00:00
0,0,40,2026-01-13 16:00:00
0,0,37,2026-04-26 12:00:00
0,0,37,2025-06-27 16:00:00
0,0,40,2025-09-27 04:00:00
0,0,40,2026-02-01 00:00:00
0,0,36,2026-02-01 08:00:00
0,0,36,2025-10-21 16:00:00
0,0,38,2025-08-30 04:00:00
0,1,39,2025-09-27 08:00:00
0,0,37,2026-02-01 04:00:00
0,0,36,2025-08-30 08:00:00
0,0,39,2026-01-10 00:00:00
0,0,38,2025-07-31 00:00:00
0,0,38,2025-11-21 00:00:00
0,0,38,2025-08-06 16:00:00
1,0,38,2025-07-31 08:00:00
0,0,36,2025-06-01 04:00:00
0,0,40,2025-06-01 00:00:00
0,0,37,2025-05-24 20:00:00
0,0,37,2026-03-11 08:00:00
0,0,39,2025-05-24 16:00:00
0,0,36,2026-03-11 00:00:00
0,0,40,2026-03-11 00:00:00
0,0,39,2026-03-11 20:00:00
0,0,40,2025-01-11 16:00:00
0,0,40,2026-02-13 04:00:00
0,0,36,2025-03-21 20:00:00
0,0,37,2025-04-15 04:00:00
0,0,37,2025-02-27 08:00:00
0,1,39,2025-02-27 08:00:00
0,0,37,2025-09-22 04:00:00
0,0,36,2025-03-21 08:00:00
1,0,38,2025-03-12 08:00:00
0,0,38,2025-03-12 00:00:00
0,0,37,2025-05-06 00:00:00
0,0,36,2026-03-18 00:00:00
0,0,38,2025-05-06 16:00:00
0,0,40,2025-05-06 16:00:00
0,0,38,2026-03-18 16:00:00
0,0,36,2026-03-18 04:00:00
0,0,36,2025-08-13 16:00:00
0,0,39,2025-08-13 16:00:00
0,0,37,2025-11-05 00:00:00
0,0,40,2025-07-19 08:00:00
1,0,38,2025-09-03 08:00:00
1,1,39,2025-09-03 08:00:00
0,0,36,2026-01-19 20:00:00
0,0,39,2025-02-24 04:00:00
0,0,40,2025-02-24 04:00:00
0,0,40,2026-01-19 20:00:00
0,0,40,2025-07-19 12:00:00
0,0,36,2025-01-15 20:00:00
0,0,40,2025-03-04 20:00:00
0,0,37,2026-02-27 12:00:00
1,0,38,2025-09-10 12:00:00
0,0,39,2025-09-10 04:00:00
1,0,37,2025-09-03 12:00:00
0,0,38,2026-02-27 16:00:00
0,0,40,2026-02-27 16:00:00
0,0,39,2026-02-07 16:00:00
0,1,38,2025-02-24 08:00:00
0,0,39,2026-02-27 00:00:00
0,0,40,2025-07-19 00:00:00
0,0,37,2026-02-07 12:00:00
0,0,38,2025-09-03 16:00:00
0,0,40,2025-07-01 16:00:00
0,0,38,2025-01-14 16:00:00
0,0,39,2025-07-01 04:00:00
0,0,40,2025-07-01 04:00:00
0,0,38,2025-07-01 20:00:00
0,0,37,2025-06-20 00:00:00
0,0,36,2025-06-20 00:00:00
0,0,38,2025-02-09 00:00:00
0,0,40,2025-02-09 00:00:00
0,0,40,2025-02-09 20:00:00
0,0,39,2025-02-09 04:00:00
0,0,39,2025-08-12 20:00:00
0,0,38,2025-02-09 16:00:00
0,0,38,2025-08-12 16:00:00
0,0,40,2025-11-27 12:00:00
0,0,40,2025-11-27 08:00:00
0,0,40,2025-08-24 04:00:00
0,0,40,2025-08-24 16:00:00
0,0,38,2025-08-24 00:00:00
0,0,38,2025-08-24 08:00:00
0,0,36,2025-11-27 00:00:00
0,0,39,2025-08-24 08:00:00
0,0,38,2025-12-18 20:00:00
0,0,40,2025-11-30 00:00:00
0,0,37,2026-02-02 00:00:00
0,0,38,2025-06-23 20:00:00
0,1,39,2025-06-23 08:00:00
0,0,38,2026-04-14 04:00:00
0,1,36,2025-01-23 12:00:00
0,0,39,2026-04-14 16:00:00
0,0,38,2025-07-02 16:00:00
0,0,37,2026-04-14 12:00:00
0,0,40,2026-04-14 12:00:00
0,0,36,2025-09-11 04:00:00
0,0,39,2025-12-25 20:00:00
0,0,39,2025-04-02 00:00:00
0,0,37,2025-01-23 16:00:00
0,0,38,2025-12-25 04:00:00
1,0,40,2025-06-29 12:00:00
0,0,39,2025-06-29 00:00:00
0,0,39,2025-10-16 20:00:00
1,1,39,2025-07-10 08:00:00
0,0,37,2025-11-08 04:00:00
1,0,40,2026-04-30 12:00:00
0,0,37,2026-03-10 20:00:00
0,0,36,2025-11-08 08:00:00
0,0,38,2025-07-10 04:00:00
0,0,36,2026-03-10 16:00:00
0,0,36,2025-07-10 04:00:00
0,0,40,2025-10-16 08:00:00
0,0,36,2026-03-10 00:00:00
0,0,38,2026-03-24 04:00:00
0,0,40,2026-03-24 04:00:00
0,0,37,2025-09-07 00:00:00
0,1,38,2026-01-13 12:00:00
0,0,36,2026-01-13 12:00:00
0,0,36,2025-07-12 20:00:00
0,0,39,2025-03-10 00:00:00
0,0,36,2026-01-13 20:00:00
0,0,40,2025-12-04 08:00:00
0,0,39,2025-07-12 08:00:00
0,0,38,2026-03-24 20:00:00
0,0,36,2025-11-14 12:00:00
0,0,38,2025-11-14 08:00:00
0,0,38,2025-11-14 20:00:00
0,0,37,2025-06-27 00:00:00
0,0,36,2026-02-01 16:00:00
0,0,36,2026-02-01 00:00:00
0,1,38,2025-02-07 12:00:00
0,0,36,2025-02-07 12:00:00
0,0,39,2026-01-10 16:00:00
0,0,40,2025-08-30 16:00:00
0,0,38,2026-01-10 00:00:00
0,0,40,2025-08-30 08:00:00
0,0,36,2026-02-01 20:00:00
0,0,37,2025-02-07 20:00:00
0,0,38,2025-09-27 04:00:00
0,0,37,2025-07-31 20:00:00
0,0,36,2025-07-31 04:00:00
0,0,38,2025-11-21 08:00:00
0,0,40,2025-07-31 08:00:00
0,0,36,2025-07-31 16:00:00
0,0,36,2025-08-06 04:00:00
0,0,38,2025-01-11 04:00:00
0,0,40,2025-06-01 04:00:00
0,0,38,2025-01-11 12:00:00
0,0,37,2025-06-01 08:00:00
0,0,40,2025-06-01 08:00:00
0,0,39,2025-05-24 04:00:00
0,0,36,2025-06-01 20:00:00
0,0,36,2025-03-21 00:00:00
0,0,37,2025-03-21 04:00:00
1,0,36,2025-04-15 12:00:00
1,0,40,2025-04-15 12:00:00
0,0,36,2025-02-27 00:00:00
0,0,37,2025-04-15 16:00:00
0,0,40,2025-08-13 04:00:00
0,0,37,2026-03-18 00:00:00
0,0,40,2026-03-18 16:00:00
0,0,37,2025-08-13 08:00:00
0,0,37,2025-11-05 04:00:00
0,0,40,2025-08-13 08:00:00
0,0,40,2025-05-06 20:00:00
0,0,40,2026-03-18 12:00:00
1,0,40,2025-05-06 12:00:00
0,0,39,2025-11-24 16:00:00
0,0,36,2025-07-19 20:00:00
0,0,38,2026-01-19 04:00:00
0,0,36,2026-02-27 20:00:00
0,0,39,2025-03-04 04:00:00
0,0,38,2025-02-24 16:00:00
0,0,36,2026-01-19 00:00:00
0,0,40,2026-01-19 00:00:00
0,0,37,2025-07-19 12:00:00
0,0,38,2025-07-19 12:00:00
0,0,37,2025-03-04 08:00:00
0,0,40,2025-11-18 16:00:00
0,0,40,2026-02-07 16:00:00
0,0,38,2026-02-27 00:00:00
0,1,36,2025-02-24 08:00:00
0,0,36,2025-07-19 00:00:00
0,0,39,2025-07-19 04:00:00
0,0,37,2026-02-07 00:00:00
0,0,37,2025-09-03 20:00:00
0,1,36,2025-01-15 08:00:00
0,1,36,2025-07-19 16:00:00
0,0,40,2025-01-14 08:00:00
0,0,40,2025-07-14 20:00:00
0,0,38,2025-07-14 08:00:00
0,0,39,2025-07-14 12:00:00
0,1,37,2025-06-20 12:00:00
0,0,39,2025-03-11 04:00:00
0,0,38,2025-08-12 20:00:00
0,0,37,2025-02-09 12:00:00
0,0,36,2025-07-25 00:00:00
0,0,37,2025-11-27 08:00:00
0,0,36,2025-11-27 08:00:00
0,0,39,2025-11-27 08:00:00
0,0,40,2025-11-27 20:00:00
0,0,37,2025-05-15 08:00:00
0,0,36,2025-08-24 08:00:00
0,0,36,2026-02-02 16:00:00
0,0,40,2026-02-02 16:00:00
0,0,37,2025-11-30 20:00:00
0,0,40,2025-12-18 12:00:00
0,0,38,2026-02-02 04:00:00
0,0,40,2025-11-30 04:00:00
0,0,36,2025-06-23 12:00:00
0,0,38,2025-01-23 12:00:00
0,0,36,2025-11-04 08:00:00
0,0,36,2025-12-25 08:00:00
0,0,38,2025-01-23 00:00:00
0,0,38,2026-04-14 08:00:00
0,0,36,2025-12-25 20:00:00
0,0,40,2026-04-14 00:00:00
0,0,36,2025-04-02 00:00:00
0,0,36,2025-09-11 20:00:00
0,0,39,2025-09-11 20:00:00
0,0,38,2025-01-23 16:00:00
0,0,40,2025-01-23 16:00:00
0,0,36,2025-12-25 04:00:00
0,0,38,2025-06-29 16:00:00
0,0,40,2025-06-29 16:00:00
0,0,36,2025-06-29 04:00:00
0,0,37,2025-06-29 08:00:00
0,0,37,2025-07-10 00:00:00
0,0,39,2025-07-10 00:00:00
1,0,37,2025-07-10 08:00:00
1,0,36,2026-04-30 12:00:00
0,0,37,2025-11-08 16:00:00
0,0,39,2026-04-16 00:00:00
0,0,38,2026-04-30 04:00:00
0,0,37,2025-11-08 12:00:00
0,0,39,2025-11-08 12:00:00
0,0,37,2026-03-24 20:00:00
0,0,37,2026-04-26 04:00:00
0,0,38,2025-07-12 00:00:00
0,0,36,2026-04-26 08:00:00
0,0,40,2026-04-26 08:00:00
0,0,40,2025-03-10 04:00:00
0,0,39,2026-03-24 04:00:00
0,0,37,2025-07-12 16:00:00
0,0,36,2025-07-12 16:00:00
0,0,38,2025-03-10 16:00:00
0,0,37,2025-03-10 12:00:00
0,0,37,2026-04-26 16:00:00
0,0,38,2025-03-10 08:00:00
0,0,39,2026-04-26 16:00:00
0,0,38,2026-03-24 16:00:00
0,0,40,2025-11-14 16:00:00
0,0,37,2025-11-14 04:00:00
0,0,37,2025-02-07 16:00:00
0,0,37,2025-02-07 08:00:00
0,0,39,2025-09-27 16:00:00
0,0,38,2025-12-14 12:00:00
0,0,39,2025-10-21 08:00:00
0,0,38,2025-10-21 16:00:00
0,0,37,2025-02-07 12:00:00
0,0,36,2026-02-01 04:00:00
0,0,36,2026-01-10 08:00:00
0,0,36,2025-08-06 20:00:00
0,0,39,2025-08-06 20:00:00
0,0,40,2025-08-06 04:00:00
0,0,40,2025-08-06 20:00:00
1,0,36,2025-07-31 12:00:00
0,0,40,2025-11-21 04:00:00
0,0,39,2025-07-31 20:00:00
0,0,38,2026-03-11 16:00:00
0,0,37,2026-02-13 12:00:00
0,0,40,2026-02-13 20:00:00
0,0,36,2025-01-11 16:00:00
0,0,36,2025-05-24 00:00:00
0,0,36,2026-03-11 20:00:00
0,0,36,2025-05-24 08:00:00
0,0,38,2025-09-22 08:00:00
0,0,39,2025-09-22 08:00:00
0,1,37,2025-04-15 08:00:00
0,0,37,2025-09-22 20:00:00
0,0,38,2025-09-22 20:00:00
0,0,40,2025-02-27 08:00:00
0,0,39,2025-09-22 04:00:00
0,0,39,2025-03-12 20:00:00
0,0,39,2025-04-15 20:00:00
0,0,39,2025-03-21 16:00:00
0,0,40,2025-03-12 20:00:00
0,0,36,2025-02-27 16:00:00
0,0,40,2025-09-22 16:00:00
0,0,37,2025-11-24 20:00:00
0,0,38,2025-05-06 00:00:00
0,0,40,2025-05-06 00:00:00
0,0,36,2025-05-06 16:00:00
0,0,38,2025-05-06 04:00:00
1,0,38,2025-08-13 08:00:00
0,0,36,2025-11-05 16:00:00
1,0,37,2025-08-13 12:00:00
0,0,36,2025-11-05 08:00:00
1,0,39,2025-05-06 12:00:00
0,1,38,2025-01-15 08:00:00
0,0,38,2025-07-19 16:00:00
0,0,40,2026-02-27 08:00:00
0,0,37,2025-09-10 20:00:00
0,0,40,2025-03-04 12:00:00
0,0,37,2026-02-27 20:00:00
0,0,39,2026-02-27 20:00:00
0,0,39,2025-02-24 16:00:00
0,0,37,2025-01-15 00:00:00
0,0,39,2025-01-15 20:00:00
0,0,40,2025-01-15 20:00:00
1,0,36,2025-09-10 12:00:00
1,0,40,2026-02-27 12:00:00
0,0,39,2025-03-04 16:00:00
0,1,38,2025-03-04 08:00:00
0,0,36,2026-02-27 16:00:00
0,0,36,2025-11-18 00:00:00
0,0,40,2026-02-07 20:00:00
0,0,40,2025-09-10 16:00:00
0,0,36,2026-02-07 16:00:00
0,0,37,2025-07-19 00:00:00
0,0,38,2026-02-07 12:00:00
0,0,40,2026-02-07 00:00:00
0,0,38,2025-01-14 08:00:00
1,0,39,2025-07-01 12:00:00
0,0,38,2025-07-01 04:00:00
0,0,38,2025-07-01 08:00:00
0,0,23,2025-03-11 04:00:00
1,0,22,2025-03-11 16:00:00
2,0,24,2025-03-11 04:00:00
2,0,22,2025-08-12 20:00:00
0,0,25,2025-08-12 20:00:00
4,1,24,2025-03-11 08:00:00
2,0,24,2025-03-11 00:00:00
2,0,22,2025-02-09 16:00:00
2,0,22,2025-02-09 12:00:00
1,0,23,2025-06-20 12:00:00
4,1,24,2025-06-20 12:00:00
2,2,24,2025-06-20 20:00:00
2,0,21,2025-06-20 08:00:00
2,0,22,2025-03-11 04:00:00
2,0,21,2025-08-12 04:00:00
4,1,24,2025-08-12 16:00:00
3,0,25,2025-08-12 12:00:00
0,0,25,2025-08-12 00:00:00
2,0,22,2025-06-20 08:00:00
0,0,23,2025-02-09 04:00:00
2,0,24,2025-02-09 04:00:00
0,0,23,2025-08-12 20:00:00
1,0,21,2025-03-11 08:00:00
2,0,24,2025-08-12 20:00:00
2,0,24,2025-02-09 16:00:00
2,0,21,2025-02-09 12:00:00
1,0,21,2025-03-11 12:00:00
2,0,24,2025-02-09 20:00:00
2,0,21,2025-03-11 04:00:00
2,0,21,2025-08-12 20:00:00
2,0,22,2025-08-12 04:00:00
4,1,22,2025-08-12 16:00:00
0,0,25,2025-03-11 20:00:00
0,0,25,2025-02-09 00:00:00
1,0,21,2025-03-11 16:00:00
3,0,25,2025-03-11 08:00:00
2,0,23,2025-08-12 04:00:00
2,0,25,2025-06-20 04:00:00
0,0,23,2025-02-09 16:00:00
4,0,24,2025-06-20 16:00:00
4,0,22,2025-06-20 12:00:00
2,0,25,2025-06-20 12:00:00
4,0,22,2025-08-12 12:00:00
0,0,23,2025-03-11 16:00:00
4,0,24,2025-03-11 16:00:00
1,0,23,2025-03-11 08:00:00
2,0,24,2025-08-12 04:00:00
3,0,25,2025-08-12 16:00:00
2,0,22,2025-03-11 20:00:00
2,0,23,2025-08-12 08:00:00
1,0,23,2025-08-12 12:00:00
0,0,23,2025-06-20 20:00:00
2,0,21,2025-06-20 00:00:00
2,0,21,2025-02-09 08:00:00
2,0,22,2025-02-09 00:00:00
2,0,21,2025-02-09 20:00:00
2,0,21,2025-06-20 04:00:00
2,0,21,2025-03-11 20:00:00
2,0,21,2025-06-20 20:00:00
2,0,23,2025-02-09 08:00:00
0,0,23,2025-08-12 00:00:00
0,0,23,2025-02-09 00:00:00
2,0,24,2025-02-09 00:00:00
0,0,25,2025-03-11 00:00:00
2,0,21,2025-03-11 00:00:00
1,0,23,2025-08-12 16:00:00
1,0,21,2025-08-12 16:00:00
2,0,22,2025-06-20 20:00:00
0,0,23,2025-06-20 16:00:00
2,0,22,2025-08-12 08:00:00
2,1,21,2025-06-20 16:00:00
2,0,22,2025-06-20 00:00:00
2,0,21,2025-08-12 00:00:00
2,0,24,2025-02-09 08:00:00
2,0,23,2025-06-20 08:00:00
2,0,21,2025-02-09 00:00:00
1,0,22,2025-03-11 08:00:00
0,0,23,2025-03-11 20:00:00
1,0,23,2025-03-11 12:00:00
0,0,25,2025-06-20 00:00:00
2,0,24,2025-06-20 00:00:00
2,0,22,2025-08-12 00:00:00
2,0,25,2025-02-09 08:00:00
2,0,22,2025-03-11 00:00:00
2,0,22,2025-06-20 04:00:00
1,0,23,2025-02-09 12:00:00
2,0,25,2025-08-12 08:00:00
2,0,21,2025-06-20 12:00:00
3,0,25,2025-03-11 12:00:00
4,0,24,2025-03-11 12:00:00
4,0,24,2025-08-12 12:00:00
0,0,25,2025-02-09 20:00:00
3,0,25,2025-03-11 16:00:00
2,0,23,2025-06-20 04:00:00
2,0,25,2025-08-12 04:00:00
2,0,21,2025-08-12 08:00:00
2,0,22,2025-02-09 08:00:00
2,0,21,2025-02-09 04:00:00
0,0,25,2025-02-09 16:00:00
3,0,24,2025-03-11 20:00:00
0,0,13,2025-03-11 12:00:00
1,0,13,2025-08-12 12:00:00
0,0,13,2025-02-09 04:00:00
0,0,13,2025-02-09 12:00:00
0,0,15,2025-02-09 08:00:00
0,0,14,2025-08-12 08:00:00
0,0,15,2025-08-12 08:00:00
4,0,15,2025-06-20 12:00:00
0,0,14,2025-02-09 00:00:00
0,0,12,2025-08-12 20:00:00
4,0,15,2025-03-11 12:00:00
0,0,15,2025-02-09 20:00:00
0,0,11,2025-02-09 04:00:00
0,0,12,2025-06-20 20:00:00
0,0,13,2025-06-20 08:00:00
0,0,14,2025-06-20 16:00:00
0,0,13,2025-06-20 00:00:00
0,0,13,2025-06-20 16:00:00
4,0,11,2025-06-20 12:00:00
0,0,15,2025-02-09 16:00:00
0,0,12,2025-02-09 00:00:00
0,0,11,2025-02-09 00:00:00
0,0,11,2025-02-09 16:00:00
0,0,11,2025-08-12 20:00:00
0,0,11,2025-03-11 08:00:00
0,0,13,2025-08-12 04:00:00
0,0,15,2025-08-12 04:00:00
0,0,11,2025-06-20 00:00:00
0,0,15,2025-03-11 04:00:00
0,0,15,2025-03-11 00:00:00
0,0,12,2025-03-11 00:00:00
0,0,11,2025-08-12 04:00:00
0,0,14,2025-08-12 00:00:00
0,0,14,2025-06-20 20:00:00
0,0,15,2025-06-20 20:00:00
0,0,14,2025-02-09 12:00:00
0,0,15,2025-02-09 12:00:00
0,0,14,2025-08-12 16:00:00
0,0,12,2025-03-11 12:00:00
0,0,12,2025-08-12 16:00:00
0,0,11,2025-08-12 16:00:00
0,0,11,2025-02-09 20:00:00
0,0,12,2025-03-11 20:00:00
0,0,12,2025-08-12 00:00:00
0,0,11,2025-08-12 00:00:00
0,0,11,2025-06-20 08:00:00
0,0,14,2025-08-12 20:00:00
0,0,14,2025-06-20 04:00:00
0,0,13,2025-06-20 20:00:00
0,0,14,2025-06-20 08:00:00
0,0,14,2025-06-20 00:00:00
0,0,13,2025-06-20 12:00:00
0,0,15,2025-03-11 16:00:00
0,0,12,2025-03-11 16:00:00
0,0,11,2025-03-11 16:00:00
0,0,12,2025-03-11 04:00:00
0,0,14,2025-03-11 00:00:00
0,0,14,2025-02-09 20:00:00
0,0,12,2025-08-12 04:00:00
0,0,11,2025-06-20 20:00:00
0,0,12,2025-02-09 12:00:00
0,0,11,2025-02-09 08:00:00
0,0,14,2025-02-09 16:00:00
0,0,13,2025-02-09 00:00:00
0,0,13,2025-08-12 20:00:00
0,0,13,2025-06-20 04:00:00
0,0,15,2025-06-20 04:00:00
0,0,11,2025-06-20 04:00:00
0,0,14,2025-02-09 08:00:00
0,0,12,2025-06-20 16:00:00
0,0,13,2025-02-09 16:00:00
0,0,15,2025-08-12 20:00:00
0,0,12,2025-03-11 08:00:00
0,0,14,2025-03-11 12:00:00
0,0,12,2025-08-12 12:00:00
0,0,14,2025-03-11 08:00:00
0,0,13,2025-03-11 08:00:00
0,0,14,2025-02-09 04:00:00
0,0,12,2025-02-09 04:00:00
0,0,11,2025-03-11 20:00:00
0,0,13,2025-03-11 16:00:00
0,0,13,2025-08-12 16:00:00
0,0,15,2025-02-09 04:00:00
0,0,15,2025-03-11 20:00:00
0,0,15,2025-06-20 08:00:00
0,0,12,2025-06-20 08:00:00
0,0,15,2025-06-20 16:00:00
4,0,15,2025-08-12 12:00:00
0,0,13,2025-02-09 20:00:00
0,0,12,2025-02-09 20:00:00
0,0,14,2025-03-11 04:00:00
0,0,11,2025-03-11 04:00:00
0,0,15,2025-08-12 00:00:00
0,0,12,2025-02-09 08:00:00
0,0,15,2025-02-09 00:00:00
4,0,11,2025-08-12 12:00:00
0,0,13,2025-03-11 04:00:00
0,0,11,2025-03-11 00:00:00
0,0,14,2025-08-12 04:00:00
0,0,13,2025-03-11 20:00:00
0,0,12,2025-08-12 08:00:00
0,0,11,2025-06-20 16:00:00
0,0,14,2025-03-11 16:00:00
0,0,12,2025-02-09 16:00:00
0,0,15,2025-03-11 08:00:00
4,0,11,2025-03-11 12:00:00
0,0,12,2025-06-20 04:00:00
0,0,13,2025-03-11 00:00:00
0,0,13,2025-08-12 00:00:00
0,0,13,2025-02-09 08:00:00
0,0,11,2025-02-09 12:00:00
0,0,14,2025-06-20 12:00:00
0,0,15,2025-06-20 00:00:00
0,0,12,2025-06-20 00:00:00
0,0,11,2025-08-12 08:00:00
1,0,14,2025-08-12 12:00:00
0,0,15,2025-08-12 16:00:00
0,0,14,2025-03-11 20:00:00
0,0,13,2025-08-12 08:00:00
0,0,12,2025-06-20 12:00:00
0,0,09,2025-08-12 20:00:00
0,0,10,2025-03-11 08:00:00
1,2,06,2025-03-11 12:00:00
0,0,09,2025-03-11 00:00:00
0,0,09,2025-02-09 08:00:00
1,2,06,2025-08-12 16:00:00
2,2,07,2025-02-09 16:00:00
4,0,09,2025-06-20 12:00:00
0,0,09,2025-03-11 08:00:00
4,4,08,2025-08-12 08:00:00
2,1,07,2025-02-09 12:00:00
4,4,08,2025-06-20 12:00:00
0,0,09,2025-02-09 12:00:00
2,1,06,2025-02-09 16:00:00
0,0,09,2025-02-09 16:00:00
0,0,09,2025-03-11 16:00:00
2,0,06,2025-02-09 12:00:00
2,2,06,2025-08-12 08:00:00
4,0,10,2025-08-12 12:00:00
4,4,08,2025-06-20 20:00:00
4,3,08,2025-02-09 20:00:00
4,1,08,2025-02-09 04:00:00
0,0,09,2025-06-20 20:00:00
2,0,06,2025-03-11 00:00:00
4,0,09,2025-08-12 12:00:00
2,1,06,2025-06-20 20:00:00
4,1,08,2025-08-12 00:00:00
0,0,09,2025-03-11 04:00:00
0,0,09,2025-08-12 04:00:00
0,0,10,2025-02-09 04:00:00
2,0,06,2025-08-12 20:00:00
0,0,10,2025-06-20 20:00:00
2,3,06,2025-08-12 04:00:00
2,2,07,2025-08-12 04:00:00
2,2,07,2025-06-20 20:00:00
4,3,08,2025-02-09 08:00:00
0,0,09,2025-02-09 20:00:00
2,2,07,2025-03-11 08:00:00
2,2,07,2025-08-12 16:00:00
0,0,10,2025-06-20 00:00:00
2,2,07,2025-08-12 08:00:00
4,0,09,2025-03-11 12:00:00
1,2,06,2025-08-12 12:00:00
2,0,06,2025-08-12 00:00:00
2,2,07,2025-06-20 08:00:00
2,0,06,2025-02-09 00:00:00
4,3,08,2025-03-11 04:00:00
2,1,07,2025-03-11 16:00:00
0,0,09,2025-02-09 04:00:00
4,4,08,2025-08-12 20:00:00
0,0,10,2025-06-20 16:00:00
2,0,06,2025-03-11 20:00:00
2,0,07,2025-03-11 20:00:00
4,4,08,2025-02-09 12:00:00
2,0,06,2025-06-20 00:00:00
0,0,10,2025-03-11 04:00:00
2,0,07,2025-02-09 00:00:00
0,0,10,2025-02-09 20:00:00
4,4,08,2025-03-11 16:00:00
4,4,08,2025-02-09 16:00:00
2,2,07,2025-03-11 12:00:00
2,0,07,2025-02-09 08:00:00
0,0,10,2025-03-11 00:00:00
1,3,06,2025-03-11 08:00:00
0,0,09,2025-02-09 00:00:00
4,4,08,2025-06-20 16:00:00
0,0,10,2025-08-12 16:00:00
1,0,06,2025-03-11 16:00:00
2,0,07,2025-02-09 04:00:00
0,1,10,2025-08-12 00:00:00
0,0,10,2025-02-09 16:00:00
2,2,07,2025-06-20 12:00:00
4,4,08,2025-08-12 12:00:00
4,4,08,2025-06-20 08:00:00
4,4,08,2025-08-12 04:00:00
0,0,10,2025-02-09 12:00:00
0,0,10,2025-08-12 08:00:00
0,0,09,2025-08-12 16:00:00
2,2,07,2025-03-11 04:00:00
0,0,09,2025-03-11 20:00:00
0,0,10,2025-03-11 20:00:00
0,0,09,2025-08-12 00:00:00
4,0,08,2025-03-11 00:00:00
4,0,10,2025-06-20 12:00:00
0,0,10,2025-08-12 20:00:00
2,4,06,2025-06-20 16:00:00
2,2,07,2025-06-20 16:00:00
2,1,06,2025-02-09 20:00:00
2,0,07,2025-03-11 00:00:00
0,0,09,2025-06-20 08:00:00
0,0,10,2025-02-09 08:00:00
4,4,08,2025-08-12 16:00:00
0,0,10,2025-06-20 04:00:00
2,1,06,2025-02-09 08:00:00
2,2,06,2025-06-20 08:00:00
2,0,07,2025-02-09 20:00:00
0,0,10,2025-08-12 04:00:00
2,0,06,2025-02-09 04:00:00
4,4,08,2025-03-11 08:00:00
4,3,08,2025-06-20 04:00:00
2,1,07,2025-06-20 04:00:00
0,0,10,2025-06-20 08:00:00
0,0,09,2025-06-20 00:00:00
0,0,10,2025-02-09 00:00:00
0,0,10,2025-03-11 16:00:00
4,0,10,2025-03-11 12:00:00
4,4,08,2025-03-11 12:00:00
4,2,08,2025-06-20 00:00:00
0,0,09,2025-06-20 04:00:00
2,1,06,2025-06-20 04:00:00
4,2,06,2025-06-20 12:00:00
2,0,07,2025-06-20 00:00:00
2,0,07,2025-08-12 00:00:00
0,0,09,2025-08-12 08:00:00
0,0,09,2025-06-20 16:00:00
2,2,07,2025-08-12 12:00:00
2,2,08,2025-02-09 00:00:00
2,2,06,2025-03-11 04:00:00
2,1,07,2025-08-12 20:00:00
4,4,08,2025-03-11 20:00:00
3,0,30,2025-08-12 12:00:00
0,0,26,2025-08-12 00:00:00
3,0,28,2025-08-12 00:00:00
0,0,29,2025-02-09 00:00:00
3,0,30,2025-03-11 16:00:00
2,0,28,2025-02-09 04:00:00
2,3,28,2025-06-20 04:00:00
3,0,30,2025-08-12 16:00:00
0,0,26,2025-02-09 16:00:00
2,0,27,2025-08-12 08:00:00
4,3,28,2025-02-09 12:00:00
1,0,26,2025-03-11 12:00:00
0,0,29,2025-02-09 04:00:00
0,0,27,2025-08-12 20:00:00
3,3,28,2025-08-12 20:00:00
3,0,30,2025-03-11 20:00:00
3,0,29,2025-06-20 12:00:00
4,4,28,2025-06-20 08:00:00
3,0,30,2025-03-11 04:00:00
0,0,26,2025-02-09 04:00:00
0,0,26,2025-02-09 08:00:00
0,0,27,2025-03-11 16:00:00
3,0,30,2025-08-12 20:00:00
2,0,30,2025-06-20 04:00:00
3,0,30,2025-02-09 16:00:00
0,0,30,2025-06-20 00:00:00
3,0,30,2025-06-20 08:00:00
0,0,27,2025-02-09 00:00:00
0,0,29,2025-02-09 20:00:00
1,0,27,2025-03-11 08:00:00
1,0,26,2025-03-11 08:00:00
3,0,29,2025-03-11 08:00:00
0,0,29,2025-08-12 20:00:00
4,3,28,2025-02-09 16:00:00
3,0,29,2025-08-12 16:00:00
0,0,29,2025-03-11 20:00:00
0,0,29,2025-02-09 12:00:00
3,0,30,2025-06-20 12:00:00
1,0,26,2025-08-12 12:00:00
3,0,30,2025-02-09 08:00:00
3,2,28,2025-02-09 08:00:00
2,0,30,2025-02-09 04:00:00
0,0,27,2025-02-09 04:00:00
0,0,26,2025-08-12 04:00:00
3,0,29,2025-08-12 08:00:00
1,0,27,2025-03-11 12:00:00
4,4,28,2025-03-11 12:00:00
2,1,28,2025-06-20 00:00:00
0,0,27,2025-03-11 04:00:00
3,0,30,2025-03-11 08:00:00
0,0,27,2025-02-09 12:00:00
4,4,28,2025-06-20 16:00:00
0,0,27,2025-06-20 00:00:00
0,0,27,2025-06-20 04:00:00
0,0,26,2025-06-20 04:00:00
0,0,27,2025-03-11 20:00:00
3,0,30,2025-03-11 12:00:00
3,0,29,2025-08-12 12:00:00
2,0,27,2025-02-09 08:00:00
0,0,30,2025-02-09 00:00:00
2,1,28,2025-02-09 00:00:00
0,0,30,2025-02-09 20:00:00
3,2,28,2025-02-09 20:00:00
0,0,26,2025-08-12 20:00:00
4,4,28,2025-03-11 08:00:00
3,0,30,2025-08-12 04:00:00
2,0,27,2025-08-12 04:00:00
0,0,26,2025-08-12 16:00:00
0,0,26,2025-03-11 20:00:00
0,0,26,2025-02-09 20:00:00
2,0,26,2025-06-20 12:00:00
1,0,27,2025-08-12 12:00:00
4,3,28,2025-06-20 20:00:00
2,0,29,2025-06-20 08:00:00
0,0,27,2025-02-09 20:00:00
0,0,26,2025-03-11 04:00:00
2,4,28,2025-08-12 04:00:00
0,0,29,2025-06-20 04:00:00
0,0,27,2025-08-12 16:00:00
0,0,29,2025-02-09 16:00:00
3,0,30,2025-02-09 12:00:00
4,4,28,2025-08-12 08:00:00
4,4,28,2025-08-12 12:00:00
0,0,29,2025-06-20 00:00:00
0,0,26,2025-03-11 16:00:00
4,4,28,2025-03-11 16:00:00
0,0,29,2025-03-11 00:00:00
0,0,27,2025-02-09 16:00:00
3,0,30,2025-08-12 08:00:00
0,0,30,2025-06-20 20:00:00
0,0,30,2025-08-12 00:00:00
0,0,27,2025-08-12 00:00:00
0,0,29,2025-08-12 00:00:00
3,0,28,2025-03-11 00:00:00
3,0,30,2025-06-20 16:00:00
0,0,27,2025-06-20 16:00:00
2,0,26,2025-08-12 08:00:00
0,0,29,2025-06-20 16:00:00
0,0,26,2025-06-20 00:00:00
0,0,26,2025-06-20 20:00:00
3,0,29,2025-03-11 12:00:00
0,0,29,2025-02-09 08:00:00
2,0,26,2025-06-20 08:00:00
0,0,27,2025-03-11 00:00:00
0,0,26,2025-02-09 12:00:00
0,0,26,2025-06-20 16:00:00
1,0,27,2025-06-20 12:00:00
4,4,28,2025-06-20 12:00:00
0,0,27,2025-06-20 20:00:00
0,0,29,2025-06-20 20:00:00
3,4,28,2025-03-11 04:00:00
0,0,29,2025-03-11 04:00:00
0,0,30,2025-03-11 00:00:00
0,0,29,2025-08-12 04:00:00
3,3,28,2025-03-11 20:00:00
2,0,27,2025-06-20 08:00:00
0,0,26,2025-02-09 00:00:00
3,0,29,2025-03-11 16:00:00
0,0,26,2025-03-11 00:00:00
4,4,28,2025-08-12 16:00:00
1,1,41,2025-02-09 12:00:00
1,0,42,2025-08-12 12:00:00
1,1,41,2025-06-20 08:00:00
0,0,45,2025-03-11 16:00:00
1,0,42,2025-03-11 08:00:00
0,0,43,2025-06-20 04:00:00
0,0,45,2025-08-12 16:00:00
0,0,45,2025-02-09 12:00:00
0,1,44,2025-08-12 12:00:00
0,0,41,2025-02-09 00:00:00
0,0,43,2025-03-11 16:00:00
1,1,41,2025-03-11 08:00:00
0,0,41,2025-08-12 20:00:00
0,0,45,2025-06-20 04:00:00
0,1,41,2025-08-12 04:00:00
0,0,42,2025-08-12 16:00:00
0,0,43,2025-02-09 12:00:00
0,0,42,2025-08-12 08:00:00
0,0,45,2025-08-12 12:00:00
0,0,45,2025-02-09 00:00:00
0,0,43,2025-02-09 20:00:00
0,0,42,2025-02-09 20:00:00
1,2,41,2025-03-11 16:00:00
0,0,43,2025-02-09 04:00:00
0,0,42,2025-02-09 04:00:00
0,0,42,2025-02-09 16:00:00
1,2,41,2025-06-20 16:00:00
0,0,42,2025-06-20 16:00:00
1,0,43,2025-08-12 12:00:00
0,0,42,2025-06-20 20:00:00
1,0,41,2025-02-09 08:00:00
0,0,45,2025-08-12 20:00:00
0,0,44,2025-02-09 16:00:00
0,0,43,2025-08-12 16:00:00
0,0,43,2025-06-20 16:00:00
0,0,42,2025-02-09 12:00:00
0,0,45,2025-06-20 12:00:00
1,0,42,2025-06-20 12:00:00
0,0,41,2025-08-12 00:00:00
0,0,42,2025-08-12 00:00:00
0,0,44,2025-02-09 20:00:00
0,0,42,2025-03-11 04:00:00
0,0,45,2025-03-11 08:00:00
0,0,41,2025-03-11 00:00:00
0,0,41,2025-02-09 16:00:00
0,0,44,2025-02-09 12:00:00
0,0,44,2025-06-20 00:00:00
0,0,42,2025-06-20 00:00:00
0,0,44,2025-02-09 00:00:00
0,0,44,2025-03-11 04:00:00
0,0,44,2025-03-11 08:00:00
0,0,44,2025-06-20 04:00:00
0,0,42,2025-03-11 00:00:00
0,0,41,2025-03-11 20:00:00
0,0,45,2025-06-20 20:00:00
0,0,44,2025-02-09 08:00:00
0,0,44,2025-02-09 04:00:00
0,0,44,2025-03-11 00:00:00
0,0,43,2025-02-09 16:00:00
0,0,41,2025-06-20 00:00:00
0,0,43,2025-06-20 20:00:00
0,0,45,2025-08-12 00:00:00
0,0,44,2025-08-12 00:00:00
0,0,41,2025-03-11 04:00:00
0,0,43,2025-03-11 04:00:00
0,0,41,2025-06-20 04:00:00
0,0,43,2025-03-11 00:00:00
0,0,44,2025-08-12 16:00:00
1,1,41,2025-08-12 08:00:00
0,0,45,2025-06-20 00:00:00
1,2,41,2025-08-12 12:00:00
1,1,42,2025-03-11 12:00:00
0,0,45,2025-02-09 20:00:00
0,0,44,2025-03-11 16:00:00
0,0,43,2025-03-11 08:00:00
0,0,45,2025-03-11 20:00:00
0,0,44,2025-03-11 20:00:00
1,2,41,2025-06-20 12:00:00
0,0,45,2025-03-11 12:00:00
0,1,44,2025-06-20 20:00:00
0,0,43,2025-06-20 00:00:00
0,0,45,2025-02-09 08:00:00
0,0,44,2025-06-20 08:00:00
0,0,43,2025-06-20 08:00:00
0,0,43,2025-02-09 00:00:00
0,0,42,2025-02-09 00:00:00
0,0,41,2025-02-09 20:00:00
0,0,42,2025-08-12 20:00:00
0,0,45,2025-08-12 08:00:00
0,0,43,2025-06-20 12:00:00
1,0,42,2025-06-20 08:00:00
0,0,41,2025-02-09 04:00:00
0,0,42,2025-03-11 16:00:00
0,0,45,2025-08-12 04:00:00
0,0,42,2025-08-12 04:00:00
0,0,45,2025-02-09 16:00:00
0,0,43,2025-08-12 00:00:00
0,0,42,2025-02-09 08:00:00
0,0,44,2025-08-12 20:00:00
0,0,43,2025-03-11 20:00:00
0,0,45,2025-02-09 04:00:00
0,0,45,2025-03-11 04:00:00
1,2,41,2025-08-12 16:00:00
0,0,42,2025-03-11 20:00:00
0,0,44,2025-06-20 16:00:00
1,1,43,2025-03-11 12:00:00
0,0,43,2025-02-09 08:00:00
0,0,44,2025-08-12 04:00:00
0,0,43,2025-08-12 04:00:00
0,0,45,2025-06-20 16:00:00
0,1,44,2025-08-12 08:00:00
0,0,43,2025-08-12 08:00:00
0,2,44,2025-06-20 12:00:00
0,0,41,2025-06-20 20:00:00
0,1,44,2025-03-11 12:00:00
0,0,45,2025-03-11 00:00:00
0,0,42,2025-06-20 04:00:00
1,2,41,2025-03-11 12:00:00
0,1,45,2025-06-20 08:00:00
0,0,43,2025-08-12 20:00:00
0,0,37,2025-06-20 16:00:00
0,0,36,2025-08-12 08:00:00
0,0,39,2025-02-09 12:00:00
1,0,40,2025-08-12 12:00:00
0,0,36,2025-08-12 00:00:00
0,0,38,2025-06-20 08:00:00
0,0,25,2025-11-27 20:00:00
0,0,23,2025-11-27 04:00:00
0,0,23,2025-05-15 20:00:00
2,0,22,2025-08-24 08:00:00
2,0,21,2025-05-15 20:00:00
2,0,21,2025-08-24 08:00:00
1,0,22,2025-11-27 12:00:00
4,0,24,2025-05-15 12:00:00
4,0,24,2025-05-15 08:00:00
2,0,21,2025-11-27 04:00:00
2,0,24,2025-11-27 04:00:00
1,0,22,2025-07-25 08:00:00
3,0,25,2025-07-25 08:00:00
2,0,25,2025-05-15 04:00:00
0,0,23,2025-11-27 00:00:00
0,0,25,2025-11-27 00:00:00
4,0,24,2025-05-15 20:00:00
1,0,21,2025-07-25 12:00:00
0,0,23,2025-07-25 20:00:00
1,0,23,2025-11-27 08:00:00
2,0,21,2025-11-27 00:00:00
2,0,24,2025-11-27 00:00:00
0,0,23,2025-07-25 00:00:00
0,0,23,2025-05-15 00:00:00
0,0,23,2025-08-24 04:00:00
1,0,23,2025-07-25 08:00:00
2,0,25,2025-08-24 08:00:00
3,0,25,2025-08-24 12:00:00
4,1,24,2025-08-24 12:00:00
2,0,22,2025-05-15 08:00:00
2,0,25,2025-05-15 08:00:00
2,0,22,2025-08-24 16:00:00
2,0,23,2025-05-15 04:00:00
2,0,22,2025-05-15 04:00:00
3,0,25,2025-11-27 12:00:00
4,0,22,2025-05-15 16:00:00
1,0,21,2025-11-27 16:00:00
0,0,23,2025-11-27 20:00:00
2,0,22,2025-11-27 20:00:00
2,0,21,2025-07-25 04:00:00
3,0,25,2025-08-24 16:00:00
1,0,21,2025-07-25 08:00:00
2,0,24,2025-05-15 04:00:00
2,0,23,2025-08-24 08:00:00
2,0,22,2025-07-25 16:00:00
2,0,21,2025-07-25 16:00:00
4,0,24,2025-11-27 16:00:00
4,1,22,2025-05-15 12:00:00
0,0,23,2025-08-24 16:00:00
2,0,24,2025-08-24 00:00:00
4,0,24,2025-07-25 08:00:00
2,0,22,2025-05-15 20:00:00
0,0,23,2025-07-25 12:00:00
1,0,21,2025-11-27 12:00:00
4,0,24,2025-07-25 12:00:00
2,0,22,2025-07-25 00:00:00
1,0,21,2025-08-24 12:00:00
0,0,23,2025-11-27 16:00:00
2,0,21,2025-05-15 08:00:00
2,0,21,2025-05-15 04:00:00
0,0,23,2025-07-25 16:00:00
0,0,25,2025-05-15 20:00:00
1,0,23,2025-05-15 16:00:00
2,0,21,2025-05-15 16:00:00
2,0,24,2025-07-25 00:00:00
2,0,24,2025-11-27 08:00:00
1,1,22,2025-11-27 16:00:00
4,0,25,2025-05-15 12:00:00
2,0,21,2025-11-27 20:00:00
2,0,24,2025-11-27 20:00:00
2,0,25,2025-08-24 04:00:00
2,0,21,2025-08-24 00:00:00
2,0,22,2025-11-27 00:00:00
2,0,22,2025-07-25 20:00:00
2,0,24,2025-07-25 20:00:00
0,0,25,2025-05-15 00:00:00
2,0,24,2025-07-25 04:00:00
0,0,23,2025-08-24 00:00:00
2,0,21,2025-11-27 08:00:00
2,0,22,2025-05-15 00:00:00
2,0,24,2025-05-15 00:00:00
0,0,23,2025-08-24 20:00:00
0,0,25,2025-07-25 20:00:00
0,0,25,2025-07-25 00:00:00
2,0,21,2025-05-15 00:00:00
0,0,25,2025-11-27 04:00:00
4,1,24,2025-08-24 16:00:00
4,0,24,2025-07-25 16:00:00
1,0,23,2025-11-27 12:00:00
0,0,25,2025-07-25 12:00:00
2,0,21,2025-07-25 20:00:00
1,0,22,2025-08-24 12:00:00
1,0,21,2025-05-15 12:00:00
2,0,23,2025-07-25 04:00:00
2,0,22,2025-08-24 04:00:00
0,0,14,2025-08-24 08:00:00
0,0,11,2025-08-24 08:00:00
0,0,12,2025-05-15 12:00:00
0,0,12,2025-08-24 20:00:00
0,0,11,2025-07-25 00:00:00
0,0,13,2025-11-27 12:00:00
0,0,14,2025-07-25 04:00:00
0,0,13,2025-08-24 00:00:00
0,0,15,2025-05-15 04:00:00
0,0,15,2025-05-15 20:00:00
0,0,11,2025-11-27 20:00:00
0,0,14,2025-07-25 08:00:00
0,0,11,2025-11-27 04:00:00
0,0,15,2025-11-27 00:00:00
0,0,12,2025-07-25 12:00:00
0,0,13,2025-07-25 04:00:00
0,0,12,2025-07-25 04:00:00
0,0,11,2025-07-25 08:00:00
0,0,13,2025-08-24 08:00:00
0,0,12,2025-08-24 04:00:00
0,0,13,2025-07-25 12:00:00
0,0,14,2025-11-27 12:00:00
0,0,14,2025-05-15 16:00:00
0,0,12,2025-05-15 20:00:00
0,0,12,2025-11-27 20:00:00
0,0,14,2025-11-27 08:00:00
0,0,15,2025-11-27 08:00:00
0,0,12,2025-08-24 08:00:00
0,0,11,2025-05-15 08:00:00
0,0,14,2025-08-24 20:00:00
0,0,11,2025-11-27 00:00:00
0,0,13,2025-11-27 20:00:00
0,0,12,2025-11-27 04:00:00
0,0,14,2025-07-25 16:00:00
0,0,13,2025-07-25 16:00:00
0,0,14,2025-05-15 08:00:00
0,0,12,2025-05-15 08:00:00
0,0,13,2025-11-27 00:00:00
4,0,15,2025-07-25 12:00:00
0,0,12,2025-08-24 12:00:00
0,0,13,2025-05-15 16:00:00
0,0,13,2025-07-25 20:00:00
0,0,13,2025-05-15 12:00:00
0,0,15,2025-05-15 08:00:00
0,0,14,2025-07-25 00:00:00
0,0,12,2025-05-15 04:00:00
0,0,15,2025-11-27 20:00:00
0,0,13,2025-07-25 08:00:00
0,0,12,2025-08-24 00:00:00
0,0,12,2025-05-15 00:00:00
0,0,13,2025-05-15 20:00:00
0,0,15,2025-07-25 20:00:00
4,0,11,2025-05-15 16:00:00
0,0,14,2025-08-24 00:00:00
0,1,13,2025-05-15 08:00:00
0,0,15,2025-11-27 16:00:00
0,0,11,2025-11-27 16:00:00
0,0,15,2025-08-24 04:00:00
0,0,13,2025-05-15 04:00:00
0,0,12,2025-08-24 16:00:00
0,0,14,2025-07-25 20:00:00
0,0,12,2025-07-25 20:00:00
4,0,14,2025-05-15 12:00:00
0,0,15,2025-08-24 20:00:00
0,0,12,2025-11-27 00:00:00
0,0,14,2025-08-24 16:00:00
0,0,11,2025-05-15 20:00:00
0,0,11,2025-07-25 20:00:00
0,0,13,2025-11-27 08:00:00
0,0,11,2025-07-25 04:00:00
0,0,11,2025-07-25 16:00:00
0,0,13,2025-08-24 20:00:00
0,0,11,2025-08-24 04:00:00
0,0,13,2025-08-24 16:00:00
4,0,11,2025-07-25 12:00:00
4,0,15,2025-05-15 16:00:00
0,0,15,2025-08-24 08:00:00
4,0,15,2025-05-15 12:00:00
0,0,12,2025-11-27 16:00:00
0,0,11,2025-08-24 20:00:00
0,0,13,2025-05-15 00:00:00
0,0,11,2025-05-15 04:00:00
0,0,14,2025-07-25 12:00:00
0,0,15,2025-08-24 12:00:00
0,0,12,2025-11-27 12:00:00
0,0,11,2025-11-27 12:00:00
0,0,13,2025-11-27 04:00:00
0,0,15,2025-11-27 04:00:00
4,0,11,2025-05-15 12:00:00
0,0,11,2025-08-24 00:00:00
0,0,14,2025-11-27 00:00:00
0,0,13,2025-08-24 04:00:00
0,0,14,2025-05-15 04:00:00
0,0,15,2025-07-25 00:00:00
0,0,12,2025-07-25 00:00:00
0,0,14,2025-05-15 20:00:00
0,0,14,2025-11-27 20:00:00
0,0,15,2025-07-25 04:00:00
0,0,15,2025-07-25 08:00:00
0,0,12,2025-07-25 08:00:00
0,0,12,2025-07-25 16:00:00
0,0,15,2025-08-24 00:00:00
0,0,14,2025-08-24 04:00:00
0,0,15,2025-11-27 12:00:00
0,0,12,2025-05-15 16:00:00
0,0,15,2025-07-25 16:00:00
0,0,13,2025-11-27 16:00:00
0,0,15,2025-05-15 00:00:00
0,0,15,2025-08-24 16:00:00
0,0,11,2025-08-24 16:00:00
0,0,11,2025-08-24 12:00:00
0,0,12,2025-11-27 08:00:00
0,0,11,2025-11-27 08:00:00
0,0,14,2025-11-27 04:00:00
0,0,14,2025-11-27 16:00:00
0,0,14,2025-05-15 00:00:00
0,0,13,2025-07-25 00:00:00
0,0,11,2025-05-15 00:00:00
0,0,14,2025-08-24 12:00:00
0,0,13,2025-08-24 12:00:00
0,0,09,2025-08-24 08:00:00
4,4,08,2025-07-25 20:00:00
0,0,09,2025-08-24 20:00:00
1,0,06,2025-11-27 08:00:00
2,0,07,2025-11-27 16:00:00
0,0,10,2025-11-27 12:00:00
2,0,06,2025-05-15 00:00:00
2,0,07,2025-08-24 04:00:00
2,1,07,2025-08-24 16:00:00
2,0,06,2025-08-24 20:00:00
2,2,07,2025-07-25 20:00:00
0,0,10,2025-05-15 00:00:00
4,0,09,2025-07-25 12:00:00
2,0,07,2025-11-27 20:00:00
4,3,08,2025-08-24 04:00:00
4,0,10,2025-05-15 16:00:00
2,1,06,2025-11-27 04:00:00
2,0,06,2025-08-24 00:00:00
4,4,08,2025-07-25 16:00:00
2,0,06,2025-05-15 20:00:00
2,1,06,2025-08-24 08:00:00
2,1,07,2025-05-15 20:00:00
4,3,08,2025-08-24 20:00:00
0,0,09,2025-11-27 04:00:00
1,2,06,2025-07-25 12:00:00
0,0,10,2025-11-27 16:00:00
2,0,07,2025-07-25 00:00:00
2,2,07,2025-05-15 12:00:00
0,0,10,2025-11-27 20:00:00
0,0,10,2025-07-25 08:00:00
2,2,07,2025-05-15 16:00:00
0,0,10,2025-08-24 16:00:00
4,4,08,2025-05-15 12:00:00
4,3,08,2025-07-25 04:00:00
2,0,06,2025-08-24 16:00:00
2,2,08,2025-08-24 00:00:00
0,0,09,2025-07-25 04:00:00
0,0,10,2025-07-25 04:00:00
2,2,07,2025-08-24 08:00:00
2,1,07,2025-08-24 20:00:00
0,0,09,2025-05-15 00:00:00
0,0,10,2025-08-24 12:00:00
0,0,09,2025-05-15 20:00:00
0,0,10,2025-05-15 20:00:00
2,0,07,2025-11-27 04:00:00
4,4,08,2025-05-15 20:00:00
0,0,09,2025-08-24 12:00:00
2,2,07,2025-05-15 08:00:00
0,0,10,2025-07-25 20:00:00
1,1,06,2025-07-25 08:00:00
4,2,08,2025-11-27 00:00:00
0,0,10,2025-11-27 04:00:00
0,0,10,2025-05-15 08:00:00
4,4,08,2025-05-15 16:00:00
4,2,06,2025-05-15 16:00:00
2,2,07,2025-08-24 12:00:00
0,0,09,2025-11-27 00:00:00
0,0,09,2025-08-24 16:00:00
2,0,06,2025-11-27 20:00:00
4,4,08,2025-05-15 04:00:00
0,0,09,2025-07-25 08:00:00
1,3,07,2025-07-25 12:00:00
2,0,07,2025-08-24 00:00:00
2,2,06,2025-05-15 04:00:00
2,2,07,2025-11-27 12:00:00
0,0,09,2025-05-15 08:00:00
0,0,09,2025-08-24 00:00:00
0,0,09,2025-11-27 16:00:00
0,0,10,2025-05-15 04:00:00
0,0,10,2025-07-25 00:00:00
4,1,08,2025-05-15 00:00:00
0,0,09,2025-11-27 08:00:00
1,2,06,2025-11-27 12:00:00
0,0,10,2025-08-24 00:00:00
2,2,07,2025-11-27 08:00:00
0,0,09,2025-05-15 04:00:00
0,0,09,2025-07-25 00:00:00
4,0,09,2025-05-15 16:00:00
4,4,08,2025-08-24 16:00:00
4,1,08,2025-11-27 04:00:00
4,4,08,2025-07-25 08:00:00
2,2,07,2025-07-25 16:00:00
0,0,10,2025-08-24 08:00:00
4,4,08,2025-07-25 12:00:00
4,4,08,2025-08-24 12:00:00
0,0,09,2025-08-24 04:00:00
1,1,06,2025-11-27 16:00:00
4,2,08,2025-11-27 20:00:00
0,0,09,2025-11-27 12:00:00
2,0,06,2025-08-24 04:00:00
2,0,07,2025-05-15 00:00:00
2,2,07,2025-05-15 04:00:00
2,1,06,2025-07-25 16:00:00
1,1,06,2025-08-24 12:00:00
4,4,08,2025-11-27 08:00:00
0,0,09,2025-11-27 20:00:00
0,0,10,2025-11-27 08:00:00
2,1,07,2025-11-27 00:00:00
4,0,09,2025-05-15 12:00:00
4,2,08,2025-07-25 00:00:00
4,4,08,2025-11-27 16:00:00
2,1,06,2025-07-25 04:00:00
2,1,06,2025-11-27 00:00:00
4,0,10,2025-05-15 12:00:00
0,0,10,2025-07-25 16:00:00
4,2,06,2025-05-15 12:00:00
4,0,10,2025-07-25 12:00:00
4,4,08,2025-11-27 12:00:00
2,0,06,2025-07-25 20:00:00
2,0,06,2025-07-25 00:00:00
0,0,10,2025-08-24 20:00:00
0,0,10,2025-11-27 00:00:00
0,0,09,2025-07-25 20:00:00
2,2,07,2025-07-25 08:00:00
4,4,08,2025-08-24 08:00:00
0,0,09,2025-07-25 16:00:00
0,0,10,2025-08-24 04:00:00
4,4,08,2025-05-15 08:00:00
2,3,06,2025-05-15 08:00:00
2,1,07,2025-07-25 04:00:00
3,3,28,2025-07-25 20:00:00
0,0,26,2025-05-15 16:00:00
4,4,28,2025-05-15 12:00:00
1,0,27,2025-05-15 08:00:00
0,0,29,2025-07-25 04:00:00
3,0,29,2025-07-25 08:00:00
2,4,28,2025-05-15 04:00:00
4,3,28,2025-08-24 08:00:00
3,3,28,2025-08-24 20:00:00
4,4,28,2025-05-15 16:00:00
0,0,29,2025-11-27 16:00:00
0,0,26,2025-11-27 20:00:00
0,0,26,2025-07-25 16:00:00
3,0,29,2025-05-15 16:00:00
0,0,26,2025-11-27 16:00:00
0,0,26,2025-07-25 04:00:00
2,1,28,2025-05-15 00:00:00
0,0,27,2025-11-27 04:00:00
0,0,30,2025-08-24 00:00:00
3,0,30,2025-05-15 20:00:00
4,4,28,2025-07-25 16:00:00
0,0,27,2025-08-24 20:00:00
4,4,28,2025-08-24 12:00:00
4,3,28,2025-11-27 16:00:00
2,3,28,2025-07-25 04:00:00
0,0,29,2025-08-24 00:00:00
0,0,26,2025-11-27 12:00:00
0,0,26,2025-07-25 12:00:00
0,0,26,2025-07-25 00:00:00
0,0,29,2025-11-27 20:00:00
0,0,27,2025-08-24 16:00:00
4,4,28,2025-07-25 08:00:00
0,0,26,2025-11-27 00:00:00
0,0,26,2025-08-24 20:00:00
1,0,27,2025-11-27 12:00:00
0,0,27,2025-07-25 12:00:00
1,0,27,2025-08-24 12:00:00
0,0,27,2025-07-25 00:00:00
3,0,29,2025-08-24 12:00:00
0,0,27,2025-11-27 08:00:00
0,0,29,2025-11-27 08:00:00
1,0,27,2025-05-15 12:00:00
0,0,27,2025-07-25 04:00:00
0,0,29,2025-08-24 04:00:00
3,0,30,2025-07-25 08:00:00
4,3,28,2025-05-15 20:00:00
0,0,29,2025-11-27 00:00:00
3,0,30,2025-11-27 12:00:00
3,0,29,2025-11-27 12:00:00
3,0,28,2025-11-27 04:00:00
0,0,26,2025-08-24 00:00:00
2,0,30,2025-05-15 04:00:00
0,0,27,2025-07-25 16:00:00
0,0,30,2025-05-15 00:00:00
0,0,26,2025-11-27 04:00:00
3,2,28,2025-11-27 00:00:00
4,4,28,2025-11-27 12:00:00
0,0,29,2025-07-25 20:00:00
1,0,26,2025-05-15 12:00:00
3,2,28,2025-11-27 20:00:00
3,0,30,2025-05-15 08:00:00
3,0,30,2025-08-24 16:00:00
0,0,30,2025-11-27 04:00:00
1,0,27,2025-07-25 08:00:00
0,0,26,2025-07-25 08:00:00
2,0,27,2025-08-24 08:00:00
3,0,30,2025-08-24 12:00:00
2,1,28,2025-07-25 00:00:00
3,0,30,2025-11-27 08:00:00
3,0,30,2025-11-27 16:00:00
0,0,30,2025-11-27 20:00:00
2,0,30,2025-08-24 04:00:00
3,0,29,2025-05-15 08:00:00
4,3,28,2025-08-24 16:00:00
0,0,29,2025-08-24 16:00:00
0,0,29,2025-05-15 04:00:00
3,0,30,2025-08-24 08:00:00
0,0,30,2025-11-27 00:00:00
0,0,29,2025-07-25 12:00:00
3,0,29,2025-05-15 12:00:00
2,0,30,2025-07-25 04:00:00
0,0,26,2025-05-15 00:00:00
2,0,26,2025-05-15 08:00:00
0,0,29,2025-11-27 04:00:00
0,0,27,2025-05-15 20:00:00
0,0,29,2025-07-25 16:00:00
0,0,27,2025-07-25 20:00:00
0,0,26,2025-07-25 20:00:00
1,0,27,2025-05-15 16:00:00
0,0,30,2025-07-25 00:00:00
0,0,26,2025-11-27 08:00:00
3,0,30,2025-05-15 12:00:00
0,0,27,2025-11-27 20:00:00
2,0,27,2025-05-15 04:00:00
0,0,29,2025-08-24 20:00:00
3,0,30,2025-07-25 12:00:00
0,0,26,2025-08-24 12:00:00
0,0,29,2025-07-25 00:00:00
0,0,27,2025-08-24 04:00:00
0,0,26,2025-08-24 04:00:00
0,0,26,2025-08-24 16:00:00
0,0,26,2025-05-15 04:00:00
3,0,30,2025-07-25 16:00:00
0,0,27,2025-11-27 00:00:00
0,0,26,2025-08-24 08:00:00
3,0,29,2025-08-24 08:00:00
4,4,28,2025-07-25 12:00:00
3,0,30,2025-07-25 20:00:00
3,0,30,2025-05-15 16:00:00
0,0,27,2025-11-27 16:00:00
0,0,27,2025-05-15 00:00:00
4,4,28,2025-05-15 08:00:00
0,0,29,2025-05-15 00:00:00
0,0,26,2025-05-15 20:00:00
0,0,29,2025-05-15 20:00:00
3,0,30,2025-08-24 20:00:00
4,3,28,2025-11-27 08:00:00
2,1,28,2025-08-24 04:00:00
0,0,27,2025-08-24 00:00:00
3,2,28,2025-08-24 00:00:00
1,0,41,2025-08-24 08:00:00
0,0,44,2025-07-25 16:00:00
0,0,43,2025-11-27 00:00:00
0,0,45,2025-11-27 12:00:00
0,0,43,2025-11-27 12:00:00
0,0,43,2025-07-25 20:00:00
0,0,42,2025-08-24 12:00:00
0,0,44,2025-07-25 04:00:00
1,0,42,2025-05-15 08:00:00
0,0,42,2025-08-24 04:00:00
0,0,41,2025-05-15 20:00:00
0,0,45,2025-05-15 16:00:00
0,1,44,2025-05-15 12:00:00
0,0,45,2025-05-15 04:00:00
0,0,43,2025-08-24 20:00:00
0,0,44,2025-11-27 12:00:00
0,0,42,2025-07-25 00:00:00
0,0,45,2025-11-27 16:00:00
0,0,45,2025-05-15 12:00:00
0,1,44,2025-05-15 08:00:00
0,0,43,2025-07-25 04:00:00
0,0,44,2025-11-27 04:00:00
0,0,42,2025-11-27 04:00:00
0,0,42,2025-07-25 16:00:00
1,0,41,2025-11-27 12:00:00
1,0,41,2025-11-27 16:00:00
0,0,45,2025-11-27 20:00:00
0,0,42,2025-11-27 20:00:00
0,0,45,2025-07-25 16:00:00
0,0,43,2025-08-24 08:00:00
0,0,42,2025-05-15 20:00:00
0,0,41,2025-08-24 20:00:00
0,1,44,2025-07-25 12:00:00
0,0,45,2025-07-25 00:00:00
0,0,43,2025-11-27 08:00:00
0,0,43,2025-05-15 08:00:00
0,1,43,2025-08-24 16:00:00
0,0,45,2025-08-24 08:00:00
1,2,41,2025-07-25 16:00:00
0,0,45,2025-08-24 20:00:00
1,2,41,2025-05-15 12:00:00
0,0,41,2025-11-27 20:00:00
0,0,43,2025-11-27 20:00:00
0,0,45,2025-05-15 08:00:00
0,0,45,2025-11-27 00:00:00
0,0,45,2025-07-25 12:00:00
0,0,42,2025-07-25 12:00:00
1,1,41,2025-05-15 16:00:00
0,0,43,2025-08-24 12:00:00
0,0,41,2025-05-15 00:00:00
0,2,41,2025-08-24 16:00:00
1,1,41,2025-07-25 08:00:00
0,0,43,2025-05-15 20:00:00
0,1,43,2025-07-25 16:00:00
0,0,44,2025-08-24 20:00:00
1,2,41,2025-07-25 12:00:00
0,0,44,2025-05-15 16:00:00
0,0,41,2025-08-24 04:00:00
0,0,42,2025-08-24 16:00:00
0,0,41,2025-05-15 04:00:00
0,0,43,2025-05-15 04:00:00
0,0,42,2025-11-27 00:00:00
0,0,45,2025-07-25 20:00:00
0,0,42,2025-07-25 20:00:00
0,0,42,2025-05-15 16:00:00
0,0,41,2025-07-25 00:00:00
0,0,44,2025-11-27 00:00:00
0,0,43,2025-07-25 12:00:00
0,0,45,2025-11-27 08:00:00
0,0,44,2025-11-27 20:00:00
1,1,41,2025-05-15 08:00:00
0,0,44,2025-05-15 00:00:00
0,0,44,2025-08-24 04:00:00
0,0,43,2025-05-15 00:00:00
0,0,43,2025-08-24 04:00:00
0,0,45,2025-08-24 16:00:00
0,0,42,2025-11-27 16:00:00
1,0,43,2025-05-15 12:00:00
0,0,41,2025-07-25 04:00:00
0,0,45,2025-11-27 04:00:00
0,0,41,2025-11-27 04:00:00
0,0,42,2025-05-15 04:00:00
0,0,41,2025-11-27 00:00:00
0,0,44,2025-07-25 20:00:00
0,0,43,2025-05-15 16:00:00
0,0,45,2025-08-24 12:00:00
0,0,44,2025-07-25 00:00:00
0,0,42,2025-11-27 08:00:00
1,0,42,2025-05-15 12:00:00
0,2,44,2025-07-25 08:00:00
0,0,44,2025-08-24 12:00:00
0,0,43,2025-07-25 00:00:00
0,0,44,2025-11-27 08:00:00
0,0,42,2025-07-25 08:00:00
0,0,45,2025-05-15 20:00:00
1,0,41,2025-11-27 08:00:00
0,0,45,2025-08-24 04:00:00
0,0,45,2025-08-24 00:00:00
0,1,45,2025-07-25 08:00:00
0,0,41,2025-08-24 00:00:00
0,1,44,2025-05-15 04:00:00
0,0,44,2025-08-24 08:00:00
0,0,44,2025-11-27 16:00:00
0,0,45,2025-05-15 00:00:00
0,0,45,2025-07-25 04:00:00
0,0,42,2025-05-15 00:00:00
0,0,44,2025-08-24 00:00:00
0,0,43,2025-08-24 00:00:00
0,0,43,2025-07-25 08:00:00
0,0,42,2025-08-24 00:00:00
0,0,44,2025-05-15 20:00:00
0,0,42,2025-08-24 08:00:00
0,0,42,2025-08-24 20:00:00
0,0,42,2025-11-27 12:00:00
0,0,41,2025-07-25 20:00:00
1,1,41,2025-08-24 12:00:00
0,0,43,2025-11-27 16:00:00
0,0,42,2025-07-25 04:00:00
0,1,44,2025-08-24 16:00:00
0,0,43,2025-11-27 04:00:00
0,0,38,2025-08-24 20:00:00
0,0,38,2025-07-25 12:00:00
0,0,39,2025-11-27 12:00:00
0,0,39,2025-07-25 12:00:00
3,0,25,2025-06-23 16:00:00
2,0,22,2025-12-18 04:00:00
2,0,24,2025-12-18 04:00:00
3,0,25,2025-06-23 12:00:00
0,0,23,2025-12-18 16:00:00
0,0,25,2026-02-02 16:00:00
2,0,25,2025-11-30 08:00:00
0,0,25,2025-06-23 04:00:00
1,0,21,2026-02-02 16:00:00
2,0,21,2025-11-30 08:00:00
0,0,25,2025-12-18 20:00:00
4,0,24,2025-11-30 12:00:00
0,0,23,2025-12-18 00:00:00
2,0,21,2025-11-30 16:00:00
2,0,22,2025-11-30 08:00:00
2,0,21,2025-12-18 16:00:00
2,0,24,2025-11-30 16:00:00
0,0,23,2026-02-02 16:00:00
2,0,21,2025-06-23 00:00:00
0,0,23,2025-11-30 00:00:00
1,0,22,2026-02-02 12:00:00
2,0,25,2025-11-30 12:00:00
1,0,21,2026-02-02 12:00:00
0,0,23,2025-06-23 16:00:00
0,0,23,2025-12-18 04:00:00
2,0,23,2025-06-23 08:00:00
2,0,22,2025-12-18 00:00:00
2,0,21,2025-06-23 08:00:00
4,0,24,2025-06-23 12:00:00
0,0,25,2026-02-02 20:00:00
1,0,23,2026-02-02 08:00:00
0,0,25,2025-06-23 20:00:00
2,0,25,2025-12-18 08:00:00
4,0,24,2025-06-23 08:00:00
0,0,25,2025-11-30 20:00:00
2,0,24,2025-11-30 20:00:00
0,0,23,2025-06-23 00:00:00
2,0,24,2025-06-23 00:00:00
2,0,21,2026-02-02 04:00:00
1,0,23,2026-02-02 12:00:00
0,0,23,2025-11-30 12:00:00
2,0,22,2025-11-30 12:00:00
2,0,23,2025-12-18 08:00:00
2,0,21,2025-12-18 08:00:00
2,0,21,2025-12-18 00:00:00
4,2,24,2025-12-18 16:00:00
1,0,23,2025-12-18 12:00:00
2,0,21,2025-12-18 20:00:00
2,0,21,2025-11-30 12:00:00
0,0,23,2026-02-02 00:00:00
0,0,25,2026-02-02 00:00:00
0,0,25,2025-12-18 00:00:00
2,0,25,2025-12-18 04:00:00
2,0,22,2025-12-18 20:00:00
0,0,25,2026-02-02 04:00:00
2,2,24,2025-12-18 20:00:00
4,0,24,2025-06-23 16:00:00
0,0,25,2025-11-30 16:00:00
1,0,22,2026-02-02 16:00:00
2,0,24,2025-06-23 04:00:00
4,0,24,2025-12-18 12:00:00
0,0,25,2025-11-30 00:00:00
2,0,21,2025-11-30 00:00:00
0,0,23,2025-11-30 04:00:00
2,0,22,2025-06-23 20:00:00
0,0,21,2026-02-02 00:00:00
2,0,22,2025-12-18 08:00:00
2,0,22,2025-06-23 08:00:00
1,0,23,2025-06-23 12:00:00
2,0,21,2025-11-30 20:00:00
2,0,24,2026-02-02 20:00:00
1,0,21,2025-12-18 12:00:00
2,0,24,2026-02-02 00:00:00
3,1,24,2025-06-23 20:00:00
2,0,22,2025-06-23 04:00:00
3,1,24,2026-02-02 16:00:00
2,0,22,2025-11-30 00:00:00
2,0,22,2025-11-30 04:00:00
4,0,24,2025-12-18 08:00:00
2,0,21,2025-12-18 04:00:00
4,1,22,2025-06-23 12:00:00
2,0,22,2025-11-30 16:00:00
2,0,21,2025-06-23 04:00:00
2,0,24,2025-11-30 08:00:00
0,0,21,2026-02-02 20:00:00
2,0,22,2025-06-23 00:00:00
0,0,25,2025-06-23 00:00:00
4,0,24,2026-02-02 12:00:00
2,0,21,2025-06-23 16:00:00
2,0,25,2025-06-23 08:00:00
2,0,24,2025-12-18 00:00:00
0,0,23,2026-02-02 20:00:00
2,0,22,2026-02-02 04:00:00
2,0,24,2025-11-30 00:00:00
2,0,21,2025-06-23 20:00:00
1,0,21,2025-06-23 12:00:00
0,0,13,2026-02-02 00:00:00
0,0,11,2025-12-18 04:00:00
0,0,13,2026-02-02 08:00:00
0,0,14,2025-11-30 12:00:00
0,0,14,2025-06-23 00:00:00
0,0,13,2026-02-02 04:00:00
0,0,11,2026-02-02 04:00:00
0,0,11,2025-06-23 04:00:00
0,0,15,2025-06-23 16:00:00
0,0,15,2025-12-18 04:00:00
0,0,13,2026-02-02 16:00:00
0,0,12,2025-11-30 08:00:00
0,0,14,2025-11-30 00:00:00
0,0,13,2025-11-30 16:00:00
0,0,12,2025-11-30 20:00:00
0,0,12,2025-12-18 04:00:00
0,0,12,2025-12-18 12:00:00
0,0,11,2026-02-02 16:00:00
0,0,11,2025-12-18 08:00:00
0,0,15,2025-06-23 20:00:00
0,0,13,2025-11-30 04:00:00
0,0,11,2025-11-30 04:00:00
0,0,11,2025-11-30 16:00:00
0,0,13,2026-02-02 12:00:00
0,0,13,2025-12-18 20:00:00
0,0,15,2025-11-30 08:00:00
0,0,11,2025-11-30 12:00:00
0,0,14,2025-11-30 04:00:00
0,0,12,2025-06-23 16:00:00
0,0,14,2025-11-30 16:00:00
0,0,15,2025-12-18 12:00:00
0,0,12,2026-02-02 08:00:00
4,0,11,2025-06-23 12:00:00
0,0,14,2026-02-02 12:00:00
0,0,14,2025-12-18 04:00:00
0,0,14,2025-11-30 08:00:00
0,0,14,2025-06-23 08:00:00
0,0,13,2026-02-02 20:00:00
0,0,15,2026-02-02 20:00:00
0,0,11,2025-06-23 00:00:00
0,0,14,2026-02-02 04:00:00
0,0,12,2026-02-02 04:00:00
0,0,11,2025-06-23 16:00:00
0,0,15,2026-02-02 16:00:00
0,0,15,2025-11-30 12:00:00
0,0,14,2025-06-23 20:00:00
0,0,11,2025-11-30 20:00:00
0,0,14,2025-12-18 20:00:00
0,0,15,2026-02-02 00:00:00
0,0,14,2026-02-02 16:00:00
0,0,14,2026-02-02 00:00:00
0,0,15,2025-12-18 20:00:00
0,0,12,2025-12-18 20:00:00
0,0,11,2026-02-02 00:00:00
0,0,11,2026-02-02 12:00:00
0,0,14,2025-12-18 12:00:00
0,0,15,2025-06-23 08:00:00
0,0,11,2025-06-23 08:00:00
0,0,12,2025-11-30 16:00:00
0,0,14,2025-11-30 20:00:00
0,0,13,2025-11-30 08:00:00
0,0,15,2026-02-02 08:00:00
0,0,13,2025-12-18 00:00:00
0,0,13,2025-12-18 08:00:00
0,0,13,2025-06-23 20:00:00
0,0,15,2025-11-30 16:00:00
0,0,12,2026-02-02 12:00:00
0,0,11,2025-12-18 12:00:00
0,0,11,2025-11-30 08:00:00
0,0,13,2025-11-30 12:00:00
0,0,15,2025-11-30 00:00:00
0,0,11,2025-11-30 00:00:00
0,0,14,2026-02-02 20:00:00
0,0,14,2025-12-18 00:00:00
0,0,15,2025-12-18 16:00:00
0,0,13,2025-06-23 16:00:00
0,0,14,2026-02-02 08:00:00
0,0,12,2025-11-30 00:00:00
0,0,14,2025-12-18 08:00:00
0,0,15,2025-12-18 08:00:00
0,0,12,2026-02-02 20:00:00
0,0,11,2026-02-02 20:00:00
0,0,11,2025-06-23 20:00:00
0,0,15,2025-06-23 00:00:00
4,0,15,2025-06-23 12:00:00
0,0,14,2025-06-23 04:00:00
0,0,13,2025-12-18 16:00:00
0,0,15,2025-06-23 04:00:00
0,0,14,2025-06-23 16:00:00
0,0,13,2025-11-30 20:00:00
0,0,13,2025-12-18 04:00:00
0,0,11,2025-12-18 20:00:00
0,0,12,2026-02-02 16:00:00
0,0,11,2026-02-02 08:00:00
0,0,13,2025-11-30 00:00:00
0,0,12,2025-11-30 12:00:00
0,0,12,2025-12-18 00:00:00
0,0,14,2025-06-23 12:00:00
0,0,15,2026-02-02 04:00:00
0,0,12,2025-06-23 04:00:00
0,0,11,2025-12-18 16:00:00
0,1,13,2025-06-23 08:00:00
0,0,15,2025-12-18 00:00:00
0,0,13,2025-06-23 04:00:00
0,0,15,2026-02-02 12:00:00
0,0,12,2026-02-02 00:00:00
0,0,13,2025-12-18 12:00:00
0,0,12,2025-12-18 08:00:00
0,0,11,2025-12-18 00:00:00
0,0,13,2025-06-23 00:00:00
0,0,13,2025-06-23 12:00:00
0,0,12,2025-06-23 12:00:00
0,0,12,2025-06-23 08:00:00
0,0,12,2025-06-23 20:00:00
0,0,12,2025-06-23 00:00:00
0,0,14,2025-12-18 16:00:00
0,0,15,2025-11-30 04:00:00
0,0,12,2025-12-18 16:00:00
0,0,12,2025-11-30 04:00:00
0,0,15,2025-11-30 20:00:00
2,0,06,2025-11-30 16:00:00
2,2,06,2025-06-23 04:00:00
0,0,09,2025-12-18 08:00:00
0,0,09,2025-11-30 16:00:00
4,2,06,2025-06-23 12:00:00
0,0,10,2025-12-18 04:00:00
2,1,07,2025-06-23 04:00:00
2,1,06,2025-12-18 20:00:00
2,2,07,2026-02-02 04:00:00
4,4,08,2026-02-02 12:00:00
2,0,06,2026-02-02 00:00:00
2,1,06,2025-11-30 04:00:00
0,0,09,2025-06-23 16:00:00
2,2,07,2025-12-18 16:00:00
2,0,07,2025-11-30 20:00:00
1,1,06,2025-12-18 12:00:00
2,2,06,2026-02-02 08:00:00
0,0,09,2025-06-23 20:00:00
0,0,10,2025-06-23 20:00:00
4,4,08,2025-12-18 04:00:00
2,3,06,2025-06-23 08:00:00
4,4,08,2025-11-30 12:00:00
4,4,08,2025-11-30 16:00:00
2,0,07,2025-11-30 16:00:00
2,0,06,2025-11-30 20:00:00
0,0,09,2026-02-02 20:00:00
0,0,09,2026-02-02 04:00:00
2,1,07,2025-06-23 16:00:00
2,0,06,2025-12-18 00:00:00
2,2,06,2025-12-18 04:00:00
0,0,09,2025-11-30 08:00:00
0,0,10,2025-11-30 12:00:00
4,2,08,2025-11-30 00:00:00
2,2,07,2026-02-02 12:00:00
4,0,08,2026-02-02 00:00:00
4,4,08,2025-06-23 20:00:00
0,0,09,2025-06-23 04:00:00
0,0,10,2025-11-30 04:00:00
2,2,07,2025-06-23 08:00:00
0,0,09,2025-11-30 20:00:00
0,0,09,2026-02-02 00:00:00
2,2,07,2025-12-18 20:00:00
0,0,09,2025-06-23 00:00:00
2,0,06,2025-06-23 20:00:00
4,4,08,2025-12-18 08:00:00
4,4,08,2025-06-23 16:00:00
4,1,08,2025-12-18 00:00:00
2,3,06,2025-12-18 16:00:00
0,0,10,2026-02-02 00:00:00
0,0,10,2026-02-02 12:00:00
2,2,07,2026-02-02 16:00:00
2,0,06,2026-02-02 20:00:00
2,2,07,2026-02-02 08:00:00
1,2,06,2026-02-02 12:00:00
2,0,06,2025-11-30 12:00:00
2,1,07,2025-11-30 12:00:00
2,0,07,2025-06-23 20:00:00
4,4,08,2025-06-23 12:00:00
4,4,08,2025-11-30 08:00:00
1,1,06,2026-02-02 16:00:00
2,1,07,2025-11-30 08:00:00
4,3,08,2026-02-02 20:00:00
2,3,07,2025-12-18 12:00:00
0,0,10,2026-02-02 20:00:00
0,0,10,2025-06-23 04:00:00
2,3,07,2025-12-18 08:00:00
2,2,07,2025-12-18 04:00:00
4,4,08,2025-12-18 16:00:00
0,0,10,2025-12-18 08:00:00
0,0,10,2025-06-23 00:00:00
2,0,07,2025-11-30 04:00:00
0,0,10,2025-11-30 16:00:00
0,0,09,2025-12-18 04:00:00
0,0,09,2025-12-18 12:00:00
2,0,06,2025-06-23 00:00:00
0,0,09,2026-02-02 16:00:00
2,0,07,2025-11-30 00:00:00
4,3,08,2025-11-30 04:00:00
0,0,10,2025-12-18 16:00:00
0,0,10,2025-12-18 20:00:00
4,4,08,2025-06-23 04:00:00
4,3,08,2025-11-30 20:00:00
4,0,10,2025-12-18 12:00:00
2,0,07,2025-06-23 00:00:00
0,0,10,2025-12-18 00:00:00
4,0,10,2025-06-23 12:00:00
0,0,10,2025-11-30 20:00:00
4,4,08,2026-02-02 16:00:00
4,0,08,2025-06-23 00:00:00
0,0,09,2025-11-30 00:00:00
0,0,09,2025-11-30 12:00:00
4,4,08,2026-02-02 08:00:00
0,0,10,2026-02-02 04:00:00
2,0,07,2025-12-18 00:00:00
2,0,06,2025-11-30 08:00:00
0,0,10,2025-11-30 00:00:00
0,0,10,2025-06-23 08:00:00
4,4,08,2025-12-18 20:00:00
0,0,09,2025-11-30 04:00:00
0,0,10,2025-06-23 16:00:00
0,0,09,2025-12-18 20:00:00
4,4,08,2025-12-18 12:00:00
0,0,09,2026-02-02 08:00:00
0,0,10,2026-02-02 08:00:00
0,0,10,2026-02-02 16:00:00
0,0,09,2025-06-23 08:00:00
4,4,08,2026-02-02 04:00:00
2,2,06,2026-02-02 04:00:00
2,0,07,2026-02-02 00:00:00
4,4,08,2025-06-23 08:00:00
2,2,07,2025-06-23 12:00:00
0,0,09,2026-02-02 12:00:00
2,0,07,2026-02-02 20:00:00
0,1,10,2025-11-30 08:00:00
0,0,09,2025-12-18 00:00:00
2,0,06,2025-11-30 00:00:00
4,0,09,2025-06-23 12:00:00
0,0,09,2025-12-18 16:00:00
2,3,06,2025-12-18 08:00:00
2,2,06,2025-06-23 16:00:00
0,0,29,2025-12-18 16:00:00
0,0,27,2025-12-18 20:00:00
2,1,28,2025-11-30 00:00:00
0,0,29,2025-11-30 12:00:00
0,0,27,2025-11-30 04:00:00
3,0,29,2025-06-23 16:00:00
3,0,29,2025-06-23 08:00:00
0,0,27,2025-11-30 16:00:00
0,0,26,2025-12-18 16:00:00
4,4,28,2026-02-02 16:00:00
0,0,27,2025-11-30 12:00:00
0,0,26,2025-11-30 12:00:00
0,0,29,2025-06-23 20:00:00
1,0,27,2025-12-18 08:00:00
3,0,30,2026-02-02 16:00:00
0,0,26,2025-11-30 20:00:00
3,0,30,2025-12-18 12:00:00
0,0,30,2025-06-23 00:00:00
0,0,27,2025-06-23 00:00:00
0,0,26,2025-12-18 12:00:00
4,4,28,2025-12-18 12:00:00
0,0,29,2025-11-30 00:00:00
0,0,26,2025-06-23 20:00:00
2,0,27,2025-06-23 08:00:00
1,0,27,2025-06-23 12:00:00
0,0,26,2025-11-30 16:00:00
4,3,28,2025-11-30 16:00:00
4,3,28,2025-11-30 08:00:00
0,0,27,2025-11-30 20:00:00
0,0,29,2026-02-02 08:00:00
0,0,26,2026-02-02 00:00:00
2,4,28,2025-12-18 04:00:00
0,0,29,2026-02-02 16:00:00
1,0,27,2025-12-18 12:00:00
0,0,27,2026-02-02 04:00:00
3,4,28,2026-02-02 08:00:00
3,0,30,2025-11-30 12:00:00
4,4,28,2025-12-18 08:00:00
0,0,26,2025-12-18 00:00:00
0,0,29,2025-06-23 04:00:00
0,0,29,2025-11-30 20:00:00
3,0,30,2026-02-02 12:00:00
3,3,28,2025-06-23 20:00:00
0,0,30,2025-12-18 00:00:00
0,0,26,2025-06-23 08:00:00
3,0,30,2025-11-30 16:00:00
4,4,28,2025-12-18 16:00:00
3,0,28,2025-06-23 00:00:00
0,0,30,2026-02-02 04:00:00
0,0,30,2025-11-30 00:00:00
0,0,26,2026-02-02 12:00:00
4,4,28,2025-11-30 12:00:00
0,0,27,2025-06-23 20:00:00
2,0,26,2025-12-18 08:00:00
0,0,26,2025-12-18 04:00:00
0,0,27,2025-11-30 08:00:00
0,0,26,2025-06-23 00:00:00
3,0,29,2025-12-18 12:00:00
0,0,30,2025-12-18 20:00:00
0,0,26,2026-02-02 08:00:00
3,0,30,2025-06-23 20:00:00
0,0,27,2026-02-02 00:00:00
3,0,29,2025-06-23 12:00:00
3,0,30,2025-06-23 04:00:00
0,0,27,2026-02-02 16:00:00
0,0,26,2025-11-30 08:00:00
0,0,26,2025-06-23 04:00:00
0,0,27,2026-02-02 20:00:00
4,4,28,2025-12-18 20:00:00
0,0,29,2026-02-02 04:00:00
3,0,30,2025-06-23 16:00:00
3,0,30,2025-12-18 04:00:00
0,0,29,2025-12-18 04:00:00
3,0,30,2025-06-23 12:00:00
0,0,26,2026-02-02 16:00:00
3,3,28,2025-11-30 20:00:00
1,0,27,2026-02-02 12:00:00
0,0,30,2025-11-30 04:00:00
3,0,30,2025-12-18 08:00:00
4,4,28,2025-06-23 16:00:00
0,0,30,2025-11-30 20:00:00
0,0,26,2025-12-18 20:00:00
2,0,29,2025-12-18 08:00:00
2,1,28,2025-12-18 00:00:00
3,0,30,2025-11-30 08:00:00
0,0,29,2025-11-30 08:00:00
4,4,28,2026-02-02 12:00:00
0,0,30,2026-02-02 00:00:00
0,0,26,2025-11-30 04:00:00
2,0,28,2026-02-02 00:00:00
0,0,26,2025-06-23 16:00:00
3,0,30,2025-06-23 08:00:00
0,0,27,2025-12-18 00:00:00
4,4,28,2025-06-23 12:00:00
0,0,27,2025-12-18 16:00:00
0,0,30,2026-02-02 20:00:00
0,0,26,2026-02-02 20:00:00
3,3,28,2026-02-02 20:00:00
0,0,29,2026-02-02 20:00:00
0,0,29,2025-06-23 00:00:00
0,0,27,2025-11-30 00:00:00
0,0,29,2025-11-30 04:00:00
0,0,27,2025-06-23 16:00:00
3,0,30,2025-12-18 16:00:00
3,4,28,2025-06-23 04:00:00
3,0,30,2026-02-02 08:00:00
0,0,29,2025-12-18 20:00:00
0,0,29,2025-12-18 00:00:00
1,0,26,2025-06-23 12:00:00
0,0,27,2025-06-23 04:00:00
0,0,26,2026-02-02 04:00:00
0,0,26,2025-11-30 00:00:00
1,0,29,2026-02-02 12:00:00
0,0,29,2026-02-02 00:00:00
0,0,27,2025-12-18 04:00:00
4,4,28,2025-06-23 08:00:00
0,0,29,2025-11-30 16:00:00
0,0,27,2026-02-02 08:00:00
2,4,28,2026-02-02 04:00:00
2,1,28,2025-11-30 04:00:00
0,0,41,2025-11-30 16:00:00
0,0,44,2025-11-30 16:00:00
1,1,41,2026-02-02 16:00:00
0,0,42,2025-11-30 12:00:00
0,0,42,2025-06-23 16:00:00
0,0,45,2025-11-30 08:00:00
1,0,41,2025-11-30 08:00:00
0,0,41,2026-02-02 04:00:00
0,0,41,2025-11-30 04:00:00
0,0,42,2026-02-02 00:00:00
0,0,44,2025-12-18 08:00:00
0,0,44,2025-06-23 16:00:00
0,0,45,2025-12-18 04:00:00
0,0,44,2025-06-23 12:00:00
0,0,43,2025-06-23 04:00:00
0,0,42,2025-06-23 04:00:00
0,0,42,2026-02-02 20:00:00
0,0,42,2025-06-23 00:00:00
0,0,45,2025-11-30 00:00:00
0,0,42,2025-11-30 00:00:00
0,0,41,2025-12-18 04:00:00
0,0,41,2025-06-23 00:00:00
0,1,44,2025-12-18 12:00:00
0,0,45,2026-02-02 04:00:00
0,0,44,2026-02-02 12:00:00
0,0,43,2026-02-02 12:00:00
0,0,41,2025-06-23 20:00:00
0,0,43,2026-02-02 00:00:00
0,0,42,2025-06-23 20:00:00
0,0,43,2025-06-23 16:00:00
0,0,45,2025-11-30 20:00:00
0,0,44,2025-11-30 20:00:00
0,0,42,2026-02-02 12:00:00
0,0,45,2026-02-02 00:00:00
0,0,44,2025-12-18 04:00:00
0,0,45,2026-02-02 16:00:00
0,0,42,2025-11-30 08:00:00
0,0,43,2025-12-18 20:00:00
0,0,43,2025-11-30 00:00:00
0,0,42,2025-11-30 04:00:00
1,2,41,2025-06-23 16:00:00
0,0,43,2026-02-02 20:00:00
0,0,41,2025-11-30 00:00:00
0,0,44,2025-11-30 00:00:00
1,0,41,2026-02-02 12:00:00
0,0,45,2025-12-18 08:00:00
0,0,44,2025-12-18 00:00:00
0,1,43,2025-06-23 12:00:00
0,0,44,2025-12-18 16:00:00
0,0,45,2025-06-23 04:00:00
0,0,45,2025-12-18 12:00:00
0,0,41,2025-12-18 20:00:00
0,0,43,2026-02-02 04:00:00
0,0,42,2026-02-02 08:00:00
0,0,45,2026-02-02 12:00:00
0,0,43,2025-06-23 20:00:00
0,0,45,2025-12-18 00:00:00
1,1,41,2025-06-23 08:00:00
0,0,43,2025-12-18 16:00:00
0,0,44,2025-06-23 04:00:00
0,0,45,2026-02-02 20:00:00
0,1,42,2025-12-18 12:00:00
0,0,43,2026-02-02 08:00:00
0,0,42,2026-02-02 04:00:00
0,0,42,2025-12-18 20:00:00
0,0,44,2025-11-30 12:00:00
1,1,41,2025-12-18 08:00:00
0,0,43,2025-12-18 08:00:00
0,0,42,2025-12-18 00:00:00
0,0,42,2025-12-18 16:00:00
0,0,41,2025-06-23 04:00:00
0,0,43,2026-02-02 16:00:00
0,0,41,2025-11-30 20:00:00
0,0,45,2025-06-23 00:00:00
0,1,45,2026-02-02 08:00:00
0,0,44,2026-02-02 04:00:00
0,0,43,2025-11-30 04:00:00
0,0,41,2025-12-18 00:00:00
0,2,41,2025-12-18 16:00:00
0,0,42,2026-02-02 16:00:00
0,0,43,2025-06-23 00:00:00
1,0,41,2025-11-30 12:00:00
0,0,45,2025-06-23 20:00:00
0,0,44,2026-02-02 00:00:00
0,0,45,2025-06-23 16:00:00
0,0,43,2025-11-30 20:00:00
1,2,41,2025-12-18 12:00:00
0,0,44,2026-02-02 08:00:00
0,0,44,2025-12-18 20:00:00
0,0,45,2025-11-30 12:00:00
0,0,43,2025-11-30 08:00:00
0,0,42,2025-11-30 20:00:00
0,0,43,2025-12-18 12:00:00
0,0,41,2026-02-02 00:00:00
0,1,43,2025-06-23 08:00:00
0,0,45,2025-12-18 16:00:00
0,0,45,2025-11-30 16:00:00
0,0,44,2025-11-30 08:00:00
0,0,41,2026-02-02 20:00:00
0,0,44,2026-02-02 20:00:00
0,0,44,2025-11-30 04:00:00
0,0,42,2025-12-18 08:00:00
0,0,42,2025-06-23 08:00:00
1,0,42,2025-06-23 12:00:00
0,0,44,2025-06-23 00:00:00
0,0,45,2025-12-18 20:00:00
1,0,41,2026-02-02 08:00:00
0,0,43,2025-11-30 12:00:00
0,0,45,2025-11-30 04:00:00
0,0,44,2025-06-23 20:00:00
0,0,45,2025-06-23 08:00:00
0,1,44,2025-06-23 08:00:00
0,0,45,2025-06-23 12:00:00
1,2,41,2025-06-23 12:00:00
0,1,43,2025-11-30 16:00:00
0,0,42,2025-11-30 16:00:00
0,0,44,2026-02-02 16:00:00
0,0,43,2025-12-18 00:00:00
0,0,43,2025-12-18 04:00:00
0,0,42,2025-12-18 04:00:00
0,0,38,2025-11-30 16:00:00
0,0,39,2025-11-30 08:00:00
0,0,36,2026-02-02 04:00:00
0,0,36,2026-02-02 08:00:00
0,0,40,2026-02-02 08:00:00
0,0,40,2025-12-18 20:00:00
0,0,37,2025-11-30 12:00:00
0,0,36,2025-11-30 12:00:00
2,0,22,2025-09-11 00:00:00
0,0,25,2025-11-04 20:00:00
4,0,24,2025-04-02 08:00:00
2,0,23,2025-12-25 08:00:00
1,0,21,2026-04-14 12:00:00
2,0,25,2025-09-11 04:00:00
2,0,21,2026-04-14 08:00:00
2,0,24,2025-12-25 00:00:00
4,1,24,2026-04-14 16:00:00
3,0,25,2025-07-02 16:00:00
4,0,24,2025-07-02 12:00:00
2,0,24,2025-12-25 08:00:00
2,0,22,2025-01-23 00:00:00
2,0,22,2026-04-14 08:00:00
0,0,25,2025-01-23 20:00:00
2,0,21,2025-01-23 20:00:00
0,0,23,2025-12-25 04:00:00
2,0,22,2025-04-02 04:00:00
0,0,23,2025-11-04 00:00:00
2,0,21,2025-11-04 00:00:00
2,0,22,2025-01-23 08:00:00
1,0,22,2025-07-02 08:00:00
2,0,21,2025-01-23 08:00:00
2,0,21,2025-09-11 08:00:00
4,1,24,2025-09-11 08:00:00
0,0,23,2026-04-14 00:00:00
2,0,21,2025-04-02 20:00:00
0,0,23,2025-12-25 16:00:00
0,0,25,2025-01-23 16:00:00
2,0,21,2025-01-23 16:00:00
0,0,23,2025-12-25 00:00:00
2,0,21,2025-04-02 04:00:00
2,0,21,2025-12-25 00:00:00
1,0,23,2025-04-02 16:00:00
3,0,25,2025-04-02 16:00:00
4,0,24,2025-04-02 16:00:00
2,0,23,2025-01-23 04:00:00
2,0,22,2026-04-14 20:00:00
0,0,25,2026-04-14 20:00:00
0,0,23,2026-04-14 16:00:00
4,0,24,2025-07-02 16:00:00
0,0,23,2025-07-02 20:00:00
0,0,23,2025-11-04 20:00:00
2,0,22,2025-09-11 08:00:00
2,0,25,2025-12-25 08:00:00
2,0,24,2026-04-14 00:00:00
0,0,23,2025-04-02 00:00:00
2,0,22,2025-04-02 00:00:00
2,0,22,2025-04-02 20:00:00
3,0,25,2025-12-25 12:00:00
0,0,25,2025-07-02 00:00:00
2,0,21,2025-01-23 04:00:00
1,0,21,2025-01-23 12:00:00
1,0,21,2025-04-02 08:00:00
2,0,21,2025-07-02 20:00:00
2,0,24,2025-09-11 00:00:00
4,0,24,2025-09-11 12:00:00
4,0,25,2025-11-04 12:00:00
2,0,21,2025-09-11 04:00:00
2,0,21,2025-04-02 00:00:00
2,0,24,2025-04-02 00:00:00
0,0,25,2025-12-25 16:00:00
4,0,24,2025-12-25 16:00:00
0,0,25,2025-12-25 00:00:00
2,0,24,2025-04-02 04:00:00
3,0,25,2025-09-11 16:00:00
4,0,22,2025-01-23 12:00:00
2,0,24,2025-11-04 00:00:00
4,0,22,2025-11-04 16:00:00
2,0,25,2025-07-02 04:00:00
1,0,21,2026-04-14 16:00:00
2,0,22,2025-11-04 20:00:00
2,0,21,2025-11-04 20:00:00
4,0,25,2025-04-02 12:00:00
2,0,22,2025-01-23 20:00:00
0,0,25,2025-04-02 00:00:00
2,0,22,2025-12-25 16:00:00
2,0,21,2025-12-25 16:00:00
4,1,24,2025-01-23 16:00:00
2,0,25,2025-04-02 04:00:00
2,0,21,2025-11-04 08:00:00
2,0,21,2025-07-02 04:00:00
1,0,22,2025-04-02 08:00:00
1,0,23,2025-07-02 08:00:00
1,0,21,2025-11-04 12:00:00
2,0,22,2025-09-11 04:00:00
0,0,25,2025-04-02 20:00:00
2,0,22,2025-01-23 04:00:00
4,0,24,2025-01-23 12:00:00
3,0,24,2026-04-14 20:00:00
2,0,24,2025-11-04 04:00:00
2,0,23,2025-01-23 08:00:00
2,0,22,2025-12-25 08:00:00
4,0,24,2026-04-14 12:00:00
2,0,23,2025-09-11 04:00:00
0,0,25,2025-01-23 00:00:00
2,0,25,2026-04-14 08:00:00
2,0,22,2025-01-23 16:00:00
2,0,22,2025-07-02 00:00:00
2,0,22,2025-12-25 00:00:00
1,0,23,2025-01-23 12:00:00
2,1,24,2025-07-02 04:00:00
1,0,23,2025-11-04 12:00:00
2,0,24,2025-01-23 08:00:00
4,0,24,2025-11-04 12:00:00
4,1,24,2026-04-14 08:00:00
2,0,22,2025-09-11 20:00:00
2,0,21,2025-12-25 04:00:00
0,0,23,2025-04-02 04:00:00
4,1,24,2025-09-11 16:00:00
2,0,23,2025-07-02 04:00:00
0,0,23,2025-11-04 04:00:00
2,0,21,2025-11-04 04:00:00
4,0,22,2025-07-02 12:00:00
1,0,21,2025-07-02 16:00:00
0,0,23,2025-01-23 00:00:00
0,0,23,2025-12-25 20:00:00
2,0,24,2025-09-11 04:00:00
0,0,23,2025-04-02 20:00:00
2,0,22,2025-12-25 12:00:00
2,0,21,2025-12-25 12:00:00
2,0,24,2025-04-02 20:00:00
2,0,21,2025-07-02 00:00:00
2,0,24,2025-07-02 00:00:00
2,0,22,2026-04-14 04:00:00
2,0,21,2025-11-04 16:00:00
1,0,21,2025-07-02 12:00:00
2,0,22,2025-07-02 20:00:00
1,0,23,2026-04-14 12:00:00
2,0,25,2025-01-23 08:00:00
3,0,25,2026-04-14 12:00:00
2,0,22,2025-12-25 20:00:00
1,0,23,2025-12-25 12:00:00
4,0,22,2025-04-02 16:00:00
1,0,21,2025-04-02 16:00:00
2,0,21,2025-09-11 16:00:00
2,0,21,2026-04-14 04:00:00
1,0,23,2025-11-04 08:00:00
2,0,25,2025-11-04 08:00:00
2,0,24,2025-01-23 04:00:00
4,1,24,2025-11-04 16:00:00
1,0,23,2025-07-02 16:00:00
2,0,24,2025-07-02 20:00:00
1,0,23,2025-04-02 12:00:00
4,0,22,2026-04-14 12:00:00
2,0,25,2025-07-02 08:00:00
1,0,21,2025-07-02 08:00:00
1,0,23,2026-04-14 08:00:00
0,0,25,2026-04-14 00:00:00
0,0,21,2025-12-25 20:00:00
2,0,21,2026-04-14 00:00:00
0,0,23,2025-01-23 20:00:00
2,0,24,2025-01-23 20:00:00
2,1,24,2026-04-14 04:00:00
3,0,25,2026-04-14 16:00:00
1,0,23,2025-07-02 12:00:00
0,0,23,2025-09-11 00:00:00
4,0,22,2025-09-11 12:00:00
4,0,25,2025-09-11 12:00:00
4,0,22,2025-04-02 12:00:00
2,0,25,2025-09-11 08:00:00
2,0,21,2025-12-25 08:00:00
2,1,24,2025-09-11 20:00:00
0,0,14,2025-12-25 00:00:00
0,0,13,2025-09-11 08:00:00
0,0,13,2025-07-02 16:00:00
0,0,15,2025-09-11 16:00:00
0,0,12,2025-09-11 16:00:00
0,0,13,2025-01-23 08:00:00
0,0,15,2025-01-23 08:00:00
0,0,12,2026-04-14 04:00:00
0,0,11,2025-04-02 20:00:00
0,0,13,2025-01-23 16:00:00
0,0,15,2025-07-02 04:00:00
0,0,13,2025-09-11 20:00:00
0,0,14,2025-11-04 04:00:00
0,0,15,2025-11-04 04:00:00
0,0,11,2025-11-04 04:00:00
0,0,13,2025-04-02 00:00:00
0,0,13,2025-07-02 00:00:00
0,0,12,2025-04-02 00:00:00
4,0,11,2026-04-14 12:00:00
0,0,14,2025-04-02 16:00:00
0,0,14,2025-07-02 08:00:00
0,0,13,2025-11-04 00:00:00
0,0,12,2025-07-02 08:00:00
0,0,14,2025-01-23 16:00:00
0,0,13,2026-04-14 16:00:00
0,0,14,2025-04-02 08:00:00
0,0,13,2025-04-02 08:00:00
0,0,13,2025-12-25 12:00:00
0,0,15,2025-07-02 00:00:00
0,0,11,2026-04-14 00:00:00
0,0,14,2025-09-11 16:00:00
0,0,14,2025-04-02 20:00:00
0,0,15,2025-11-04 20:00:00
0,0,13,2025-07-02 08:00:00
0,0,12,2025-12-25 08:00:00
0,0,11,2025-12-25 08:00:00
0,0,14,2025-11-04 12:00:00
0,0,11,2025-07-02 04:00:00
0,0,14,2025-09-11 20:00:00
0,0,11,2025-11-04 16:00:00
4,0,14,2025-07-02 12:00:00
0,0,15,2025-12-25 12:00:00
4,0,15,2025-09-11 12:00:00
0,0,11,2025-12-25 16:00:00
0,0,13,2025-07-02 20:00:00
0,0,15,2026-04-14 00:00:00
0,0,12,2025-09-11 08:00:00
0,0,11,2025-01-23 08:00:00
0,0,15,2026-04-14 20:00:00
0,0,12,2025-04-02 16:00:00
0,0,12,2026-04-14 08:00:00
0,0,11,2025-07-02 08:00:00
0,0,15,2025-12-25 04:00:00
0,0,15,2026-04-14 16:00:00
0,0,13,2025-01-23 20:00:00
0,0,11,2025-12-25 12:00:00
0,0,14,2025-09-11 08:00:00
0,0,14,2025-07-02 16:00:00
0,0,14,2025-01-23 00:00:00
0,0,12,2025-04-02 04:00:00
0,0,15,2025-04-02 16:00:00
0,0,15,2025-11-04 00:00:00
0,0,12,2025-09-11 04:00:00
0,0,11,2025-09-11 04:00:00
0,0,14,2025-09-11 00:00:00
0,0,12,2025-09-11 00:00:00
0,0,12,2025-11-04 16:00:00
0,0,13,2025-11-04 04:00:00
0,0,12,2025-12-25 12:00:00
0,0,14,2025-12-25 16:00:00
4,0,15,2025-07-02 16:00:00
0,0,12,2025-07-02 16:00:00
0,0,13,2025-01-23 00:00:00
0,0,12,2025-04-02 12:00:00
0,0,13,2025-04-02 04:00:00
0,0,12,2025-12-25 04:00:00
0,0,14,2025-01-23 20:00:00
0,0,15,2025-01-23 20:00:00
0,0,11,2025-01-23 12:00:00
0,0,11,2025-12-25 20:00:00
0,0,13,2025-11-04 08:00:00
0,0,15,2025-11-04 08:00:00
0,0,14,2025-12-25 12:00:00
0,0,12,2025-07-02 12:00:00
0,0,14,2026-04-14 00:00:00
0,0,12,2025-12-25 00:00:00
4,0,15,2025-04-02 12:00:00
0,0,13,2025-12-25 08:00:00
0,0,15,2025-12-25 08:00:00
0,0,14,2025-07-02 04:00:00
0,0,13,2025-07-02 04:00:00
4,0,15,2025-07-02 12:00:00
0,0,12,2026-04-14 00:00:00
0,0,11,2025-07-02 16:00:00
0,0,11,2025-07-02 20:00:00
0,0,14,2025-01-23 08:00:00
0,0,12,2026-04-14 20:00:00
0,0,11,2026-04-14 20:00:00
0,0,15,2025-07-02 08:00:00
0,0,11,2025-01-23 16:00:00
4,0,11,2025-11-04 12:00:00
0,0,14,2025-12-25 20:00:00
4,0,15,2025-01-23 12:00:00
0,0,11,2025-09-11 00:00:00
0,0,13,2025-11-04 16:00:00
0,0,14,2025-04-02 00:00:00
4,0,11,2025-07-02 12:00:00
4,0,11,2025-09-11 12:00:00
0,0,12,2025-07-02 20:00:00
0,0,13,2026-04-14 04:00:00
0,0,12,2025-01-23 08:00:00
1,0,14,2025-04-02 12:00:00
4,0,11,2025-04-02 12:00:00
0,0,11,2025-04-02 04:00:00
0,0,11,2025-11-04 20:00:00
0,0,14,2026-04-14 08:00:00
0,0,14,2025-11-04 00:00:00
0,0,11,2025-04-02 16:00:00
0,0,11,2025-11-04 00:00:00
0,0,13,2025-12-25 04:00:00
0,0,14,2025-09-11 04:00:00
0,0,13,2025-11-04 12:00:00
0,0,15,2025-09-11 04:00:00
0,0,12,2026-04-14 16:00:00
0,0,14,2025-11-04 16:00:00
0,0,15,2025-11-04 16:00:00
0,0,11,2025-04-02 08:00:00
0,0,12,2025-07-02 00:00:00
4,0,14,2025-09-11 12:00:00
0,0,12,2025-12-25 16:00:00
4,0,15,2026-04-14 12:00:00
0,0,11,2025-01-23 00:00:00
0,0,11,2026-04-14 04:00:00
0,0,14,2026-04-14 20:00:00
0,0,14,2025-11-04 20:00:00
0,0,15,2025-01-23 16:00:00
4,0,15,2025-11-04 12:00:00
0,0,13,2025-12-25 20:00:00
0,0,12,2025-11-04 04:00:00
0,0,15,2025-12-25 16:00:00
0,0,15,2025-12-25 00:00:00
0,0,13,2025-09-11 16:00:00
0,0,14,2026-04-14 04:00:00
0,0,15,2025-04-02 04:00:00
0,0,14,2025-12-25 08:00:00
0,0,13,2025-04-02 16:00:00
0,0,14,2025-12-25 04:00:00
0,0,14,2026-04-14 16:00:00
0,0,13,2025-09-11 04:00:00
0,0,12,2025-07-02 04:00:00
0,0,15,2025-12-25 20:00:00
0,0,12,2025-12-25 20:00:00
0,0,15,2025-01-23 04:00:00
0,0,13,2025-09-11 12:00:00
0,0,15,2025-07-02 20:00:00
0,0,11,2025-09-11 16:00:00
0,0,14,2026-04-14 12:00:00
0,0,13,2025-04-02 20:00:00
0,0,12,2025-04-02 20:00:00
0,0,12,2025-11-04 08:00:00
0,0,11,2025-07-02 00:00:00
0,0,12,2025-09-11 12:00:00
0,0,14,2025-07-02 20:00:00
0,0,13,2026-04-14 00:00:00
0,0,13,2026-04-14 12:00:00
0,0,13,2026-04-14 20:00:00
0,0,11,2026-04-14 08:00:00
0,0,13,2025-01-23 12:00:00
0,0,15,2025-09-11 00:00:00
0,0,11,2025-01-23 20:00:00
0,0,14,2025-11-04 08:00:00
0,0,13,2025-01-23 04:00:00
0,0,12,2025-09-11 20:00:00
0,0,11,2025-01-23 04:00:00
0,0,11,2025-09-11 20:00:00
0,0,14,2025-07-02 00:00:00
0,0,11,2025-04-02 00:00:00
0,0,13,2025-12-25 00:00:00
0,0,11,2025-12-25 00:00:00
0,0,12,2026-04-14 12:00:00
0,0,15,2026-04-14 04:00:00
0,0,14,2025-04-02 04:00:00
0,0,12,2025-11-04 20:00:00
0,0,12,2025-11-04 00:00:00
0,0,11,2025-12-25 04:00:00
0,0,11,2026-04-14 16:00:00
0,0,14,2025-01-23 12:00:00
0,0,13,2025-09-11 00:00:00
0,0,12,2025-01-23 12:00:00
0,0,14,2025-01-23 04:00:00
0,0,15,2025-09-11 20:00:00
0,1,12,2025-01-23 04:00:00
0,0,11,2025-11-04 08:00:00
0,0,15,2025-04-02 00:00:00
0,0,13,2025-12-25 16:00:00
0,0,15,2025-09-11 08:00:00
0,0,11,2025-09-11 08:00:00
0,0,15,2025-01-23 00:00:00
0,0,12,2025-01-23 00:00:00
0,0,13,2025-04-02 12:00:00
0,0,15,2025-04-02 20:00:00
0,0,13,2026-04-14 08:00:00
0,0,15,2026-04-14 08:00:00
0,0,12,2025-11-04 12:00:00
0,0,15,2025-04-02 08:00:00
0,1,12,2025-04-02 08:00:00
0,0,13,2025-11-04 20:00:00
0,0,12,2025-01-23 16:00:00
0,0,12,2025-01-23 20:00:00
1,0,13,2025-07-02 12:00:00
0,0,09,2025-07-02 20:00:00
0,0,10,2025-12-25 00:00:00
2,2,06,2025-04-02 04:00:00
2,1,07,2025-04-02 04:00:00
0,0,09,2026-04-14 04:00:00
0,0,10,2026-04-14 04:00:00
2,3,06,2026-04-14 04:00:00
0,0,09,2026-04-14 20:00:00
4,4,08,2025-11-04 04:00:00
4,0,10,2025-01-23 12:00:00
4,4,08,2025-09-11 08:00:00
4,1,06,2025-11-04 12:00:00
2,0,07,2025-04-02 12:00:00
2,0,07,2025-12-25 08:00:00
2,0,06,2025-04-02 00:00:00
2,0,07,2025-04-02 20:00:00
4,1,08,2025-12-25 04:00:00
4,0,09,2025-04-02 12:00:00
4,4,08,2025-01-23 12:00:00
2,2,06,2025-01-23 04:00:00
4,1,06,2025-07-02 12:00:00
4,1,06,2025-04-02 12:00:00
4,1,06,2026-04-14 12:00:00
0,0,10,2025-09-11 20:00:00
0,0,10,2025-12-25 12:00:00
4,3,08,2025-04-02 20:00:00
2,0,07,2025-04-02 00:00:00
2,0,06,2025-07-02 00:00:00
2,0,06,2025-12-25 04:00:00
4,1,08,2025-12-25 00:00:00
4,4,08,2025-04-02 16:00:00
4,1,06,2025-04-02 16:00:00
4,4,08,2026-04-14 04:00:00
2,0,06,2026-04-14 20:00:00
0,0,10,2025-09-11 04:00:00
4,2,06,2025-09-11 12:00:00
0,0,10,2025-01-23 20:00:00
2,0,07,2025-01-23 00:00:00
0,0,09,2025-07-02 00:00:00
4,4,08,2025-12-25 12:00:00
1,0,06,2025-12-25 12:00:00
0,0,10,2025-09-11 08:00:00
2,2,07,2025-09-11 16:00:00
0,0,10,2026-04-14 20:00:00
2,2,06,2025-11-04 04:00:00
0,0,09,2025-09-11 04:00:00
4,0,09,2025-11-04 12:00:00
4,0,10,2025-11-04 12:00:00
2,1,07,2025-04-02 08:00:00
2,1,07,2025-07-02 20:00:00
0,0,09,2025-01-23 20:00:00
0,0,09,2025-12-25 20:00:00
4,4,08,2026-04-14 12:00:00
2,0,06,2025-12-25 08:00:00
0,0,10,2025-11-04 16:00:00
4,2,08,2025-12-25 20:00:00
4,0,08,2026-04-14 00:00:00
0,0,10,2025-04-02 00:00:00
2,1,07,2025-01-23 20:00:00
0,0,10,2025-07-02 20:00:00
0,0,10,2025-09-11 16:00:00
4,0,10,2026-04-14 12:00:00
1,2,06,2025-01-23 12:00:00
0,0,09,2025-04-02 04:00:00
0,0,10,2025-04-02 20:00:00
4,0,06,2025-11-04 16:00:00
2,1,07,2025-11-04 16:00:00
4,4,08,2026-04-14 16:00:00
2,2,07,2026-04-14 16:00:00
0,0,10,2025-01-23 16:00:00
2,2,07,2025-07-02 12:00:00
0,0,10,2025-07-02 04:00:00
4,4,08,2025-04-02 08:00:00
4,4,08,2025-09-11 12:00:00
2,2,06,2025-07-02 20:00:00
4,4,08,2025-01-23 08:00:00
4,3,08,2025-12-25 08:00:00
0,0,09,2025-11-04 08:00:00
0,0,10,2025-01-23 04:00:00
0,0,10,2025-11-04 08:00:00
0,0,09,2025-11-04 20:00:00
2,0,06,2025-07-02 04:00:00
4,4,08,2025-07-02 12:00:00
2,2,06,2025-01-23 08:00:00
2,3,06,2025-09-11 08:00:00
2,1,07,2025-01-23 08:00:00
2,2,07,2025-11-04 12:00:00
4,4,08,2025-09-11 04:00:00
2,0,06,2026-04-14 00:00:00
2,1,07,2025-09-11 04:00:00
2,0,07,2026-04-14 00:00:00
4,0,08,2025-07-02 00:00:00
2,2,07,2025-01-23 16:00:00
0,0,10,2025-11-04 20:00:00
0,0,09,2025-12-25 08:00:00
0,0,09,2026-04-14 08:00:00
0,0,09,2025-09-11 00:00:00
2,2,07,2025-07-02 08:00:00
0,0,09,2025-09-11 20:00:00
2,0,06,2025-12-25 16:00:00
0,0,10,2025-01-23 00:00:00
2,0,06,2025-11-04 00:00:00
0,0,10,2026-04-14 08:00:00
4,4,08,2025-11-04 20:00:00
0,1,10,2025-11-04 04:00:00
4,4,08,2026-04-14 08:00:00
0,0,09,2025-04-02 00:00:00
4,0,09,2025-07-02 12:00:00
2,0,07,2025-12-25 16:00:00
0,0,09,2026-04-14 00:00:00
0,0,09,2025-01-23 08:00:00
0,0,10,2025-12-25 08:00:00
0,0,09,2025-12-25 04:00:00
0,0,10,2025-12-25 04:00:00
2,0,07,2025-09-11 00:00:00
2,2,07,2025-09-11 12:00:00
0,0,09,2025-12-25 12:00:00
0,0,10,2025-07-02 00:00:00
4,0,10,2025-07-02 12:00:00
2,0,06,2025-04-02 20:00:00
2,0,06,2025-09-11 20:00:00
2,1,06,2025-01-23 16:00:00
0,0,09,2025-12-25 00:00:00
4,0,10,2025-07-02 16:00:00
4,4,08,2025-04-02 04:00:00
4,4,08,2025-09-11 16:00:00
2,1,07,2025-04-02 16:00:00
0,0,10,2025-01-23 08:00:00
4,3,08,2025-01-23 04:00:00
4,0,08,2025-09-11 00:00:00
2,0,07,2025-12-25 20:00:00
4,4,08,2025-01-23 20:00:00
0,0,09,2025-09-11 08:00:00
0,0,09,2025-09-11 16:00:00
2,0,07,2025-12-25 00:00:00
2,2,07,2025-11-04 08:00:00
2,0,07,2025-11-04 00:00:00
0,0,09,2025-11-04 00:00:00
0,0,10,2025-11-04 00:00:00
2,2,07,2025-11-04 04:00:00
0,0,09,2025-01-23 16:00:00
0,0,10,2026-04-14 16:00:00
0,0,09,2025-01-23 12:00:00
4,4,08,2025-11-04 12:00:00
0,0,09,2025-11-04 16:00:00
0,0,09,2025-11-04 04:00:00
2,2,06,2025-09-11 04:00:00
4,0,08,2025-04-02 00:00:00
4,0,09,2025-09-11 12:00:00
0,0,09,2025-12-25 16:00:00
0,0,09,2025-07-02 16:00:00
2,2,06,2025-09-11 16:00:00
4,0,10,2025-04-02 12:00:00
2,3,06,2025-11-04 08:00:00
0,0,10,2025-07-02 08:00:00
4,4,08,2026-04-14 20:00:00
2,1,07,2025-07-02 04:00:00
1,1,06,2026-04-14 16:00:00
4,4,08,2025-07-02 16:00:00
2,1,07,2025-07-02 16:00:00
1,3,06,2025-04-02 08:00:00
2,1,07,2025-11-04 20:00:00
0,0,09,2025-01-23 04:00:00
2,3,06,2026-04-14 08:00:00
4,4,08,2025-09-11 20:00:00
4,4,08,2025-01-23 16:00:00
2,1,07,2026-04-14 04:00:00
4,2,06,2025-07-02 16:00:00
0,0,09,2025-07-02 04:00:00
2,1,07,2025-09-11 20:00:00
2,0,07,2025-12-25 12:00:00
4,0,09,2026-04-14 12:00:00
0,0,10,2025-04-02 04:00:00
0,0,10,2025-04-02 16:00:00
2,1,07,2026-04-14 20:00:00
2,0,06,2025-11-04 20:00:00
0,0,10,2025-09-11 00:00:00
1,2,06,2025-07-02 08:00:00
2,2,07,2026-04-14 12:00:00
0,0,10,2025-04-02 08:00:00
2,0,06,2025-01-23 20:00:00
4,0,10,2025-09-11 12:00:00
0,0,10,2026-04-14 00:00:00
4,4,08,2025-11-04 08:00:00
2,2,07,2025-01-23 04:00:00
2,1,07,2025-01-23 12:00:00
4,1,08,2025-11-04 00:00:00
0,0,09,2025-07-02 08:00:00
4,3,08,2025-07-02 04:00:00
4,4,08,2025-07-02 20:00:00
2,0,06,2025-09-11 00:00:00
0,0,10,2025-12-25 20:00:00
4,4,08,2025-04-02 12:00:00
2,2,07,2025-09-11 08:00:00
2,0,06,2025-01-23 00:00:00
2,0,06,2025-12-25 20:00:00
2,0,07,2025-07-02 00:00:00
2,0,07,2025-12-25 04:00:00
2,0,06,2025-12-25 00:00:00
0,0,09,2025-01-23 00:00:00
0,0,09,2025-04-02 20:00:00
0,0,09,2025-04-02 16:00:00
4,4,08,2025-11-04 16:00:00
0,0,09,2026-04-14 16:00:00
4,4,08,2025-07-02 08:00:00
0,0,09,2025-04-02 08:00:00
4,0,08,2025-01-23 00:00:00
2,2,07,2026-04-14 08:00:00
0,0,10,2025-12-25 16:00:00
4,3,08,2025-12-25 16:00:00
4,4,28,2025-04-02 04:00:00
0,0,26,2025-09-11 16:00:00
4,4,28,2025-09-11 16:00:00
3,4,28,2026-04-14 04:00:00
1,0,26,2025-01-23 12:00:00
4,4,28,2025-11-04 16:00:00
4,4,28,2026-04-14 16:00:00
1,0,26,2025-07-02 12:00:00
1,0,27,2025-04-02 08:00:00
0,0,29,2025-09-11 00:00:00
3,0,30,2026-04-14 12:00:00
1,0,27,2025-04-02 12:00:00
3,0,29,2026-04-14 08:00:00
3,3,28,2025-01-23 20:00:00
0,0,27,2025-12-25 16:00:00
3,0,30,2025-04-02 04:00:00
0,0,26,2025-12-25 00:00:00
0,0,29,2025-04-02 04:00:00
3,0,30,2026-04-14 04:00:00
0,0,27,2025-07-02 04:00:00
2,4,28,2025-11-04 04:00:00
0,0,29,2026-04-14 20:00:00
3,0,30,2026-04-14 16:00:00
0,0,27,2025-09-11 00:00:00
0,0,27,2025-11-04 20:00:00
0,0,26,2025-07-02 20:00:00
0,0,29,2025-07-02 20:00:00
2,0,27,2025-09-11 08:00:00
1,0,27,2025-11-04 12:00:00
4,4,28,2025-07-02 08:00:00
3,0,30,2026-04-14 08:00:00
0,0,26,2026-04-14 00:00:00
0,0,29,2025-01-23 00:00:00
3,0,30,2025-04-02 00:00:00
0,0,26,2025-04-02 20:00:00
0,0,26,2025-12-25 16:00:00
0,0,29,2025-12-25 04:00:00
0,0,26,2026-04-14 04:00:00
2,0,30,2025-01-23 04:00:00
0,0,30,2025-11-04 00:00:00
0,0,29,2025-11-04 04:00:00
3,0,30,2025-07-02 16:00:00
3,0,30,2025-09-11 08:00:00
3,0,29,2026-04-14 12:00:00
3,0,29,2025-11-04 12:00:00
0,0,27,2026-04-14 00:00:00
3,0,30,2025-04-02 20:00:00
3,0,30,2025-12-25 04:00:00
0,0,29,2025-04-02 16:00:00
0,0,26,2025-11-04 08:00:00
3,0,30,2026-04-14 20:00:00
0,0,27,2026-04-14 16:00:00
4,4,28,2025-07-02 16:00:00
4,4,28,2025-04-02 08:00:00
2,0,27,2025-01-23 08:00:00
4,4,28,2025-04-02 12:00:00
4,4,28,2025-11-04 12:00:00
0,0,29,2025-12-25 08:00:00
0,0,26,2025-01-23 00:00:00
0,0,27,2025-09-11 20:00:00
3,3,28,2025-09-11 20:00:00
0,0,27,2025-01-23 04:00:00
4,4,28,2025-01-23 12:00:00
4,3,28,2025-11-04 20:00:00
0,0,27,2025-09-11 04:00:00
3,0,30,2025-09-11 20:00:00
3,1,28,2025-12-25 00:00:00
1,0,27,2025-11-04 08:00:00
0,0,29,2025-07-02 04:00:00
1,0,27,2025-07-02 12:00:00
0,0,26,2025-07-02 16:00:00
3,0,30,2025-07-02 20:00:00
4,4,28,2025-09-11 08:00:00
0,0,29,2025-09-11 04:00:00
0,0,29,2025-04-02 20:00:00
0,0,27,2025-01-23 16:00:00
0,0,27,2025-07-02 00:00:00
3,0,28,2025-12-25 04:00:00
0,0,27,2025-04-02 04:00:00
0,0,26,2025-04-02 16:00:00
0,0,27,2026-04-14 04:00:00
0,0,26,2025-11-04 00:00:00
0,0,26,2025-11-04 04:00:00
2,0,26,2025-01-23 08:00:00
2,0,26,2025-09-11 08:00:00
4,4,28,2026-04-14 12:00:00
3,0,29,2025-09-11 08:00:00
0,0,27,2025-12-25 20:00:00
0,0,26,2025-12-25 20:00:00
0,0,26,2026-04-14 08:00:00
3,2,28,2025-12-25 20:00:00
3,0,30,2025-12-25 12:00:00
0,0,26,2025-01-23 04:00:00
2,4,28,2025-01-23 04:00:00
0,0,27,2025-11-04 00:00:00
0,0,26,2025-07-02 04:00:00
0,0,26,2025-11-04 20:00:00
4,4,28,2025-09-11 12:00:00
3,0,29,2025-04-02 08:00:00
3,0,30,2025-12-25 08:00:00
1,0,26,2026-04-14 12:00:00
1,0,26,2025-07-02 08:00:00
3,0,30,2025-09-11 04:00:00
0,0,26,2025-04-02 00:00:00
3,0,30,2025-12-25 16:00:00
0,0,27,2025-12-25 04:00:00
0,0,27,2025-12-25 00:00:00
0,0,27,2025-04-02 16:00:00
3,0,30,2025-11-04 16:00:00
0,0,29,2026-04-14 16:00:00
3,0,30,2025-04-02 08:00:00
3,0,30,2025-01-23 08:00:00
0,0,27,2025-12-25 08:00:00
1,0,26,2025-04-02 12:00:00
2,0,29,2025-01-23 08:00:00
0,0,27,2025-04-02 00:00:00
0,0,29,2025-12-25 00:00:00
3,0,30,2025-11-04 08:00:00
0,0,27,2025-11-04 04:00:00
0,0,26,2026-04-14 20:00:00
1,0,26,2025-09-11 12:00:00
3,0,30,2025-07-02 08:00:00
1,0,27,2025-07-02 08:00:00
4,4,28,2025-01-23 08:00:00
0,0,29,2025-04-02 00:00:00
0,0,27,2025-09-11 16:00:00
3,0,30,2025-01-23 12:00:00
3,0,30,2025-07-02 12:00:00
4,4,28,2025-07-02 12:00:00
0,0,30,2025-09-11 00:00:00
0,0,26,2025-04-02 08:00:00
0,0,29,2025-11-04 20:00:00
4,4,28,2026-04-14 08:00:00
0,0,30,2025-01-23 20:00:00
0,0,27,2025-01-23 20:00:00
0,0,26,2025-09-11 20:00:00
3,0,28,2025-04-02 00:00:00
0,0,30,2025-07-02 00:00:00
0,0,26,2025-01-23 16:00:00
3,0,28,2025-07-02 00:00:00
0,0,29,2025-11-04 00:00:00
0,0,27,2026-04-14 20:00:00
0,0,27,2025-07-02 20:00:00
3,0,29,2025-04-02 12:00:00
3,0,29,2025-07-02 08:00:00
1,0,27,2026-04-14 08:00:00
0,0,26,2025-12-25 12:00:00
3,0,30,2025-01-23 16:00:00
0,0,26,2025-12-25 04:00:00
0,0,30,2025-12-25 00:00:00
3,0,29,2025-09-11 16:00:00
1,0,27,2025-01-23 12:00:00
0,0,29,2025-01-23 04:00:00
3,0,29,2025-11-04 08:00:00
3,1,28,2025-11-04 00:00:00
0,0,26,2025-11-04 16:00:00
0,0,27,2025-07-02 16:00:00
0,0,30,2025-11-04 20:00:00
1,0,27,2025-09-11 12:00:00
3,0,29,2025-09-11 12:00:00
1,0,26,2025-11-04 12:00:00
0,0,30,2025-12-25 20:00:00
0,0,30,2026-04-14 00:00:00
0,0,27,2025-01-23 00:00:00
0,0,29,2025-12-25 20:00:00
0,0,29,2026-04-14 00:00:00
0,0,26,2025-07-02 00:00:00
4,4,28,2025-01-23 16:00:00
0,0,29,2025-12-25 16:00:00
0,0,29,2025-07-02 00:00:00
3,0,30,2025-07-02 04:00:00
3,0,30,2025-11-04 04:00:00
0,0,27,2025-11-04 16:00:00
0,0,26,2026-04-14 16:00:00
3,0,29,2025-07-02 12:00:00
3,0,28,2025-09-11 00:00:00
4,3,28,2025-07-02 20:00:00
0,0,26,2025-12-25 08:00:00
4,2,28,2025-12-25 08:00:00
0,0,26,2025-09-11 04:00:00
0,0,27,2025-04-02 20:00:00
0,0,26,2025-01-23 20:00:00
4,3,28,2025-04-02 20:00:00
4,3,28,2025-12-25 12:00:00
0,0,29,2025-01-23 16:00:00
0,0,26,2025-04-02 04:00:00
3,0,30,2025-04-02 16:00:00
4,4,28,2025-04-02 16:00:00
0,0,29,2026-04-14 04:00:00
4,4,28,2025-11-04 08:00:00
3,0,29,2025-01-23 12:00:00
4,3,28,2026-04-14 20:00:00
3,4,28,2025-07-02 04:00:00
0,0,29,2025-11-04 16:00:00
3,0,30,2025-09-11 12:00:00
1,0,27,2026-04-14 12:00:00
0,0,30,2025-01-23 00:00:00
3,0,28,2026-04-14 00:00:00
0,0,29,2025-09-11 20:00:00
3,0,30,2025-09-11 16:00:00
3,0,29,2025-07-02 16:00:00
0,0,26,2025-09-11 00:00:00
3,0,30,2025-04-02 12:00:00
3,0,30,2025-11-04 12:00:00
2,0,28,2025-01-23 00:00:00
2,4,28,2025-09-11 04:00:00
0,0,27,2025-12-25 12:00:00
0,0,29,2025-01-23 20:00:00
3,0,29,2025-12-25 12:00:00
4,2,28,2025-12-25 16:00:00
0,0,41,2025-12-25 04:00:00
0,0,42,2025-04-02 16:00:00
1,0,41,2025-11-04 16:00:00
0,0,45,2026-04-14 16:00:00
0,0,45,2025-07-02 12:00:00
0,0,41,2025-07-02 20:00:00
0,0,43,2025-11-04 12:00:00
0,0,42,2025-12-25 08:00:00
0,0,44,2025-09-11 04:00:00
1,1,41,2025-01-23 16:00:00
0,0,44,2025-07-02 00:00:00
0,0,42,2025-01-23 16:00:00
1,2,41,2025-04-02 16:00:00
0,0,44,2025-01-23 04:00:00
0,0,41,2025-11-04 00:00:00
0,0,43,2025-11-04 00:00:00
1,1,41,2025-09-11 12:00:00
0,0,41,2025-11-04 20:00:00
0,0,45,2025-04-02 12:00:00
1,0,41,2025-12-25 08:00:00
1,2,41,2025-11-04 12:00:00
0,0,44,2025-07-02 08:00:00
0,0,45,2025-09-11 04:00:00
0,0,44,2025-12-25 20:00:00
0,0,43,2025-09-11 20:00:00
0,0,45,2025-04-02 04:00:00
0,0,43,2025-04-02 08:00:00
0,0,43,2025-07-02 20:00:00
0,0,43,2025-11-04 20:00:00
0,0,45,2025-11-04 12:00:00
1,0,43,2025-07-02 08:00:00
0,0,43,2025-01-23 20:00:00
0,0,43,2025-12-25 12:00:00
0,0,42,2025-04-02 00:00:00
0,0,44,2025-01-23 16:00:00
1,0,41,2025-04-02 04:00:00
0,0,44,2025-12-25 00:00:00
0,0,42,2026-04-14 04:00:00
0,0,43,2025-11-04 04:00:00
0,0,42,2026-04-14 16:00:00
0,0,45,2025-09-11 12:00:00
0,0,41,2025-09-11 00:00:00
1,2,41,2025-04-02 12:00:00
0,0,42,2025-01-23 08:00:00
0,0,45,2025-01-23 00:00:00
1,0,41,2026-04-14 08:00:00
0,0,42,2025-04-02 20:00:00
0,0,41,2025-12-25 16:00:00
0,0,42,2025-04-02 04:00:00
0,0,44,2025-09-11 16:00:00
0,1,45,2025-01-23 12:00:00
1,1,41,2025-01-23 12:00:00
0,0,45,2025-11-04 04:00:00
0,0,42,2025-11-04 04:00:00
0,0,44,2026-04-14 16:00:00
0,0,42,2025-07-02 20:00:00
1,1,41,2025-07-02 08:00:00
0,0,44,2025-01-23 00:00:00
0,0,43,2025-12-25 20:00:00
0,0,42,2025-12-25 20:00:00
1,0,41,2025-12-25 12:00:00
0,0,45,2025-07-02 00:00:00
0,0,43,2025-04-02 04:00:00
0,0,45,2025-09-11 16:00:00
0,0,44,2026-04-14 04:00:00
0,0,44,2025-11-04 08:00:00
0,0,42,2025-11-04 00:00:00
0,0,43,2025-11-04 16:00:00
0,0,44,2025-07-02 16:00:00
0,0,42,2025-07-02 16:00:00
0,0,45,2025-09-11 00:00:00
0,1,44,2025-01-23 08:00:00
0,0,41,2025-12-25 20:00:00
0,0,44,2026-04-14 00:00:00
0,0,43,2025-01-23 00:00:00
0,0,45,2025-04-02 20:00:00
0,0,44,2025-09-11 20:00:00
0,0,43,2025-12-25 00:00:00
0,0,43,2026-04-14 04:00:00
0,0,45,2025-11-04 08:00:00
0,1,44,2025-01-23 12:00:00
0,0,43,2025-11-04 08:00:00
0,0,42,2025-11-04 08:00:00
1,1,41,2026-04-14 16:00:00
0,1,44,2025-09-11 12:00:00
0,0,44,2025-07-02 20:00:00
0,0,45,2026-04-14 08:00:00
0,0,43,2025-09-11 04:00:00
0,0,42,2026-04-14 00:00:00
0,0,42,2026-04-14 08:00:00
0,0,45,2025-01-23 20:00:00
0,0,45,2025-09-11 20:00:00
0,0,41,2025-09-11 20:00:00
0,0,44,2025-04-02 20:00:00
0,0,43,2025-04-02 00:00:00
0,0,42,2025-12-25 12:00:00
1,1,41,2025-09-11 16:00:00
0,0,43,2025-04-02 16:00:00
0,0,41,2025-01-23 04:00:00
0,0,43,2025-01-23 04:00:00
0,0,41,2025-11-04 04:00:00
0,0,42,2026-04-14 20:00:00
0,0,45,2025-04-02 08:00:00
0,0,43,2025-09-11 00:00:00
1,1,41,2025-09-11 08:00:00
1,1,41,2026-04-14 12:00:00
0,0,44,2025-04-02 12:00:00
0,0,44,2025-12-25 08:00:00
0,0,45,2025-12-25 20:00:00
0,0,44,2026-04-14 08:00:00
0,1,43,2026-04-14 08:00:00
0,0,44,2025-01-23 20:00:00
0,0,43,2025-07-02 00:00:00
0,0,44,2025-04-02 04:00:00
0,0,42,2025-12-25 00:00:00
0,0,42,2025-09-11 16:00:00
1,0,41,2025-11-04 08:00:00
0,0,45,2025-11-04 16:00:00
0,0,45,2025-07-02 16:00:00
0,1,44,2025-07-02 12:00:00
0,0,43,2025-07-02 16:00:00
0,0,45,2025-11-04 20:00:00
1,0,41,2025-04-02 08:00:00
0,0,42,2025-04-02 08:00:00
0,0,45,2025-07-02 08:00:00
1,2,41,2025-01-23 08:00:00
1,0,42,2025-04-02 12:00:00
1,0,42,2025-09-11 08:00:00
1,0,42,2025-11-04 12:00:00
0,0,41,2025-01-23 00:00:00
0,0,45,2025-04-02 00:00:00
0,0,45,2025-12-25 16:00:00
0,0,44,2025-04-02 16:00:00
0,0,45,2025-07-02 04:00:00
0,0,41,2026-04-14 20:00:00
0,0,44,2025-07-02 04:00:00
0,0,45,2025-01-23 08:00:00
0,0,42,2025-01-23 00:00:00
0,0,42,2025-12-25 04:00:00
0,0,45,2025-01-23 04:00:00
0,0,42,2025-01-23 04:00:00
0,0,43,2026-04-14 16:00:00
0,0,43,2025-12-25 08:00:00
1,0,42,2025-07-02 08:00:00
0,0,44,2025-04-02 00:00:00
0,0,42,2025-01-23 20:00:00
0,0,43,2025-01-23 16:00:00
0,0,45,2025-12-25 04:00:00
0,0,44,2025-12-25 04:00:00
0,0,45,2025-12-25 00:00:00
0,0,45,2025-11-04 00:00:00
0,0,43,2025-07-02 04:00:00
1,2,41,2025-07-02 12:00:00
1,0,43,2025-07-02 12:00:00
1,0,42,2025-07-02 12:00:00
0,0,44,2025-04-02 08:00:00
0,1,44,2025-09-11 08:00:00
0,0,42,2025-09-11 20:00:00
0,0,45,2025-01-23 16:00:00
0,0,42,2025-07-02 00:00:00
0,0,45,2025-04-02 16:00:00
0,0,43,2025-09-11 16:00:00
0,0,45,2026-04-14 20:00:00
0,0,41,2025-07-02 04:00:00
0,0,44,2025-11-04 04:00:00
0,0,45,2025-07-02 20:00:00
1,0,43,2025-09-11 12:00:00
0,0,42,2025-09-11 00:00:00
0,1,44,2025-11-04 12:00:00
0,0,43,2026-04-14 00:00:00
0,0,41,2025-01-23 20:00:00
0,0,41,2025-04-02 20:00:00
0,0,43,2025-04-02 20:00:00
0,0,43,2025-12-25 04:00:00
0,0,41,2025-12-25 00:00:00
0,0,43,2025-01-23 12:00:00
0,0,44,2025-11-04 16:00:00
0,0,43,2026-04-14 20:00:00
0,0,44,2025-11-04 20:00:00
0,0,45,2025-12-25 08:00:00
0,0,45,2026-04-14 00:00:00
0,0,41,2025-09-11 04:00:00
0,0,45,2025-12-25 12:00:00
0,0,44,2025-12-25 16:00:00
0,0,41,2026-04-14 04:00:00
0,0,44,2025-11-04 00:00:00
1,2,41,2025-07-02 16:00:00
0,0,44,2025-09-11 00:00:00
0,0,42,2025-11-04 20:00:00
0,0,44,2026-04-14 12:00:00
0,0,43,2025-09-11 08:00:00
0,0,43,2026-04-14 12:00:00
1,0,42,2026-04-14 12:00:00
0,0,41,2025-07-02 00:00:00
0,0,42,2025-12-25 16:00:00
0,0,45,2026-04-14 04:00:00
1,0,42,2025-01-23 12:00:00
0,0,44,2026-04-14 20:00:00
0,0,42,2025-07-02 04:00:00
0,0,42,2025-11-04 16:00:00
1,1,42,2025-09-11 12:00:00
0,0,45,2025-09-11 08:00:00
0,0,45,2026-04-14 12:00:00
0,1,43,2025-01-23 08:00:00
1,1,43,2025-04-02 12:00:00
0,0,41,2026-04-14 00:00:00
0,0,42,2025-09-11 04:00:00
0,0,41,2025-04-02 00:00:00
0,0,44,2025-12-25 12:00:00
0,0,43,2025-12-25 16:00:00
0,0,36,2025-04-02 04:00:00
0,0,40,2025-12-25 00:00:00
0,0,39,2025-01-23 04:00:00
0,0,40,2025-11-04 04:00:00
3,0,25,2025-06-29 12:00:00
0,0,23,2025-06-29 00:00:00
2,0,21,2025-06-29 16:00:00
2,0,24,2025-06-29 04:00:00
4,0,24,2025-06-29 16:00:00
2,0,25,2025-06-29 08:00:00
3,0,25,2025-06-29 16:00:00
2,0,22,2025-06-29 20:00:00
2,0,25,2025-06-29 04:00:00
2,0,21,2025-06-29 04:00:00
0,0,23,2025-06-29 16:00:00
2,0,22,2025-06-29 16:00:00
4,0,24,2025-06-29 12:00:00
2,0,22,2025-06-29 04:00:00
2,0,22,2025-06-29 08:00:00
2,0,21,2025-06-29 20:00:00
1,0,21,2025-06-29 12:00:00
2,0,21,2025-06-29 08:00:00
0,0,25,2025-06-29 20:00:00
0,0,25,2025-06-29 00:00:00
2,1,24,2025-06-29 08:00:00
1,0,23,2025-06-29 12:00:00
0,0,23,2025-06-29 04:00:00
0,0,12,2025-06-29 08:00:00
0,0,11,2025-06-29 08:00:00
0,0,12,2025-06-29 04:00:00
0,0,13,2025-06-29 00:00:00
0,0,12,2025-06-29 00:00:00
0,0,15,2025-06-29 08:00:00
0,0,11,2025-06-29 20:00:00
0,0,15,2025-06-29 00:00:00
0,0,13,2025-06-29 12:00:00
0,0,14,2025-06-29 04:00:00
0,0,14,2025-06-29 08:00:00
0,0,12,2025-06-29 12:00:00
0,0,11,2025-06-29 12:00:00
0,0,14,2025-06-29 16:00:00
0,0,15,2025-06-29 04:00:00
0,0,13,2025-06-29 04:00:00
0,0,11,2025-06-29 16:00:00
0,0,14,2025-06-29 20:00:00
0,0,11,2025-06-29 00:00:00
0,0,15,2025-06-29 16:00:00
0,0,12,2025-06-29 16:00:00
0,0,14,2025-06-29 12:00:00
0,0,13,2025-06-29 16:00:00
0,0,15,2025-06-29 20:00:00
0,0,13,2025-06-29 08:00:00
0,0,13,2025-06-29 20:00:00
0,0,11,2025-06-29 04:00:00
0,0,12,2025-06-29 20:00:00
0,0,14,2025-06-29 00:00:00
4,0,15,2025-06-29 12:00:00
2,1,06,2025-06-29 08:00:00
4,0,10,2025-06-29 12:00:00
4,3,08,2025-06-29 20:00:00
0,0,09,2025-06-29 20:00:00
0,0,10,2025-06-29 04:00:00
2,0,07,2025-06-29 04:00:00
0,0,09,2025-06-29 00:00:00
2,3,07,2025-06-29 12:00:00
4,4,08,2025-06-29 16:00:00
2,2,07,2025-06-29 16:00:00
0,0,10,2025-06-29 20:00:00
4,4,08,2025-06-29 08:00:00
2,2,06,2025-06-29 16:00:00
0,0,09,2025-06-29 04:00:00
2,1,06,2025-06-29 04:00:00
2,3,08,2025-06-29 00:00:00
1,2,06,2025-06-29 12:00:00
2,1,06,2025-06-29 00:00:00
2,0,07,2025-06-29 00:00:00
0,0,09,2025-06-29 16:00:00
0,0,10,2025-06-29 16:00:00
2,1,07,2025-06-29 20:00:00
0,0,10,2025-06-29 00:00:00
4,4,08,2025-06-29 12:00:00
4,2,08,2025-06-29 04:00:00
2,0,06,2025-06-29 20:00:00
0,0,10,2025-06-29 08:00:00
2,2,07,2025-06-29 08:00:00
0,0,09,2025-06-29 08:00:00
0,0,09,2025-06-29 12:00:00
0,0,30,2025-06-29 20:00:00
1,0,27,2025-06-29 12:00:00
3,0,30,2025-06-29 08:00:00
0,0,26,2025-06-29 16:00:00
2,0,30,2025-06-29 04:00:00
0,0,29,2025-06-29 00:00:00
3,2,28,2025-06-29 20:00:00
0,0,27,2025-06-29 04:00:00
0,0,29,2025-06-29 04:00:00
3,2,28,2025-06-29 00:00:00
2,0,29,2025-06-29 08:00:00
1,0,26,2025-06-29 12:00:00
3,0,29,2025-06-29 12:00:00
3,0,30,2025-06-29 12:00:00
4,3,28,2025-06-29 16:00:00
0,0,27,2025-06-29 20:00:00
0,0,26,2025-06-29 04:00:00
0,0,26,2025-06-29 00:00:00
0,0,30,2025-06-29 00:00:00
4,3,28,2025-06-29 08:00:00
0,0,29,2025-06-29 20:00:00
3,0,30,2025-06-29 16:00:00
0,0,26,2025-06-29 20:00:00
0,0,27,2025-06-29 00:00:00
0,0,29,2025-06-29 16:00:00
2,0,27,2025-06-29 08:00:00
0,0,27,2025-06-29 16:00:00
4,4,28,2025-06-29 12:00:00
2,1,28,2025-06-29 04:00:00
2,0,26,2025-06-29 08:00:00
0,0,42,2025-06-29 08:00:00
0,0,45,2025-06-29 16:00:00
1,0,43,2025-06-29 12:00:00
0,0,41,2025-06-29 00:00:00
0,0,43,2025-06-29 16:00:00
0,0,45,2025-06-29 20:00:00
0,0,41,2025-06-29 20:00:00
0,0,44,2025-06-29 00:00:00
0,0,44,2025-06-29 16:00:00
0,0,43,2025-06-29 20:00:00
0,0,43,2025-06-29 00:00:00
0,0,42,2025-06-29 00:00:00
0,0,44,2025-06-29 08:00:00
1,2,41,2025-06-29 12:00:00
0,0,42,2025-06-29 20:00:00
1,0,42,2025-06-29 12:00:00
0,2,41,2025-06-29 16:00:00
0,0,41,2025-06-29 04:00:00
0,0,43,2025-06-29 04:00:00
0,0,45,2025-06-29 00:00:00
0,0,45,2025-06-29 12:00:00
0,0,42,2025-06-29 04:00:00
0,0,45,2025-06-29 04:00:00
0,0,44,2025-06-29 12:00:00
0,0,45,2025-06-29 08:00:00
1,0,41,2025-06-29 08:00:00
0,0,44,2025-06-29 20:00:00
0,0,44,2025-06-29 04:00:00
0,1,43,2025-06-29 08:00:00
0,0,42,2025-06-29 16:00:00
0,0,36,2025-06-29 20:00:00
2,0,22,2026-04-16 04:00:00
2,0,21,2026-04-16 04:00:00
4,1,24,2025-07-10 16:00:00
1,0,21,2026-03-10 12:00:00
2,0,21,2026-04-16 20:00:00
2,0,24,2025-07-10 00:00:00
2,0,22,2026-04-16 16:00:00
2,0,21,2025-07-10 08:00:00
1,0,25,2026-04-30 12:00:00
2,0,21,2025-11-08 04:00:00
2,0,24,2025-11-08 08:00:00
2,0,21,2026-04-30 04:00:00
2,0,21,2025-07-10 04:00:00
1,0,23,2026-04-30 08:00:00
2,0,22,2026-04-30 08:00:00
0,0,23,2026-04-30 20:00:00
2,0,22,2026-03-10 08:00:00
2,0,21,2026-03-10 00:00:00
4,1,22,2025-10-16 16:00:00
2,0,25,2026-04-16 08:00:00
2,0,25,2025-11-08 12:00:00
2,0,22,2026-04-30 00:00:00
2,0,21,2025-10-16 08:00:00
2,0,21,2026-03-10 08:00:00
2,0,21,2026-04-30 20:00:00
2,0,21,2025-10-16 20:00:00
2,0,22,2026-03-10 04:00:00
2,0,25,2025-11-08 08:00:00
0,0,23,2025-11-08 16:00:00
0,0,25,2026-04-16 00:00:00
2,0,22,2025-07-10 04:00:00
2,0,25,2026-04-30 04:00:00
4,0,24,2026-04-30 16:00:00
2,0,25,2026-04-16 04:00:00
2,0,21,2025-10-16 04:00:00
0,0,25,2025-11-08 00:00:00
4,0,22,2026-04-16 12:00:00
0,0,25,2026-04-30 00:00:00
4,0,25,2025-07-10 12:00:00
2,0,24,2026-04-30 00:00:00
0,0,25,2026-04-16 20:00:00
2,1,24,2026-04-30 20:00:00
2,0,25,2025-11-08 04:00:00
4,1,24,2026-04-30 12:00:00
0,0,21,2026-03-10 20:00:00
1,0,21,2026-04-30 16:00:00
2,0,22,2025-10-16 04:00:00
0,0,23,2025-11-08 00:00:00
1,0,21,2026-04-16 12:00:00
0,0,23,2026-03-10 00:00:00
2,0,21,2026-04-16 08:00:00
4,0,24,2026-04-16 16:00:00
0,0,25,2025-10-16 00:00:00
3,1,24,2026-03-10 20:00:00
2,0,22,2025-11-08 20:00:00
4,0,25,2025-10-16 12:00:00
2,0,21,2026-04-16 00:00:00
4,0,24,2026-03-10 16:00:00
1,0,23,2025-07-10 16:00:00
1,0,23,2026-04-16 12:00:00
2,0,23,2026-04-16 08:00:00
2,0,22,2026-04-16 08:00:00
2,0,22,2025-10-16 20:00:00
3,0,25,2026-04-16 16:00:00
1,0,23,2026-04-30 12:00:00
2,0,23,2025-11-08 08:00:00
2,0,22,2026-04-16 00:00:00
2,0,21,2025-11-08 20:00:00
2,0,24,2025-10-16 04:00:00
1,0,23,2026-03-10 12:00:00
4,1,24,2026-03-10 12:00:00
2,1,24,2026-04-16 20:00:00
0,0,23,2025-10-16 20:00:00
4,1,24,2025-07-10 08:00:00
1,0,23,2026-04-30 16:00:00
2,0,25,2025-10-16 04:00:00
4,0,22,2025-07-10 16:00:00
2,0,23,2025-10-16 08:00:00
4,0,24,2025-10-16 08:00:00
0,0,25,2026-04-30 20:00:00
0,0,23,2025-07-10 00:00:00
2,0,22,2025-07-10 00:00:00
1,0,23,2025-07-10 08:00:00
2,0,23,2025-11-08 04:00:00
0,0,25,2026-03-10 04:00:00
1,0,21,2025-07-10 12:00:00
2,0,21,2026-04-30 08:00:00
0,0,25,2026-03-10 00:00:00
2,0,24,2025-11-08 04:00:00
0,0,25,2025-11-08 20:00:00
2,0,21,2025-11-08 16:00:00
2,0,24,2026-04-16 00:00:00
2,2,24,2025-11-08 20:00:00
0,0,23,2026-03-10 16:00:00
1,0,22,2025-11-08 12:00:00
4,0,24,2025-11-08 12:00:00
2,0,21,2025-11-08 00:00:00
0,0,23,2026-04-30 00:00:00
0,0,23,2026-04-16 20:00:00
2,0,22,2026-04-16 20:00:00
2,0,22,2025-10-16 08:00:00
3,0,25,2025-10-16 16:00:00
2,0,21,2026-04-16 16:00:00
4,0,22,2026-04-30 12:00:00
2,0,21,2026-03-10 04:00:00
2,0,24,2026-03-10 04:00:00
2,0,22,2025-11-08 16:00:00
1,0,21,2025-11-08 12:00:00
2,0,25,2026-04-30 08:00:00
2,0,22,2026-04-30 20:00:00
2,0,25,2026-03-10 08:00:00
2,0,21,2025-07-10 00:00:00
4,1,24,2025-10-16 16:00:00
2,0,22,2025-07-10 08:00:00
0,0,23,2026-03-10 04:00:00
1,0,22,2026-03-10 20:00:00
2,0,23,2025-10-16 04:00:00
2,1,24,2026-04-16 04:00:00
2,0,22,2025-11-08 00:00:00
1,0,23,2025-07-10 12:00:00
2,0,25,2025-10-16 08:00:00
2,0,24,2026-03-10 00:00:00
2,0,25,2025-07-10 08:00:00
0,0,25,2025-07-10 20:00:00
2,0,22,2025-11-08 04:00:00
2,0,22,2025-11-08 08:00:00
2,0,24,2025-10-16 00:00:00
2,0,21,2025-10-16 12:00:00
1,0,22,2026-03-10 16:00:00
2,0,22,2026-04-30 04:00:00
2,0,24,2026-04-30 04:00:00
2,0,24,2025-11-08 00:00:00
3,0,25,2026-03-10 12:00:00
0,0,14,2026-04-30 04:00:00
0,0,14,2025-07-10 16:00:00
0,0,14,2025-11-08 04:00:00
0,0,12,2025-07-10 16:00:00
0,0,12,2025-11-08 04:00:00
0,0,12,2026-04-30 12:00:00
0,0,12,2025-07-10 04:00:00
0,0,11,2026-03-10 16:00:00
0,0,14,2025-10-16 08:00:00
0,0,13,2026-03-10 00:00:00
0,0,12,2026-04-30 08:00:00
0,0,15,2025-11-08 04:00:00
0,0,12,2026-04-30 20:00:00
0,0,11,2025-07-10 00:00:00
0,0,11,2025-11-08 12:00:00
0,0,12,2025-11-08 20:00:00
4,0,14,2025-07-10 12:00:00
0,0,14,2025-10-16 16:00:00
0,0,14,2025-11-08 00:00:00
0,0,12,2026-04-16 16:00:00
0,0,14,2026-03-10 00:00:00
0,0,12,2026-03-10 00:00:00
0,0,13,2026-04-30 00:00:00
0,0,15,2026-04-30 04:00:00
0,0,15,2026-04-16 04:00:00
0,0,12,2026-04-16 00:00:00
0,0,14,2025-10-16 00:00:00
0,0,13,2026-04-30 16:00:00
0,1,12,2026-03-10 12:00:00
0,0,11,2026-03-10 12:00:00
0,0,11,2026-04-30 16:00:00
0,0,14,2026-03-10 20:00:00
4,0,11,2025-07-10 12:00:00
0,0,14,2026-03-10 16:00:00
0,0,14,2025-10-16 20:00:00
0,0,13,2026-03-10 16:00:00
0,0,13,2025-07-10 20:00:00
0,0,15,2026-03-10 00:00:00
0,0,14,2025-10-16 12:00:00
0,0,13,2025-07-10 00:00:00
0,0,15,2025-07-10 00:00:00
0,0,13,2025-11-08 12:00:00
0,0,13,2025-11-08 20:00:00
0,0,15,2025-11-08 16:00:00
0,0,12,2025-10-16 00:00:00
0,0,14,2026-04-30 12:00:00
0,0,15,2025-10-16 20:00:00
0,0,11,2026-04-30 08:00:00
0,0,13,2026-04-30 04:00:00
0,0,12,2026-04-30 04:00:00
4,0,15,2026-04-16 12:00:00
4,0,11,2025-10-16 12:00:00
0,0,15,2026-03-10 04:00:00
0,0,14,2025-11-08 20:00:00
4,0,15,2026-04-30 12:00:00
0,0,15,2025-07-10 04:00:00
0,0,11,2026-04-16 16:00:00
0,0,14,2025-07-10 20:00:00
0,0,15,2026-04-30 08:00:00
0,0,11,2026-04-16 08:00:00
0,0,14,2026-03-10 08:00:00
0,0,14,2026-04-16 04:00:00
0,0,15,2026-04-30 00:00:00
0,0,11,2026-04-30 04:00:00
0,0,14,2026-04-30 20:00:00
0,0,11,2026-04-16 00:00:00
0,0,11,2025-07-10 08:00:00
0,0,11,2025-10-16 04:00:00
0,0,15,2025-11-08 20:00:00
0,0,13,2025-10-16 16:00:00
0,0,15,2026-04-16 08:00:00
0,0,12,2026-04-16 20:00:00
0,0,11,2026-04-30 00:00:00
0,0,13,2025-07-10 16:00:00
0,0,13,2025-10-16 12:00:00
0,0,12,2026-04-16 12:00:00
0,0,12,2025-07-10 00:00:00
0,0,14,2026-03-10 04:00:00
0,0,13,2026-03-10 04:00:00
0,0,13,2026-04-16 00:00:00
0,0,12,2025-11-08 08:00:00
0,0,12,2025-10-16 04:00:00
0,0,13,2025-10-16 00:00:00
0,0,15,2026-04-30 16:00:00
0,0,13,2025-07-10 04:00:00
1,0,13,2025-07-10 12:00:00
0,0,12,2026-03-10 16:00:00
0,0,12,2026-04-16 08:00:00
0,0,15,2026-03-10 08:00:00
0,0,12,2026-04-30 00:00:00
0,0,12,2025-10-16 12:00:00
0,0,14,2025-11-08 12:00:00
0,0,12,2026-03-10 04:00:00
0,0,15,2025-11-08 08:00:00
0,0,12,2026-04-30 16:00:00
0,0,14,2025-07-10 04:00:00
0,0,12,2025-07-10 12:00:00
0,0,12,2025-10-16 20:00:00
0,0,11,2025-10-16 16:00:00
1,0,14,2026-04-16 12:00:00
0,0,15,2025-10-16 04:00:00
0,0,12,2025-07-10 08:00:00
4,0,11,2026-04-30 12:00:00
0,0,11,2025-07-10 04:00:00
0,0,11,2025-10-16 08:00:00
0,0,11,2025-07-10 20:00:00
0,0,14,2026-04-16 08:00:00
0,0,11,2026-03-10 08:00:00
0,0,11,2026-04-16 04:00:00
1,0,13,2026-04-16 12:00:00
0,0,12,2025-11-08 12:00:00
0,0,13,2026-03-10 12:00:00
0,0,12,2026-03-10 20:00:00
0,0,15,2025-10-16 16:00:00
0,0,13,2025-11-08 00:00:00
0,0,15,2025-11-08 00:00:00
0,0,13,2026-04-16 20:00:00
0,0,11,2025-11-08 04:00:00
0,0,14,2025-11-08 08:00:00
0,0,14,2025-11-08 16:00:00
0,0,13,2025-11-08 16:00:00
0,0,12,2025-11-08 16:00:00
0,0,13,2026-04-30 12:00:00
0,0,15,2026-04-16 16:00:00
0,0,13,2026-03-10 08:00:00
0,0,15,2026-04-16 20:00:00
0,0,11,2026-04-16 20:00:00
4,0,11,2026-04-16 12:00:00
0,0,11,2025-07-10 16:00:00
0,0,13,2025-07-10 08:00:00
0,0,14,2026-03-10 12:00:00
4,0,15,2026-03-10 12:00:00
0,0,12,2025-10-16 16:00:00
0,0,11,2025-10-16 20:00:00
0,0,15,2025-10-16 08:00:00
0,0,15,2025-07-10 20:00:00
0,0,14,2025-07-10 00:00:00
0,0,13,2026-04-30 20:00:00
0,0,15,2026-04-16 00:00:00
0,0,15,2025-07-10 08:00:00
0,0,15,2025-10-16 00:00:00
0,0,11,2025-11-08 20:00:00
0,0,11,2025-10-16 00:00:00
0,0,13,2026-03-10 20:00:00
4,0,15,2025-07-10 12:00:00
0,0,15,2026-03-10 16:00:00
0,0,13,2025-10-16 08:00:00
0,0,13,2026-04-30 08:00:00
0,0,13,2026-04-16 08:00:00
0,0,14,2026-04-30 00:00:00
0,0,13,2026-04-16 04:00:00
4,0,15,2025-07-10 16:00:00
0,0,11,2026-04-30 20:00:00
0,0,14,2025-07-10 08:00:00
0,0,11,2025-11-08 08:00:00
0,0,14,2026-04-30 16:00:00
0,0,13,2025-10-16 20:00:00
0,0,12,2025-11-08 00:00:00
0,0,12,2026-03-10 08:00:00
0,0,12,2026-04-16 04:00:00
4,0,15,2025-10-16 12:00:00
0,0,11,2026-03-10 04:00:00
0,0,14,2026-04-16 00:00:00
0,0,14,2025-10-16 04:00:00
0,0,15,2026-03-10 20:00:00
0,0,12,2025-10-16 08:00:00
0,0,11,2025-11-08 00:00:00
0,0,12,2025-07-10 20:00:00
0,0,11,2026-03-10 00:00:00
0,0,14,2026-04-30 08:00:00
0,0,14,2026-04-16 20:00:00
0,0,13,2025-11-08 04:00:00
0,0,15,2026-04-30 20:00:00
0,0,15,2025-11-08 12:00:00
0,0,13,2025-11-08 08:00:00
0,0,13,2025-10-16 04:00:00
0,0,11,2025-11-08 16:00:00
0,0,11,2026-03-10 20:00:00
0,0,14,2026-04-16 16:00:00
0,0,13,2026-04-16 16:00:00
0,0,09,2026-04-16 08:00:00
0,0,10,2026-04-30 08:00:00
4,4,08,2025-10-16 08:00:00
4,4,08,2025-10-16 16:00:00
2,1,07,2025-10-16 20:00:00
4,4,08,2025-07-10 08:00:00
2,2,06,2025-07-10 04:00:00
4,0,10,2025-07-10 12:00:00
4,4,08,2026-03-10 12:00:00
2,2,07,2026-04-16 12:00:00
2,3,06,2026-03-10 08:00:00
0,0,09,2025-11-08 08:00:00
0,0,09,2025-10-16 04:00:00
0,0,09,2025-11-08 20:00:00
0,0,10,2026-04-30 16:00:00
0,0,10,2025-11-08 16:00:00
0,0,10,2025-10-16 00:00:00
4,1,08,2026-04-16 00:00:00
4,4,08,2025-10-16 12:00:00
2,2,06,2025-11-08 16:00:00
4,2,06,2025-07-10 16:00:00
0,0,10,2026-03-10 00:00:00
0,0,09,2026-04-16 04:00:00
0,0,10,2025-07-10 00:00:00
2,2,06,2026-04-16 16:00:00
1,1,06,2026-03-10 16:00:00
1,2,06,2025-11-08 12:00:00
4,4,08,2025-07-10 16:00:00
0,0,10,2025-10-16 04:00:00
4,0,10,2026-04-30 12:00:00
2,1,06,2025-11-08 20:00:00
4,2,06,2025-10-16 12:00:00
2,2,06,2026-04-30 04:00:00
2,3,07,2026-04-30 16:00:00
0,0,10,2026-03-10 16:00:00
2,2,08,2025-11-08 00:00:00
0,0,10,2026-04-16 16:00:00
0,0,10,2025-11-08 00:00:00
2,2,07,2025-07-10 12:00:00
0,0,09,2025-07-10 20:00:00
0,0,10,2026-04-16 20:00:00
0,0,10,2026-04-30 00:00:00
0,0,10,2026-04-16 04:00:00
0,0,09,2025-11-08 04:00:00
0,0,10,2026-04-30 20:00:00
2,2,07,2026-04-16 16:00:00
2,0,06,2025-11-08 04:00:00
2,1,06,2025-11-08 08:00:00
0,0,09,2025-07-10 04:00:00
2,0,07,2026-04-16 00:00:00
4,4,08,2026-03-10 16:00:00
4,4,08,2026-04-16 04:00:00
4,4,08,2025-11-08 12:00:00
0,0,09,2025-10-16 16:00:00
0,0,10,2025-10-16 16:00:00
2,0,06,2025-11-08 00:00:00
2,2,07,2025-07-10 16:00:00
0,0,09,2025-10-16 08:00:00
4,4,08,2026-04-16 12:00:00
2,0,06,2026-04-30 00:00:00
4,0,10,2026-04-16 12:00:00
0,0,10,2025-11-08 04:00:00
2,0,06,2025-07-10 00:00:00
2,0,06,2025-10-16 20:00:00
4,2,08,2025-11-08 04:00:00
1,2,06,2026-04-30 12:00:00
0,0,09,2025-10-16 00:00:00
2,0,07,2026-03-10 20:00:00
2,2,07,2026-04-30 04:00:00
0,0,10,2025-10-16 08:00:00
1,2,06,2026-03-10 12:00:00
4,4,08,2026-04-30 08:00:00
4,4,08,2026-04-30 20:00:00
0,0,09,2026-04-30 20:00:00
4,0,10,2025-10-16 12:00:00
0,0,10,2026-03-10 04:00:00
0,0,10,2026-03-10 20:00:00
2,0,06,2026-04-16 00:00:00
4,4,08,2025-10-16 04:00:00
0,0,09,2026-03-10 16:00:00
4,4,08,2025-07-10 12:00:00
0,0,10,2026-03-10 08:00:00
2,1,06,2026-04-30 20:00:00
0,0,09,2025-07-10 16:00:00
0,0,09,2026-03-10 04:00:00
4,4,08,2026-04-16 16:00:00
0,0,09,2026-04-16 00:00:00
0,0,09,2025-07-10 08:00:00
2,2,07,2025-11-08 12:00:00
2,1,08,2026-04-30 00:00:00
0,0,10,2025-07-10 20:00:00
0,0,09,2026-03-10 08:00:00
2,2,07,2026-04-30 20:00:00
4,0,09,2025-10-16 12:00:00
4,4,08,2026-04-16 08:00:00
0,0,09,2025-11-08 12:00:00
0,0,10,2025-11-08 12:00:00
2,0,06,2025-07-10 20:00:00
2,1,07,2025-07-10 20:00:00
0,0,10,2025-11-08 08:00:00
4,4,08,2026-04-30 12:00:00
0,0,10,2025-11-08 20:00:00
2,0,07,2025-10-16 00:00:00
2,2,07,2025-11-08 16:00:00
2,2,07,2025-10-16 12:00:00
0,0,09,2025-10-16 20:00:00
4,2,06,2025-07-10 12:00:00
2,2,07,2026-03-10 12:00:00
4,4,08,2026-04-16 20:00:00
4,0,08,2026-03-10 00:00:00
4,4,08,2026-03-10 08:00:00
4,0,09,2026-04-16 12:00:00
0,0,09,2026-03-10 12:00:00
2,2,07,2026-03-10 16:00:00
0,0,09,2026-03-10 00:00:00
2,1,07,2026-04-16 20:00:00
2,3,06,2025-10-16 08:00:00
0,0,10,2026-04-30 04:00:00
4,4,08,2025-10-16 20:00:00
2,2,07,2026-04-16 08:00:00
2,2,07,2025-07-10 08:00:00
4,4,08,2026-03-10 04:00:00
4,4,08,2025-11-08 08:00:00
1,0,06,2026-03-10 20:00:00
2,2,07,2026-03-10 04:00:00
0,0,10,2025-07-10 04:00:00
2,2,06,2025-10-16 04:00:00
0,0,10,2026-04-16 08:00:00
2,2,07,2026-03-10 08:00:00
0,0,09,2026-04-30 04:00:00
2,2,07,2026-04-30 12:00:00
2,0,06,2025-10-16 00:00:00
2,1,07,2025-11-08 08:00:00
4,4,08,2025-11-08 16:00:00
2,1,07,2025-11-08 20:00:00
2,3,06,2026-04-16 04:00:00
2,1,07,2026-04-16 04:00:00
2,2,07,2025-10-16 04:00:00
0,0,09,2025-11-08 00:00:00
2,2,07,2025-10-16 08:00:00
0,0,09,2026-04-16 20:00:00
4,1,08,2025-07-10 00:00:00
2,0,07,2025-07-10 00:00:00
0,0,10,2025-07-10 08:00:00
0,0,09,2025-11-08 16:00:00
2,2,06,2026-03-10 04:00:00
0,0,09,2026-03-10 20:00:00
4,4,08,2026-04-30 16:00:00
1,2,06,2026-04-30 16:00:00
4,0,09,2025-07-10 12:00:00
2,0,07,2025-11-08 00:00:00
2,0,06,2026-04-16 20:00:00
2,0,07,2026-03-10 00:00:00
0,0,09,2026-04-30 00:00:00
0,0,09,2025-07-10 00:00:00
2,3,06,2026-04-16 08:00:00
2,2,06,2025-10-16 16:00:00
2,2,07,2025-10-16 16:00:00
0,0,10,2026-04-16 00:00:00
2,0,07,2025-11-08 04:00:00
0,0,09,2026-04-30 16:00:00
2,2,07,2025-07-10 04:00:00
0,0,09,2026-04-30 08:00:00
2,3,06,2026-04-30 08:00:00
2,2,07,2026-04-30 08:00:00
2,3,06,2025-07-10 08:00:00
4,0,10,2026-03-10 12:00:00
4,0,09,2026-04-30 12:00:00
4,4,08,2026-04-30 04:00:00
4,3,08,2025-07-10 04:00:00
1,2,06,2026-04-16 12:00:00
2,0,06,2026-03-10 00:00:00
4,0,10,2025-07-10 16:00:00
4,4,08,2025-07-10 20:00:00
4,4,08,2026-03-10 20:00:00
4,2,08,2025-10-16 00:00:00
4,4,08,2025-11-08 20:00:00
0,0,10,2025-10-16 20:00:00
0,0,09,2026-04-16 16:00:00
2,0,07,2026-04-30 00:00:00
3,0,30,2026-04-30 12:00:00
2,0,30,2025-11-08 04:00:00
0,0,27,2025-11-08 04:00:00
0,0,27,2025-10-16 00:00:00
3,3,28,2025-11-08 20:00:00
0,0,29,2025-11-08 16:00:00
0,0,26,2026-03-10 16:00:00
3,0,29,2025-11-08 12:00:00
4,4,28,2026-04-16 12:00:00
0,0,26,2026-04-16 20:00:00
1,0,27,2026-04-30 12:00:00
3,0,30,2026-04-30 16:00:00
3,0,30,2025-11-08 12:00:00
2,0,26,2026-04-30 08:00:00
2,0,29,2026-04-30 08:00:00
3,0,30,2025-10-16 20:00:00
1,0,27,2025-07-10 08:00:00
4,4,28,2026-04-16 16:00:00
2,1,28,2025-11-08 04:00:00
2,0,26,2025-11-08 08:00:00
0,0,29,2026-03-10 20:00:00
2,4,28,2026-04-30 04:00:00
2,0,30,2026-04-16 04:00:00
2,4,28,2026-04-16 04:00:00
4,4,28,2025-11-08 12:00:00
3,0,29,2025-07-10 16:00:00
4,4,28,2026-03-10 12:00:00
3,0,29,2026-04-16 12:00:00
2,0,27,2025-10-16 08:00:00
0,0,26,2025-10-16 20:00:00
3,0,30,2025-11-08 08:00:00
0,0,30,2025-10-16 00:00:00
3,1,28,2026-04-16 00:00:00
3,0,29,2025-10-16 12:00:00
0,0,29,2025-07-10 04:00:00
0,0,27,2025-07-10 16:00:00
3,0,30,2025-10-16 08:00:00
0,0,27,2026-03-10 00:00:00
0,0,29,2026-04-30 20:00:00
0,0,26,2025-07-10 20:00:00
0,0,27,2026-03-10 20:00:00
2,0,27,2025-11-08 08:00:00
0,0,26,2026-03-10 20:00:00
3,0,30,2025-10-16 12:00:00
0,0,26,2025-11-08 20:00:00
2,0,30,2026-04-30 04:00:00
0,0,29,2026-04-30 04:00:00
0,0,29,2026-04-30 16:00:00
2,2,28,2025-11-08 00:00:00
1,0,26,2026-03-10 12:00:00
3,0,29,2025-07-10 12:00:00
3,0,30,2026-04-16 20:00:00
0,0,27,2026-04-30 16:00:00
0,0,26,2026-04-30 16:00:00
0,0,27,2025-10-16 04:00:00
1,0,26,2025-11-08 12:00:00
1,0,27,2026-04-16 12:00:00
1,0,27,2025-07-10 12:00:00
3,3,28,2026-04-16 20:00:00
0,0,29,2026-04-16 20:00:00
2,0,26,2025-10-16 08:00:00
3,0,30,2025-07-10 00:00:00
2,0,27,2026-04-16 08:00:00
0,0,27,2025-07-10 00:00:00
2,0,26,2026-04-16 08:00:00
2,0,26,2025-07-10 08:00:00
3,0,29,2025-07-10 08:00:00
4,4,28,2026-04-30 12:00:00
0,0,27,2026-03-10 04:00:00
3,4,28,2026-03-10 04:00:00
0,0,30,2025-11-08 20:00:00
3,0,30,2026-03-10 16:00:00
4,4,28,2026-03-10 16:00:00
0,0,27,2026-04-16 04:00:00
0,0,26,2025-10-16 04:00:00
0,0,29,2025-10-16 04:00:00
0,0,27,2025-11-08 00:00:00
0,0,29,2025-11-08 00:00:00
3,0,30,2025-07-10 08:00:00
0,0,26,2026-04-16 16:00:00
0,0,29,2026-04-16 16:00:00
0,0,27,2025-07-10 04:00:00
0,0,29,2026-04-30 00:00:00
3,0,30,2026-04-30 08:00:00
4,4,28,2026-03-10 08:00:00
0,0,26,2025-07-10 00:00:00
0,0,26,2025-10-16 16:00:00
1,0,26,2026-04-30 12:00:00
0,0,26,2025-10-16 00:00:00
0,0,27,2025-11-08 16:00:00
1,0,26,2025-10-16 12:00:00
0,0,26,2025-07-10 04:00:00
3,4,28,2025-07-10 04:00:00
1,0,26,2025-07-10 12:00:00
3,0,29,2026-03-10 12:00:00
4,4,28,2026-04-30 08:00:00
0,0,30,2026-03-10 00:00:00
0,0,29,2026-03-10 00:00:00
2,0,29,2026-04-16 08:00:00
3,0,30,2025-07-10 20:00:00
4,4,28,2025-07-10 08:00:00
4,4,28,2025-07-10 20:00:00
0,0,29,2025-10-16 00:00:00
0,0,27,2025-11-08 20:00:00
4,4,28,2025-10-16 12:00:00
0,0,27,2026-04-30 04:00:00
0,0,29,2026-03-10 16:00:00
0,0,27,2026-04-30 00:00:00
2,0,28,2026-04-30 00:00:00
4,4,28,2025-07-10 12:00:00
0,0,27,2026-04-16 20:00:00
3,0,30,2026-04-30 20:00:00
3,1,28,2026-03-10 00:00:00
3,0,30,2026-04-16 08:00:00
4,4,28,2026-04-16 08:00:00
4,4,28,2025-10-16 16:00:00
0,0,27,2025-07-10 20:00:00
3,0,30,2026-03-10 04:00:00
3,0,30,2025-07-10 04:00:00
0,0,26,2026-04-30 04:00:00
1,0,27,2025-11-08 12:00:00
0,0,26,2026-04-16 04:00:00
4,4,28,2025-07-10 16:00:00
0,0,30,2026-04-30 00:00:00
3,0,30,2025-07-10 12:00:00
1,0,27,2026-03-10 12:00:00
0,0,26,2026-03-10 08:00:00
3,0,29,2026-03-10 08:00:00
0,0,29,2025-07-10 00:00:00
0,0,27,2026-04-16 16:00:00
0,0,26,2026-03-10 04:00:00
4,4,28,2025-11-08 08:00:00
4,4,28,2026-04-30 16:00:00
2,4,28,2025-10-16 04:00:00
0,0,29,2026-04-16 04:00:00
3,0,30,2025-07-10 16:00:00
0,0,27,2026-04-30 20:00:00
3,4,28,2026-04-30 20:00:00
3,0,30,2026-04-16 16:00:00
0,0,26,2025-11-08 04:00:00
0,0,29,2026-03-10 04:00:00
2,0,29,2025-11-08 08:00:00
0,0,30,2026-04-16 00:00:00
0,0,26,2026-04-16 00:00:00
0,0,26,2025-11-08 16:00:00
0,0,26,2025-07-10 16:00:00
3,0,30,2026-03-10 12:00:00
1,0,27,2026-03-10 08:00:00
3,1,28,2025-07-10 00:00:00
0,0,29,2025-10-16 16:00:00
0,0,29,2025-10-16 20:00:00
3,0,29,2026-04-30 12:00:00
2,0,28,2025-10-16 00:00:00
0,0,27,2026-04-16 00:00:00
0,0,29,2025-11-08 20:00:00
2,0,30,2025-10-16 04:00:00
0,0,30,2025-11-08 00:00:00
0,0,26,2026-04-30 00:00:00
1,0,26,2026-04-16 12:00:00
4,4,28,2025-10-16 08:00:00
0,0,26,2026-03-10 00:00:00
3,0,30,2025-10-16 16:00:00
0,0,27,2025-10-16 16:00:00
0,0,27,2025-10-16 20:00:00
0,0,30,2026-03-10 20:00:00
3,4,28,2026-03-10 20:00:00
3,0,30,2025-11-08 16:00:00
1,0,27,2025-10-16 12:00:00
4,4,28,2025-11-08 16:00:00
0,0,29,2026-04-16 00:00:00
0,0,26,2025-11-08 00:00:00
3,0,30,2026-04-16 12:00:00
1,0,27,2026-04-30 08:00:00
2,0,29,2025-10-16 08:00:00
3,0,30,2026-03-10 08:00:00
0,0,26,2026-04-30 20:00:00
4,4,28,2025-10-16 20:00:00
0,0,29,2025-07-10 20:00:00
0,0,29,2025-11-08 04:00:00
0,0,27,2026-03-10 16:00:00
0,0,44,2025-10-16 08:00:00
0,0,42,2026-04-16 08:00:00
0,0,43,2026-04-16 16:00:00
0,0,45,2025-11-08 16:00:00
1,0,42,2025-10-16 12:00:00
0,0,44,2026-04-30 16:00:00
0,0,45,2026-04-16 04:00:00
0,0,45,2025-10-16 04:00:00
0,0,43,2025-10-16 04:00:00
0,0,45,2025-11-08 00:00:00
0,0,45,2026-04-30 00:00:00
0,0,45,2026-04-16 12:00:00
0,0,43,2026-04-16 20:00:00
0,0,43,2025-10-16 08:00:00
0,0,41,2026-03-10 00:00:00
0,0,44,2026-03-10 08:00:00
0,0,41,2025-10-16 20:00:00
0,0,45,2026-03-10 04:00:00
1,0,41,2026-03-10 16:00:00
0,0,41,2026-04-30 04:00:00
0,1,44,2025-07-10 16:00:00
0,0,42,2026-04-30 00:00:00
0,0,44,2026-04-30 08:00:00
0,0,45,2025-10-16 08:00:00
0,0,45,2026-03-10 08:00:00
0,0,41,2025-07-10 00:00:00
0,0,44,2025-07-10 00:00:00
0,0,42,2026-04-16 16:00:00
0,0,45,2025-11-08 08:00:00
1,0,41,2025-11-08 08:00:00
0,0,43,2026-03-10 20:00:00
0,0,42,2026-03-10 04:00:00
0,0,44,2025-07-10 12:00:00
1,0,41,2026-04-30 08:00:00
0,0,45,2026-04-30 20:00:00
0,0,42,2026-03-10 08:00:00
0,0,43,2026-04-16 08:00:00
0,0,41,2025-07-10 20:00:00
0,0,43,2025-11-08 04:00:00
0,0,42,2025-11-08 04:00:00
0,0,44,2026-03-10 20:00:00
0,0,43,2025-11-08 08:00:00
0,0,42,2025-11-08 08:00:00
0,0,45,2026-04-16 00:00:00
0,0,41,2026-04-16 00:00:00
0,0,42,2026-04-16 00:00:00
0,0,45,2026-03-10 12:00:00
1,1,43,2025-07-10 12:00:00
0,0,42,2026-03-10 00:00:00
0,0,42,2025-10-16 16:00:00
0,0,44,2026-04-16 16:00:00
0,0,45,2026-03-10 20:00:00
0,0,42,2026-03-10 20:00:00
0,0,44,2026-04-30 04:00:00
1,2,41,2025-07-10 12:00:00
0,0,41,2026-04-30 20:00:00
1,0,41,2025-07-10 08:00:00
1,2,41,2026-04-30 12:00:00
0,0,42,2025-10-16 00:00:00
0,0,43,2025-11-08 16:00:00
0,0,43,2025-07-10 16:00:00
0,0,43,2026-03-10 12:00:00
0,0,41,2026-04-16 20:00:00
0,0,45,2026-04-16 08:00:00
0,0,45,2026-04-16 16:00:00
0,0,45,2026-04-30 12:00:00
1,0,42,2026-04-30 12:00:00
0,0,44,2025-11-08 20:00:00
0,0,44,2025-10-16 12:00:00
0,0,43,2026-04-16 00:00:00
0,0,45,2026-03-10 16:00:00
1,2,41,2025-07-10 16:00:00
0,0,41,2025-11-08 00:00:00
0,0,43,2025-11-08 00:00:00
0,0,42,2025-07-10 16:00:00
1,1,41,2026-03-10 12:00:00
1,1,41,2025-10-16 08:00:00
1,0,41,2026-03-10 08:00:00
0,0,42,2025-10-16 20:00:00
0,0,44,2025-07-10 08:00:00
0,0,41,2026-03-10 20:00:00
0,0,44,2025-10-16 00:00:00
0,0,41,2025-11-08 20:00:00
0,0,42,2025-11-08 16:00:00
0,0,43,2026-03-10 16:00:00
0,0,42,2025-07-10 04:00:00
0,0,43,2026-04-30 16:00:00
0,0,42,2026-04-30 16:00:00
0,0,42,2025-11-08 12:00:00
0,0,42,2025-10-16 04:00:00
0,0,45,2025-07-10 16:00:00
1,2,41,2026-04-16 12:00:00
0,0,43,2026-04-30 08:00:00
1,2,41,2025-10-16 16:00:00
0,0,44,2026-04-16 08:00:00
0,0,43,2025-10-16 16:00:00
0,0,42,2025-07-10 00:00:00
0,0,41,2025-11-08 04:00:00
0,0,45,2025-10-16 12:00:00
0,0,43,2025-11-08 20:00:00
0,0,45,2026-04-30 04:00:00
0,0,44,2025-11-08 12:00:00
0,0,44,2026-03-10 12:00:00
0,0,44,2026-04-30 00:00:00
1,1,41,2026-04-16 08:00:00
0,0,43,2025-07-10 20:00:00
1,0,42,2025-07-10 08:00:00
0,0,44,2025-11-08 08:00:00
0,0,42,2025-11-08 20:00:00
0,0,42,2026-04-30 04:00:00
1,2,41,2026-04-30 16:00:00
0,0,41,2026-04-30 00:00:00
0,0,45,2026-04-30 08:00:00
0,0,44,2026-04-30 20:00:00
0,0,43,2026-04-30 20:00:00
0,0,45,2025-07-10 00:00:00
0,0,44,2026-04-30 12:00:00
0,0,44,2025-11-08 04:00:00
0,0,44,2026-03-10 04:00:00
0,0,43,2026-03-10 04:00:00
0,0,45,2025-11-08 20:00:00
1,2,41,2025-10-16 12:00:00
0,0,45,2025-07-10 04:00:00
0,0,45,2025-11-08 12:00:00
0,0,41,2025-10-16 04:00:00
0,0,44,2025-10-16 04:00:00
0,0,42,2025-11-08 00:00:00
0,0,45,2025-07-10 12:00:00
0,0,42,2026-04-30 20:00:00
1,0,41,2026-04-16 16:00:00
1,0,43,2026-04-16 12:00:00
0,0,42,2026-03-10 12:00:00
1,0,42,2025-07-10 12:00:00
0,0,43,2026-03-10 00:00:00
0,0,44,2025-10-16 16:00:00
1,0,43,2025-07-10 08:00:00
0,0,43,2025-10-16 00:00:00
0,0,44,2025-07-10 04:00:00
0,0,43,2026-04-30 04:00:00
0,0,42,2026-03-10 16:00:00
0,0,41,2026-04-16 04:00:00
1,3,41,2025-11-08 12:00:00
0,0,42,2026-04-16 04:00:00
0,0,44,2026-04-16 12:00:00
0,0,43,2026-04-30 00:00:00
0,0,43,2026-03-10 08:00:00
0,0,44,2025-07-10 20:00:00
0,0,42,2025-07-10 20:00:00
0,0,41,2025-07-10 04:00:00
0,0,43,2026-04-16 04:00:00
0,0,45,2026-04-16 20:00:00
0,0,44,2026-04-16 20:00:00
0,0,42,2026-04-16 20:00:00
0,0,45,2026-03-10 00:00:00
0,0,45,2025-07-10 08:00:00
0,0,45,2025-11-08 04:00:00
0,0,41,2025-10-16 00:00:00
0,0,44,2026-04-16 00:00:00
0,0,43,2025-07-10 04:00:00
0,0,44,2025-11-08 00:00:00
1,0,42,2026-04-30 08:00:00
0,0,42,2025-10-16 08:00:00
0,0,44,2026-03-10 00:00:00
0,0,45,2025-10-16 16:00:00
0,0,45,2025-10-16 20:00:00
0,0,44,2025-10-16 20:00:00
0,0,43,2025-07-10 00:00:00
0,0,43,2025-10-16 20:00:00
0,0,45,2025-07-10 20:00:00
1,0,43,2026-04-30 12:00:00
0,0,45,2025-10-16 00:00:00
0,0,41,2026-03-10 04:00:00
0,2,41,2025-11-08 16:00:00
0,0,44,2025-11-08 16:00:00
1,0,43,2025-10-16 12:00:00
0,0,44,2026-03-10 16:00:00
0,0,45,2026-04-30 16:00:00
0,0,44,2026-04-16 04:00:00
0,0,43,2025-11-08 12:00:00
1,0,42,2026-04-16 12:00:00
0,0,37,2026-04-30 20:00:00
0,0,38,2026-03-10 00:00:00
0,0,38,2025-07-10 20:00:00
1,0,36,2025-07-10 08:00:00
0,0,40,2025-07-10 20:00:00
1,0,38,2026-04-30 12:00:00
1,0,38,2025-10-16 12:00:00
0,0,37,2025-07-10 04:00:00
4,0,22,2026-01-13 12:00:00
1,0,23,2025-12-04 12:00:00
0,0,23,2025-07-12 20:00:00
0,0,23,2025-03-10 00:00:00
0,0,23,2025-03-10 16:00:00
4,1,24,2025-09-07 16:00:00
1,0,23,2026-03-24 12:00:00
1,0,21,2025-03-10 12:00:00
4,0,24,2025-03-10 12:00:00
4,0,22,2026-03-24 16:00:00
3,0,25,2026-04-26 12:00:00
1,0,21,2026-03-24 16:00:00
2,0,23,2025-12-04 04:00:00
2,0,22,2025-12-04 04:00:00
2,0,22,2025-07-12 00:00:00
2,0,21,2026-03-24 04:00:00
3,0,25,2025-09-07 12:00:00
2,0,22,2025-07-12 04:00:00
2,1,24,2025-03-10 20:00:00
0,0,23,2026-01-13 00:00:00
2,0,25,2025-09-07 08:00:00
2,0,21,2025-07-12 20:00:00
2,0,21,2025-09-07 20:00:00
0,0,23,2025-12-04 16:00:00
0,0,23,2026-01-13 16:00:00
2,0,25,2025-07-12 08:00:00
0,0,23,2026-01-13 04:00:00
2,1,24,2025-12-04 04:00:00
2,0,25,2026-03-24 08:00:00
1,0,22,2025-09-07 12:00:00
4,0,24,2025-09-07 12:00:00
0,0,23,2025-03-10 20:00:00
0,0,23,2025-12-04 00:00:00
0,0,25,2025-12-04 00:00:00
2,0,21,2025-09-07 00:00:00
4,0,24,2026-01-13 08:00:00
0,0,25,2025-09-07 20:00:00
4,0,24,2025-03-10 16:00:00
3,0,25,2025-09-07 16:00:00
2,0,25,2025-12-04 08:00:00
2,0,23,2025-03-10 08:00:00
0,0,23,2026-04-26 16:00:00
2,0,22,2026-01-13 16:00:00
0,0,25,2026-01-13 16:00:00
2,0,21,2026-04-26 12:00:00
1,0,23,2026-03-24 08:00:00
2,0,25,2026-03-24 04:00:00
1,0,21,2026-03-24 08:00:00
2,0,22,2026-04-26 20:00:00
2,0,22,2026-03-24 00:00:00
0,0,25,2025-09-07 00:00:00
3,0,25,2025-07-12 12:00:00
4,2,24,2025-12-04 16:00:00
4,0,24,2026-03-24 16:00:00
0,0,25,2026-01-13 04:00:00
2,0,25,2025-03-10 04:00:00
2,0,22,2025-09-07 04:00:00
2,0,22,2025-07-12 16:00:00
1,0,21,2025-09-07 12:00:00
2,0,22,2026-01-13 00:00:00
4,2,24,2025-12-04 12:00:00
2,0,23,2025-12-04 08:00:00
2,0,21,2025-12-04 08:00:00
2,0,24,2026-01-13 20:00:00
2,0,21,2025-12-04 16:00:00
2,0,23,2025-07-12 08:00:00
2,0,25,2026-04-26 04:00:00
2,0,24,2026-03-24 20:00:00
2,0,24,2025-03-10 04:00:00
0,0,23,2025-09-07 04:00:00
2,0,25,2025-09-07 04:00:00
0,0,25,2025-03-10 20:00:00
2,0,24,2025-12-04 00:00:00
2,0,23,2025-09-07 08:00:00
0,0,25,2025-07-12 20:00:00
4,1,24,2026-04-26 16:00:00
3,0,25,2026-03-24 16:00:00
4,2,24,2026-04-26 12:00:00
2,0,22,2026-04-26 04:00:00
2,0,22,2026-04-26 00:00:00
3,0,25,2025-07-12 16:00:00
2,0,21,2026-04-26 20:00:00
2,0,21,2025-12-04 00:00:00
2,0,22,2025-09-07 08:00:00
2,0,24,2026-01-13 00:00:00
2,0,24,2026-03-24 00:00:00
2,0,22,2025-09-07 20:00:00
0,0,23,2025-12-04 20:00:00
2,0,22,2025-03-10 08:00:00
2,0,22,2026-04-26 12:00:00
2,0,22,2026-01-13 04:00:00
2,0,25,2025-12-04 04:00:00
0,0,25,2026-03-24 20:00:00
2,0,24,2026-04-26 04:00:00
2,0,22,2026-04-26 08:00:00
2,0,21,2025-07-12 00:00:00
0,0,23,2025-03-10 04:00:00
0,0,25,2026-04-26 00:00:00
1,0,21,2026-01-13 12:00:00
3,0,25,2025-03-10 16:00:00
2,0,21,2025-09-07 16:00:00
3,0,25,2025-03-10 12:00:00
3,0,25,2026-04-26 16:00:00
4,1,24,2026-01-13 16:00:00
2,0,21,2026-04-26 04:00:00
2,0,25,2025-12-04 12:00:00
4,2,24,2026-03-24 12:00:00
0,0,25,2025-12-04 16:00:00
2,0,21,2026-01-13 16:00:00
2,0,21,2025-07-12 08:00:00
2,0,21,2026-03-24 20:00:00
2,0,25,2026-04-26 08:00:00
0,0,23,2026-04-26 00:00:00
1,0,22,2026-03-24 08:00:00
2,0,24,2026-04-26 20:00:00
0,0,23,2025-07-12 04:00:00
2,0,22,2025-12-04 00:00:00
0,0,23,2025-09-07 00:00:00
2,0,23,2025-07-12 12:00:00
3,0,25,2026-01-13 12:00:00
2,0,22,2025-07-12 20:00:00
2,0,24,2025-09-07 20:00:00
2,0,22,2025-12-04 20:00:00
2,0,21,2026-01-13 20:00:00
3,0,25,2026-03-24 12:00:00
2,1,24,2026-04-26 08:00:00
2,0,21,2026-04-26 00:00:00
2,0,24,2026-03-24 04:00:00
4,1,24,2026-03-24 08:00:00
2,0,21,2025-07-12 04:00:00
2,0,24,2025-09-07 08:00:00
2,0,21,2025-12-04 12:00:00
1,0,21,2025-03-10 16:00:00
2,1,24,2025-12-04 08:00:00
4,0,22,2026-03-24 12:00:00
2,0,21,2025-03-10 08:00:00
2,0,21,2026-04-26 16:00:00
2,0,23,2026-04-26 08:00:00
0,0,25,2025-07-12 00:00:00
1,0,23,2025-09-07 12:00:00
2,0,24,2025-09-07 04:00:00
2,0,21,2025-03-10 20:00:00
0,0,23,2026-03-24 00:00:00
2,0,21,2026-01-13 00:00:00
2,0,21,2026-03-24 00:00:00
0,0,23,2025-09-07 20:00:00
0,0,23,2025-09-07 16:00:00
2,0,22,2025-07-12 08:00:00
0,0,25,2026-01-13 00:00:00
2,0,21,2025-07-12 12:00:00
4,0,24,2025-07-12 12:00:00
2,0,21,2025-03-10 00:00:00
0,0,25,2026-01-13 20:00:00
0,0,13,2025-12-04 04:00:00
0,0,15,2025-12-04 04:00:00
0,0,11,2025-07-12 12:00:00
0,0,14,2025-09-07 08:00:00
0,0,14,2026-04-26 12:00:00
0,0,15,2025-09-07 20:00:00
0,0,15,2026-04-26 20:00:00
0,0,11,2025-12-04 12:00:00
0,0,11,2026-03-24 00:00:00
0,0,11,2026-04-26 00:00:00
0,0,14,2025-09-07 16:00:00
0,0,11,2025-09-07 16:00:00
0,0,12,2025-03-10 16:00:00
0,0,13,2026-01-13 20:00:00
0,0,12,2025-09-07 00:00:00
0,0,11,2026-01-13 00:00:00
0,0,11,2026-03-24 16:00:00
0,0,11,2025-07-12 16:00:00
0,0,13,2025-03-10 20:00:00
0,0,11,2025-03-10 20:00:00
4,0,15,2025-12-04 12:00:00
0,0,12,2026-01-13 04:00:00
0,0,14,2026-04-26 04:00:00
0,0,13,2025-12-04 00:00:00
0,0,15,2025-12-04 00:00:00
0,0,11,2025-12-04 16:00:00
0,0,13,2025-09-07 16:00:00
0,0,12,2025-09-07 16:00:00
0,0,14,2026-03-24 16:00:00
0,0,12,2026-03-24 16:00:00
0,0,11,2026-01-13 12:00:00
0,0,11,2025-09-07 12:00:00
0,0,14,2025-03-10 00:00:00
0,0,13,2026-03-24 08:00:00
0,0,15,2025-07-12 12:00:00
0,0,14,2025-03-10 12:00:00
0,0,11,2025-07-12 20:00:00
0,0,14,2025-12-04 20:00:00
0,0,15,2026-03-24 16:00:00
0,0,15,2025-07-12 04:00:00
0,0,11,2025-12-04 08:00:00
0,0,14,2025-07-12 08:00:00
0,0,12,2025-09-07 12:00:00
0,0,13,2026-04-26 04:00:00
0,0,13,2025-03-10 08:00:00
0,0,15,2026-04-26 00:00:00
0,0,14,2025-12-04 04:00:00
0,0,12,2025-12-04 16:00:00
0,0,13,2026-01-13 00:00:00
0,0,15,2025-09-07 00:00:00
0,0,15,2026-01-13 00:00:00
0,0,12,2025-07-12 16:00:00
0,0,14,2026-01-13 12:00:00
0,0,15,2026-03-24 04:00:00
0,0,11,2026-03-24 04:00:00
0,0,12,2025-12-04 12:00:00
0,0,14,2026-01-13 04:00:00
0,0,14,2025-07-12 12:00:00
0,0,12,2025-07-12 12:00:00
0,0,11,2025-03-10 12:00:00
0,0,13,2025-09-07 08:00:00
0,0,12,2026-03-24 12:00:00
0,0,15,2025-12-04 20:00:00
0,0,11,2026-04-26 12:00:00
0,0,13,2025-09-07 00:00:00
0,0,13,2025-12-04 08:00:00
0,0,15,2025-12-04 08:00:00
0,0,12,2026-04-26 20:00:00
0,0,11,2025-07-12 08:00:00
0,0,13,2026-01-13 04:00:00
0,0,14,2025-07-12 00:00:00
0,0,13,2025-07-12 00:00:00
0,0,15,2026-04-26 04:00:00
0,0,12,2026-04-26 04:00:00
0,0,15,2026-01-13 08:00:00
0,0,13,2026-01-13 16:00:00
0,0,15,2026-01-13 16:00:00
0,0,15,2025-09-07 08:00:00
0,0,14,2026-03-24 20:00:00
0,0,12,2026-01-13 20:00:00
0,0,12,2025-12-04 20:00:00
0,0,11,2025-03-10 04:00:00
0,0,15,2026-04-26 12:00:00
0,0,14,2025-12-04 08:00:00
0,0,14,2025-07-12 16:00:00
0,0,13,2025-07-12 04:00:00
0,0,14,2026-03-24 04:00:00
4,0,15,2026-01-13 12:00:00
0,0,11,2026-04-26 20:00:00
0,0,14,2025-09-07 12:00:00
0,0,13,2025-12-04 12:00:00
0,0,13,2025-07-12 08:00:00
0,0,15,2026-03-24 00:00:00
0,0,15,2025-07-12 00:00:00
0,0,13,2025-09-07 04:00:00
0,0,15,2025-03-10 00:00:00
0,0,12,2025-12-04 00:00:00
0,0,11,2025-09-07 04:00:00
0,0,15,2025-07-12 20:00:00
0,0,12,2025-03-10 12:00:00
0,0,12,2026-04-26 16:00:00
0,0,15,2025-03-10 16:00:00
0,0,11,2026-03-24 12:00:00
0,0,15,2026-01-13 20:00:00
0,0,11,2026-03-24 20:00:00
0,0,13,2026-03-24 16:00:00
0,0,13,2025-07-12 16:00:00
0,0,12,2026-01-13 12:00:00
0,0,12,2026-03-24 00:00:00
0,0,15,2026-01-13 04:00:00
0,0,14,2025-12-04 16:00:00
0,0,13,2025-03-10 00:00:00
0,0,14,2025-07-12 20:00:00
0,0,15,2026-04-26 16:00:00
0,0,11,2026-04-26 16:00:00
0,0,14,2025-03-10 04:00:00
0,0,13,2026-04-26 12:00:00
0,0,12,2026-04-26 12:00:00
0,0,12,2025-07-12 04:00:00
0,0,11,2025-09-07 00:00:00
0,0,11,2025-07-12 04:00:00
0,0,14,2025-03-10 20:00:00
0,0,15,2025-03-10 20:00:00
0,0,14,2026-04-26 08:00:00
0,0,11,2025-03-10 08:00:00
0,0,13,2025-12-04 16:00:00
0,0,15,2025-12-04 16:00:00
0,0,15,2026-03-24 08:00:00
0,0,12,2026-03-24 08:00:00
0,0,11,2025-12-04 04:00:00
0,0,13,2025-07-12 20:00:00
0,0,12,2026-01-13 16:00:00
0,0,13,2026-04-26 16:00:00
0,0,11,2025-09-07 08:00:00
0,0,14,2026-03-24 12:00:00
0,0,11,2025-03-10 16:00:00
0,0,13,2025-09-07 20:00:00
0,0,12,2025-03-10 20:00:00
0,0,11,2026-04-26 08:00:00
0,0,11,2025-07-12 00:00:00
0,0,12,2025-03-10 00:00:00
0,0,11,2025-12-04 00:00:00
0,0,11,2026-01-13 16:00:00
0,0,13,2026-03-24 12:00:00
0,0,14,2026-01-13 20:00:00
0,0,13,2025-03-10 04:00:00
0,0,12,2025-03-10 04:00:00
0,0,13,2026-01-13 12:00:00
0,0,13,2026-03-24 04:00:00
0,0,11,2025-09-07 20:00:00
0,0,14,2026-04-26 00:00:00
0,0,13,2026-04-26 00:00:00
0,0,14,2025-12-04 00:00:00
0,0,13,2025-07-12 12:00:00
0,0,15,2025-09-07 16:00:00
0,0,12,2025-09-07 08:00:00
0,0,13,2025-12-04 20:00:00
0,0,15,2025-03-10 04:00:00
0,0,11,2025-12-04 20:00:00
0,0,12,2025-12-04 08:00:00
0,0,12,2026-03-24 04:00:00
0,0,13,2026-04-26 08:00:00
0,0,13,2026-03-24 00:00:00
0,0,11,2026-04-26 04:00:00
0,0,15,2025-03-10 08:00:00
0,0,11,2026-01-13 08:00:00
0,0,15,2025-09-07 04:00:00
0,0,11,2025-03-10 00:00:00
4,0,15,2026-03-24 12:00:00
0,0,14,2025-12-04 12:00:00
0,0,14,2026-03-24 00:00:00
0,0,15,2025-09-07 12:00:00
0,0,12,2025-07-12 08:00:00
0,0,14,2026-01-13 08:00:00
0,0,13,2026-01-13 08:00:00
0,0,12,2026-01-13 08:00:00
0,0,12,2026-04-26 00:00:00
0,0,14,2025-09-07 04:00:00
4,0,15,2025-03-10 12:00:00
0,0,12,2025-07-12 20:00:00
0,0,13,2026-03-24 20:00:00
0,0,15,2026-03-24 20:00:00
0,0,14,2025-09-07 00:00:00
0,0,14,2025-07-12 04:00:00
0,0,12,2026-01-13 00:00:00
0,0,14,2026-04-26 20:00:00
0,0,12,2025-07-12 00:00:00
0,0,12,2025-03-10 08:00:00
0,0,11,2026-03-24 08:00:00
0,0,13,2025-03-10 12:00:00
0,0,14,2025-03-10 16:00:00
0,0,13,2025-03-10 16:00:00
0,0,11,2026-01-13 20:00:00
0,0,15,2026-04-26 08:00:00
0,0,12,2026-04-26 08:00:00
0,0,15,2025-07-12 08:00:00
0,0,14,2025-03-10 08:00:00
0,0,14,2026-03-24 08:00:00
0,0,12,2025-09-07 04:00:00
0,0,12,2025-12-04 04:00:00
0,0,14,2026-01-13 16:00:00
0,0,14,2026-04-26 16:00:00
0,0,12,2026-03-24 20:00:00
0,0,14,2026-01-13 00:00:00
0,0,15,2025-07-12 16:00:00
0,0,14,2025-09-07 20:00:00
0,0,13,2026-04-26 20:00:00
0,0,12,2025-09-07 20:00:00
0,0,13,2025-09-07 12:00:00
0,0,11,2026-01-13 04:00:00
0,0,09,2026-04-26 00:00:00
0,0,10,2026-04-26 16:00:00
2,2,07,2026-03-24 08:00:00
0,0,10,2025-12-04 20:00:00
4,2,08,2025-07-12 04:00:00
2,2,07,2025-07-12 12:00:00
0,0,10,2026-01-13 00:00:00
2,1,07,2026-01-13 12:00:00
0,0,10,2025-09-07 20:00:00
2,0,06,2025-07-12 20:00:00
4,4,08,2025-12-04 20:00:00
1,1,06,2026-03-24 12:00:00
2,0,07,2025-03-10 12:00:00
4,4,08,2025-03-10 08:00:00
2,0,06,2026-03-24 20:00:00
4,4,08,2026-03-24 04:00:00
2,1,07,2025-09-07 04:00:00
2,2,07,2025-09-07 12:00:00
0,0,10,2026-03-24 04:00:00
2,2,06,2025-09-07 16:00:00
2,2,07,2025-12-04 20:00:00
4,4,08,2025-07-12 08:00:00
0,0,10,2026-03-24 08:00:00
4,4,08,2026-03-24 20:00:00
0,0,09,2026-04-26 16:00:00
4,4,08,2026-04-26 08:00:00
2,3,07,2025-07-12 16:00:00
0,0,09,2026-04-26 12:00:00
0,0,10,2026-04-26 12:00:00
2,0,06,2025-03-10 20:00:00
2,1,06,2025-09-07 00:00:00
2,2,06,2025-07-12 12:00:00
2,0,07,2026-01-13 00:00:00
4,0,10,2026-01-13 12:00:00
4,4,08,2025-07-12 20:00:00
2,0,06,2025-03-10 00:00:00
0,0,10,2026-01-13 04:00:00
2,2,06,2025-03-10 08:00:00
2,1,07,2026-03-24 16:00:00
2,2,07,2026-04-26 12:00:00
0,0,09,2025-03-10 16:00:00
0,0,09,2026-03-24 20:00:00
2,2,06,2026-03-24 04:00:00
4,4,08,2025-09-07 12:00:00
4,4,08,2025-07-12 16:00:00
4,4,08,2025-07-12 12:00:00
0,0,09,2026-01-13 12:00:00
4,4,08,2025-12-04 12:00:00
2,2,06,2025-12-04 12:00:00
2,0,07,2025-03-10 00:00:00
0,0,09,2025-12-04 12:00:00
0,0,10,2026-03-24 00:00:00
2,3,07,2025-12-04 16:00:00
2,2,06,2026-04-26 12:00:00
4,3,08,2026-01-13 04:00:00
2,0,06,2025-07-12 00:00:00
2,2,07,2026-04-26 08:00:00
4,0,10,2026-03-24 12:00:00
2,1,07,2026-04-26 00:00:00
1,3,06,2026-03-24 08:00:00
2,0,07,2025-03-10 20:00:00
4,2,08,2025-12-04 00:00:00
2,2,08,2025-09-07 00:00:00
4,4,08,2025-09-07 08:00:00
2,0,07,2026-03-24 00:00:00
4,3,08,2025-09-07 20:00:00
2,0,07,2026-01-13 20:00:00
0,0,10,2025-07-12 00:00:00
4,4,08,2025-03-10 12:00:00
0,0,10,2025-07-12 12:00:00
4,4,08,2025-12-04 04:00:00
2,0,07,2025-12-04 04:00:00
0,0,09,2025-09-07 16:00:00
4,4,08,2026-03-24 08:00:00
2,0,07,2025-12-04 00:00:00
4,0,08,2026-01-13 00:00:00
4,1,08,2026-03-24 00:00:00
2,1,06,2025-09-07 08:00:00
0,0,09,2025-03-10 20:00:00
0,0,10,2025-03-10 20:00:00
2,2,07,2025-07-12 20:00:00
0,0,10,2025-09-07 12:00:00
1,1,06,2025-03-10 12:00:00
0,0,09,2026-01-13 08:00:00
0,0,10,2025-03-10 08:00:00
2,2,07,2026-01-13 16:00:00
2,1,07,2025-07-12 08:00:00
0,0,09,2025-03-10 00:00:00
2,1,06,2026-04-26 08:00:00
4,0,09,2026-03-24 12:00:00
2,0,06,2026-04-26 00:00:00
0,0,09,2025-09-07 00:00:00
0,0,09,2026-03-24 16:00:00
0,0,09,2025-07-12 04:00:00
0,0,10,2026-04-26 20:00:00
4,4,08,2025-03-10 16:00:00
2,1,07,2025-09-07 20:00:00
4,0,10,2025-12-04 12:00:00
0,0,09,2025-07-12 00:00:00
0,0,09,2025-09-07 04:00:00
4,4,08,2026-04-26 12:00:00
4,0,10,2025-03-10 12:00:00
0,0,10,2025-09-07 16:00:00
2,3,08,2026-04-26 00:00:00
1,1,06,2025-09-07 12:00:00
0,0,09,2025-12-04 08:00:00
0,0,09,2025-07-12 16:00:00
4,4,08,2026-01-13 12:00:00
4,4,08,2025-09-07 16:00:00
4,3,08,2026-01-13 20:00:00
0,0,10,2026-04-26 04:00:00
4,4,08,2026-04-26 16:00:00
2,1,06,2026-04-26 16:00:00
0,0,09,2025-12-04 04:00:00
0,0,10,2025-07-12 20:00:00
2,2,06,2025-12-04 04:00:00
4,3,08,2025-03-10 04:00:00
2,0,06,2026-04-26 20:00:00
2,0,06,2026-03-24 00:00:00
2,2,07,2025-09-07 08:00:00
0,0,09,2026-01-13 00:00:00
0,0,10,2025-09-07 00:00:00
2,3,06,2026-01-13 08:00:00
0,0,09,2026-03-24 04:00:00
0,0,10,2026-04-26 08:00:00
2,0,07,2025-03-10 16:00:00
0,0,10,2025-07-12 08:00:00
4,4,08,2025-12-04 08:00:00
2,0,06,2026-01-13 20:00:00
4,4,08,2026-03-24 16:00:00
2,2,08,2025-07-12 00:00:00
2,0,07,2025-07-12 00:00:00
0,0,09,2026-01-13 20:00:00
0,0,10,2026-01-13 20:00:00
2,2,07,2026-03-24 04:00:00
4,4,08,2026-04-26 20:00:00
2,0,07,2025-07-12 04:00:00
0,0,10,2025-07-12 04:00:00
0,0,09,2026-04-26 08:00:00
2,3,06,2025-12-04 16:00:00
0,0,09,2025-03-10 08:00:00
2,2,07,2026-04-26 16:00:00
0,0,09,2025-12-04 00:00:00
0,0,09,2025-07-12 12:00:00
4,3,08,2026-04-26 04:00:00
0,0,09,2025-09-07 08:00:00
0,0,10,2025-03-10 16:00:00
2,1,06,2025-03-10 04:00:00
0,0,10,2025-03-10 04:00:00
2,0,06,2026-01-13 00:00:00
2,0,07,2025-09-07 00:00:00
4,4,08,2026-01-13 08:00:00
2,0,06,2025-09-07 20:00:00
0,0,09,2026-03-24 00:00:00
2,2,07,2025-12-04 08:00:00
0,0,10,2026-01-13 08:00:00
2,1,06,2025-07-12 08:00:00
1,0,06,2026-03-24 16:00:00
2,0,07,2026-03-24 20:00:00
0,0,10,2025-09-07 08:00:00
2,2,06,2025-07-12 16:00:00
2,0,06,2025-12-04 00:00:00
1,2,06,2026-01-13 12:00:00
4,0,08,2025-03-10 00:00:00
0,0,09,2026-01-13 04:00:00
0,0,09,2026-04-26 04:00:00
4,4,08,2025-12-04 16:00:00
0,0,10,2026-04-26 00:00:00
0,0,09,2026-03-24 08:00:00
0,0,09,2025-03-10 12:00:00
0,0,09,2025-07-12 20:00:00
0,0,10,2026-03-24 20:00:00
0,0,09,2025-03-10 04:00:00
2,0,06,2025-09-07 04:00:00
2,0,06,2025-07-12 04:00:00
0,0,10,2025-12-04 08:00:00
0,0,09,2026-04-26 20:00:00
0,0,09,2025-09-07 12:00:00
0,0,09,2025-07-12 08:00:00
4,4,08,2026-03-24 12:00:00
4,4,08,2026-01-13 16:00:00
0,0,09,2025-12-04 16:00:00
2,2,06,2026-01-13 04:00:00
2,2,07,2025-03-10 04:00:00
4,3,08,2025-03-10 20:00:00
2,3,06,2025-12-04 08:00:00
2,1,07,2026-03-24 12:00:00
2,1,06,2026-01-13 16:00:00
0,0,10,2025-09-07 04:00:00
0,0,10,2025-12-04 00:00:00
0,0,10,2025-12-04 04:00:00
0,0,10,2026-01-13 16:00:00
2,1,07,2026-01-13 04:00:00
0,0,09,2025-09-07 20:00:00
2,2,07,2025-12-04 12:00:00
1,0,06,2025-03-10 16:00:00
2,0,06,2025-12-04 20:00:00
2,1,07,2025-09-07 16:00:00
2,0,07,2025-03-10 08:00:00
0,0,10,2025-03-10 00:00:00
0,0,10,2025-12-04 16:00:00
0,0,09,2026-01-13 16:00:00
2,0,06,2026-04-26 04:00:00
2,0,07,2026-04-26 04:00:00
0,0,09,2025-12-04 20:00:00
4,3,08,2025-09-07 04:00:00
2,0,07,2026-04-26 20:00:00
0,0,10,2026-03-24 16:00:00
0,0,10,2025-07-12 16:00:00
2,2,07,2026-01-13 08:00:00
0,0,27,2026-01-13 04:00:00
1,0,27,2026-03-24 08:00:00
4,4,28,2025-07-12 16:00:00
0,0,29,2026-04-26 20:00:00
0,0,27,2025-07-12 04:00:00
4,4,28,2025-03-10 16:00:00
0,0,29,2026-03-24 16:00:00
0,0,29,2025-07-12 00:00:00
0,0,27,2025-07-12 16:00:00
3,0,26,2025-09-07 12:00:00
0,0,27,2025-03-10 00:00:00
1,0,26,2026-03-24 12:00:00
3,0,30,2025-12-04 16:00:00
4,4,28,2025-07-12 08:00:00
0,0,29,2025-03-10 08:00:00
0,0,29,2026-04-26 16:00:00
2,0,29,2025-07-12 08:00:00
3,0,30,2026-03-24 20:00:00
3,0,30,2026-04-26 04:00:00
0,0,29,2026-03-24 20:00:00
0,0,26,2026-03-24 08:00:00
0,0,27,2026-04-26 20:00:00
3,0,30,2025-03-10 20:00:00
3,0,30,2025-09-07 08:00:00
0,0,27,2026-01-13 08:00:00
0,0,29,2025-07-12 20:00:00
0,0,30,2025-12-04 20:00:00
0,0,29,2025-09-07 16:00:00
0,0,27,2026-03-24 16:00:00
2,0,30,2025-12-04 04:00:00
0,0,30,2026-01-13 04:00:00
4,4,28,2026-03-24 08:00:00
1,0,27,2025-09-07 12:00:00
0,0,26,2025-09-07 04:00:00
0,0,26,2026-04-26 20:00:00
3,3,28,2026-04-26 20:00:00
3,0,29,2025-09-07 12:00:00
0,0,30,2026-01-13 00:00:00
0,0,27,2026-03-24 00:00:00
3,0,28,2026-03-24 00:00:00
1,0,27,2025-12-04 12:00:00
0,0,26,2025-07-12 20:00:00
0,0,27,2025-09-07 20:00:00
0,0,27,2025-12-04 20:00:00
0,0,27,2026-01-13 20:00:00
0,0,29,2026-01-13 04:00:00
0,0,29,2026-04-26 04:00:00
0,0,27,2026-04-26 00:00:00
2,0,30,2025-09-07 04:00:00
3,0,30,2025-07-12 16:00:00
2,0,28,2025-09-07 04:00:00
2,2,28,2025-07-12 04:00:00
0,0,27,2026-01-13 00:00:00
2,0,29,2025-09-07 08:00:00
1,0,27,2026-01-13 12:00:00
0,0,29,2026-01-13 08:00:00
3,0,30,2025-12-04 12:00:00
0,0,29,2025-03-10 16:00:00
0,0,26,2026-01-13 20:00:00
4,3,28,2025-09-07 16:00:00
3,4,28,2025-12-04 20:00:00
1,0,26,2025-03-10 12:00:00
4,4,28,2025-12-04 16:00:00
3,0,30,2025-03-10 08:00:00
0,0,27,2026-01-13 16:00:00
0,0,30,2025-07-12 00:00:00
0,0,27,2026-03-24 04:00:00
0,0,29,2026-03-24 04:00:00
2,0,30,2025-07-12 04:00:00
3,3,28,2025-03-10 20:00:00
3,0,30,2025-07-12 12:00:00
2,0,27,2025-09-07 08:00:00
0,0,26,2025-09-07 00:00:00
0,0,29,2025-09-07 00:00:00
0,0,29,2026-01-13 00:00:00
0,0,29,2026-03-24 00:00:00
2,0,26,2025-12-04 12:00:00
3,0,29,2025-12-04 12:00:00
2,0,27,2025-12-04 08:00:00
3,0,30,2026-03-24 16:00:00
3,0,29,2026-04-26 12:00:00
0,0,27,2025-12-04 04:00:00
0,0,29,2026-04-26 08:00:00
0,0,30,2026-04-26 00:00:00
0,0,26,2025-03-10 04:00:00
0,0,29,2025-03-10 04:00:00
3,4,28,2026-03-24 04:00:00
3,0,30,2025-09-07 12:00:00
0,0,27,2025-12-04 00:00:00
0,0,26,2026-03-24 00:00:00
3,0,28,2026-01-13 00:00:00
0,0,26,2026-01-13 12:00:00
3,3,28,2025-07-12 20:00:00
0,0,27,2025-09-07 16:00:00
2,0,26,2025-12-04 08:00:00
3,0,29,2025-03-10 12:00:00
0,0,27,2026-04-26 16:00:00
4,4,28,2026-04-26 12:00:00
0,0,26,2026-03-24 20:00:00
2,4,28,2025-12-04 04:00:00
0,0,26,2025-07-12 00:00:00
2,2,28,2025-07-12 00:00:00
2,4,28,2025-03-10 04:00:00
0,0,26,2026-03-24 04:00:00
0,0,26,2025-07-12 16:00:00
4,4,28,2025-09-07 12:00:00
0,0,26,2025-03-10 20:00:00
0,0,26,2025-12-04 00:00:00
0,0,26,2025-03-10 00:00:00
0,0,30,2026-01-13 20:00:00
1,0,27,2025-03-10 12:00:00
3,0,30,2025-07-12 08:00:00
0,0,26,2025-03-10 08:00:00
2,0,26,2025-07-12 08:00:00
0,0,29,2026-01-13 16:00:00
0,0,26,2026-04-26 12:00:00
2,4,28,2026-01-13 04:00:00
0,0,26,2026-04-26 08:00:00
2,3,28,2026-04-26 00:00:00
0,0,27,2025-09-07 04:00:00
0,0,29,2025-03-10 20:00:00
0,0,30,2026-03-24 00:00:00
3,0,30,2026-01-13 12:00:00
0,0,26,2025-09-07 20:00:00
3,0,30,2025-12-04 08:00:00
0,0,26,2025-12-04 20:00:00
4,4,28,2026-03-24 12:00:00
3,0,29,2026-03-24 12:00:00
4,3,28,2026-04-26 16:00:00
0,0,27,2026-03-24 20:00:00
0,0,26,2026-04-26 04:00:00
2,0,27,2026-04-26 08:00:00
0,0,27,2025-07-12 00:00:00
3,0,30,2025-03-10 04:00:00
0,0,26,2026-04-26 00:00:00
3,0,29,2026-03-24 08:00:00
4,3,28,2025-09-07 08:00:00
0,0,29,2026-01-13 20:00:00
3,0,30,2026-03-24 12:00:00
0,0,29,2025-12-04 16:00:00
3,0,30,2026-01-13 16:00:00
2,0,27,2025-03-10 08:00:00
0,0,26,2026-04-26 16:00:00
3,0,30,2026-04-26 12:00:00
0,0,30,2026-04-26 20:00:00
0,0,29,2025-09-07 04:00:00
0,0,30,2025-12-04 00:00:00
0,0,29,2025-12-04 00:00:00
3,0,29,2025-07-12 12:00:00
3,0,29,2026-01-13 12:00:00
0,0,30,2025-09-07 20:00:00
4,4,28,2025-12-04 08:00:00
0,0,27,2025-12-04 16:00:00
4,4,28,2025-03-10 12:00:00
2,0,27,2025-07-12 08:00:00
4,4,28,2026-01-13 16:00:00
4,4,28,2026-03-24 16:00:00
3,1,28,2026-04-26 04:00:00
3,0,30,2026-03-24 04:00:00
2,2,28,2025-12-04 00:00:00
2,0,26,2025-09-07 08:00:00
0,0,26,2026-01-13 08:00:00
3,0,28,2025-03-10 00:00:00
3,0,30,2025-09-07 16:00:00
0,0,26,2025-09-07 16:00:00
4,4,28,2025-03-10 08:00:00
0,0,26,2026-03-24 16:00:00
0,0,26,2025-12-04 04:00:00
3,3,28,2026-03-24 20:00:00
0,0,29,2025-07-12 04:00:00
3,0,30,2026-01-13 08:00:00
4,4,28,2026-01-13 08:00:00
0,0,29,2025-03-10 00:00:00
0,0,29,2025-09-07 20:00:00
2,0,29,2025-12-04 08:00:00
0,0,27,2026-04-26 04:00:00
3,0,30,2026-04-26 08:00:00
0,0,27,2025-03-10 04:00:00
0,0,30,2025-09-07 00:00:00
1,0,27,2025-07-12 12:00:00
0,0,26,2025-07-12 12:00:00
4,4,28,2025-07-12 12:00:00
4,4,28,2026-01-13 12:00:00
0,0,30,2025-07-12 20:00:00
0,0,27,2025-07-12 20:00:00
0,0,30,2025-03-10 00:00:00
3,3,28,2025-09-07 20:00:00
3,3,28,2026-01-13 20:00:00
1,0,27,2026-03-24 12:00:00
3,0,30,2025-03-10 12:00:00
3,4,28,2026-04-26 08:00:00
0,0,29,2026-04-26 00:00:00
0,0,27,2025-03-10 20:00:00
0,0,26,2025-07-12 04:00:00
2,2,28,2025-09-07 00:00:00
4,4,28,2025-12-04 12:00:00
0,0,27,2025-03-10 16:00:00
0,0,26,2025-03-10 16:00:00
0,0,29,2025-12-04 20:00:00
3,0,30,2026-04-26 16:00:00
0,0,26,2026-01-13 16:00:00
1,0,27,2026-04-26 12:00:00
0,0,26,2026-01-13 04:00:00
0,0,29,2025-12-04 04:00:00
3,0,30,2026-03-24 08:00:00
0,0,29,2025-07-12 16:00:00
0,0,27,2025-09-07 00:00:00
0,0,26,2026-01-13 00:00:00
3,0,30,2025-03-10 16:00:00
0,0,26,2025-12-04 16:00:00
1,0,41,2025-07-12 08:00:00
0,0,42,2026-04-26 16:00:00
0,1,45,2026-03-24 16:00:00
0,0,44,2026-04-26 08:00:00
0,0,45,2025-03-10 04:00:00
0,0,42,2026-04-26 00:00:00
0,0,44,2026-03-24 08:00:00
0,0,44,2026-04-26 20:00:00
0,0,43,2025-09-07 08:00:00
1,0,41,2026-01-13 08:00:00
0,0,45,2025-12-04 20:00:00
1,0,41,2025-12-04 08:00:00
1,2,41,2026-03-24 12:00:00
0,0,44,2026-04-26 16:00:00
0,0,44,2025-07-12 08:00:00
0,0,44,2026-04-26 12:00:00
0,0,42,2026-04-26 12:00:00
0,2,41,2025-07-12 16:00:00
0,0,45,2025-12-04 00:00:00
0,0,44,2025-12-04 00:00:00
0,0,44,2026-03-24 00:00:00
0,0,42,2025-09-07 00:00:00
1,0,41,2025-03-10 16:00:00
0,0,43,2025-09-07 20:00:00
0,1,44,2025-12-04 08:00:00
0,0,41,2026-03-24 20:00:00
0,0,43,2026-03-24 20:00:00
0,0,41,2026-03-24 04:00:00
0,0,43,2026-03-24 08:00:00
0,0,42,2026-04-26 20:00:00
0,0,45,2025-07-12 04:00:00
0,0,41,2025-03-10 20:00:00
0,1,44,2025-03-10 20:00:00
0,0,45,2026-03-24 00:00:00
0,0,44,2025-09-07 00:00:00
0,0,44,2025-03-10 12:00:00
0,0,43,2025-03-10 04:00:00
0,0,41,2025-09-07 00:00:00
1,3,41,2025-07-12 12:00:00
0,0,43,2026-01-13 20:00:00
1,0,42,2026-03-24 12:00:00
0,0,43,2025-12-04 16:00:00
0,1,41,2026-04-26 16:00:00
0,0,45,2026-01-13 04:00:00
0,0,41,2026-04-26 04:00:00
0,0,42,2026-01-13 04:00:00
1,0,41,2026-04-26 08:00:00
0,0,42,2026-04-26 08:00:00
0,0,45,2026-04-26 00:00:00
0,0,45,2026-04-26 20:00:00
0,0,42,2025-09-07 08:00:00
0,0,45,2026-01-13 08:00:00
0,1,44,2026-01-13 08:00:00
0,0,45,2026-03-24 12:00:00
0,0,43,2026-03-24 16:00:00
0,0,45,2026-03-24 20:00:00
0,0,45,2026-04-26 04:00:00
0,0,44,2026-03-24 20:00:00
0,0,43,2025-07-12 00:00:00
0,0,41,2026-04-26 00:00:00
0,0,44,2025-09-07 12:00:00
0,0,42,2025-09-07 04:00:00
0,0,41,2025-07-12 04:00:00
0,0,42,2025-07-12 12:00:00
0,0,45,2026-01-13 12:00:00
0,0,44,2025-09-07 16:00:00
0,0,44,2025-12-04 16:00:00
0,0,42,2025-12-04 16:00:00
0,0,45,2026-01-13 16:00:00
0,0,43,2025-12-04 04:00:00
0,0,42,2025-12-04 04:00:00
0,0,41,2025-03-10 04:00:00
0,0,43,2026-04-26 00:00:00
0,0,44,2026-03-24 04:00:00
0,0,45,2025-09-07 04:00:00
0,0,41,2025-12-04 00:00:00
0,0,45,2025-07-12 12:00:00
0,0,43,2026-01-13 08:00:00
1,2,41,2025-12-04 12:00:00
0,0,41,2025-07-12 20:00:00
0,0,44,2025-07-12 20:00:00
0,0,43,2025-07-12 20:00:00
0,0,42,2025-03-10 00:00:00
0,1,42,2025-03-10 16:00:00
1,1,41,2025-03-10 08:00:00
0,0,45,2025-12-04 04:00:00
0,0,44,2026-04-26 04:00:00
0,0,43,2026-04-26 04:00:00
0,0,42,2026-03-24 20:00:00
0,0,44,2026-04-26 00:00:00
0,0,43,2025-07-12 04:00:00
0,0,45,2025-09-07 08:00:00
0,0,44,2026-01-13 12:00:00
0,0,44,2026-03-24 12:00:00
0,0,45,2025-12-04 16:00:00
1,0,42,2025-03-10 12:00:00
0,0,44,2026-01-13 16:00:00
0,0,41,2026-01-13 04:00:00
0,0,43,2026-04-26 08:00:00
0,0,41,2026-04-26 20:00:00
0,0,41,2026-03-24 00:00:00
0,0,43,2026-01-13 00:00:00
0,0,42,2026-03-24 00:00:00
0,0,45,2025-03-10 00:00:00
0,0,43,2025-03-10 00:00:00
0,0,43,2025-12-04 08:00:00
0,0,42,2025-09-07 16:00:00
0,0,45,2025-03-10 08:00:00
0,0,43,2026-01-13 16:00:00
1,0,41,2026-03-24 16:00:00
0,0,45,2025-07-12 00:00:00
0,0,43,2026-03-24 04:00:00
0,0,42,2025-09-07 12:00:00
0,0,44,2026-01-13 00:00:00
0,0,44,2025-07-12 12:00:00
0,0,42,2026-01-13 00:00:00
0,0,42,2025-07-12 20:00:00
0,0,41,2025-09-07 20:00:00
0,0,42,2026-01-13 20:00:00
0,0,45,2026-04-26 16:00:00
0,0,43,2025-07-12 08:00:00
0,0,42,2025-07-12 00:00:00
0,0,45,2026-03-24 08:00:00
0,0,42,2026-03-24 04:00:00
0,0,42,2025-03-10 20:00:00
0,0,42,2025-07-12 04:00:00
0,0,44,2025-09-07 08:00:00
0,0,42,2026-01-13 12:00:00
0,0,45,2025-12-04 12:00:00
0,0,44,2025-03-10 00:00:00
0,0,44,2025-03-10 16:00:00
0,0,42,2025-09-07 20:00:00
0,0,45,2025-09-07 16:00:00
0,2,41,2025-09-07 16:00:00
0,0,44,2025-03-10 08:00:00
0,0,43,2025-03-10 08:00:00
0,0,42,2025-07-12 08:00:00
0,0,44,2026-03-24 16:00:00
0,0,43,2026-04-26 12:00:00
0,0,41,2025-07-12 00:00:00
0,0,42,2026-03-24 08:00:00
0,0,45,2025-07-12 16:00:00
0,0,43,2025-07-12 16:00:00
0,0,42,2025-07-12 16:00:00
0,0,44,2025-07-12 04:00:00
0,0,43,2025-12-04 00:00:00
0,0,42,2025-12-04 00:00:00
0,0,45,2025-09-07 00:00:00
1,0,41,2025-09-07 08:00:00
0,0,43,2026-03-24 00:00:00
0,0,44,2025-12-04 12:00:00
0,0,43,2025-12-04 12:00:00
0,0,45,2025-12-04 08:00:00
0,0,45,2026-01-13 20:00:00
0,0,41,2026-01-13 20:00:00
0,0,43,2025-09-07 16:00:00
0,0,43,2026-04-26 16:00:00
0,0,42,2025-03-10 08:00:00
0,0,42,2026-01-13 16:00:00
0,0,43,2026-01-13 04:00:00
0,0,42,2026-04-26 04:00:00
0,0,42,2025-03-10 04:00:00
0,0,44,2025-09-07 04:00:00
0,0,44,2025-07-12 16:00:00
0,0,43,2025-09-07 12:00:00
0,0,43,2025-03-10 20:00:00
0,0,45,2026-01-13 00:00:00
0,0,41,2026-01-13 00:00:00
0,1,43,2026-01-13 12:00:00
0,0,42,2026-01-13 08:00:00
0,0,42,2025-12-04 12:00:00
0,0,45,2025-03-10 16:00:00
0,0,45,2025-09-07 20:00:00
0,0,43,2025-03-10 16:00:00
0,0,44,2025-12-04 20:00:00
1,0,43,2026-03-24 12:00:00
0,2,41,2025-12-04 16:00:00
0,0,42,2026-03-24 16:00:00
0,0,44,2026-01-13 04:00:00
0,0,45,2026-04-26 08:00:00
0,0,44,2025-07-12 00:00:00
0,0,45,2026-03-24 04:00:00
0,0,43,2025-09-07 04:00:00
0,0,45,2025-03-10 20:00:00
0,0,43,2025-07-12 12:00:00
0,0,42,2025-12-04 20:00:00
0,0,41,2026-01-13 16:00:00
1,2,41,2026-04-26 12:00:00
0,0,41,2025-12-04 04:00:00
0,0,44,2025-12-04 04:00:00
0,0,44,2025-03-10 04:00:00
1,1,41,2025-09-07 12:00:00
0,0,43,2026-04-26 20:00:00
1,0,41,2026-01-13 12:00:00
0,0,41,2025-03-10 00:00:00
0,0,44,2026-01-13 20:00:00
0,0,43,2025-12-04 20:00:00
0,0,42,2025-12-04 08:00:00
0,0,45,2025-03-10 12:00:00
0,0,45,2025-07-12 08:00:00
0,0,45,2026-04-26 12:00:00
1,0,41,2026-03-24 08:00:00
0,0,45,2025-09-07 12:00:00
0,0,41,2025-09-07 04:00:00
0,0,43,2025-09-07 00:00:00
0,0,45,2025-07-12 20:00:00
0,0,44,2025-09-07 20:00:00
0,0,41,2025-12-04 20:00:00
1,2,41,2025-03-10 12:00:00
0,1,43,2025-03-10 12:00:00
0,0,36,2026-04-26 04:00:00
0,0,40,2026-01-13 04:00:00
0,0,40,2025-09-07 12:00:00
0,0,36,2025-12-04 00:00:00
0,0,37,2025-07-12 12:00:00
2,1,24,2025-11-14 20:00:00
2,0,21,2025-06-27 04:00:00
2,0,21,2025-11-14 20:00:00
0,0,23,2025-06-27 16:00:00
2,0,23,2025-06-27 08:00:00
4,1,24,2025-06-27 12:00:00
0,0,25,2025-11-14 16:00:00
2,0,24,2025-11-14 08:00:00
2,0,24,2025-06-27 08:00:00
2,0,21,2025-06-27 00:00:00
0,0,23,2025-11-14 00:00:00
2,0,21,2025-11-14 00:00:00
2,0,21,2025-11-14 12:00:00
0,0,23,2025-11-14 20:00:00
0,0,25,2025-11-14 20:00:00
2,0,24,2025-06-27 04:00:00
2,0,23,2025-11-14 04:00:00
2,0,22,2025-11-14 20:00:00
0,0,23,2025-11-14 16:00:00
2,0,25,2025-11-14 08:00:00
2,0,24,2025-06-27 20:00:00
2,0,21,2025-11-14 04:00:00
2,0,24,2025-06-27 00:00:00
2,0,24,2025-11-14 00:00:00
2,0,23,2025-11-14 08:00:00
0,0,25,2025-06-27 20:00:00
2,0,22,2025-11-14 00:00:00
2,0,23,2025-06-27 04:00:00
2,0,22,2025-06-27 04:00:00
2,0,21,2025-06-27 20:00:00
4,2,24,2025-06-27 16:00:00
4,1,24,2025-11-14 12:00:00
2,1,22,2025-11-14 16:00:00
2,0,22,2025-11-14 08:00:00
2,0,22,2025-06-27 08:00:00
1,0,21,2025-06-27 12:00:00
0,0,25,2025-06-27 00:00:00
2,0,23,2025-11-14 12:00:00
2,0,25,2025-06-27 04:00:00
2,0,21,2025-06-27 08:00:00
4,0,22,2025-06-27 12:00:00
0,0,25,2025-11-14 00:00:00
2,0,22,2025-06-27 20:00:00
1,0,23,2025-06-27 12:00:00
0,0,23,2025-06-27 00:00:00
0,0,13,2025-06-27 16:00:00
0,0,15,2025-06-27 16:00:00
0,0,14,2025-06-27 00:00:00
0,0,11,2025-11-14 08:00:00
0,0,14,2025-06-27 20:00:00
0,0,11,2025-11-14 00:00:00
0,0,13,2025-06-27 04:00:00
0,0,15,2025-11-14 08:00:00
0,0,14,2025-06-27 04:00:00
0,0,15,2025-06-27 00:00:00
4,0,15,2025-11-14 12:00:00
0,0,12,2025-06-27 20:00:00
0,0,11,2025-11-14 20:00:00
0,0,11,2025-06-27 12:00:00
0,0,15,2025-11-14 00:00:00
0,0,12,2025-11-14 16:00:00
0,0,13,2025-11-14 04:00:00
0,0,11,2025-11-14 04:00:00
0,0,14,2025-11-14 16:00:00
0,0,14,2025-11-14 12:00:00
0,0,13,2025-06-27 12:00:00
0,0,14,2025-06-27 16:00:00
0,0,13,2025-06-27 08:00:00
0,0,11,2025-11-14 16:00:00
0,0,15,2025-06-27 20:00:00
0,0,11,2025-06-27 20:00:00
0,0,14,2025-06-27 12:00:00
0,0,11,2025-06-27 16:00:00
0,0,13,2025-11-14 16:00:00
0,0,15,2025-06-27 04:00:00
0,0,12,2025-06-27 00:00:00
0,0,12,2025-11-14 12:00:00
0,0,12,2025-11-14 20:00:00
0,0,12,2025-06-27 12:00:00
0,0,15,2025-06-27 08:00:00
4,0,15,2025-06-27 12:00:00
0,0,14,2025-06-27 08:00:00
0,0,12,2025-11-14 00:00:00
0,0,11,2025-06-27 04:00:00
0,0,12,2025-06-27 08:00:00
0,0,14,2025-11-14 00:00:00
0,0,11,2025-11-14 12:00:00
0,0,15,2025-11-14 20:00:00
0,0,13,2025-11-14 08:00:00
0,0,15,2025-11-14 04:00:00
0,0,13,2025-11-14 20:00:00
0,0,12,2025-06-27 16:00:00
0,0,13,2025-06-27 00:00:00
0,0,12,2025-11-14 08:00:00
0,0,12,2025-06-27 04:00:00
0,0,12,2025-11-14 04:00:00
0,0,14,2025-11-14 20:00:00
0,0,13,2025-11-14 12:00:00
0,0,14,2025-11-14 08:00:00
0,0,11,2025-06-27 00:00:00
0,0,11,2025-06-27 08:00:00
0,0,13,2025-11-14 00:00:00
0,0,15,2025-11-14 16:00:00
0,0,14,2025-11-14 04:00:00
0,0,13,2025-06-27 20:00:00
0,0,09,2025-11-14 20:00:00
0,0,10,2025-11-14 20:00:00
2,2,06,2025-11-14 12:00:00
0,0,09,2025-06-27 08:00:00
0,0,10,2025-06-27 00:00:00
4,4,08,2025-11-14 08:00:00
4,4,08,2025-11-14 04:00:00
1,2,06,2025-06-27 12:00:00
0,0,10,2025-06-27 20:00:00
2,2,06,2025-11-14 16:00:00
0,0,09,2025-11-14 00:00:00
4,4,08,2025-06-27 20:00:00
4,0,10,2025-11-14 12:00:00
2,3,07,2025-11-14 16:00:00
0,0,10,2025-06-27 08:00:00
2,2,07,2025-11-14 08:00:00
0,0,09,2025-11-14 16:00:00
2,3,07,2025-06-27 16:00:00
2,1,07,2025-11-14 12:00:00
2,2,07,2025-06-27 12:00:00
0,0,09,2025-11-14 04:00:00
0,0,10,2025-11-14 16:00:00
0,0,10,2025-11-14 04:00:00
0,0,09,2025-06-27 00:00:00
4,3,08,2025-06-27 04:00:00
2,2,07,2025-11-14 04:00:00
0,0,09,2025-06-27 04:00:00
0,0,09,2025-06-27 20:00:00
2,0,07,2025-11-14 00:00:00
0,0,09,2025-06-27 16:00:00
4,4,08,2025-11-14 20:00:00
2,1,06,2025-06-27 00:00:00
0,0,10,2025-11-14 08:00:00
2,0,07,2025-06-27 00:00:00
0,0,09,2025-06-27 12:00:00
4,0,10,2025-06-27 12:00:00
0,0,10,2025-06-27 16:00:00
2,0,06,2025-06-27 20:00:00
2,2,07,2025-06-27 08:00:00
2,0,07,2025-06-27 20:00:00
2,1,07,2025-11-14 20:00:00
4,4,08,2025-11-14 12:00:00
0,0,10,2025-11-14 00:00:00
2,3,06,2025-06-27 08:00:00
4,4,08,2025-06-27 16:00:00
2,2,06,2025-06-27 16:00:00
2,2,06,2025-11-14 04:00:00
2,1,06,2025-11-14 20:00:00
4,1,08,2025-11-14 00:00:00
4,4,08,2025-11-14 16:00:00
4,4,08,2025-06-27 08:00:00
0,0,10,2025-06-27 04:00:00
4,4,08,2025-06-27 12:00:00
2,0,06,2025-11-14 00:00:00
0,0,09,2025-11-14 08:00:00
2,2,06,2025-11-14 08:00:00
0,0,09,2025-11-14 12:00:00
2,1,06,2025-06-27 04:00:00
2,1,07,2025-06-27 04:00:00
4,0,08,2025-06-27 00:00:00
2,1,28,2025-11-14 00:00:00
0,0,29,2025-06-27 04:00:00
0,0,27,2025-11-14 04:00:00
0,0,27,2025-06-27 00:00:00
0,0,29,2025-11-14 00:00:00
2,0,27,2025-11-14 12:00:00
0,0,27,2025-11-14 16:00:00
0,0,26,2025-11-14 04:00:00
2,4,28,2025-11-14 04:00:00
0,0,30,2025-11-14 20:00:00
3,0,30,2025-06-27 16:00:00
0,0,27,2025-06-27 16:00:00
2,0,30,2025-06-27 04:00:00
2,0,29,2025-11-14 08:00:00
3,0,29,2025-06-27 12:00:00
0,0,29,2025-06-27 00:00:00
4,4,28,2025-11-14 12:00:00
4,4,28,2025-11-14 16:00:00
2,0,26,2025-11-14 08:00:00
0,0,29,2025-11-14 20:00:00
0,0,30,2025-06-27 00:00:00
3,0,30,2025-06-27 08:00:00
3,0,30,2025-06-27 12:00:00
1,0,27,2025-06-27 12:00:00
2,3,28,2025-06-27 04:00:00
0,0,30,2025-11-14 00:00:00
2,0,26,2025-11-14 12:00:00
3,0,29,2025-11-14 12:00:00
0,0,26,2025-11-14 16:00:00
3,0,30,2025-06-27 20:00:00
3,3,28,2025-06-27 20:00:00
0,0,26,2025-11-14 20:00:00
4,4,28,2025-06-27 16:00:00
0,0,27,2025-11-14 20:00:00
0,0,26,2025-11-14 00:00:00
0,0,27,2025-06-27 20:00:00
2,0,27,2025-11-14 08:00:00
2,0,27,2025-06-27 08:00:00
0,0,29,2025-11-14 04:00:00
0,0,29,2025-11-14 16:00:00
2,0,26,2025-06-27 08:00:00
2,0,29,2025-06-27 08:00:00
2,0,30,2025-11-14 04:00:00
4,4,28,2025-06-27 12:00:00
0,0,26,2025-06-27 00:00:00
2,0,28,2025-06-27 00:00:00
0,0,27,2025-06-27 04:00:00
0,0,29,2025-06-27 20:00:00
1,0,26,2025-06-27 12:00:00
3,0,30,2025-11-14 12:00:00
0,0,29,2025-06-27 16:00:00
3,0,30,2025-11-14 08:00:00
4,4,28,2025-06-27 08:00:00
0,0,27,2025-11-14 00:00:00
3,0,30,2025-11-14 16:00:00
0,0,26,2025-06-27 20:00:00
0,0,26,2025-06-27 16:00:00
0,0,26,2025-06-27 04:00:00
4,4,28,2025-11-14 08:00:00
3,3,28,2025-11-14 20:00:00
0,0,43,2025-11-14 00:00:00
0,0,44,2025-11-14 08:00:00
0,0,42,2025-11-14 04:00:00
0,0,42,2025-11-14 12:00:00
0,0,42,2025-11-14 08:00:00
0,0,44,2025-06-27 08:00:00
0,0,43,2025-06-27 20:00:00
0,0,42,2025-06-27 16:00:00
0,0,44,2025-06-27 20:00:00
0,0,45,2025-06-27 12:00:00
0,0,43,2025-06-27 16:00:00
0,0,44,2025-06-27 04:00:00
0,0,45,2025-06-27 00:00:00
0,0,43,2025-06-27 04:00:00
1,0,42,2025-06-27 12:00:00
0,0,45,2025-11-14 00:00:00
0,0,44,2025-11-14 16:00:00
0,0,45,2025-11-14 04:00:00
1,2,41,2025-11-14 12:00:00
0,0,42,2025-06-27 04:00:00
0,0,41,2025-11-14 04:00:00
0,0,43,2025-06-27 12:00:00
0,0,45,2025-11-14 12:00:00
0,0,43,2025-11-14 12:00:00
0,0,43,2025-11-14 16:00:00
0,0,45,2025-06-27 20:00:00
0,0,41,2025-06-27 20:00:00
0,0,41,2025-11-14 00:00:00
1,1,41,2025-06-27 08:00:00
0,1,42,2025-06-27 08:00:00
0,0,43,2025-11-14 04:00:00
0,0,45,2025-06-27 04:00:00
0,0,45,2025-06-27 08:00:00
0,0,43,2025-06-27 08:00:00
0,0,42,2025-06-27 20:00:00
1,2,41,2025-06-27 12:00:00
0,0,44,2025-11-14 12:00:00
0,0,41,2025-06-27 04:00:00
0,0,45,2025-11-14 08:00:00
0,0,43,2025-11-14 08:00:00
0,0,45,2025-11-14 20:00:00
0,0,43,2025-11-14 20:00:00
1,2,41,2025-06-27 16:00:00
0,0,44,2025-06-27 16:00:00
0,0,45,2025-11-14 16:00:00
1,0,41,2025-11-14 08:00:00
0,0,41,2025-11-14 20:00:00
0,0,42,2025-11-14 00:00:00
0,0,42,2025-11-14 20:00:00
0,0,43,2025-06-27 00:00:00
0,0,44,2025-11-14 00:00:00
0,0,44,2025-06-27 00:00:00
0,0,42,2025-11-14 16:00:00
0,0,44,2025-11-14 20:00:00
0,0,44,2025-06-27 12:00:00
0,0,45,2025-06-27 16:00:00
0,2,41,2025-11-14 16:00:00
0,0,44,2025-11-14 04:00:00
0,0,41,2025-06-27 00:00:00
0,0,42,2025-06-27 00:00:00
0,0,38,2025-11-14 00:00:00
0,0,37,2025-11-14 12:00:00
0,0,37,2025-11-14 16:00:00
0,0,37,2025-06-27 04:00:00
0,0,40,2025-06-27 04:00:00
0,0,36,2025-11-14 08:00:00
2,0,25,2025-08-30 04:00:00
2,0,25,2025-09-27 12:00:00
2,0,23,2025-09-27 08:00:00
2,1,24,2026-01-10 08:00:00
1,0,23,2026-02-01 12:00:00
2,0,25,2026-02-01 12:00:00
2,0,21,2025-08-30 20:00:00
2,0,25,2026-01-10 04:00:00
0,0,23,2025-09-27 20:00:00
2,0,22,2025-12-14 16:00:00
2,0,21,2025-12-14 16:00:00
0,0,25,2025-09-27 00:00:00
2,0,23,2025-10-21 08:00:00
2,0,25,2025-02-07 12:00:00
2,0,21,2025-09-27 12:00:00
2,0,21,2026-01-10 16:00:00
4,0,24,2025-02-07 12:00:00
2,0,22,2025-12-14 08:00:00
2,0,21,2025-12-14 04:00:00
0,0,23,2025-02-07 00:00:00
0,0,25,2025-02-07 00:00:00
2,0,24,2025-02-07 00:00:00
2,0,24,2025-10-21 20:00:00
4,0,24,2025-08-30 12:00:00
2,0,24,2026-01-10 00:00:00
2,0,22,2025-09-27 04:00:00
4,0,24,2025-10-21 16:00:00
2,1,22,2026-01-10 16:00:00
0,0,25,2025-12-14 04:00:00
2,0,25,2025-10-21 04:00:00
2,0,24,2025-09-27 04:00:00
2,0,21,2025-09-27 20:00:00
1,0,21,2025-10-21 12:00:00
2,0,24,2025-09-27 00:00:00
1,0,23,2025-02-07 12:00:00
1,0,23,2025-09-27 12:00:00
2,0,22,2025-08-30 04:00:00
2,0,23,2026-01-10 08:00:00
0,0,23,2025-10-21 20:00:00
2,0,22,2025-08-30 16:00:00
2,0,21,2025-02-07 00:00:00
0,0,23,2026-01-10 20:00:00
2,0,22,2025-02-07 04:00:00
2,0,22,2025-08-30 12:00:00
2,0,22,2026-02-01 12:00:00
2,0,21,2026-02-01 12:00:00
2,0,22,2025-08-30 20:00:00
2,0,22,2026-02-01 20:00:00
0,0,25,2026-02-01 20:00:00
0,0,25,2025-02-07 16:00:00
2,0,21,2026-02-01 16:00:00
2,0,21,2025-08-30 00:00:00
0,0,23,2025-09-27 16:00:00
2,0,22,2025-09-27 16:00:00
2,0,22,2025-10-21 00:00:00
2,0,21,2025-09-27 16:00:00
2,1,24,2025-12-14 16:00:00
2,0,22,2025-10-21 08:00:00
2,0,25,2026-02-01 08:00:00
0,0,23,2026-01-10 16:00:00
4,2,24,2026-01-10 16:00:00
0,0,23,2025-12-14 04:00:00
0,0,23,2025-08-30 16:00:00
0,0,25,2025-10-21 20:00:00
2,0,21,2026-02-01 04:00:00
2,0,21,2025-02-07 20:00:00
2,0,24,2025-08-30 00:00:00
0,0,25,2026-02-01 00:00:00
2,1,24,2025-09-27 20:00:00
0,0,23,2025-09-27 00:00:00
2,0,24,2025-12-14 04:00:00
2,0,24,2026-02-01 04:00:00
2,0,25,2025-02-07 04:00:00
2,0,21,2025-08-30 12:00:00
2,0,22,2026-01-10 00:00:00
0,0,23,2025-09-27 04:00:00
0,0,23,2025-12-14 20:00:00
0,0,23,2025-10-21 00:00:00
0,0,25,2025-10-21 00:00:00
2,0,24,2026-02-01 00:00:00
2,0,23,2026-02-01 08:00:00
2,0,22,2026-02-01 08:00:00
2,0,21,2025-02-07 12:00:00
0,0,25,2025-08-30 20:00:00
2,0,21,2025-08-30 08:00:00
2,0,24,2025-08-30 20:00:00
2,0,22,2026-01-10 04:00:00
2,0,21,2025-10-21 04:00:00
2,0,23,2025-02-07 08:00:00
0,0,23,2025-12-14 00:00:00
2,1,24,2025-12-14 00:00:00
1,0,22,2025-10-21 16:00:00
2,1,24,2025-12-14 08:00:00
2,0,22,2026-01-10 20:00:00
0,0,25,2026-01-10 20:00:00
0,0,23,2026-01-10 00:00:00
0,0,25,2026-01-10 00:00:00
2,1,24,2025-10-21 04:00:00
0,0,25,2025-12-14 20:00:00
2,0,21,2025-02-07 08:00:00
4,0,22,2025-10-21 12:00:00
4,2,24,2025-12-14 12:00:00
2,0,21,2026-02-01 08:00:00
2,0,24,2026-02-01 08:00:00
2,0,25,2025-09-27 08:00:00
2,0,22,2025-12-14 04:00:00
2,0,22,2025-10-21 20:00:00
3,0,25,2025-08-30 16:00:00
2,0,21,2025-10-21 20:00:00
0,0,23,2025-02-07 04:00:00
3,0,25,2025-08-30 12:00:00
2,0,24,2025-02-07 04:00:00
2,0,24,2026-01-10 20:00:00
1,0,22,2026-01-10 12:00:00
2,0,21,2025-02-07 16:00:00
0,0,23,2026-02-01 16:00:00
2,0,22,2025-12-14 00:00:00
2,0,24,2025-02-07 08:00:00
2,0,22,2025-09-27 00:00:00
0,0,23,2025-10-21 16:00:00
0,0,25,2025-10-21 16:00:00
2,0,21,2025-08-30 04:00:00
2,0,21,2025-12-14 08:00:00
2,0,24,2025-09-27 08:00:00
2,0,22,2025-02-07 00:00:00
2,0,21,2026-01-10 00:00:00
1,0,23,2026-01-10 12:00:00
2,0,21,2026-02-01 20:00:00
0,0,23,2025-02-07 20:00:00
0,0,25,2026-02-01 16:00:00
1,0,23,2025-10-21 12:00:00
1,0,21,2025-10-21 16:00:00
2,0,24,2025-08-30 04:00:00
0,0,23,2026-01-10 04:00:00
2,0,21,2025-09-27 04:00:00
4,0,24,2025-02-07 16:00:00
2,0,25,2025-02-07 08:00:00
3,0,25,2025-09-27 16:00:00
2,0,21,2025-10-21 00:00:00
4,0,24,2025-09-27 16:00:00
4,0,25,2025-10-21 12:00:00
0,0,25,2026-01-10 16:00:00
2,0,22,2026-01-10 08:00:00
0,0,25,2026-02-01 04:00:00
2,0,25,2026-01-10 08:00:00
4,1,24,2025-08-30 16:00:00
1,0,23,2025-08-30 12:00:00
2,0,21,2026-01-10 20:00:00
0,0,23,2025-02-07 16:00:00
0,0,23,2025-08-30 00:00:00
2,0,22,2026-02-01 16:00:00
2,0,24,2026-02-01 16:00:00
4,2,24,2025-09-27 12:00:00
0,0,13,2026-01-10 12:00:00
0,0,15,2026-02-01 12:00:00
0,0,14,2025-09-27 08:00:00
0,0,14,2026-01-10 00:00:00
0,0,13,2025-09-27 12:00:00
0,0,15,2026-01-10 00:00:00
0,0,11,2025-10-21 08:00:00
4,1,15,2025-10-21 12:00:00
4,0,11,2025-10-21 12:00:00
0,0,14,2025-10-21 04:00:00
0,0,12,2026-02-01 08:00:00
0,0,14,2026-02-01 20:00:00
0,0,14,2026-01-10 16:00:00
0,0,11,2025-02-07 20:00:00
0,0,13,2025-09-27 08:00:00
0,0,13,2026-01-10 00:00:00
0,0,11,2025-08-30 04:00:00
0,0,11,2026-02-01 04:00:00
0,0,11,2026-02-01 08:00:00
0,0,11,2025-10-21 00:00:00
0,0,14,2025-02-07 04:00:00
0,0,14,2025-09-27 20:00:00
0,0,14,2025-08-30 20:00:00
0,0,11,2025-08-30 20:00:00
0,0,14,2025-10-21 16:00:00
0,0,12,2025-08-30 08:00:00
0,0,13,2025-09-27 04:00:00
0,0,14,2026-02-01 12:00:00
0,0,15,2025-02-07 20:00:00
0,0,12,2025-08-30 16:00:00
0,0,15,2025-08-30 04:00:00
0,0,11,2026-02-01 00:00:00
0,0,11,2025-09-27 00:00:00
0,0,15,2025-09-27 20:00:00
0,0,12,2026-02-01 20:00:00
0,0,14,2025-10-21 20:00:00
0,0,12,2025-10-21 20:00:00
0,0,14,2026-01-10 04:00:00
0,0,12,2026-02-01 16:00:00
0,0,13,2025-08-30 12:00:00
0,0,14,2025-02-07 16:00:00
0,0,15,2025-12-14 12:00:00
0,0,12,2025-09-27 08:00:00
0,0,14,2026-02-01 04:00:00
0,0,14,2026-02-01 08:00:00
0,0,15,2025-10-21 00:00:00
0,0,13,2025-02-07 04:00:00
0,0,15,2025-02-07 08:00:00
0,0,12,2025-02-07 08:00:00
0,0,15,2026-01-10 20:00:00
0,0,11,2025-10-21 20:00:00
0,0,13,2025-10-21 16:00:00
0,0,13,2026-01-10 16:00:00
0,0,11,2026-02-01 12:00:00
0,1,13,2025-02-07 12:00:00
0,0,13,2025-09-27 16:00:00
0,0,12,2025-09-27 12:00:00
0,0,11,2025-09-27 12:00:00
0,0,11,2026-01-10 00:00:00
0,0,13,2026-02-01 00:00:00
0,0,15,2026-02-01 04:00:00
0,0,11,2025-02-07 04:00:00
0,0,13,2026-01-10 20:00:00
0,0,13,2026-01-10 08:00:00
0,0,15,2025-10-21 16:00:00
0,0,12,2025-12-14 08:00:00
0,0,13,2025-10-21 08:00:00
0,0,12,2025-10-21 04:00:00
0,0,12,2025-09-27 00:00:00
0,0,11,2025-02-07 08:00:00
0,0,13,2025-10-21 20:00:00
0,0,12,2025-08-30 20:00:00
0,0,11,2025-08-30 08:00:00
0,0,11,2025-12-14 08:00:00
0,0,12,2025-09-27 04:00:00
0,0,15,2025-12-14 00:00:00
0,0,13,2025-02-07 16:00:00
0,0,15,2025-12-14 04:00:00
0,0,12,2025-09-27 16:00:00
0,0,14,2025-10-21 08:00:00
0,0,12,2025-10-21 08:00:00
0,0,15,2025-08-30 16:00:00
0,0,14,2026-02-01 00:00:00
0,0,15,2025-10-21 04:00:00
0,0,14,2025-02-07 08:00:00
0,0,13,2026-02-01 20:00:00
0,0,11,2026-02-01 20:00:00
0,0,13,2025-02-07 00:00:00
0,0,11,2025-09-27 04:00:00
0,0,11,2026-01-10 16:00:00
0,0,12,2025-08-30 12:00:00
0,0,13,2026-02-01 12:00:00
0,0,15,2025-02-07 16:00:00
0,0,13,2025-12-14 04:00:00
0,0,11,2025-02-07 12:00:00
0,0,12,2025-12-14 12:00:00
0,0,14,2025-12-14 16:00:00
0,0,13,2025-12-14 20:00:00
0,0,15,2025-12-14 16:00:00
0,0,13,2025-08-30 04:00:00
0,0,12,2025-02-07 04:00:00
0,0,11,2026-01-10 08:00:00
0,0,14,2025-08-30 00:00:00
0,0,13,2025-08-30 00:00:00
0,0,11,2025-08-30 12:00:00
0,0,13,2025-08-30 16:00:00
0,0,12,2025-10-21 12:00:00
0,0,13,2025-10-21 00:00:00
0,0,13,2025-09-27 20:00:00
0,0,14,2026-01-10 20:00:00
0,0,15,2025-10-21 20:00:00
0,0,14,2026-02-01 16:00:00
0,0,15,2025-08-30 08:00:00
0,0,15,2025-08-30 00:00:00
0,0,11,2026-01-10 12:00:00
0,0,12,2026-02-01 12:00:00
0,0,12,2025-12-14 04:00:00
0,0,11,2025-12-14 16:00:00
0,0,11,2025-12-14 20:00:00
0,0,14,2025-08-30 04:00:00
0,0,14,2025-10-21 00:00:00
0,0,15,2025-09-27 00:00:00
0,0,12,2026-01-10 04:00:00
0,0,13,2025-08-30 08:00:00
0,0,12,2025-08-30 00:00:00
0,0,14,2025-08-30 12:00:00
0,0,11,2025-02-07 16:00:00
0,0,14,2025-12-14 12:00:00
4,0,15,2025-09-27 12:00:00
0,0,13,2025-10-21 12:00:00
0,0,11,2025-10-21 04:00:00
0,0,15,2025-02-07 04:00:00
0,0,11,2025-09-27 20:00:00
0,0,11,2026-01-10 04:00:00
0,0,13,2026-02-01 16:00:00
0,0,14,2025-12-14 08:00:00
0,0,11,2025-10-21 16:00:00
0,0,12,2026-01-10 16:00:00
0,0,12,2025-12-14 00:00:00
0,0,11,2025-12-14 00:00:00
0,0,14,2025-02-07 20:00:00
0,0,15,2025-02-07 12:00:00
0,1,11,2025-09-27 16:00:00
0,0,11,2025-12-14 04:00:00
0,0,15,2025-09-27 08:00:00
0,0,15,2025-10-21 08:00:00
0,0,14,2025-12-14 20:00:00
0,0,12,2025-12-14 20:00:00
0,0,11,2025-08-30 16:00:00
0,0,12,2026-02-01 00:00:00
0,0,13,2026-02-01 08:00:00
0,0,13,2025-09-27 00:00:00
0,0,15,2026-01-10 08:00:00
0,0,13,2025-12-14 08:00:00
0,0,15,2025-09-27 04:00:00
0,0,12,2025-02-07 16:00:00
0,0,12,2025-02-07 20:00:00
0,0,15,2025-09-27 16:00:00
0,0,15,2025-12-14 20:00:00
0,0,12,2025-09-27 20:00:00
0,0,13,2025-08-30 20:00:00
0,0,15,2025-08-30 20:00:00
0,0,14,2026-01-10 08:00:00
0,0,12,2026-01-10 08:00:00
0,0,14,2025-08-30 08:00:00
0,0,15,2025-02-07 00:00:00
0,0,15,2025-12-14 08:00:00
0,0,14,2025-09-27 04:00:00
0,0,15,2026-01-10 12:00:00
0,0,14,2025-12-14 00:00:00
0,0,15,2025-08-30 12:00:00
0,0,14,2025-09-27 16:00:00
0,0,14,2025-12-14 04:00:00
0,0,14,2025-09-27 12:00:00
0,0,14,2025-10-21 12:00:00
0,0,13,2025-10-21 04:00:00
0,0,14,2025-09-27 00:00:00
0,0,13,2026-02-01 04:00:00
0,0,15,2026-02-01 08:00:00
0,0,12,2026-02-01 04:00:00
0,0,13,2025-02-07 08:00:00
0,0,11,2026-01-10 20:00:00
0,0,11,2025-08-30 00:00:00
0,0,13,2025-12-14 00:00:00
0,0,13,2025-02-07 20:00:00
0,0,14,2025-02-07 12:00:00
0,0,12,2025-02-07 12:00:00
0,0,11,2025-09-27 08:00:00
0,0,12,2026-01-10 00:00:00
0,0,14,2025-08-30 16:00:00
0,0,12,2025-12-14 16:00:00
0,0,15,2026-02-01 00:00:00
0,0,12,2025-08-30 04:00:00
0,0,15,2026-02-01 20:00:00
0,0,15,2026-01-10 04:00:00
0,0,11,2026-02-01 16:00:00
0,0,14,2025-02-07 00:00:00
0,0,12,2025-02-07 00:00:00
0,0,14,2026-01-10 12:00:00
0,0,15,2026-01-10 16:00:00
0,0,12,2026-01-10 12:00:00
0,0,13,2025-12-14 12:00:00
0,0,11,2025-12-14 12:00:00
0,0,13,2025-12-14 16:00:00
0,0,12,2025-10-21 00:00:00
0,0,12,2026-01-10 20:00:00
0,0,13,2026-01-10 04:00:00
0,0,15,2026-02-01 16:00:00
0,0,12,2025-10-21 16:00:00
0,0,11,2025-02-07 00:00:00
2,1,06,2025-08-30 08:00:00
2,1,06,2025-08-30 00:00:00
0,0,10,2025-09-27 08:00:00
2,3,08,2025-09-27 00:00:00
0,0,10,2025-12-14 20:00:00
0,0,10,2025-10-21 00:00:00
2,2,06,2025-02-07 12:00:00
2,1,07,2025-08-30 04:00:00
0,0,09,2026-01-10 08:00:00
0,0,10,2026-01-10 12:00:00
2,2,07,2025-10-21 04:00:00
0,0,09,2026-02-01 12:00:00
2,0,07,2025-08-30 00:00:00
2,0,06,2026-02-01 00:00:00
0,0,09,2025-12-14 12:00:00
4,0,09,2025-10-21 12:00:00
0,0,09,2025-08-30 04:00:00
0,0,09,2025-10-21 04:00:00
1,2,06,2025-10-21 16:00:00
2,3,08,2025-12-14 04:00:00
2,0,06,2025-10-21 20:00:00
2,1,06,2025-02-07 04:00:00
2,0,07,2025-02-07 04:00:00
0,0,10,2025-12-14 12:00:00
0,0,10,2025-10-21 08:00:00
0,0,09,2025-10-21 00:00:00
4,2,08,2025-08-30 04:00:00
2,3,07,2026-01-10 16:00:00
0,0,09,2025-02-07 04:00:00
2,1,06,2026-01-10 08:00:00
4,3,08,2025-02-07 04:00:00
2,1,06,2026-02-01 12:00:00
0,0,10,2025-08-30 00:00:00
2,1,08,2026-01-10 00:00:00
0,0,09,2026-01-10 16:00:00
4,4,08,2026-01-10 12:00:00
0,0,10,2025-02-07 20:00:00
4,3,08,2025-12-14 20:00:00
2,1,06,2026-02-01 16:00:00
2,3,08,2026-02-01 00:00:00
2,2,07,2025-12-14 12:00:00
0,0,09,2025-12-14 20:00:00
4,4,08,2025-10-21 16:00:00
2,2,06,2025-09-27 08:00:00
0,0,09,2026-01-10 04:00:00
2,0,06,2026-02-01 04:00:00
4,4,08,2025-08-30 12:00:00
4,4,08,2026-01-10 20:00:00
4,4,08,2025-08-30 20:00:00
0,0,09,2025-02-07 12:00:00
2,4,08,2025-12-14 00:00:00
2,2,07,2025-09-27 16:00:00
4,4,08,2025-09-27 20:00:00
0,0,09,2025-10-21 08:00:00
2,2,06,2025-12-14 12:00:00
0,0,09,2025-08-30 16:00:00
0,0,09,2026-02-01 08:00:00
0,0,09,2025-09-27 20:00:00
2,2,06,2025-12-14 08:00:00
0,0,10,2025-08-30 20:00:00
4,4,08,2025-08-30 16:00:00
4,4,08,2026-01-10 08:00:00
4,4,08,2025-10-21 20:00:00
2,2,07,2026-01-10 08:00:00
0,0,10,2025-12-14 00:00:00
2,0,06,2025-02-07 20:00:00
0,0,10,2025-09-27 16:00:00
2,2,06,2025-12-14 16:00:00
4,0,10,2025-09-27 12:00:00
0,0,10,2025-12-14 16:00:00
0,0,09,2026-02-01 04:00:00
2,2,06,2025-09-27 12:00:00
0,0,10,2026-02-01 20:00:00
2,0,06,2025-12-14 04:00:00
2,0,07,2026-02-01 04:00:00
2,3,07,2025-08-30 16:00:00
0,0,10,2025-10-21 16:00:00
2,1,07,2025-08-30 20:00:00
0,0,09,2025-02-07 20:00:00
0,0,10,2025-02-07 12:00:00
2,2,07,2025-12-14 16:00:00
0,0,10,2026-01-10 00:00:00
2,0,06,2026-02-01 08:00:00
0,0,10,2026-01-10 08:00:00
0,0,09,2025-08-30 00:00:00
0,0,09,2026-01-10 12:00:00
4,1,08,2026-01-10 04:00:00
2,2,08,2025-09-27 04:00:00
0,0,10,2025-02-07 16:00:00
4,2,06,2025-10-21 12:00:00
2,0,07,2026-02-01 08:00:00
2,2,07,2025-10-21 08:00:00
0,0,10,2025-08-30 04:00:00
0,0,10,2026-02-01 04:00:00
2,0,06,2025-08-30 04:00:00
2,0,07,2025-02-07 12:00:00
0,0,09,2026-01-10 20:00:00
0,0,09,2025-10-21 20:00:00
4,0,08,2025-02-07 00:00:00
2,2,06,2025-08-30 12:00:00
2,2,07,2025-08-30 12:00:00
2,0,06,2025-08-30 20:00:00
2,0,06,2026-02-01 20:00:00
2,2,07,2026-01-10 12:00:00
2,2,06,2025-10-21 04:00:00
0,0,09,2025-08-30 12:00:00
0,0,09,2025-09-27 16:00:00
2,0,06,2025-09-27 00:00:00
2,0,07,2025-09-27 00:00:00
0,0,10,2025-08-30 16:00:00
4,4,08,2025-10-21 08:00:00
0,0,09,2026-02-01 00:00:00
0,0,10,2025-09-27 00:00:00
4,4,08,2025-09-27 12:00:00
2,0,07,2025-12-14 04:00:00
0,0,10,2026-01-10 04:00:00
0,0,09,2025-02-07 00:00:00
0,0,09,2025-12-14 08:00:00
4,4,08,2026-02-01 12:00:00
2,1,07,2025-09-27 04:00:00
0,0,09,2025-02-07 16:00:00
4,4,08,2026-02-01 16:00:00
0,0,09,2025-12-14 04:00:00
2,2,06,2025-02-07 08:00:00
2,1,07,2025-02-07 08:00:00
2,0,07,2026-02-01 00:00:00
0,0,09,2025-09-27 08:00:00
2,2,07,2025-10-21 12:00:00
0,0,09,2026-01-10 00:00:00
4,0,10,2025-10-21 12:00:00
4,4,08,2026-02-01 08:00:00
2,3,06,2025-10-21 08:00:00
0,0,10,2026-02-01 00:00:00
0,0,10,2025-10-21 04:00:00
0,0,09,2025-02-07 08:00:00
4,4,08,2025-12-14 08:00:00
2,0,06,2026-01-10 00:00:00
4,4,08,2025-10-21 04:00:00
2,0,06,2025-09-27 04:00:00
2,2,06,2025-02-07 16:00:00
4,4,08,2025-09-27 16:00:00
2,2,07,2025-12-14 00:00:00
0,0,09,2025-12-14 16:00:00
2,2,07,2025-10-21 16:00:00
4,4,08,2025-02-07 12:00:00
0,0,09,2026-02-01 20:00:00
0,0,10,2025-02-07 08:00:00
4,4,08,2025-09-27 08:00:00
2,2,07,2025-09-27 08:00:00
0,0,10,2025-08-30 08:00:00
0,0,09,2025-09-27 04:00:00
2,0,06,2026-01-10 04:00:00
2,1,07,2025-02-07 20:00:00
2,2,07,2025-02-07 16:00:00
2,2,06,2025-12-14 00:00:00
2,0,06,2025-10-21 00:00:00
0,0,09,2025-09-27 00:00:00
0,0,10,2025-09-27 20:00:00
0,0,09,2025-08-30 20:00:00
2,0,07,2025-10-21 20:00:00
0,0,09,2026-02-01 16:00:00
0,0,10,2025-02-07 00:00:00
0,0,10,2026-01-10 16:00:00
4,3,08,2025-02-07 20:00:00
4,4,08,2025-02-07 08:00:00
4,4,08,2026-01-10 16:00:00
0,0,10,2025-02-07 04:00:00
0,0,10,2026-01-10 20:00:00
0,0,10,2025-10-21 20:00:00
2,2,06,2025-08-30 16:00:00
2,0,07,2025-02-07 00:00:00
0,0,10,2026-02-01 16:00:00
0,0,09,2025-08-30 08:00:00
2,0,07,2026-01-10 00:00:00
2,0,07,2026-02-01 20:00:00
2,0,07,2026-01-10 04:00:00
0,0,09,2025-12-14 00:00:00
4,0,10,2025-08-30 12:00:00
0,0,10,2026-02-01 12:00:00
2,0,06,2025-12-14 20:00:00
2,1,07,2026-02-01 16:00:00
2,3,06,2025-09-27 16:00:00
4,4,08,2025-10-21 12:00:00
2,1,07,2025-09-27 20:00:00
4,4,08,2025-12-14 12:00:00
0,0,10,2026-02-01 08:00:00
2,2,06,2026-01-10 16:00:00
2,1,06,2026-01-10 20:00:00
2,1,07,2026-01-10 20:00:00
0,0,10,2025-12-14 08:00:00
4,4,08,2025-08-30 08:00:00
2,1,07,2025-08-30 08:00:00
4,3,08,2025-08-30 00:00:00
0,0,10,2025-12-14 04:00:00
4,0,08,2025-10-21 00:00:00
4,4,08,2025-12-14 16:00:00
2,0,06,2025-09-27 20:00:00
2,2,08,2026-02-01 04:00:00
2,0,06,2025-02-07 00:00:00
0,0,09,2025-10-21 16:00:00
0,0,10,2025-09-27 04:00:00
4,3,08,2026-02-01 20:00:00
1,2,06,2026-01-10 12:00:00
4,4,08,2025-02-07 16:00:00
2,0,07,2025-12-14 20:00:00
2,0,07,2025-10-21 00:00:00
0,0,09,2025-09-27 12:00:00
2,3,07,2025-09-27 12:00:00
2,3,07,2025-12-14 08:00:00
2,1,07,2026-02-01 12:00:00
0,0,29,2026-01-10 04:00:00
0,0,27,2025-12-14 20:00:00
0,0,29,2025-08-30 00:00:00
2,0,26,2025-02-07 08:00:00
1,0,26,2025-10-21 12:00:00
3,3,28,2026-02-01 08:00:00
2,0,26,2025-09-27 12:00:00
4,4,28,2025-02-07 12:00:00
0,0,29,2025-08-30 04:00:00
0,0,29,2026-02-01 04:00:00
2,0,27,2025-08-30 08:00:00
0,0,26,2026-01-10 04:00:00
0,0,29,2026-02-01 20:00:00
0,0,29,2026-01-10 12:00:00
2,0,30,2025-09-27 04:00:00
0,0,26,2025-02-07 16:00:00
0,0,26,2025-12-14 20:00:00
0,0,30,2025-12-14 00:00:00
0,0,26,2025-12-14 00:00:00
0,0,29,2025-10-21 00:00:00
0,0,26,2025-12-14 16:00:00
3,0,30,2025-12-14 12:00:00
0,0,27,2025-12-14 12:00:00
0,0,27,2026-01-10 16:00:00
0,0,29,2026-01-10 16:00:00
2,0,26,2025-09-27 08:00:00
0,0,29,2025-12-14 08:00:00
0,0,27,2025-12-14 04:00:00
0,0,29,2025-12-14 04:00:00
3,3,28,2025-10-21 20:00:00
3,0,30,2025-08-30 12:00:00
0,0,27,2026-01-10 00:00:00
0,0,29,2026-01-10 00:00:00
0,0,30,2026-02-01 20:00:00
0,0,27,2026-02-01 20:00:00
0,0,30,2025-02-07 20:00:00
0,0,27,2025-10-21 04:00:00
0,0,30,2026-02-01 00:00:00
0,0,26,2025-09-27 20:00:00
4,4,28,2025-12-14 16:00:00
0,0,29,2025-09-27 00:00:00
1,0,27,2025-09-27 12:00:00
2,0,28,2025-02-07 00:00:00
0,0,29,2025-10-21 20:00:00
0,0,27,2025-02-07 04:00:00
3,3,28,2026-01-10 20:00:00
3,3,28,2025-08-30 20:00:00
0,0,29,2025-08-30 20:00:00
0,0,29,2025-09-27 04:00:00
0,0,29,2025-02-07 16:00:00
0,0,27,2025-12-14 00:00:00
2,0,29,2025-02-07 08:00:00
0,0,30,2025-09-27 00:00:00
0,0,27,2025-10-21 20:00:00
3,0,30,2025-08-30 08:00:00
0,0,30,2026-01-10 04:00:00
4,4,28,2025-02-07 08:00:00
3,0,29,2025-10-21 12:00:00
0,0,29,2026-02-01 08:00:00
4,4,28,2025-12-14 08:00:00
4,4,28,2025-08-30 16:00:00
4,4,28,2025-08-30 12:00:00
0,0,27,2025-08-30 20:00:00
2,0,29,2025-08-30 08:00:00
0,0,27,2026-01-10 04:00:00
3,2,28,2026-02-01 20:00:00
0,0,27,2025-02-07 20:00:00
0,0,27,2026-02-01 16:00:00
0,0,27,2025-08-30 00:00:00
2,2,28,2026-02-01 00:00:00
4,4,28,2025-09-27 16:00:00
2,3,28,2025-12-14 00:00:00
3,0,28,2025-10-21 00:00:00
0,0,26,2025-09-27 00:00:00
0,0,29,2025-10-21 16:00:00
0,0,27,2025-08-30 16:00:00
2,0,27,2026-01-10 08:00:00
0,0,26,2025-08-30 16:00:00
2,3,28,2025-02-07 04:00:00
3,0,30,2026-02-01 12:00:00
0,0,26,2026-02-01 12:00:00
4,4,28,2026-01-10 12:00:00
0,0,26,2025-09-27 04:00:00
3,0,30,2025-02-07 08:00:00
0,0,29,2026-02-01 00:00:00
0,0,27,2025-10-21 16:00:00
3,0,30,2025-09-27 12:00:00
0,0,27,2025-08-30 04:00:00
0,0,30,2025-02-07 00:00:00
4,4,28,2026-02-01 12:00:00
2,1,28,2026-01-10 00:00:00
0,0,26,2026-02-01 20:00:00
0,0,26,2025-08-30 00:00:00
0,0,29,2025-09-27 20:00:00
0,0,27,2025-09-27 00:00:00
3,0,30,2026-02-01 08:00:00
0,0,27,2026-02-01 08:00:00
2,0,26,2025-02-07 12:00:00
0,0,27,2026-02-01 04:00:00
0,0,26,2025-02-07 00:00:00
0,0,26,2026-02-01 04:00:00
4,4,28,2026-01-10 08:00:00
0,0,27,2026-02-01 12:00:00
0,0,26,2026-01-10 00:00:00
4,4,28,2025-08-30 08:00:00
1,0,27,2026-01-10 12:00:00
2,2,28,2025-08-30 00:00:00
3,0,30,2025-10-21 12:00:00
2,0,27,2025-10-21 08:00:00
0,0,26,2026-01-10 16:00:00
2,0,29,2025-02-07 12:00:00
3,0,30,2025-12-14 08:00:00
2,0,27,2025-09-27 08:00:00
0,0,27,2025-12-14 08:00:00
0,0,30,2026-02-01 04:00:00
0,0,26,2025-02-07 04:00:00
3,0,29,2025-08-30 12:00:00
0,0,26,2026-01-10 12:00:00
2,4,28,2025-10-21 04:00:00
0,0,27,2026-02-01 00:00:00
0,0,27,2025-09-27 16:00:00
0,0,26,2025-10-21 00:00:00
0,0,27,2025-12-14 16:00:00
3,0,29,2025-10-21 08:00:00
0,0,26,2025-10-21 16:00:00
1,0,27,2025-02-07 12:00:00
2,0,29,2025-09-27 08:00:00
3,0,30,2025-08-30 16:00:00
0,0,27,2025-02-07 00:00:00
0,0,26,2026-01-10 08:00:00
0,0,29,2025-02-07 00:00:00
0,0,30,2026-01-10 20:00:00
0,0,30,2026-01-10 00:00:00
3,0,30,2025-02-07 16:00:00
4,4,28,2026-02-01 16:00:00
2,0,27,2025-02-07 08:00:00
0,0,27,2025-10-21 00:00:00
0,0,29,2025-09-27 16:00:00
4,4,28,2025-10-21 16:00:00
3,0,30,2025-02-07 12:00:00
2,0,30,2025-08-30 04:00:00
4,4,28,2026-01-10 16:00:00
3,0,30,2025-09-27 08:00:00
0,0,26,2025-12-14 04:00:00
2,0,28,2026-02-01 04:00:00
0,0,29,2026-01-10 20:00:00
3,0,30,2025-08-30 20:00:00
2,0,26,2025-08-30 08:00:00
3,0,30,2025-10-21 04:00:00
0,0,27,2025-09-27 04:00:00
0,0,26,2025-10-21 04:00:00
3,3,28,2025-02-07 20:00:00
3,0,30,2026-02-01 16:00:00
0,0,30,2025-12-14 20:00:00
3,3,28,2025-12-14 20:00:00
0,0,29,2026-02-01 16:00:00
3,0,30,2025-09-27 16:00:00
3,4,28,2025-09-27 20:00:00
3,0,30,2025-10-21 08:00:00
2,2,28,2025-08-30 04:00:00
4,4,28,2025-09-27 12:00:00
0,0,26,2025-12-14 08:00:00
0,0,30,2025-10-21 20:00:00
2,0,30,2025-02-07 04:00:00
3,0,30,2026-01-10 12:00:00
2,1,28,2026-01-10 04:00:00
2,2,28,2025-09-27 04:00:00
0,0,30,2025-08-30 00:00:00
0,0,26,2026-02-01 00:00:00
0,0,26,2025-09-27 16:00:00
0,0,30,2025-09-27 20:00:00
3,0,30,2025-12-14 16:00:00
4,4,28,2025-12-14 12:00:00
0,0,30,2025-12-14 04:00:00
0,0,29,2025-02-07 04:00:00
0,0,29,2025-02-07 20:00:00
0,0,27,2025-02-07 16:00:00
0,0,26,2026-02-01 16:00:00
0,0,29,2025-12-14 20:00:00
0,0,29,2025-12-14 00:00:00
0,0,29,2025-12-14 16:00:00
0,0,26,2025-10-21 08:00:00
4,4,28,2025-10-21 08:00:00
3,0,30,2026-01-10 16:00:00
2,1,28,2025-12-14 04:00:00
3,0,30,2026-01-10 08:00:00
0,0,29,2025-08-30 16:00:00
0,0,29,2026-01-10 08:00:00
1,0,27,2025-08-30 12:00:00
3,0,26,2025-08-30 12:00:00
0,0,26,2026-01-10 20:00:00
0,0,26,2025-08-30 20:00:00
0,0,26,2025-02-07 20:00:00
0,0,29,2025-10-21 04:00:00
1,0,27,2025-10-21 12:00:00
0,0,26,2025-12-14 12:00:00
2,2,28,2025-09-27 00:00:00
3,0,29,2025-09-27 12:00:00
4,4,28,2025-09-27 08:00:00
4,4,28,2025-02-07 16:00:00
0,0,30,2025-10-21 00:00:00
0,0,27,2025-09-27 20:00:00
4,4,28,2025-10-21 12:00:00
0,0,29,2025-12-14 12:00:00
0,0,26,2026-02-01 08:00:00
3,0,30,2025-10-21 16:00:00
0,0,26,2025-08-30 04:00:00
0,0,26,2025-10-21 20:00:00
0,0,27,2026-01-10 20:00:00
0,0,29,2026-02-01 12:00:00
0,0,45,2025-12-14 00:00:00
0,0,44,2025-12-14 00:00:00
0,0,44,2025-10-21 00:00:00
0,0,43,2025-12-14 00:00:00
0,0,45,2025-12-14 16:00:00
0,0,43,2025-10-21 12:00:00
0,0,44,2025-09-27 00:00:00
0,0,45,2025-02-07 12:00:00
0,0,41,2025-08-30 04:00:00
0,0,44,2026-01-10 16:00:00
0,0,42,2025-02-07 12:00:00
0,0,45,2026-01-10 08:00:00
1,0,41,2026-01-10 08:00:00
0,0,44,2026-01-10 00:00:00
0,0,45,2026-02-01 20:00:00
0,0,42,2026-02-01 20:00:00
0,0,45,2025-10-21 04:00:00
0,0,44,2025-10-21 04:00:00
1,1,41,2025-02-07 16:00:00
0,0,45,2025-09-27 16:00:00
1,2,41,2025-09-27 16:00:00
0,0,44,2025-10-21 08:00:00
0,1,44,2025-02-07 12:00:00
0,1,44,2025-09-27 08:00:00
0,0,43,2025-12-14 08:00:00
0,0,45,2025-08-30 20:00:00
0,0,42,2025-08-30 20:00:00
0,0,41,2026-01-10 04:00:00
0,0,41,2025-12-14 20:00:00
0,0,44,2025-08-30 00:00:00
0,0,42,2025-12-14 20:00:00
0,0,45,2025-02-07 08:00:00
0,0,42,2026-02-01 00:00:00
0,0,45,2025-10-21 16:00:00
0,0,45,2025-08-30 04:00:00
0,0,45,2025-09-27 12:00:00
1,0,41,2025-09-27 08:00:00
0,0,44,2025-08-30 16:00:00
0,0,43,2025-02-07 00:00:00
0,0,45,2026-01-10 20:00:00
0,0,45,2026-01-10 04:00:00
0,0,42,2026-01-10 12:00:00
0,0,45,2025-09-27 04:00:00
0,0,45,2025-02-07 16:00:00
0,0,42,2025-08-30 00:00:00
0,0,42,2025-09-27 16:00:00
0,0,42,2025-12-14 00:00:00
0,0,45,2025-12-14 12:00:00
0,0,43,2025-12-14 12:00:00
0,0,43,2025-10-21 08:00:00
0,0,42,2026-02-01 08:00:00
0,0,45,2026-02-01 04:00:00
0,0,44,2025-10-21 20:00:00
0,0,43,2025-10-21 20:00:00
0,0,42,2026-01-10 08:00:00
0,0,43,2026-02-01 12:00:00
0,0,43,2025-08-30 20:00:00
0,0,44,2026-01-10 04:00:00
0,0,41,2025-09-27 04:00:00
0,0,44,2025-02-07 20:00:00
0,0,42,2025-10-21 04:00:00
0,0,42,2026-02-01 16:00:00
0,0,41,2026-02-01 00:00:00
0,0,41,2025-09-27 00:00:00
0,0,45,2025-10-21 08:00:00
0,0,43,2025-08-30 04:00:00
0,1,44,2025-12-14 08:00:00
1,3,41,2025-08-30 16:00:00
0,0,44,2025-08-30 12:00:00
0,0,42,2025-02-07 04:00:00
0,0,43,2025-09-27 04:00:00
0,0,45,2025-08-30 00:00:00
0,0,42,2025-02-07 08:00:00
0,0,43,2026-02-01 08:00:00
0,0,43,2025-09-27 12:00:00
0,0,45,2025-12-14 08:00:00
0,0,43,2026-02-01 04:00:00
0,0,43,2026-01-10 08:00:00
0,0,41,2026-01-10 20:00:00
0,0,44,2026-02-01 12:00:00
0,0,42,2025-08-30 08:00:00
0,0,45,2026-01-10 12:00:00
0,0,43,2026-02-01 00:00:00
0,0,42,2025-10-21 00:00:00
0,1,41,2025-12-14 16:00:00
1,1,41,2025-10-21 12:00:00
0,0,44,2025-12-14 16:00:00
0,0,45,2025-09-27 00:00:00
0,0,42,2025-12-14 12:00:00
0,0,44,2025-08-30 04:00:00
0,0,44,2025-09-27 12:00:00
0,0,43,2025-02-07 12:00:00
0,0,42,2025-09-27 08:00:00
0,0,45,2025-10-21 20:00:00
0,0,44,2026-02-01 04:00:00
0,0,42,2025-02-07 00:00:00
0,0,42,2025-08-30 16:00:00
0,0,45,2025-08-30 12:00:00
0,0,44,2025-02-07 04:00:00
0,0,43,2026-02-01 20:00:00
0,0,43,2026-01-10 04:00:00
0,0,45,2025-12-14 20:00:00
0,0,41,2025-12-14 00:00:00
0,0,44,2025-09-27 16:00:00
1,0,41,2026-02-01 08:00:00
1,0,41,2025-12-14 08:00:00
0,0,44,2025-12-14 04:00:00
0,0,42,2025-10-21 20:00:00
0,0,43,2026-01-10 20:00:00
0,0,42,2026-01-10 00:00:00
0,0,43,2026-01-10 12:00:00
0,0,41,2025-02-07 20:00:00
0,0,45,2026-02-01 00:00:00
0,0,41,2025-10-21 00:00:00
1,0,42,2025-10-21 12:00:00
0,0,44,2025-12-14 12:00:00
0,0,44,2025-10-21 16:00:00
0,0,45,2026-01-10 16:00:00
0,0,43,2025-09-27 08:00:00
0,0,45,2025-08-30 16:00:00
1,1,41,2025-08-30 08:00:00
0,0,41,2025-08-30 20:00:00
1,1,41,2026-01-10 12:00:00
0,0,43,2025-02-07 20:00:00
0,0,43,2025-08-30 00:00:00
0,0,43,2025-12-14 20:00:00
0,1,44,2025-02-07 08:00:00
0,0,44,2026-02-01 00:00:00
0,0,43,2025-09-27 20:00:00
1,1,41,2025-10-21 16:00:00
0,0,43,2025-10-21 16:00:00
0,0,45,2025-12-14 04:00:00
0,0,41,2025-02-07 00:00:00
0,0,41,2026-02-01 04:00:00
0,0,45,2025-02-07 04:00:00
0,0,43,2025-08-30 12:00:00
0,0,42,2026-01-10 04:00:00
0,0,42,2025-09-27 04:00:00
0,0,45,2025-10-21 12:00:00
0,0,43,2025-12-14 16:00:00
0,2,41,2026-01-10 16:00:00
0,0,43,2025-12-14 04:00:00
0,0,44,2025-02-07 00:00:00
0,0,42,2026-02-01 04:00:00
1,2,41,2025-08-30 12:00:00
0,0,43,2025-02-07 04:00:00
0,0,42,2026-01-10 20:00:00
0,0,45,2025-08-30 08:00:00
0,0,44,2025-09-27 04:00:00
0,0,43,2025-02-07 08:00:00
0,0,43,2025-09-27 16:00:00
0,0,45,2026-02-01 08:00:00
0,0,42,2025-10-21 16:00:00
1,1,41,2025-02-07 12:00:00
0,0,42,2025-09-27 12:00:00
0,0,44,2026-01-10 20:00:00
0,0,42,2025-08-30 12:00:00
0,0,41,2026-01-10 00:00:00
0,1,41,2026-02-01 20:00:00
0,0,44,2026-01-10 12:00:00
0,0,43,2025-10-21 04:00:00
0,0,43,2025-02-07 16:00:00
0,0,45,2026-02-01 16:00:00
0,0,41,2026-02-01 16:00:00
0,0,45,2025-10-21 00:00:00
1,1,41,2025-12-14 12:00:00
0,0,43,2025-09-27 00:00:00
0,0,42,2025-09-27 00:00:00
0,0,44,2026-02-01 08:00:00
0,0,43,2026-01-10 16:00:00
0,0,42,2025-08-30 04:00:00
0,0,42,2026-01-10 16:00:00
0,0,42,2025-12-14 04:00:00
0,0,41,2025-10-21 20:00:00
0,0,43,2025-08-30 08:00:00
0,0,42,2025-02-07 16:00:00
0,0,44,2026-02-01 16:00:00
0,0,44,2025-12-14 20:00:00
0,0,43,2026-02-01 16:00:00
0,0,43,2025-10-21 00:00:00
0,0,45,2025-09-27 20:00:00
0,0,42,2025-09-27 20:00:00
0,0,45,2025-09-27 08:00:00
0,0,41,2025-02-07 04:00:00
0,0,45,2026-02-01 12:00:00
0,0,45,2026-01-10 00:00:00
0,0,44,2026-02-01 20:00:00
0,0,41,2025-09-27 20:00:00
0,1,44,2025-09-27 20:00:00
0,0,42,2025-12-14 16:00:00
1,2,41,2025-10-21 08:00:00
0,0,42,2025-12-14 08:00:00
0,0,45,2025-02-07 00:00:00
0,0,42,2026-02-01 12:00:00
0,0,44,2025-08-30 08:00:00
0,0,44,2025-08-30 20:00:00
0,0,43,2026-01-10 00:00:00
0,0,45,2025-02-07 20:00:00
0,0,41,2025-10-21 04:00:00
0,0,42,2025-02-07 20:00:00
0,0,44,2025-02-07 16:00:00
0,0,41,2025-08-30 00:00:00
1,1,41,2025-02-07 08:00:00
0,0,44,2025-10-21 12:00:00
0,0,42,2025-10-21 08:00:00
1,2,41,2025-09-27 12:00:00
0,0,41,2025-12-14 04:00:00
0,0,44,2026-01-10 08:00:00
0,0,43,2025-08-30 16:00:00
1,0,41,2026-02-01 12:00:00
0,0,40,2026-02-01 20:00:00
0,0,38,2025-02-07 16:00:00
0,0,37,2025-12-14 20:00:00
0,0,37,2026-02-01 00:00:00
0,0,36,2025-09-27 16:00:00
0,0,37,2025-10-21 12:00:00
0,0,39,2025-09-27 20:00:00
1,0,39,2025-10-21 12:00:00
0,0,39,2026-02-01 08:00:00
0,0,25,2025-08-06 20:00:00
0,0,23,2025-08-06 00:00:00
1,0,23,2025-07-31 12:00:00
4,1,22,2025-07-31 12:00:00
2,0,21,2025-11-21 20:00:00
0,0,25,2025-11-21 16:00:00
2,0,21,2025-11-21 00:00:00
2,0,25,2025-08-06 04:00:00
2,1,24,2025-08-06 20:00:00
2,0,23,2025-08-06 08:00:00
2,0,22,2025-11-21 04:00:00
2,0,24,2025-07-31 04:00:00
0,0,23,2025-11-21 16:00:00
2,0,22,2025-07-31 08:00:00
2,0,21,2025-08-06 16:00:00
3,0,25,2025-07-31 16:00:00
1,0,23,2025-08-06 12:00:00
1,0,21,2025-07-31 12:00:00
0,0,23,2025-11-21 20:00:00
2,0,22,2025-07-31 04:00:00
0,0,23,2025-07-31 00:00:00
2,0,24,2025-11-21 00:00:00
4,1,24,2025-08-06 16:00:00
2,0,21,2025-08-06 04:00:00
2,0,25,2025-08-06 08:00:00
0,0,25,2025-11-21 00:00:00
4,0,22,2025-08-06 16:00:00
1,0,23,2025-07-31 16:00:00
2,0,22,2025-08-06 00:00:00
2,0,22,2025-07-31 20:00:00
2,0,24,2025-07-31 00:00:00
0,0,23,2025-11-21 00:00:00
3,0,25,2025-08-06 16:00:00
4,0,24,2025-07-31 08:00:00
2,0,24,2025-11-21 08:00:00
4,0,25,2025-08-06 12:00:00
2,0,22,2025-08-06 08:00:00
0,0,25,2025-07-31 00:00:00
4,0,24,2025-07-31 12:00:00
2,0,22,2025-11-21 20:00:00
2,0,21,2025-07-31 20:00:00
2,0,22,2025-11-21 16:00:00
2,0,23,2025-11-21 12:00:00
2,0,23,2025-07-31 08:00:00
2,0,23,2025-11-21 08:00:00
2,0,25,2025-11-21 08:00:00
0,0,23,2025-08-06 20:00:00
2,0,21,2025-08-06 20:00:00
2,1,24,2025-11-21 20:00:00
2,0,22,2025-11-21 00:00:00
4,2,24,2025-11-21 16:00:00
4,1,22,2025-07-31 16:00:00
4,0,24,2025-07-31 16:00:00
2,0,24,2025-11-21 04:00:00
0,0,23,2025-07-31 20:00:00
2,0,21,2025-11-21 16:00:00
2,0,22,2025-11-21 12:00:00
2,0,21,2025-11-21 08:00:00
2,0,24,2025-08-06 00:00:00
2,0,21,2025-07-31 04:00:00
2,0,22,2025-11-21 08:00:00
2,0,25,2025-07-31 08:00:00
2,0,21,2025-07-31 16:00:00
2,0,23,2025-08-06 04:00:00
4,1,24,2025-08-06 12:00:00
2,0,21,2025-08-06 08:00:00
4,0,24,2025-08-06 08:00:00
0,0,23,2025-11-21 04:00:00
2,0,25,2025-11-21 04:00:00
4,0,24,2025-07-31 20:00:00
2,0,22,2025-07-31 00:00:00
2,0,25,2025-11-21 12:00:00
1,0,23,2025-08-06 16:00:00
2,0,22,2025-08-06 04:00:00
1,0,21,2025-08-06 12:00:00
2,0,24,2025-08-06 04:00:00
4,0,25,2025-07-31 12:00:00
2,0,21,2025-11-21 12:00:00
4,0,15,2025-08-06 12:00:00
0,0,15,2025-11-21 00:00:00
4,0,11,2025-07-31 08:00:00
0,0,15,2025-07-31 20:00:00
0,0,14,2025-11-21 16:00:00
0,0,12,2025-11-21 16:00:00
0,0,15,2025-11-21 12:00:00
0,0,13,2025-08-06 16:00:00
0,0,13,2025-11-21 00:00:00
0,0,13,2025-07-31 20:00:00
0,0,11,2025-11-21 12:00:00
0,0,13,2025-08-06 04:00:00
0,0,11,2025-08-06 04:00:00
0,0,14,2025-11-21 20:00:00
0,0,14,2025-08-06 00:00:00
0,0,12,2025-08-06 00:00:00
4,0,12,2025-07-31 12:00:00
0,0,12,2025-07-31 04:00:00
0,0,13,2025-08-06 08:00:00
0,0,13,2025-08-06 00:00:00
0,0,11,2025-08-06 00:00:00
0,0,15,2025-11-21 20:00:00
0,0,11,2025-08-06 20:00:00
0,0,13,2025-07-31 04:00:00
0,0,13,2025-07-31 16:00:00
0,0,11,2025-07-31 16:00:00
0,0,12,2025-11-21 00:00:00
4,0,15,2025-07-31 08:00:00
0,0,12,2025-08-06 20:00:00
1,0,13,2025-07-31 12:00:00
4,0,15,2025-08-06 08:00:00
0,0,14,2025-11-21 12:00:00
0,0,13,2025-11-21 04:00:00
0,0,11,2025-07-31 00:00:00
0,0,14,2025-08-06 12:00:00
0,0,13,2025-08-06 12:00:00
0,0,12,2025-08-06 12:00:00
0,0,14,2025-08-06 20:00:00
0,0,11,2025-07-31 04:00:00
4,0,15,2025-08-06 16:00:00
0,0,14,2025-08-06 08:00:00
0,0,13,2025-11-21 20:00:00
0,0,11,2025-11-21 20:00:00
0,0,13,2025-11-21 08:00:00
0,0,13,2025-08-06 20:00:00
0,0,11,2025-11-21 16:00:00
0,0,14,2025-08-06 16:00:00
0,0,11,2025-11-21 00:00:00
0,0,14,2025-07-31 20:00:00
0,0,12,2025-11-21 08:00:00
0,0,11,2025-11-21 08:00:00
0,0,15,2025-08-06 00:00:00
4,0,14,2025-07-31 12:00:00
0,0,15,2025-11-21 16:00:00
0,0,14,2025-08-06 04:00:00
0,0,12,2025-11-21 04:00:00
0,0,11,2025-11-21 04:00:00
0,0,15,2025-07-31 00:00:00
4,0,11,2025-07-31 12:00:00
0,0,12,2025-11-21 12:00:00
0,0,12,2025-08-06 04:00:00
0,0,12,2025-07-31 16:00:00
0,0,14,2025-07-31 00:00:00
4,0,11,2025-08-06 12:00:00
0,0,13,2025-07-31 08:00:00
0,0,11,2025-08-06 08:00:00
4,0,15,2025-07-31 16:00:00
0,0,14,2025-11-21 00:00:00
0,0,12,2025-07-31 08:00:00
0,0,12,2025-08-06 08:00:00
0,0,12,2025-07-31 20:00:00
0,0,14,2025-11-21 08:00:00
0,0,14,2025-07-31 04:00:00
0,0,14,2025-07-31 16:00:00
0,0,12,2025-08-06 16:00:00
0,0,11,2025-08-06 16:00:00
0,0,15,2025-08-06 04:00:00
0,0,15,2025-11-21 04:00:00
0,0,14,2025-07-31 08:00:00
0,0,15,2025-11-21 08:00:00
0,0,15,2025-08-06 20:00:00
4,1,15,2025-07-31 12:00:00
0,0,13,2025-07-31 00:00:00
0,0,12,2025-07-31 00:00:00
0,0,12,2025-11-21 20:00:00
0,0,11,2025-07-31 20:00:00
0,0,13,2025-11-21 16:00:00
0,0,13,2025-11-21 12:00:00
0,0,15,2025-07-31 04:00:00
0,0,14,2025-11-21 04:00:00
4,0,10,2025-08-06 16:00:00
2,2,07,2025-11-21 08:00:00
2,0,06,2025-11-21 20:00:00
2,2,07,2025-07-31 20:00:00
0,0,10,2025-11-21 16:00:00
2,2,06,2025-07-31 04:00:00
4,2,08,2025-07-31 00:00:00
2,2,08,2025-11-21 00:00:00
2,0,07,2025-08-06 20:00:00
0,0,09,2025-11-21 12:00:00
0,0,09,2025-11-21 04:00:00
4,4,08,2025-11-21 08:00:00
0,0,09,2025-08-06 00:00:00
0,0,09,2025-07-31 04:00:00
0,0,09,2025-07-31 16:00:00
2,2,06,2025-08-06 04:00:00
4,0,08,2025-08-06 00:00:00
2,2,07,2025-08-06 08:00:00
0,0,09,2025-11-21 08:00:00
4,4,08,2025-11-21 16:00:00
0,0,10,2025-11-21 04:00:00
0,0,09,2025-11-21 00:00:00
2,3,06,2025-08-06 08:00:00
4,3,08,2025-11-21 04:00:00
0,0,09,2025-11-21 16:00:00
4,4,08,2025-07-31 08:00:00
4,0,10,2025-08-06 12:00:00
4,2,06,2025-07-31 16:00:00
4,0,10,2025-07-31 08:00:00
2,0,06,2025-08-06 20:00:00
0,0,10,2025-08-06 04:00:00
2,0,06,2025-11-21 00:00:00
2,2,06,2025-11-21 12:00:00
4,3,06,2025-08-06 16:00:00
2,2,07,2025-07-31 08:00:00
4,2,06,2025-07-31 12:00:00
2,2,07,2025-07-31 12:00:00
4,4,08,2025-07-31 20:00:00
4,0,09,2025-07-31 12:00:00
0,0,09,2025-08-06 04:00:00
2,0,06,2025-07-31 00:00:00
2,3,06,2025-11-21 16:00:00
2,2,06,2025-11-21 08:00:00
2,1,06,2025-08-06 00:00:00
0,0,10,2025-07-31 20:00:00
2,1,07,2025-11-21 12:00:00
0,0,09,2025-07-31 00:00:00
2,2,07,2025-08-06 16:00:00
2,2,07,2025-11-21 04:00:00
2,0,07,2025-11-21 00:00:00
4,0,10,2025-07-31 16:00:00
4,4,08,2025-11-21 20:00:00
0,0,10,2025-11-21 08:00:00
0,0,10,2025-08-06 20:00:00
0,0,10,2025-07-31 00:00:00
2,3,06,2025-07-31 08:00:00
4,0,09,2025-07-31 08:00:00
2,2,07,2025-08-06 12:00:00
2,0,07,2025-08-06 00:00:00
0,0,10,2025-08-06 00:00:00
4,4,08,2025-07-31 04:00:00
4,4,08,2025-11-21 12:00:00
4,4,08,2025-08-06 16:00:00
4,2,06,2025-08-06 12:00:00
4,4,08,2025-07-31 12:00:00
0,0,09,2025-11-21 20:00:00
2,2,06,2025-11-21 04:00:00
2,2,07,2025-11-21 20:00:00
0,0,10,2025-11-21 12:00:00
2,3,07,2025-11-21 16:00:00
4,4,08,2025-08-06 20:00:00
2,0,06,2025-07-31 20:00:00
0,0,09,2025-08-06 20:00:00
2,2,07,2025-07-31 04:00:00
4,0,09,2025-08-06 12:00:00
0,0,10,2025-11-21 00:00:00
2,2,07,2025-07-31 16:00:00
0,0,09,2025-08-06 08:00:00
0,0,10,2025-11-21 20:00:00
4,0,09,2025-08-06 16:00:00
4,4,08,2025-07-31 16:00:00
4,4,08,2025-08-06 04:00:00
4,4,08,2025-08-06 12:00:00
2,2,07,2025-08-06 04:00:00
4,4,08,2025-08-06 08:00:00
0,0,09,2025-07-31 20:00:00
4,0,10,2025-07-31 12:00:00
2,0,07,2025-07-31 00:00:00
4,0,10,2025-08-06 08:00:00
0,0,10,2025-07-31 04:00:00
3,0,30,2025-08-06 12:00:00
0,0,26,2025-08-06 20:00:00
3,0,30,2025-08-06 00:00:00
0,0,29,2025-08-06 00:00:00
2,3,28,2025-11-21 04:00:00
4,3,28,2025-07-31 20:00:00
3,0,30,2025-11-21 16:00:00
3,0,29,2025-11-21 12:00:00
0,0,26,2025-08-06 16:00:00
0,0,27,2025-08-06 00:00:00
3,0,30,2025-08-06 08:00:00
0,0,27,2025-11-21 04:00:00
0,0,30,2025-11-21 20:00:00
2,0,29,2025-11-21 08:00:00
1,0,26,2025-08-06 12:00:00
3,0,29,2025-08-06 08:00:00
0,0,29,2025-11-21 04:00:00
0,0,26,2025-11-21 00:00:00
4,4,28,2025-11-21 12:00:00
3,0,30,2025-08-06 20:00:00
0,0,26,2025-11-21 04:00:00
0,0,26,2025-07-31 00:00:00
0,0,29,2025-07-31 00:00:00
3,0,29,2025-07-31 08:00:00
3,0,30,2025-07-31 20:00:00
0,0,29,2025-11-21 20:00:00
3,1,28,2025-07-31 00:00:00
3,0,30,2025-07-31 08:00:00
4,4,28,2025-08-06 16:00:00
1,0,27,2025-08-06 12:00:00
0,0,29,2025-08-06 04:00:00
0,0,26,2025-11-21 20:00:00
0,0,27,2025-11-21 16:00:00
0,0,27,2025-08-06 16:00:00
3,0,29,2025-07-31 16:00:00
1,0,26,2025-07-31 12:00:00
2,0,27,2025-08-06 08:00:00
0,0,26,2025-07-31 20:00:00
3,0,30,2025-11-21 12:00:00
3,0,30,2025-11-21 08:00:00
2,0,26,2025-11-21 08:00:00
3,0,30,2025-07-31 16:00:00
4,4,28,2025-08-06 08:00:00
0,0,27,2025-07-31 20:00:00
0,0,27,2025-11-21 20:00:00
4,4,28,2025-07-31 08:00:00
3,4,28,2025-08-06 04:00:00
4,4,28,2025-08-06 12:00:00
4,4,28,2025-07-31 12:00:00
0,0,26,2025-07-31 04:00:00
3,0,30,2025-07-31 00:00:00
2,1,28,2025-11-21 00:00:00
2,0,26,2025-07-31 08:00:00
3,0,30,2025-08-06 04:00:00
0,0,26,2025-08-06 04:00:00
3,3,28,2025-11-21 20:00:00
0,0,30,2025-11-21 00:00:00
4,4,28,2025-11-21 08:00:00
0,0,26,2025-07-31 16:00:00
3,0,29,2025-08-06 12:00:00
3,0,30,2025-07-31 12:00:00
0,0,27,2025-07-31 04:00:00
0,0,26,2025-11-21 16:00:00
3,0,28,2025-08-06 00:00:00
2,0,26,2025-08-06 08:00:00
0,0,27,2025-07-31 00:00:00
3,0,30,2025-08-06 16:00:00
2,0,27,2025-11-21 08:00:00
3,0,29,2025-08-06 16:00:00
0,0,27,2025-07-31 16:00:00
4,4,28,2025-07-31 16:00:00
0,0,27,2025-08-06 04:00:00
3,0,30,2025-07-31 04:00:00
4,3,28,2025-08-06 20:00:00
0,0,29,2025-08-06 20:00:00
1,0,27,2025-07-31 12:00:00
3,0,29,2025-07-31 12:00:00
0,0,27,2025-11-21 00:00:00
0,0,26,2025-08-06 00:00:00
0,0,29,2025-11-21 00:00:00
2,0,27,2025-11-21 12:00:00
2,0,27,2025-07-31 08:00:00
0,0,27,2025-08-06 20:00:00
2,0,30,2025-11-21 04:00:00
0,0,29,2025-07-31 20:00:00
4,4,28,2025-07-31 04:00:00
0,0,29,2025-07-31 04:00:00
4,4,28,2025-11-21 16:00:00
0,0,29,2025-11-21 16:00:00
2,0,26,2025-11-21 12:00:00
1,2,41,2025-08-06 16:00:00
0,0,45,2025-08-06 12:00:00
0,0,41,2025-08-06 20:00:00
0,0,43,2025-08-06 20:00:00
0,0,42,2025-08-06 04:00:00
0,0,45,2025-07-31 20:00:00
0,0,42,2025-11-21 20:00:00
0,2,41,2025-11-21 16:00:00
0,0,43,2025-11-21 00:00:00
1,0,42,2025-07-31 12:00:00
0,0,43,2025-11-21 20:00:00
0,0,44,2025-07-31 04:00:00
0,0,43,2025-07-31 00:00:00
0,0,42,2025-07-31 00:00:00
0,0,43,2025-11-21 16:00:00
0,0,43,2025-08-06 08:00:00
0,0,45,2025-11-21 04:00:00
0,0,41,2025-11-21 20:00:00
0,0,41,2025-07-31 00:00:00
0,0,44,2025-11-21 16:00:00
1,0,42,2025-07-31 08:00:00
1,0,42,2025-08-06 12:00:00
1,0,42,2025-08-06 08:00:00
0,0,43,2025-07-31 04:00:00
0,0,45,2025-11-21 00:00:00
0,0,42,2025-11-21 00:00:00
0,0,43,2025-11-21 12:00:00
0,0,43,2025-11-21 08:00:00
0,0,44,2025-08-06 20:00:00
0,0,45,2025-07-31 12:00:00
0,0,41,2025-08-06 00:00:00
0,0,45,2025-08-06 08:00:00
0,0,41,2025-07-31 20:00:00
0,0,42,2025-07-31 04:00:00
0,0,41,2025-11-21 00:00:00
0,0,45,2025-07-31 08:00:00
0,1,44,2025-11-21 08:00:00
1,0,43,2025-07-31 08:00:00
0,0,45,2025-07-31 16:00:00
0,0,42,2025-07-31 16:00:00
0,0,44,2025-11-21 00:00:00
0,0,42,2025-11-21 16:00:00
0,0,44,2025-11-21 12:00:00
0,0,45,2025-11-21 08:00:00
0,0,44,2025-08-06 16:00:00
0,0,43,2025-08-06 16:00:00
0,0,44,2025-08-06 04:00:00
0,0,44,2025-07-31 12:00:00
0,0,41,2025-11-21 04:00:00
0,0,45,2025-11-21 20:00:00
0,1,44,2025-08-06 12:00:00
0,0,42,2025-08-06 20:00:00
0,0,43,2025-08-06 00:00:00
1,0,43,2025-07-31 12:00:00
0,0,44,2025-11-21 04:00:00
0,0,43,2025-07-31 16:00:00
0,0,45,2025-08-06 00:00:00
0,0,42,2025-07-31 20:00:00
1,0,41,2025-07-31 04:00:00
0,0,45,2025-08-06 16:00:00
0,0,45,2025-08-06 04:00:00
0,0,45,2025-08-06 20:00:00
0,0,44,2025-07-31 20:00:00
0,0,43,2025-07-31 20:00:00
1,0,41,2025-11-21 08:00:00
0,0,44,2025-07-31 08:00:00
1,2,41,2025-07-31 12:00:00
0,0,44,2025-07-31 00:00:00
0,0,42,2025-08-06 16:00:00
1,2,41,2025-07-31 16:00:00
0,0,41,2025-08-06 04:00:00
0,0,43,2025-08-06 04:00:00
1,0,43,2025-08-06 12:00:00
0,0,44,2025-08-06 00:00:00
0,0,42,2025-08-06 00:00:00
0,0,43,2025-11-21 04:00:00
0,0,42,2025-11-21 04:00:00
1,2,41,2025-08-06 12:00:00
1,1,41,2025-11-21 12:00:00
1,0,41,2025-07-31 08:00:00
0,0,44,2025-08-06 08:00:00
0,0,42,2025-11-21 12:00:00
0,0,42,2025-11-21 08:00:00
0,0,44,2025-07-31 16:00:00
1,0,41,2025-08-06 08:00:00
0,0,45,2025-07-31 00:00:00
0,0,45,2025-11-21 12:00:00
0,0,44,2025-11-21 20:00:00
0,0,45,2025-07-31 04:00:00
0,0,45,2025-11-21 16:00:00
0,0,36,2025-08-06 16:00:00
1,0,37,2025-08-06 12:00:00
0,0,38,2025-07-31 20:00:00
0,0,40,2025-11-21 20:00:00
0,0,23,2025-06-01 00:00:00
1,0,23,2026-03-11 16:00:00
2,0,21,2026-03-11 04:00:00
1,0,23,2026-03-11 08:00:00
4,0,24,2026-03-11 08:00:00
2,0,25,2025-05-24 04:00:00
2,0,21,2026-03-11 00:00:00
2,0,21,2025-05-24 00:00:00
2,0,21,2026-02-13 04:00:00
2,0,22,2025-05-24 08:00:00
0,0,23,2025-01-11 20:00:00
0,0,23,2026-03-11 04:00:00
0,0,25,2025-05-24 20:00:00
1,0,21,2026-02-13 12:00:00
0,0,23,2026-03-11 20:00:00
0,0,23,2025-05-24 16:00:00
4,1,22,2026-02-13 12:00:00
4,1,24,2026-02-13 12:00:00
2,0,25,2025-06-01 08:00:00
2,0,23,2025-05-24 04:00:00
2,0,21,2025-01-11 00:00:00
2,0,25,2026-02-13 04:00:00
2,0,24,2025-06-01 20:00:00
4,2,24,2026-02-13 16:00:00
2,0,22,2025-01-11 04:00:00
1,0,22,2026-03-11 16:00:00
2,0,25,2025-06-01 04:00:00
2,0,21,2026-02-13 00:00:00
2,1,24,2025-05-24 20:00:00
1,0,21,2026-03-11 12:00:00
2,0,24,2026-03-11 00:00:00
0,0,23,2026-02-13 16:00:00
2,0,23,2025-05-24 08:00:00
0,0,23,2025-01-11 04:00:00
2,0,25,2025-01-11 04:00:00
2,0,22,2026-03-11 04:00:00
2,0,22,2025-05-24 20:00:00
2,0,22,2025-05-24 16:00:00
0,0,25,2026-03-11 00:00:00
2,0,24,2026-03-11 20:00:00
2,0,24,2026-02-13 04:00:00
2,0,25,2025-05-24 08:00:00
2,0,22,2025-06-01 00:00:00
4,2,24,2026-03-11 16:00:00
2,0,24,2026-02-13 00:00:00
2,0,25,2026-03-11 08:00:00
2,0,24,2026-02-13 20:00:00
2,0,21,2025-01-11 16:00:00
2,0,22,2026-02-13 04:00:00
2,0,21,2025-05-24 20:00:00
2,0,23,2025-01-11 12:00:00
2,0,25,2025-01-11 12:00:00
2,0,21,2025-01-11 12:00:00
2,0,25,2026-02-13 12:00:00
2,0,21,2025-05-24 16:00:00
2,0,22,2025-06-01 20:00:00
2,0,22,2025-05-24 12:00:00
3,0,25,2026-03-11 16:00:00
2,0,21,2025-06-01 04:00:00
1,0,21,2026-03-11 16:00:00
2,0,21,2025-01-11 08:00:00
0,0,25,2026-02-13 00:00:00
4,1,22,2026-03-11 12:00:00
4,0,24,2025-01-11 12:00:00
2,0,22,2026-02-13 20:00:00
0,0,25,2026-02-13 20:00:00
0,0,25,2025-01-11 16:00:00
2,0,24,2025-01-11 16:00:00
2,0,22,2026-02-13 16:00:00
1,0,23,2026-03-11 12:00:00
3,0,25,2026-03-11 12:00:00
4,0,24,2025-05-24 16:00:00
2,0,21,2026-03-11 20:00:00
3,0,25,2025-06-01 12:00:00
2,0,25,2026-02-13 16:00:00
2,0,25,2025-05-24 12:00:00
2,0,24,2025-06-01 04:00:00
2,0,25,2025-01-11 08:00:00
2,0,22,2026-02-13 00:00:00
3,0,25,2025-05-24 16:00:00
2,0,21,2025-05-24 04:00:00
2,0,24,2025-05-24 04:00:00
2,0,21,2026-02-13 20:00:00
0,0,23,2025-05-24 00:00:00
2,0,22,2026-03-11 20:00:00
0,0,25,2025-06-01 20:00:00
2,0,25,2026-02-13 08:00:00
2,0,21,2025-06-01 20:00:00
1,0,23,2025-06-01 12:00:00
4,0,24,2025-06-01 12:00:00
1,0,23,2025-05-24 12:00:00
2,0,22,2025-06-01 04:00:00
0,0,25,2025-06-01 00:00:00
2,0,24,2025-01-11 04:00:00
2,0,22,2025-01-11 20:00:00
2,0,24,2025-01-11 20:00:00
3,0,25,2025-06-01 16:00:00
0,0,23,2026-02-13 00:00:00
2,0,22,2025-05-24 04:00:00
2,0,24,2025-01-11 00:00:00
0,0,23,2025-01-11 16:00:00
0,0,25,2026-03-11 20:00:00
0,0,23,2026-02-13 04:00:00
2,0,21,2026-02-13 08:00:00
1,0,21,2025-06-01 12:00:00
2,0,24,2025-05-24 08:00:00
0,0,23,2025-06-01 04:00:00
2,2,24,2025-06-01 00:00:00
2,0,23,2025-01-11 08:00:00
0,0,25,2025-01-11 20:00:00
2,0,21,2025-01-11 20:00:00
4,0,24,2025-06-01 16:00:00
2,0,21,2025-06-01 08:00:00
0,0,25,2025-01-11 00:00:00
2,0,22,2025-01-11 16:00:00
0,0,25,2025-05-24 00:00:00
2,0,24,2025-05-24 00:00:00
0,0,14,2025-06-01 04:00:00
0,0,15,2025-06-01 04:00:00
0,0,12,2025-06-01 04:00:00
0,0,11,2025-05-24 12:00:00
0,0,14,2025-05-24 08:00:00
0,0,12,2026-03-11 00:00:00
0,0,11,2026-03-11 00:00:00
0,0,12,2025-01-11 04:00:00
0,0,14,2025-01-11 20:00:00
0,0,11,2026-02-13 00:00:00
0,0,13,2026-03-11 20:00:00
0,0,15,2025-01-11 08:00:00
0,0,11,2025-01-11 08:00:00
0,0,15,2025-06-01 16:00:00
4,0,15,2026-02-13 12:00:00
0,0,12,2025-01-11 16:00:00
0,0,15,2025-01-11 00:00:00
0,0,15,2026-02-13 20:00:00
0,0,12,2026-02-13 20:00:00
0,0,14,2025-05-24 00:00:00
0,0,13,2025-05-24 04:00:00
0,0,11,2025-06-01 04:00:00
4,0,15,2025-05-24 12:00:00
0,0,15,2025-05-24 08:00:00
0,0,12,2025-05-24 08:00:00
0,0,15,2026-02-13 16:00:00
0,1,13,2026-02-13 12:00:00
0,0,13,2025-01-11 12:00:00
0,0,15,2025-01-11 20:00:00
2,0,15,2026-02-13 04:00:00
0,0,11,2025-06-01 12:00:00
0,0,15,2026-03-11 20:00:00
0,0,11,2026-02-13 08:00:00
0,0,14,2025-06-01 20:00:00
0,0,13,2025-06-01 00:00:00
0,0,14,2026-03-11 08:00:00
0,0,12,2025-05-24 20:00:00
0,0,11,2026-02-13 12:00:00
0,0,11,2025-01-11 12:00:00
0,0,12,2025-05-24 16:00:00
0,0,11,2026-02-13 20:00:00
0,0,14,2026-02-13 16:00:00
0,0,13,2025-01-11 04:00:00
0,0,13,2026-02-13 16:00:00
0,0,12,2026-03-11 12:00:00
0,0,15,2025-01-11 12:00:00
0,0,13,2026-03-11 16:00:00
0,0,13,2026-02-13 00:00:00
0,0,12,2026-03-11 20:00:00
0,0,14,2026-02-13 20:00:00
0,0,13,2025-05-24 00:00:00
0,0,13,2025-05-24 08:00:00
0,0,13,2026-03-11 08:00:00
0,0,11,2026-02-13 16:00:00
0,0,14,2025-06-01 16:00:00
0,0,15,2025-05-24 20:00:00
0,0,11,2026-03-11 04:00:00
0,0,12,2025-01-11 12:00:00
0,0,11,2025-01-11 20:00:00
4,0,15,2025-06-01 12:00:00
0,0,12,2025-06-01 12:00:00
0,0,12,2026-02-13 04:00:00
0,0,15,2025-05-24 00:00:00
0,0,15,2025-06-01 08:00:00
0,0,11,2025-06-01 08:00:00
0,0,15,2025-06-01 00:00:00
0,0,14,2026-03-11 12:00:00
0,0,12,2026-03-11 04:00:00
0,0,14,2025-01-11 00:00:00
0,0,15,2026-02-13 00:00:00
0,0,13,2026-02-13 04:00:00
0,0,13,2025-01-11 08:00:00
0,0,11,2025-05-24 00:00:00
0,0,14,2025-06-01 08:00:00
0,0,13,2025-05-24 12:00:00
0,0,12,2025-06-01 08:00:00
0,0,11,2025-06-01 16:00:00
0,0,11,2025-05-24 20:00:00
4,0,11,2026-03-11 12:00:00
0,0,15,2026-03-11 04:00:00
0,0,14,2025-01-11 12:00:00
0,0,15,2025-01-11 16:00:00
0,0,11,2025-01-11 00:00:00
0,0,13,2025-05-24 16:00:00
0,0,12,2026-02-13 08:00:00
0,0,11,2025-05-24 16:00:00
0,0,14,2025-05-24 12:00:00
0,0,14,2025-05-24 20:00:00
0,0,15,2026-03-11 16:00:00
0,0,12,2026-03-11 16:00:00
2,0,11,2026-02-13 04:00:00
0,0,14,2026-02-13 08:00:00
0,0,15,2026-02-13 08:00:00
0,0,13,2025-06-01 20:00:00
0,0,15,2026-03-11 00:00:00
0,0,12,2025-06-01 00:00:00
4,0,15,2026-03-11 12:00:00
0,0,12,2026-02-13 12:00:00
0,0,13,2025-01-11 16:00:00
0,0,13,2025-01-11 00:00:00
0,0,11,2026-03-11 20:00:00
0,0,11,2025-05-24 04:00:00
0,0,11,2025-06-01 20:00:00
0,0,12,2025-05-24 12:00:00
0,0,11,2026-03-11 08:00:00
0,0,13,2026-03-11 12:00:00
0,0,14,2026-03-11 20:00:00
0,0,14,2025-05-24 16:00:00
0,0,15,2025-05-24 04:00:00
0,0,14,2026-03-11 00:00:00
0,0,13,2026-03-11 00:00:00
0,0,12,2026-02-13 16:00:00
0,0,13,2025-06-01 16:00:00
0,0,14,2026-02-13 12:00:00
0,0,14,2026-03-11 16:00:00
0,0,13,2025-01-11 20:00:00
0,0,14,2026-02-13 00:00:00
0,0,14,2025-06-01 12:00:00
0,0,13,2025-06-01 12:00:00
0,0,13,2026-02-13 08:00:00
0,0,13,2026-02-13 20:00:00
0,0,15,2025-05-24 16:00:00
0,0,14,2025-05-24 04:00:00
0,0,12,2025-06-01 20:00:00
0,0,11,2025-06-01 00:00:00
0,0,15,2026-03-11 08:00:00
0,0,12,2025-01-11 00:00:00
0,0,15,2025-06-01 20:00:00
0,0,13,2025-06-01 08:00:00
0,0,11,2025-05-24 08:00:00
0,0,14,2025-01-11 04:00:00
0,0,15,2025-01-11 04:00:00
0,0,14,2026-03-11 04:00:00
0,0,14,2025-01-11 16:00:00
0,0,11,2025-01-11 16:00:00
0,0,11,2026-03-11 16:00:00
1,0,14,2026-02-13 04:00:00
0,0,14,2025-01-11 08:00:00
0,0,12,2026-03-11 08:00:00
0,0,11,2025-01-11 04:00:00
0,0,12,2025-06-01 16:00:00
0,0,13,2026-03-11 04:00:00
0,0,12,2026-02-13 00:00:00
0,0,12,2025-01-11 08:00:00
0,0,13,2025-06-01 04:00:00
0,0,14,2025-06-01 00:00:00
0,0,13,2025-05-24 20:00:00
0,0,12,2025-01-11 20:00:00
0,0,12,2025-05-24 00:00:00
0,0,12,2025-05-24 04:00:00
0,0,10,2026-03-11 00:00:00
0,0,10,2025-01-11 16:00:00
4,4,08,2026-03-11 12:00:00
2,2,07,2025-05-24 16:00:00
4,4,08,2025-06-01 08:00:00
0,0,09,2025-01-11 08:00:00
2,0,06,2025-01-11 00:00:00
4,4,08,2025-01-11 16:00:00
0,0,09,2025-06-01 20:00:00
0,0,10,2025-06-01 08:00:00
0,0,10,2025-06-01 00:00:00
0,0,10,2025-05-24 08:00:00
2,1,06,2025-06-01 04:00:00
2,0,07,2025-01-11 20:00:00
0,0,10,2026-03-11 16:00:00
2,2,06,2025-06-01 08:00:00
2,0,06,2026-02-13 20:00:00
4,4,08,2026-02-13 16:00:00
4,4,08,2025-05-24 12:00:00
1,0,06,2026-03-11 16:00:00
0,0,10,2025-06-01 16:00:00
0,0,09,2025-01-11 16:00:00
2,2,07,2026-02-13 12:00:00
0,0,09,2025-05-24 16:00:00
2,0,07,2025-01-11 00:00:00
0,0,09,2025-05-24 12:00:00
0,0,09,2025-05-24 08:00:00
0,0,10,2026-03-11 08:00:00
2,2,07,2025-06-01 16:00:00
0,0,09,2026-03-11 16:00:00
0,0,10,2025-01-11 00:00:00
2,0,09,2026-02-13 04:00:00
0,0,10,2025-05-24 16:00:00
0,0,10,2026-02-13 08:00:00
2,2,08,2025-01-11 00:00:00
2,0,07,2025-01-11 04:00:00
4,3,08,2025-01-11 08:00:00
4,4,08,2025-05-24 16:00:00
0,0,10,2026-02-13 20:00:00
0,0,09,2025-05-24 04:00:00
2,1,07,2026-02-13 04:00:00
0,0,10,2025-06-01 20:00:00
0,0,09,2026-02-13 16:00:00
0,0,10,2025-01-11 04:00:00
0,0,09,2026-02-13 12:00:00
0,0,09,2026-03-11 04:00:00
0,0,10,2025-01-11 12:00:00
0,0,09,2026-03-11 20:00:00
2,0,06,2026-03-11 00:00:00
4,4,08,2026-02-13 08:00:00
2,2,07,2025-06-01 12:00:00
0,0,09,2025-06-01 08:00:00
2,1,06,2025-06-01 00:00:00
2,1,06,2025-01-11 08:00:00
4,0,10,2026-02-13 12:00:00
4,4,08,2025-05-24 20:00:00
2,0,06,2026-02-13 00:00:00
2,2,07,2025-05-24 20:00:00
2,2,08,2025-05-24 00:00:00
2,1,06,2025-01-11 16:00:00
2,0,08,2025-01-11 04:00:00
2,0,07,2025-06-01 00:00:00
2,0,07,2025-06-01 04:00:00
2,2,06,2025-06-01 16:00:00
1,2,06,2026-03-11 08:00:00
0,0,09,2025-06-01 12:00:00
4,0,10,2025-06-01 12:00:00
0,0,09,2025-05-24 00:00:00
0,0,10,2025-01-11 08:00:00
0,0,10,2025-05-24 04:00:00
2,0,06,2026-03-11 20:00:00
2,0,07,2026-03-11 20:00:00
4,4,08,2025-06-01 20:00:00
2,3,08,2026-02-13 04:00:00
2,3,07,2026-02-13 16:00:00
4,4,08,2025-05-24 08:00:00
0,0,09,2025-06-01 00:00:00
4,3,08,2025-01-11 20:00:00
2,0,06,2025-01-11 20:00:00
4,4,08,2025-06-01 16:00:00
2,2,06,2026-03-11 04:00:00
4,4,08,2025-01-11 12:00:00
4,4,08,2026-03-11 08:00:00
0,0,09,2025-01-11 20:00:00
0,0,10,2025-01-11 20:00:00
0,0,09,2026-02-13 00:00:00
0,0,09,2026-02-13 08:00:00
2,0,07,2026-02-13 20:00:00
2,2,06,2026-02-13 08:00:00
2,1,07,2025-05-24 08:00:00
0,0,09,2025-05-24 20:00:00
2,2,07,2026-03-11 04:00:00
2,1,08,2026-02-13 00:00:00
2,2,07,2026-03-11 12:00:00
4,2,08,2025-05-24 04:00:00
0,0,10,2025-06-01 04:00:00
2,2,06,2026-02-13 16:00:00
2,1,06,2025-05-24 08:00:00
2,4,08,2025-06-01 04:00:00
2,0,06,2025-01-11 04:00:00
4,0,09,2026-03-11 12:00:00
0,0,09,2025-01-11 00:00:00
4,4,08,2026-02-13 12:00:00
2,2,06,2025-05-24 16:00:00
0,0,10,2026-02-13 00:00:00
2,0,07,2025-05-24 04:00:00
4,4,08,2026-02-13 20:00:00
2,0,07,2025-05-24 00:00:00
4,4,08,2025-06-01 12:00:00
0,0,09,2026-03-11 00:00:00
2,2,07,2025-05-24 12:00:00
2,2,07,2026-03-11 16:00:00
0,0,10,2026-03-11 04:00:00
0,0,09,2025-01-11 12:00:00
2,1,07,2025-01-11 12:00:00
1,2,06,2026-02-13 12:00:00
2,1,06,2025-05-24 04:00:00
4,0,08,2026-03-11 00:00:00
2,0,07,2026-03-11 00:00:00
2,0,06,2025-05-24 00:00:00
2,1,07,2025-01-11 16:00:00
2,2,07,2025-06-01 20:00:00
2,1,07,2025-01-11 08:00:00
4,4,08,2026-03-11 04:00:00
2,0,07,2026-02-13 00:00:00
2,1,06,2025-01-11 12:00:00
1,2,06,2026-03-11 12:00:00
2,2,07,2026-03-11 08:00:00
0,0,10,2026-03-11 20:00:00
0,0,09,2026-02-13 20:00:00
0,0,10,2026-02-13 16:00:00
4,4,08,2026-03-11 16:00:00
2,0,10,2026-02-13 04:00:00
0,0,10,2025-05-24 00:00:00
2,0,06,2025-06-01 20:00:00
2,1,06,2026-02-13 04:00:00
0,0,09,2025-06-01 04:00:00
1,1,06,2025-06-01 12:00:00
4,0,10,2025-05-24 12:00:00
0,0,09,2025-01-11 04:00:00
0,0,09,2026-03-11 08:00:00
3,3,08,2025-06-01 00:00:00
0,0,10,2025-05-24 20:00:00
4,0,10,2026-03-11 12:00:00
2,3,06,2025-05-24 12:00:00
0,0,09,2025-06-01 16:00:00
2,0,06,2025-05-24 20:00:00
2,1,07,2025-06-01 08:00:00
4,4,08,2026-03-11 20:00:00
2,2,07,2026-02-13 08:00:00
0,0,27,2026-02-13 16:00:00
2,0,27,2025-05-24 08:00:00
4,4,28,2025-05-24 12:00:00
4,4,28,2026-03-11 16:00:00
0,0,29,2025-01-11 20:00:00
0,0,27,2025-06-01 16:00:00
0,0,29,2026-02-13 00:00:00
1,0,27,2026-03-11 12:00:00
4,4,28,2025-05-24 16:00:00
3,0,29,2025-06-01 08:00:00
0,0,29,2026-02-13 20:00:00
0,0,30,2025-05-24 00:00:00
0,0,27,2025-05-24 00:00:00
2,0,27,2026-02-13 08:00:00
2,0,26,2025-05-24 08:00:00
3,0,30,2025-05-24 12:00:00
0,0,27,2025-01-11 04:00:00
0,0,26,2025-06-01 00:00:00
0,0,26,2025-06-01 16:00:00
3,0,30,2025-05-24 20:00:00
3,0,30,2025-01-11 12:00:00
3,0,30,2026-03-11 12:00:00
0,0,27,2026-03-11 00:00:00
0,0,29,2026-03-11 20:00:00
2,0,30,2026-02-13 04:00:00
0,0,27,2026-02-13 04:00:00
2,4,28,2026-02-13 04:00:00
4,4,28,2026-02-13 08:00:00
0,0,30,2026-02-13 00:00:00
3,3,28,2025-05-24 20:00:00
4,4,28,2026-03-11 12:00:00
4,3,28,2025-06-01 08:00:00
0,0,30,2026-02-13 20:00:00
3,0,28,2026-03-11 00:00:00
3,0,30,2025-01-11 16:00:00
2,0,30,2026-02-13 08:00:00
2,0,26,2025-05-24 12:00:00
0,0,26,2025-01-11 20:00:00
0,0,27,2026-02-13 20:00:00
0,0,26,2025-05-24 00:00:00
3,0,29,2025-06-01 12:00:00
4,3,28,2025-06-01 16:00:00
0,0,27,2026-02-13 00:00:00
4,4,28,2026-02-13 12:00:00
2,0,26,2025-06-01 08:00:00
0,0,30,2026-03-11 00:00:00
0,0,26,2025-01-11 00:00:00
2,0,28,2025-01-11 00:00:00
0,0,26,2025-01-11 16:00:00
0,0,26,2026-02-13 16:00:00
2,0,30,2025-01-11 04:00:00
0,0,27,2025-06-01 00:00:00
0,0,30,2025-01-11 20:00:00
0,0,27,2025-05-24 20:00:00
0,0,26,2026-02-13 00:00:00
1,0,26,2026-03-11 12:00:00
4,3,28,2025-01-11 12:00:00
0,0,26,2026-03-11 00:00:00
2,1,28,2025-01-11 04:00:00
2,0,30,2025-01-11 08:00:00
2,3,28,2025-01-11 08:00:00
0,0,26,2025-05-24 20:00:00
1,0,26,2026-02-13 12:00:00
3,0,29,2026-02-13 12:00:00
4,3,28,2025-05-24 08:00:00
3,0,30,2026-03-11 16:00:00
0,0,26,2025-06-01 04:00:00
0,0,29,2025-01-11 04:00:00
0,0,29,2025-06-01 04:00:00
3,0,29,2025-05-24 12:00:00
3,2,28,2025-01-11 20:00:00
0,0,27,2025-05-24 16:00:00
0,0,26,2025-05-24 16:00:00
0,0,26,2026-02-13 20:00:00
3,3,28,2025-06-01 20:00:00
0,0,29,2026-02-13 04:00:00
3,0,30,2026-02-13 16:00:00
0,0,29,2026-02-13 16:00:00
3,3,28,2025-06-01 00:00:00
0,0,29,2025-06-01 00:00:00
3,0,29,2026-03-11 16:00:00
0,0,26,2026-03-11 04:00:00
3,4,28,2026-03-11 04:00:00
3,0,30,2026-03-11 08:00:00
2,0,27,2025-06-01 08:00:00
2,0,30,2025-05-24 04:00:00
3,0,30,2025-06-01 12:00:00
0,0,27,2026-03-11 16:00:00
0,0,30,2025-01-11 00:00:00
0,0,30,2026-03-11 20:00:00
4,3,28,2025-01-11 16:00:00
0,0,29,2025-01-11 16:00:00
0,0,26,2026-02-13 04:00:00
2,0,29,2026-02-13 08:00:00
0,0,26,2025-01-11 04:00:00
0,0,27,2026-03-11 04:00:00
2,0,27,2025-01-11 12:00:00
3,0,30,2025-06-01 20:00:00
0,0,27,2025-06-01 20:00:00
0,0,26,2025-06-01 20:00:00
2,0,26,2026-02-13 08:00:00
3,0,30,2025-05-24 08:00:00
0,0,29,2026-03-11 04:00:00
0,0,26,2025-05-24 04:00:00
0,0,29,2025-01-11 00:00:00
0,0,27,2026-03-11 20:00:00
1,0,27,2025-06-01 12:00:00
4,4,28,2025-06-01 12:00:00
3,0,30,2025-06-01 04:00:00
2,0,29,2025-01-11 08:00:00
3,0,29,2025-06-01 16:00:00
1,0,27,2026-03-11 08:00:00
0,0,26,2025-01-11 12:00:00
1,0,26,2026-03-11 08:00:00
3,0,30,2026-02-13 12:00:00
3,0,30,2025-06-01 08:00:00
0,0,27,2025-01-11 16:00:00
4,4,28,2026-02-13 16:00:00
2,0,29,2025-05-24 08:00:00
0,0,27,2025-06-01 04:00:00
3,1,28,2025-06-01 04:00:00
2,0,27,2025-01-11 08:00:00
3,0,29,2026-03-11 12:00:00
3,3,28,2026-02-13 20:00:00
0,0,29,2026-03-11 00:00:00
0,0,26,2026-03-11 20:00:00
0,0,29,2025-05-24 00:00:00
0,0,30,2025-06-01 00:00:00
0,0,26,2026-03-11 16:00:00
0,0,27,2025-01-11 20:00:00
3,0,30,2025-06-01 16:00:00
0,0,29,2025-05-24 20:00:00
3,0,30,2025-05-24 16:00:00
0,0,27,2025-05-24 04:00:00
2,1,28,2025-05-24 04:00:00
2,2,28,2025-05-24 00:00:00
1,0,26,2025-06-01 12:00:00
1,0,27,2025-05-24 12:00:00
2,0,26,2025-01-11 08:00:00
3,0,30,2026-03-11 04:00:00
2,0,28,2026-02-13 00:00:00
4,4,28,2026-03-11 08:00:00
0,0,29,2025-01-11 12:00:00
1,0,29,2026-03-11 08:00:00
1,0,27,2026-02-13 12:00:00
0,0,29,2025-05-24 16:00:00
0,0,29,2025-05-24 04:00:00
0,0,27,2025-01-11 00:00:00
3,4,28,2026-03-11 20:00:00
0,0,29,2025-06-01 20:00:00
0,0,45,2025-05-24 12:00:00
0,0,44,2025-01-11 04:00:00
0,0,43,2026-03-11 16:00:00
0,0,44,2025-01-11 20:00:00
0,0,41,2026-02-13 00:00:00
0,0,44,2026-03-11 08:00:00
1,2,41,2026-02-13 12:00:00
0,0,43,2025-05-24 16:00:00
0,0,41,2026-02-13 20:00:00
0,0,43,2026-02-13 20:00:00
0,1,41,2025-01-11 16:00:00
0,0,44,2026-02-13 04:00:00
0,0,43,2025-06-01 12:00:00
0,0,42,2026-02-13 16:00:00
1,3,41,2025-05-24 12:00:00
0,0,43,2025-05-24 12:00:00
1,0,41,2025-06-01 16:00:00
0,0,44,2026-02-13 00:00:00
0,1,44,2026-02-13 08:00:00
0,0,43,2026-02-13 08:00:00
0,0,44,2025-05-24 12:00:00
0,0,43,2025-01-11 12:00:00
0,0,43,2026-02-13 12:00:00
0,0,44,2025-05-24 04:00:00
0,0,43,2025-05-24 04:00:00
0,0,42,2026-03-11 00:00:00
0,0,45,2025-01-11 16:00:00
0,0,45,2026-03-11 20:00:00
0,0,44,2025-01-11 16:00:00
0,0,42,2025-06-01 20:00:00
0,0,42,2026-02-13 04:00:00
1,2,41,2026-03-11 16:00:00
0,0,45,2026-03-11 04:00:00
0,0,41,2025-05-24 20:00:00
0,0,44,2025-01-11 12:00:00
0,0,43,2026-03-11 12:00:00
1,0,41,2025-06-01 08:00:00
0,0,41,2026-03-11 00:00:00
0,0,44,2026-02-13 20:00:00
0,0,43,2026-03-11 20:00:00
0,0,45,2026-02-13 08:00:00
0,0,43,2026-02-13 04:00:00
0,1,45,2025-05-24 08:00:00
0,0,45,2026-03-11 16:00:00
0,0,44,2025-06-01 08:00:00
0,0,44,2026-03-11 20:00:00
0,0,42,2026-03-11 20:00:00
0,0,44,2025-06-01 20:00:00
1,2,41,2025-06-01 12:00:00
0,1,44,2025-06-01 12:00:00
0,0,45,2025-06-01 00:00:00
0,0,43,2025-01-11 04:00:00
0,0,42,2025-06-01 04:00:00
0,0,42,2025-06-01 16:00:00
0,0,45,2026-03-11 12:00:00
1,0,42,2026-03-11 08:00:00
0,0,45,2026-02-13 20:00:00
0,0,43,2025-01-11 16:00:00
0,0,42,2025-01-11 16:00:00
0,0,41,2025-06-01 20:00:00
0,0,43,2025-06-01 20:00:00
1,0,41,2025-05-24 08:00:00
0,0,42,2025-01-11 20:00:00
0,0,44,2026-03-11 04:00:00
0,0,45,2026-02-13 00:00:00
0,0,43,2025-05-24 20:00:00
0,0,44,2025-05-24 16:00:00
0,0,45,2025-05-24 00:00:00
0,0,42,2025-05-24 00:00:00
1,0,42,2025-06-01 12:00:00
0,0,41,2025-01-11 20:00:00
0,1,43,2026-03-11 04:00:00
0,1,44,2025-05-24 20:00:00
0,0,42,2026-02-13 00:00:00
1,1,42,2026-03-11 12:00:00
0,0,45,2025-05-24 16:00:00
0,0,45,2025-06-01 08:00:00
0,0,41,2025-05-24 04:00:00
0,0,43,2026-02-13 16:00:00
0,1,42,2025-05-24 08:00:00
0,0,41,2025-06-01 00:00:00
0,0,44,2026-03-11 16:00:00
0,0,43,2025-01-11 08:00:00
0,0,42,2026-03-11 04:00:00
0,0,43,2026-03-11 00:00:00
0,0,45,2025-06-01 20:00:00
1,0,41,2026-02-13 16:00:00
0,0,44,2025-06-01 16:00:00
0,0,43,2025-06-01 16:00:00
0,0,42,2025-06-01 08:00:00
0,0,43,2025-01-11 00:00:00
0,0,41,2025-05-24 00:00:00
0,0,44,2026-02-13 16:00:00
0,0,41,2025-01-11 04:00:00
0,0,44,2025-06-01 04:00:00
0,0,45,2025-05-24 20:00:00
0,0,45,2026-03-11 08:00:00
1,1,41,2026-03-11 12:00:00
1,2,41,2025-05-24 16:00:00
0,1,44,2026-02-13 12:00:00
0,1,43,2025-06-01 08:00:00
0,0,45,2025-05-24 04:00:00
0,0,45,2026-02-13 04:00:00
0,0,42,2026-02-13 08:00:00
0,0,43,2025-06-01 00:00:00
0,0,43,2025-06-01 04:00:00
0,0,42,2025-01-11 04:00:00
1,0,42,2025-05-24 12:00:00
0,0,45,2025-01-11 08:00:00
0,0,45,2025-01-11 20:00:00
0,1,44,2025-01-11 08:00:00
0,0,43,2025-01-11 20:00:00
1,1,43,2026-03-11 08:00:00
0,0,42,2026-02-13 12:00:00
0,0,44,2026-03-11 00:00:00
0,0,44,2025-01-11 00:00:00
0,0,41,2026-03-11 20:00:00
0,0,44,2025-05-24 00:00:00
0,0,41,2026-02-13 04:00:00
0,1,44,2025-05-24 08:00:00
0,0,45,2025-01-11 04:00:00
0,0,45,2025-06-01 04:00:00
1,0,41,2025-01-11 08:00:00
0,0,41,2026-03-11 04:00:00
0,0,43,2026-02-13 00:00:00
1,0,41,2026-03-11 08:00:00
0,0,42,2025-05-24 04:00:00
0,0,42,2026-02-13 20:00:00
0,0,41,2025-01-11 00:00:00
0,0,43,2025-05-24 08:00:00
0,0,44,2025-06-01 00:00:00
0,0,45,2025-01-11 12:00:00
1,1,41,2025-01-11 12:00:00
0,0,42,2025-05-24 16:00:00
0,0,42,2025-01-11 00:00:00
1,0,41,2026-02-13 08:00:00
0,0,42,2025-01-11 08:00:00
0,0,45,2025-06-01 16:00:00
0,0,42,2025-05-24 20:00:00
0,0,44,2026-03-11 12:00:00
0,0,42,2025-01-11 12:00:00
0,0,45,2026-02-13 12:00:00
0,0,45,2025-01-11 00:00:00
0,0,45,2025-06-01 12:00:00
0,0,45,2026-02-13 16:00:00
0,0,41,2025-06-01 04:00:00
0,0,42,2025-06-01 00:00:00
0,0,42,2026-03-11 16:00:00
0,0,45,2026-03-11 00:00:00
0,0,43,2025-05-24 00:00:00
0,0,36,2025-06-01 12:00:00
0,0,37,2025-05-24 08:00:00
0,0,36,2025-01-11 04:00:00
0,0,36,2026-03-11 16:00:00
0,0,39,2025-01-11 04:00:00
0,0,36,2025-05-24 20:00:00
0,0,40,2026-03-11 12:00:00
0,0,23,2025-02-27 00:00:00
4,0,22,2025-02-27 12:00:00
1,0,23,2025-03-21 12:00:00
2,0,21,2025-03-21 12:00:00
4,0,22,2025-03-12 16:00:00
0,0,25,2025-03-21 20:00:00
2,0,23,2025-04-15 04:00:00
2,0,23,2025-03-21 08:00:00
2,1,24,2025-03-12 20:00:00
2,0,23,2025-03-12 04:00:00
1,0,21,2025-02-27 12:00:00
2,0,21,2025-02-27 16:00:00
2,0,22,2025-03-12 00:00:00
2,0,21,2025-03-12 00:00:00
2,0,25,2025-09-22 08:00:00
2,1,24,2025-02-27 20:00:00
4,1,24,2025-03-12 16:00:00
4,0,22,2025-04-15 12:00:00
4,0,24,2025-02-27 08:00:00
2,0,22,2025-02-27 00:00:00
2,0,22,2025-03-12 20:00:00
0,0,25,2025-04-15 20:00:00
3,0,25,2025-03-21 16:00:00
2,0,21,2025-03-12 20:00:00
2,0,22,2025-09-22 16:00:00
4,0,25,2025-03-21 12:00:00
2,0,22,2025-09-22 20:00:00
0,0,25,2025-03-21 00:00:00
2,0,22,2025-09-22 04:00:00
2,0,21,2025-09-22 00:00:00
0,0,23,2025-03-12 20:00:00
2,0,24,2025-02-27 00:00:00
3,0,24,2025-04-15 20:00:00
2,0,21,2025-04-15 00:00:00
4,0,24,2025-03-12 08:00:00
0,0,25,2025-03-12 00:00:00
1,0,21,2025-04-15 16:00:00
0,0,23,2025-02-27 20:00:00
2,0,25,2025-04-15 04:00:00
2,0,21,2025-04-15 04:00:00
2,0,22,2025-03-21 08:00:00
2,0,21,2025-04-15 20:00:00
2,0,24,2025-04-15 00:00:00
1,0,23,2025-04-15 16:00:00
1,0,23,2025-04-15 08:00:00
2,0,25,2025-03-21 04:00:00
2,0,24,2025-09-22 00:00:00
2,0,22,2025-04-15 20:00:00
1,0,21,2025-03-21 16:00:00
3,0,25,2025-09-22 16:00:00
2,0,21,2025-09-22 16:00:00
0,0,25,2025-04-15 00:00:00
1,0,22,2025-04-15 08:00:00
1,0,21,2025-04-15 08:00:00
0,0,23,2025-03-21 00:00:00
2,0,24,2025-03-21 04:00:00
2,0,24,2025-09-22 04:00:00
2,0,21,2025-02-27 00:00:00
4,0,24,2025-03-21 16:00:00
0,0,23,2025-04-15 00:00:00
2,0,22,2025-02-27 20:00:00
2,0,24,2025-03-21 00:00:00
2,0,22,2025-03-21 04:00:00
0,0,23,2025-09-22 04:00:00
2,0,22,2025-09-22 00:00:00
0,0,25,2025-09-22 00:00:00
4,0,24,2025-03-12 12:00:00
1,0,23,2025-03-21 16:00:00
0,0,25,2025-02-27 00:00:00
2,0,22,2025-02-27 16:00:00
2,0,22,2025-04-15 00:00:00
1,0,22,2025-04-15 16:00:00
2,0,21,2025-09-22 20:00:00
2,0,24,2025-09-22 20:00:00
1,0,21,2025-04-15 12:00:00
0,0,23,2025-09-22 00:00:00
4,0,22,2025-03-21 16:00:00
0,0,23,2025-02-27 04:00:00
4,1,24,2025-09-22 16:00:00
3,0,25,2025-04-15 16:00:00
0,0,23,2025-03-21 20:00:00
2,0,21,2025-03-21 20:00:00
2,0,21,2025-03-21 00:00:00
3,0,25,2025-04-15 12:00:00
4,0,22,2025-03-12 12:00:00
4,0,24,2025-02-27 12:00:00
2,0,25,2025-02-27 16:00:00
2,0,21,2025-02-27 04:00:00
2,0,21,2025-03-12 08:00:00
4,0,24,2025-03-21 12:00:00
2,0,23,2025-09-22 08:00:00
3,0,25,2025-09-22 12:00:00
2,1,24,2025-03-21 20:00:00
2,0,22,2025-02-27 08:00:00
2,0,21,2025-03-21 04:00:00
2,0,25,2025-09-22 04:00:00
2,0,25,2025-03-12 04:00:00
2,0,24,2025-03-12 04:00:00
2,0,24,2025-02-27 04:00:00
2,0,22,2025-03-12 08:00:00
0,0,23,2025-03-12 00:00:00
2,0,24,2025-09-22 08:00:00
0,0,23,2025-09-22 20:00:00
0,0,25,2025-09-22 20:00:00
2,0,21,2025-09-22 12:00:00
2,0,22,2025-04-15 04:00:00
2,0,24,2025-04-15 04:00:00
1,0,23,2025-03-12 12:00:00
2,0,21,2025-09-22 04:00:00
1,0,23,2025-02-27 12:00:00
2,0,25,2025-02-27 04:00:00
4,0,24,2025-09-22 12:00:00
1,0,21,2025-03-12 16:00:00
2,0,22,2025-03-12 04:00:00
2,0,21,2025-03-12 04:00:00
1,0,25,2025-02-27 12:00:00
0,0,23,2025-09-22 16:00:00
0,0,15,2025-03-12 16:00:00
0,0,13,2025-02-27 00:00:00
1,0,13,2025-03-12 12:00:00
0,0,13,2025-02-27 04:00:00
0,0,12,2025-02-27 20:00:00
0,0,15,2025-03-21 00:00:00
0,0,13,2025-02-27 16:00:00
0,0,13,2025-09-22 00:00:00
0,0,11,2025-03-12 00:00:00
0,0,11,2025-09-22 20:00:00
0,0,13,2025-04-15 16:00:00
0,0,12,2025-04-15 12:00:00
0,0,11,2025-03-21 08:00:00
0,0,11,2025-03-12 08:00:00
0,0,14,2025-02-27 04:00:00
0,0,14,2025-02-27 20:00:00
0,0,15,2025-04-15 04:00:00
0,0,12,2025-09-22 04:00:00
0,0,15,2025-03-21 20:00:00
0,0,14,2025-03-21 04:00:00
0,0,15,2025-09-22 00:00:00
0,0,13,2025-09-22 12:00:00
0,0,13,2025-03-21 16:00:00
0,0,11,2025-04-15 00:00:00
4,0,11,2025-02-27 12:00:00
0,0,15,2025-03-12 20:00:00
0,0,14,2025-02-27 00:00:00
0,0,15,2025-03-21 08:00:00
0,0,12,2025-03-21 08:00:00
0,0,11,2025-09-22 08:00:00
0,0,12,2025-04-15 04:00:00
0,0,14,2025-09-22 00:00:00
0,0,14,2025-03-12 00:00:00
0,0,12,2025-02-27 08:00:00
0,0,11,2025-09-22 12:00:00
0,0,14,2025-04-15 12:00:00
4,0,11,2025-04-15 12:00:00
0,0,14,2025-04-15 08:00:00
0,0,15,2025-02-27 20:00:00
0,0,12,2025-03-12 00:00:00
0,0,13,2025-03-12 20:00:00
0,0,12,2025-03-12 08:00:00
0,0,13,2025-09-22 16:00:00
0,0,13,2025-09-22 08:00:00
0,0,11,2025-09-22 04:00:00
0,0,13,2025-04-15 20:00:00
0,0,15,2025-04-15 20:00:00
0,0,12,2025-04-15 20:00:00
0,0,11,2025-04-15 20:00:00
0,0,14,2025-02-27 16:00:00
0,0,13,2025-02-27 12:00:00
0,0,14,2025-03-12 20:00:00
0,0,12,2025-03-12 20:00:00
0,0,12,2025-02-27 00:00:00
0,0,15,2025-03-12 08:00:00
0,0,12,2025-02-27 04:00:00
0,0,14,2025-09-22 12:00:00
0,0,13,2025-03-12 16:00:00
0,0,13,2025-04-15 00:00:00
0,0,12,2025-02-27 12:00:00
0,0,11,2025-02-27 00:00:00
0,0,12,2025-03-12 12:00:00
0,0,14,2025-04-15 04:00:00
0,0,11,2025-03-12 04:00:00
0,0,12,2025-02-27 16:00:00
0,0,11,2025-09-22 00:00:00
0,0,15,2025-09-22 12:00:00
0,0,11,2025-03-12 16:00:00
0,0,14,2025-02-27 12:00:00
0,0,11,2025-02-27 04:00:00
0,0,12,2025-03-21 00:00:00
0,0,15,2025-03-12 00:00:00
0,0,15,2025-03-21 16:00:00
0,0,14,2025-03-12 16:00:00
0,0,14,2025-04-15 00:00:00
0,0,15,2025-04-15 00:00:00
4,0,15,2025-04-15 12:00:00
0,0,12,2025-04-15 00:00:00
0,0,11,2025-03-21 04:00:00
0,0,12,2025-03-21 16:00:00
4,0,15,2025-02-27 12:00:00
0,0,13,2025-03-21 08:00:00
0,0,12,2025-09-22 08:00:00
0,0,13,2025-04-15 04:00:00
0,0,13,2025-03-21 00:00:00
0,0,11,2025-02-27 16:00:00
0,0,12,2025-09-22 20:00:00
0,0,11,2025-02-27 08:00:00
0,0,13,2025-03-21 12:00:00
4,0,11,2025-03-21 12:00:00
0,0,13,2025-04-15 08:00:00
0,0,12,2025-04-15 08:00:00
0,0,11,2025-02-27 20:00:00
0,0,15,2025-03-12 04:00:00
0,0,12,2025-03-12 04:00:00
0,0,14,2025-03-21 00:00:00
0,0,12,2025-03-21 04:00:00
0,0,13,2025-09-22 20:00:00
0,0,15,2025-04-15 16:00:00
0,0,15,2025-02-27 00:00:00
0,0,15,2025-02-27 04:00:00
0,0,15,2025-09-22 08:00:00
0,0,15,2025-09-22 04:00:00
0,0,15,2025-02-27 08:00:00
0,0,14,2025-04-15 16:00:00
0,0,12,2025-03-12 16:00:00
0,0,12,2025-04-15 16:00:00
0,0,11,2025-03-12 20:00:00
1,0,14,2025-03-12 12:00:00
0,0,13,2025-03-12 08:00:00
4,0,15,2025-03-12 12:00:00
4,0,11,2025-03-12 12:00:00
0,0,11,2025-04-15 04:00:00
0,0,14,2025-03-12 04:00:00
0,0,13,2025-03-21 20:00:00
0,0,14,2025-02-27 08:00:00
0,0,15,2025-09-22 20:00:00
0,0,12,2025-03-21 12:00:00
0,0,14,2025-03-21 08:00:00
0,0,14,2025-09-22 16:00:00
0,0,14,2025-09-22 08:00:00
0,0,13,2025-02-27 20:00:00
0,0,13,2025-03-12 04:00:00
0,0,12,2025-03-21 20:00:00
0,0,11,2025-03-21 20:00:00
0,0,14,2025-04-15 20:00:00
0,0,12,2025-09-22 00:00:00
0,0,14,2025-09-22 20:00:00
0,0,12,2025-09-22 12:00:00
0,0,11,2025-03-21 16:00:00
0,0,11,2025-04-15 16:00:00
0,0,15,2025-04-15 08:00:00
0,0,11,2025-04-15 08:00:00
0,0,14,2025-03-12 08:00:00
0,0,15,2025-09-22 16:00:00
0,0,12,2025-09-22 16:00:00
0,0,11,2025-09-22 16:00:00
0,0,14,2025-09-22 04:00:00
0,0,13,2025-09-22 04:00:00
0,0,14,2025-03-21 20:00:00
0,0,15,2025-02-27 16:00:00
0,0,13,2025-02-27 08:00:00
0,0,14,2025-03-21 12:00:00
0,0,14,2025-03-21 16:00:00
4,0,15,2025-03-21 12:00:00
0,0,13,2025-04-15 12:00:00
0,0,13,2025-03-21 04:00:00
0,0,15,2025-03-21 04:00:00
0,0,11,2025-03-21 00:00:00
0,0,13,2025-03-12 00:00:00
2,0,07,2025-04-15 00:00:00
4,4,08,2025-04-15 08:00:00
1,3,06,2025-04-15 08:00:00
2,0,07,2025-09-22 20:00:00
0,0,09,2025-04-15 00:00:00
0,0,10,2025-04-15 00:00:00
2,0,07,2025-03-21 20:00:00
0,0,09,2025-03-12 20:00:00
2,0,06,2025-03-21 00:00:00
2,1,07,2025-02-27 04:00:00
4,4,08,2025-02-27 20:00:00
4,4,08,2025-04-15 04:00:00
4,3,08,2025-03-21 04:00:00
2,2,06,2025-09-22 04:00:00
0,0,09,2025-03-21 00:00:00
0,0,10,2025-02-27 16:00:00
0,0,09,2025-03-12 00:00:00
2,2,07,2025-03-12 08:00:00
2,0,06,2025-03-12 00:00:00
0,0,10,2025-03-12 16:00:00
4,0,09,2025-04-15 12:00:00
2,1,07,2025-02-27 20:00:00
0,0,09,2025-04-15 08:00:00
0,0,10,2025-03-12 08:00:00
2,2,06,2025-03-21 04:00:00
0,0,10,2025-04-15 04:00:00
2,0,06,2025-04-15 20:00:00
0,0,09,2025-02-27 08:00:00
0,0,09,2025-09-22 20:00:00
2,2,07,2025-04-15 08:00:00
2,1,07,2025-03-12 16:00:00
0,0,10,2025-03-12 20:00:00
2,2,07,2025-04-15 12:00:00
2,1,07,2025-04-15 20:00:00
0,0,10,2025-04-15 20:00:00
0,0,10,2025-03-12 00:00:00
2,1,06,2025-09-22 16:00:00
4,4,08,2025-03-12 08:00:00
2,0,06,2025-04-15 00:00:00
4,2,06,2025-03-21 12:00:00
2,0,07,2025-03-12 00:00:00
4,0,09,2025-02-27 12:00:00
2,2,07,2025-02-27 08:00:00
0,0,09,2025-09-22 08:00:00
4,4,08,2025-03-12 12:00:00
4,4,08,2025-03-21 08:00:00
4,4,08,2025-09-22 04:00:00
0,0,09,2025-04-15 04:00:00
2,1,07,2025-03-12 20:00:00
0,0,10,2025-02-27 08:00:00
0,0,09,2025-09-22 12:00:00
4,4,08,2025-09-22 08:00:00
1,0,06,2025-03-12 16:00:00
4,0,09,2025-03-12 12:00:00
4,4,08,2025-02-27 08:00:00
4,4,08,2025-04-15 20:00:00
4,4,08,2025-03-12 04:00:00
2,1,07,2025-04-15 16:00:00
2,1,06,2025-03-21 20:00:00
0,0,09,2025-02-27 00:00:00
0,0,09,2025-03-12 08:00:00
2,0,07,2025-03-21 04:00:00
4,0,08,2025-09-22 00:00:00
0,0,09,2025-03-12 04:00:00
4,4,08,2025-02-27 12:00:00
0,0,09,2025-02-27 16:00:00
2,1,06,2025-02-27 04:00:00
4,0,10,2025-09-22 12:00:00
2,2,07,2025-09-22 08:00:00
0,0,09,2025-04-15 16:00:00
4,4,08,2025-09-22 12:00:00
0,0,10,2025-02-27 04:00:00
0,0,09,2025-02-27 20:00:00
0,0,10,2025-02-27 20:00:00
2,0,06,2025-09-22 00:00:00
2,2,07,2025-03-12 12:00:00
2,1,07,2025-09-22 04:00:00
0,0,10,2025-03-12 04:00:00
2,3,06,2025-03-12 08:00:00
4,4,08,2025-03-21 12:00:00
2,2,07,2025-03-21 12:00:00
0,0,10,2025-03-21 16:00:00
2,2,06,2025-09-22 08:00:00
2,2,07,2025-09-22 12:00:00
4,4,08,2025-03-12 20:00:00
4,3,08,2025-02-27 04:00:00
2,2,07,2025-09-22 16:00:00
1,1,06,2025-04-15 16:00:00
0,0,10,2025-04-15 16:00:00
2,1,06,2025-02-27 20:00:00
2,2,08,2025-03-21 00:00:00
0,0,09,2025-02-27 04:00:00
2,3,06,2025-02-27 08:00:00
1,2,06,2025-03-21 16:00:00
2,2,07,2025-03-21 16:00:00
4,0,08,2025-03-12 00:00:00
4,4,08,2025-04-15 16:00:00
2,2,07,2025-03-21 08:00:00
4,4,08,2025-03-21 16:00:00
0,0,10,2025-03-21 20:00:00
2,2,06,2025-03-12 04:00:00
1,2,06,2025-02-27 12:00:00
2,2,07,2025-02-27 12:00:00
0,0,10,2025-09-22 00:00:00
2,2,07,2025-02-27 16:00:00
0,0,09,2025-03-21 16:00:00
0,0,10,2025-03-21 08:00:00
0,0,09,2025-09-22 16:00:00
1,1,06,2025-04-15 12:00:00
0,0,10,2025-09-22 08:00:00
0,0,09,2025-09-22 04:00:00
2,1,07,2025-03-12 04:00:00
2,1,06,2025-02-27 16:00:00
0,0,10,2025-09-22 20:00:00
4,0,10,2025-04-15 12:00:00
4,0,10,2025-02-27 12:00:00
4,4,08,2025-03-12 16:00:00
4,4,08,2025-03-21 20:00:00
0,0,09,2025-03-21 08:00:00
4,0,10,2025-03-12 12:00:00
2,2,06,2025-04-15 04:00:00
0,0,10,2025-09-22 16:00:00
4,4,08,2025-04-15 12:00:00
2,0,07,2025-09-22 00:00:00
0,0,09,2025-09-22 00:00:00
4,0,10,2025-03-21 12:00:00
4,4,08,2025-09-22 20:00:00
2,2,07,2025-04-15 04:00:00
0,0,10,2025-09-22 04:00:00
2,0,06,2025-02-27 00:00:00
4,0,09,2025-03-21 12:00:00
0,0,10,2025-02-27 00:00:00
4,2,06,2025-03-12 12:00:00
2,0,07,2025-02-27 00:00:00
0,0,09,2025-04-15 20:00:00
0,0,09,2025-03-21 04:00:00
0,0,10,2025-03-21 00:00:00
4,1,08,2025-04-15 00:00:00
0,0,09,2025-03-12 16:00:00
2,2,06,2025-09-22 12:00:00
2,1,06,2025-09-22 20:00:00
0,0,10,2025-04-15 08:00:00
2,0,07,2025-03-21 00:00:00
2,3,06,2025-03-21 08:00:00
4,1,08,2025-02-27 00:00:00
2,0,06,2025-03-12 20:00:00
0,0,09,2025-03-21 20:00:00
0,0,10,2025-03-21 04:00:00
4,4,08,2025-02-27 16:00:00
4,4,08,2025-09-22 16:00:00
2,0,26,2025-03-12 08:00:00
1,0,27,2025-03-21 12:00:00
0,0,27,2025-03-21 20:00:00
2,1,28,2025-03-21 00:00:00
0,0,29,2025-09-22 04:00:00
3,0,30,2025-03-12 20:00:00
3,0,30,2025-04-15 20:00:00
2,4,28,2025-03-12 04:00:00
0,0,26,2025-04-15 16:00:00
1,0,27,2025-04-15 08:00:00
0,0,26,2025-09-22 12:00:00
3,0,29,2025-03-12 16:00:00
0,0,29,2025-04-15 04:00:00
1,0,26,2025-03-12 12:00:00
4,4,28,2025-03-12 12:00:00
0,0,26,2025-09-22 20:00:00
3,0,30,2025-09-22 04:00:00
0,0,29,2025-09-22 00:00:00
2,0,28,2025-02-27 00:00:00
1,0,26,2025-02-27 12:00:00
4,4,28,2025-02-27 12:00:00
3,0,30,2025-02-27 16:00:00
3,0,28,2025-04-15 00:00:00
0,0,26,2025-03-21 20:00:00
3,0,30,2025-02-27 08:00:00
3,0,30,2025-04-15 12:00:00
2,0,29,2025-03-21 08:00:00
3,0,30,2025-03-21 16:00:00
3,0,29,2025-02-27 12:00:00
0,0,29,2025-02-27 16:00:00
3,0,30,2025-03-12 08:00:00
1,0,27,2025-03-12 08:00:00
0,0,29,2025-09-22 20:00:00
0,0,27,2025-03-12 16:00:00
3,0,30,2025-04-15 04:00:00
2,0,30,2025-03-21 04:00:00
0,0,29,2025-03-21 04:00:00
1,0,27,2025-03-12 12:00:00
2,0,26,2025-03-21 08:00:00
0,0,30,2025-02-27 00:00:00
0,0,26,2025-03-12 20:00:00
0,0,26,2025-03-21 16:00:00
0,0,29,2025-04-15 20:00:00
0,0,26,2025-02-27 04:00:00
0,0,26,2025-03-12 00:00:00
0,0,27,2025-03-21 00:00:00
1,0,27,2025-04-15 12:00:00
1,0,26,2025-04-15 12:00:00
0,0,27,2025-03-12 20:00:00
0,0,27,2025-04-15 20:00:00
0,0,26,2025-02-27 00:00:00
1,0,27,2025-02-27 12:00:00
0,0,29,2025-04-15 00:00:00
3,0,30,2025-09-22 12:00:00
4,4,28,2025-04-15 08:00:00
3,0,30,2025-03-21 20:00:00
0,0,26,2025-03-12 16:00:00
3,4,28,2025-04-15 04:00:00
0,0,27,2025-03-21 04:00:00
1,0,29,2025-03-12 12:00:00
2,4,28,2025-02-27 04:00:00
0,0,30,2025-04-15 00:00:00
1,0,26,2025-03-21 12:00:00
3,0,28,2025-03-12 00:00:00
3,0,30,2025-04-15 16:00:00
0,0,29,2025-03-21 00:00:00
0,0,26,2025-03-21 04:00:00
4,4,28,2025-04-15 12:00:00
0,0,30,2025-09-22 00:00:00
0,0,26,2025-04-15 20:00:00
0,0,27,2025-02-27 04:00:00
3,0,30,2025-09-22 16:00:00
0,0,27,2025-03-12 00:00:00
0,0,27,2025-04-15 16:00:00
3,0,30,2025-04-15 08:00:00
3,0,29,2025-04-15 08:00:00
0,0,29,2025-03-21 20:00:00
4,4,28,2025-02-27 08:00:00
2,0,27,2025-03-21 08:00:00
0,0,27,2025-09-22 00:00:00
0,0,26,2025-09-22 00:00:00
4,3,28,2025-03-12 20:00:00
0,0,29,2025-02-27 00:00:00
0,0,29,2025-03-21 16:00:00
3,0,30,2025-03-12 04:00:00
2,0,30,2025-02-27 04:00:00
4,4,28,2025-02-27 16:00:00
0,0,29,2025-09-22 16:00:00
0,0,26,2025-04-15 00:00:00
3,0,29,2025-03-12 08:00:00
4,4,28,2025-09-22 12:00:00
3,0,29,2025-09-22 12:00:00
2,0,29,2025-02-27 08:00:00
0,0,29,2025-03-12 20:00:00
4,4,28,2025-03-12 08:00:00
3,0,30,2025-09-22 08:00:00
3,0,29,2025-09-22 08:00:00
0,0,27,2025-09-22 20:00:00
1,0,26,2025-04-15 08:00:00
0,0,30,2025-02-27 20:00:00
4,4,28,2025-03-12 16:00:00
0,0,27,2025-04-15 04:00:00
0,0,27,2025-03-21 16:00:00
4,4,28,2025-03-21 16:00:00
0,0,26,2025-03-12 04:00:00
0,0,29,2025-03-12 04:00:00
2,0,27,2025-09-22 08:00:00
0,0,27,2025-02-27 20:00:00
0,0,26,2025-02-27 20:00:00
3,0,29,2025-04-15 12:00:00
0,0,27,2025-09-22 04:00:00
0,0,27,2025-03-12 04:00:00
3,0,30,2025-03-21 12:00:00
4,4,28,2025-03-21 12:00:00
3,0,29,2025-03-21 12:00:00
4,4,28,2025-09-22 08:00:00
3,0,29,2025-04-15 16:00:00
0,0,26,2025-03-21 00:00:00
2,0,27,2025-02-27 08:00:00
3,0,30,2025-03-21 08:00:00
0,0,26,2025-09-22 04:00:00
3,0,28,2025-09-22 00:00:00
2,4,28,2025-09-22 04:00:00
3,3,28,2025-04-15 20:00:00
4,4,28,2025-04-15 16:00:00
3,3,28,2025-02-27 20:00:00
3,0,30,2025-03-12 16:00:00
0,0,30,2025-03-21 00:00:00
2,4,28,2025-03-21 04:00:00
3,0,30,2025-03-12 12:00:00
0,0,26,2025-02-27 16:00:00
0,0,29,2025-02-27 04:00:00
0,0,27,2025-09-22 16:00:00
4,4,28,2025-09-22 16:00:00
0,0,27,2025-04-15 00:00:00
0,0,29,2025-03-12 00:00:00
1,0,27,2025-09-22 12:00:00
2,0,26,2025-02-27 08:00:00
3,0,30,2025-02-27 12:00:00
0,0,26,2025-09-22 16:00:00
0,0,30,2025-03-12 00:00:00
0,0,26,2025-09-22 08:00:00
0,0,30,2025-09-22 20:00:00
3,3,28,2025-09-22 20:00:00
0,0,29,2025-02-27 20:00:00
3,3,28,2025-03-21 20:00:00
0,0,26,2025-04-15 04:00:00
4,4,28,2025-03-21 08:00:00
0,0,27,2025-02-27 00:00:00
0,0,27,2025-02-27 16:00:00
0,0,44,2025-02-27 00:00:00
1,0,41,2025-03-12 04:00:00
0,1,41,2025-09-22 16:00:00
0,0,45,2025-04-15 08:00:00
0,0,41,2025-04-15 04:00:00
0,0,44,2025-04-15 04:00:00
0,0,45,2025-02-27 12:00:00
0,0,44,2025-02-27 16:00:00
0,0,42,2025-09-22 16:00:00
0,0,45,2025-03-12 08:00:00
1,0,43,2025-03-12 08:00:00
0,0,45,2025-03-12 12:00:00
0,0,44,2025-09-22 00:00:00
1,0,41,2025-02-27 16:00:00
0,0,43,2025-02-27 04:00:00
1,1,41,2025-03-12 08:00:00
0,0,45,2025-09-22 08:00:00
0,0,44,2025-09-22 08:00:00
0,0,42,2025-09-22 08:00:00
1,1,41,2025-04-15 08:00:00
0,0,41,2025-09-22 20:00:00
1,0,42,2025-04-15 08:00:00
0,0,42,2025-03-21 20:00:00
0,1,44,2025-02-27 08:00:00
0,0,41,2025-09-22 04:00:00
0,0,43,2025-09-22 00:00:00
0,0,42,2025-03-12 04:00:00
1,0,42,2025-03-12 08:00:00
0,0,43,2025-03-21 12:00:00
0,0,42,2025-03-12 00:00:00
0,0,44,2025-04-15 16:00:00
0,0,45,2025-09-22 12:00:00
0,0,43,2025-09-22 20:00:00
0,0,45,2025-03-21 20:00:00
0,0,45,2025-03-21 04:00:00
0,0,45,2025-09-22 00:00:00
1,0,41,2025-03-21 08:00:00
0,0,43,2025-09-22 04:00:00
0,0,42,2025-09-22 04:00:00
0,0,45,2025-03-21 12:00:00
0,0,44,2025-04-15 08:00:00
0,0,45,2025-02-27 20:00:00
0,0,44,2025-03-12 16:00:00
0,0,43,2025-03-21 20:00:00
0,0,44,2025-03-21 04:00:00
1,2,41,2025-03-12 12:00:00
0,1,44,2025-03-12 12:00:00
0,0,41,2025-03-12 20:00:00
0,0,44,2025-03-21 16:00:00
0,0,45,2025-09-22 16:00:00
0,0,42,2025-09-22 20:00:00
0,0,42,2025-03-21 00:00:00
1,0,42,2025-04-15 12:00:00
0,0,45,2025-03-21 08:00:00
0,0,44,2025-09-22 04:00:00
0,0,42,2025-09-22 00:00:00
0,0,44,2025-04-15 20:00:00
0,0,43,2025-03-12 20:00:00
0,0,43,2025-03-21 16:00:00
0,1,44,2025-02-27 12:00:00
0,0,44,2025-02-27 04:00:00
0,0,43,2025-09-22 16:00:00
0,0,41,2025-03-12 00:00:00
0,0,42,2025-04-15 16:00:00
0,0,45,2025-04-15 04:00:00
0,0,42,2025-04-15 04:00:00
0,0,44,2025-03-12 20:00:00
0,0,43,2025-04-15 00:00:00
0,0,42,2025-04-15 00:00:00
0,1,44,2025-03-21 12:00:00
0,0,44,2025-03-21 20:00:00
1,2,41,2025-04-15 12:00:00
0,0,42,2025-02-27 08:00:00
0,0,44,2025-03-12 00:00:00
0,0,45,2025-04-15 16:00:00
0,0,43,2025-04-15 16:00:00
0,1,44,2025-09-22 12:00:00
0,0,42,2025-09-22 12:00:00
0,0,41,2025-03-21 00:00:00
0,0,43,2025-03-21 00:00:00
0,0,43,2025-03-21 04:00:00
0,0,42,2025-03-21 04:00:00
1,0,43,2025-03-12 12:00:00
0,0,45,2025-03-12 20:00:00
1,0,42,2025-02-27 12:00:00
0,0,42,2025-02-27 16:00:00
0,0,44,2025-04-15 00:00:00
1,2,41,2025-03-12 16:00:00
0,0,43,2025-04-15 04:00:00
0,0,45,2025-04-15 12:00:00
0,0,41,2025-03-21 04:00:00
0,0,44,2025-03-21 08:00:00
0,0,45,2025-03-21 16:00:00
0,0,41,2025-04-15 20:00:00
0,0,42,2025-04-15 20:00:00
1,0,43,2025-02-27 12:00:00
0,0,45,2025-02-27 04:00:00
1,1,43,2025-04-15 08:00:00
0,0,45,2025-03-21 00:00:00
0,0,45,2025-02-27 08:00:00
0,0,43,2025-02-27 08:00:00
0,0,45,2025-02-27 00:00:00
0,0,41,2025-04-15 00:00:00
0,1,44,2025-03-12 08:00:00
1,2,41,2025-04-15 16:00:00
0,1,43,2025-09-22 08:00:00
0,0,44,2025-09-22 20:00:00
0,0,44,2025-02-27 20:00:00
0,0,42,2025-02-27 20:00:00
0,0,41,2025-03-21 20:00:00
1,0,41,2025-02-27 08:00:00
1,0,43,2025-04-15 12:00:00
0,0,41,2025-09-22 00:00:00
0,0,43,2025-04-15 20:00:00
0,0,42,2025-02-27 00:00:00
0,0,42,2025-03-12 20:00:00
0,0,42,2025-03-21 16:00:00
0,0,43,2025-02-27 16:00:00
1,2,41,2025-09-22 12:00:00
0,0,43,2025-02-27 20:00:00
0,0,42,2025-03-12 16:00:00
0,0,44,2025-03-21 00:00:00
0,0,45,2025-09-22 04:00:00
1,0,42,2025-03-12 12:00:00
0,0,42,2025-03-21 08:00:00
0,0,45,2025-03-12 04:00:00
0,0,45,2025-04-15 00:00:00
1,0,41,2025-09-22 08:00:00
0,0,45,2025-09-22 20:00:00
0,0,41,2025-02-27 20:00:00
0,0,45,2025-03-12 16:00:00
0,0,43,2025-03-12 16:00:00
0,0,44,2025-04-15 12:00:00
0,0,43,2025-03-21 08:00:00
0,0,45,2025-04-15 20:00:00
0,0,43,2025-02-27 00:00:00
0,0,43,2025-03-12 04:00:00
1,0,41,2025-02-27 12:00:00
0,0,44,2025-09-22 16:00:00
0,0,45,2025-03-12 00:00:00
1,2,41,2025-03-21 12:00:00
0,0,43,2025-03-12 00:00:00
1,0,42,2025-03-21 12:00:00
0,1,43,2025-09-22 12:00:00
0,0,41,2025-02-27 00:00:00
1,2,41,2025-03-21 16:00:00
0,0,44,2025-03-12 04:00:00
0,0,45,2025-02-27 16:00:00
0,0,41,2025-02-27 04:00:00
0,0,42,2025-02-27 04:00:00
1,0,40,2025-03-12 08:00:00
0,1,38,2025-03-21 12:00:00
1,0,36,2025-04-15 08:00:00
0,0,40,2025-02-27 20:00:00
0,0,38,2025-03-21 00:00:00
1,1,39,2025-04-15 12:00:00
4,2,24,2026-03-18 16:00:00
2,0,24,2025-11-05 04:00:00
1,0,21,2025-05-06 12:00:00
0,0,23,2025-11-05 00:00:00
2,0,21,2025-11-24 16:00:00
0,0,25,2026-03-18 00:00:00
2,0,21,2025-05-06 00:00:00
4,0,24,2025-05-06 16:00:00
0,0,25,2025-08-13 20:00:00
2,0,24,2025-11-24 00:00:00
2,0,22,2026-03-18 20:00:00
2,0,22,2025-11-05 04:00:00
2,0,25,2025-11-05 04:00:00
4,0,24,2025-08-13 08:00:00
2,0,25,2025-05-06 08:00:00
1,0,23,2025-05-06 12:00:00
3,0,25,2025-08-13 16:00:00
2,0,22,2025-11-24 04:00:00
2,0,24,2025-11-24 04:00:00
2,0,22,2025-11-24 20:00:00
2,0,21,2026-03-18 00:00:00
2,0,23,2025-11-24 08:00:00
2,0,22,2025-08-13 08:00:00
4,0,25,2025-08-13 12:00:00
1,0,23,2025-11-05 08:00:00
0,0,25,2025-11-05 20:00:00
1,0,21,2025-11-05 12:00:00
1,0,23,2025-08-13 16:00:00
2,0,21,2025-11-05 00:00:00
2,0,22,2025-08-13 04:00:00
0,0,23,2026-03-18 00:00:00
0,0,23,2025-05-06 04:00:00
2,0,21,2025-05-06 04:00:00
3,0,25,2026-03-18 16:00:00
0,0,25,2026-03-18 20:00:00
2,0,21,2026-03-18 20:00:00
0,0,25,2025-11-05 00:00:00
4,1,24,2025-11-24 16:00:00
2,0,22,2025-05-06 00:00:00
0,0,25,2025-05-06 00:00:00
2,0,22,2025-08-13 20:00:00
2,0,21,2025-08-13 08:00:00
1,0,21,2025-11-05 16:00:00
0,0,23,2025-05-06 20:00:00
0,0,25,2025-05-06 20:00:00
3,0,24,2025-05-06 20:00:00
1,0,25,2026-03-18 12:00:00
4,0,24,2025-08-13 16:00:00
0,0,25,2025-11-24 04:00:00
2,0,24,2025-11-24 08:00:00
0,0,25,2025-11-24 00:00:00
2,0,21,2025-11-24 00:00:00
0,0,23,2026-03-18 16:00:00
1,0,21,2025-08-13 12:00:00
2,0,22,2025-11-05 08:00:00
2,0,22,2026-03-18 00:00:00
2,0,24,2025-11-24 20:00:00
0,0,23,2026-03-18 04:00:00
0,0,23,2026-03-18 20:00:00
3,0,25,2025-11-05 16:00:00
2,1,24,2026-03-18 20:00:00
2,0,21,2025-11-05 08:00:00
3,0,25,2025-05-06 12:00:00
2,0,21,2025-11-05 20:00:00
4,1,24,2025-05-06 12:00:00
2,0,24,2025-08-13 00:00:00
4,0,22,2025-08-13 16:00:00
0,0,23,2025-11-24 20:00:00
0,0,25,2025-11-24 20:00:00
2,0,24,2026-03-18 00:00:00
1,0,23,2025-05-06 16:00:00
2,0,22,2025-11-24 12:00:00
2,0,25,2025-11-24 08:00:00
3,0,25,2025-11-24 12:00:00
2,0,21,2025-05-06 08:00:00
1,0,23,2026-03-18 12:00:00
2,0,21,2025-08-13 16:00:00
1,0,22,2026-03-18 08:00:00
0,0,25,2025-11-24 16:00:00
2,0,25,2026-03-18 08:00:00
0,0,23,2025-05-06 00:00:00
4,0,22,2025-05-06 16:00:00
0,0,23,2025-11-24 00:00:00
2,0,25,2026-03-18 04:00:00
1,0,23,2025-05-06 08:00:00
2,0,22,2025-05-06 08:00:00
2,0,22,2025-05-06 20:00:00
4,0,24,2025-08-13 12:00:00
2,0,22,2025-08-13 00:00:00
1,0,23,2026-03-18 08:00:00
2,0,21,2025-11-24 04:00:00
2,0,21,2025-11-24 12:00:00
2,0,24,2026-03-18 04:00:00
2,0,21,2025-05-06 20:00:00
1,0,21,2026-03-18 12:00:00
2,0,22,2025-11-24 08:00:00
1,0,21,2025-05-06 16:00:00
2,0,25,2025-05-06 04:00:00
2,0,21,2025-08-13 20:00:00
1,0,21,2026-03-18 16:00:00
2,0,23,2025-08-13 08:00:00
2,0,21,2026-03-18 04:00:00
4,0,24,2025-11-05 08:00:00
4,0,22,2025-05-06 12:00:00
4,0,25,2025-11-05 12:00:00
0,0,23,2025-11-24 16:00:00
2,0,24,2025-11-05 00:00:00
2,0,25,2025-08-13 04:00:00
2,0,24,2025-05-06 00:00:00
1,0,23,2025-11-24 12:00:00
2,0,21,2025-11-24 08:00:00
0,0,23,2025-08-13 20:00:00
2,0,22,2025-05-06 04:00:00
0,0,23,2025-11-05 16:00:00
4,0,24,2025-05-06 08:00:00
4,0,22,2026-03-18 12:00:00
1,0,23,2025-11-05 12:00:00
4,0,24,2025-11-05 12:00:00
2,0,23,2025-08-13 04:00:00
0,0,23,2025-11-24 04:00:00
3,0,25,2025-05-06 16:00:00
4,0,24,2025-11-24 12:00:00
0,0,23,2025-11-05 04:00:00
2,0,21,2025-11-05 04:00:00
4,1,24,2025-11-05 16:00:00
4,0,24,2026-03-18 12:00:00
0,0,23,2025-11-05 20:00:00
4,0,22,2025-11-05 12:00:00
0,0,13,2025-05-06 08:00:00
0,0,15,2026-03-18 16:00:00
0,0,11,2025-11-24 12:00:00
0,0,13,2026-03-18 20:00:00
0,0,14,2026-03-18 12:00:00
0,0,12,2025-11-24 00:00:00
0,0,15,2025-11-05 08:00:00
0,0,15,2025-05-06 08:00:00
4,0,11,2025-05-06 12:00:00
4,0,11,2025-11-05 12:00:00
0,0,11,2025-08-13 16:00:00
0,0,13,2025-11-24 00:00:00
0,0,15,2026-03-18 04:00:00
0,0,14,2025-11-24 20:00:00
0,0,15,2025-08-13 04:00:00
0,0,15,2025-11-24 20:00:00
0,0,11,2025-08-13 04:00:00
0,0,14,2025-05-06 04:00:00
0,0,13,2025-05-06 16:00:00
0,0,13,2025-08-13 00:00:00
0,0,11,2025-08-13 00:00:00
0,0,14,2026-03-18 00:00:00
0,0,15,2025-11-05 20:00:00
0,0,12,2025-11-05 00:00:00
0,0,15,2025-11-24 16:00:00
0,0,12,2026-03-18 16:00:00
0,0,15,2025-11-05 16:00:00
0,0,11,2025-11-05 16:00:00
0,0,14,2025-11-05 08:00:00
0,0,13,2025-08-13 20:00:00
0,0,15,2025-08-13 00:00:00
0,0,15,2026-03-18 00:00:00
0,0,11,2025-11-05 00:00:00
0,0,13,2026-03-18 16:00:00
0,0,13,2025-11-05 12:00:00
0,0,13,2025-08-13 16:00:00
0,0,13,2026-03-18 08:00:00
0,0,11,2026-03-18 08:00:00
0,0,14,2025-11-24 04:00:00
0,0,14,2025-08-13 20:00:00
0,0,15,2025-05-06 04:00:00
0,0,11,2026-03-18 00:00:00
0,0,14,2026-03-18 16:00:00
0,0,13,2025-05-06 12:00:00
0,0,12,2025-05-06 12:00:00
0,0,11,2026-03-18 12:00:00
0,0,14,2026-03-18 04:00:00
0,0,12,2025-11-24 08:00:00
0,0,11,2025-11-24 04:00:00
0,0,15,2025-08-13 20:00:00
0,0,15,2025-11-05 00:00:00
0,0,14,2025-05-06 08:00:00
0,0,13,2025-11-24 16:00:00
4,0,15,2025-11-05 12:00:00
0,0,12,2025-11-05 12:00:00
0,0,15,2026-03-18 08:00:00
0,0,13,2026-03-18 12:00:00
0,0,12,2025-08-13 20:00:00
0,0,12,2025-11-24 20:00:00
0,0,13,2025-05-06 04:00:00
0,0,12,2025-08-13 00:00:00
0,0,11,2025-05-06 04:00:00
0,0,13,2025-11-05 20:00:00
0,0,13,2025-11-05 04:00:00
1,0,13,2025-08-13 12:00:00
0,0,15,2026-03-18 20:00:00
0,0,13,2025-11-05 16:00:00
0,0,14,2025-08-13 04:00:00
0,0,12,2025-05-06 20:00:00
0,0,14,2025-05-06 12:00:00
1,0,14,2025-08-13 12:00:00
0,0,11,2025-05-06 20:00:00
0,0,13,2026-03-18 00:00:00
0,0,14,2025-11-24 16:00:00
4,0,15,2025-05-06 12:00:00
0,0,12,2025-08-13 16:00:00
0,0,14,2025-11-24 08:00:00
0,0,13,2025-11-24 08:00:00
0,0,13,2026-03-18 04:00:00
0,0,11,2026-03-18 04:00:00
0,0,15,2025-11-24 04:00:00
0,0,11,2025-11-05 04:00:00
0,0,13,2025-11-24 12:00:00
0,0,15,2025-11-24 12:00:00
0,0,12,2025-11-24 16:00:00
4,0,11,2025-08-13 12:00:00
0,0,15,2025-11-24 00:00:00
0,0,12,2025-08-13 04:00:00
0,0,12,2025-05-06 04:00:00
0,0,14,2025-11-05 20:00:00
0,0,15,2025-11-05 04:00:00
0,0,12,2025-11-05 04:00:00
0,0,12,2025-11-24 12:00:00
0,0,14,2025-08-13 08:00:00
0,0,15,2025-08-13 08:00:00
0,0,11,2025-11-24 00:00:00
0,0,14,2025-11-05 16:00:00
0,0,12,2025-11-05 16:00:00
0,0,15,2025-05-06 20:00:00
0,0,14,2025-08-13 00:00:00
0,0,11,2026-03-18 16:00:00
4,0,15,2025-08-13 12:00:00
0,0,12,2025-08-13 12:00:00
0,0,12,2026-03-18 20:00:00
0,0,14,2026-03-18 08:00:00
0,0,13,2025-08-13 08:00:00
0,0,14,2025-11-24 00:00:00
0,0,11,2025-11-24 08:00:00
0,0,13,2025-11-24 04:00:00
0,0,13,2025-05-06 20:00:00
0,0,12,2025-05-06 16:00:00
0,0,11,2025-05-06 16:00:00
0,0,14,2025-11-05 04:00:00
0,0,14,2025-05-06 00:00:00
0,0,15,2025-05-06 00:00:00
0,0,12,2025-05-06 00:00:00
0,0,14,2026-03-18 20:00:00
0,0,14,2025-08-13 16:00:00
4,0,15,2026-03-18 12:00:00
0,0,13,2025-11-24 20:00:00
0,0,13,2025-11-05 08:00:00
0,0,11,2025-11-24 20:00:00
0,0,12,2025-11-05 20:00:00
0,0,14,2025-11-05 00:00:00
0,0,13,2025-11-05 00:00:00
0,0,13,2025-05-06 00:00:00
0,0,11,2025-05-06 00:00:00
0,0,11,2025-05-06 08:00:00
4,0,15,2025-08-13 16:00:00
0,0,12,2026-03-18 12:00:00
0,0,12,2026-03-18 04:00:00
0,0,13,2025-08-13 04:00:00
0,0,11,2025-11-05 08:00:00
0,0,15,2025-05-06 16:00:00
0,0,11,2025-11-05 20:00:00
0,0,11,2025-11-24 16:00:00
4,0,14,2025-11-05 12:00:00
0,0,11,2026-03-18 20:00:00
0,0,12,2025-08-13 08:00:00
0,0,12,2026-03-18 08:00:00
0,0,11,2025-08-13 20:00:00
0,0,14,2025-05-06 16:00:00
0,0,12,2026-03-18 00:00:00
0,0,14,2025-11-24 12:00:00
0,0,12,2025-05-06 08:00:00
0,0,11,2025-08-13 08:00:00
0,0,15,2025-11-24 08:00:00
0,0,12,2025-11-24 04:00:00
0,0,14,2025-05-06 20:00:00
0,0,12,2025-11-05 08:00:00
0,0,10,2026-03-18 08:00:00
0,0,09,2026-03-18 12:00:00
0,0,10,2025-11-24 08:00:00
0,0,10,2026-03-18 04:00:00
4,4,08,2026-03-18 04:00:00
2,2,07,2025-08-13 12:00:00
4,4,08,2025-11-05 08:00:00
4,4,08,2025-05-06 12:00:00
2,0,06,2025-08-13 00:00:00
2,2,07,2026-03-18 08:00:00
2,1,07,2025-11-24 04:00:00
2,2,06,2025-05-06 04:00:00
1,1,06,2026-03-18 16:00:00
0,0,10,2025-11-05 20:00:00
1,2,06,2026-03-18 12:00:00
0,0,09,2025-11-05 04:00:00
0,0,10,2025-11-05 04:00:00
4,1,08,2025-11-05 00:00:00
2,0,06,2025-11-24 16:00:00
0,0,10,2026-03-18 20:00:00
2,0,07,2025-05-06 00:00:00
4,0,10,2026-03-18 12:00:00
2,2,07,2025-08-13 08:00:00
2,2,07,2025-11-05 08:00:00
4,2,06,2025-11-05 12:00:00
1,3,06,2026-03-18 08:00:00
0,0,09,2025-11-24 12:00:00
4,0,10,2025-11-05 12:00:00
4,2,08,2025-05-06 00:00:00
2,0,08,2025-11-24 00:00:00
2,3,06,2025-08-13 08:00:00
2,2,06,2026-03-18 04:00:00
0,0,09,2025-08-13 04:00:00
2,2,07,2026-03-18 12:00:00
2,2,07,2025-05-06 12:00:00
2,0,06,2025-11-24 00:00:00
2,0,06,2026-03-18 20:00:00
2,2,06,2025-11-05 04:00:00
1,1,06,2025-11-05 16:00:00
0,0,10,2025-08-13 04:00:00
0,0,09,2025-05-06 04:00:00
0,0,10,2025-11-05 00:00:00
2,0,06,2025-11-05 00:00:00
4,0,09,2025-05-06 12:00:00
2,0,06,2025-08-13 20:00:00
0,0,10,2025-08-13 20:00:00
1,3,06,2025-05-06 08:00:00
0,0,09,2025-08-13 00:00:00
0,0,10,2025-08-13 00:00:00
4,4,08,2026-03-18 12:00:00
0,0,09,2025-05-06 08:00:00
4,0,09,2025-11-05 12:00:00
4,4,08,2025-08-13 04:00:00
2,2,06,2025-08-13 04:00:00
2,0,07,2025-11-24 20:00:00
2,2,07,2026-03-18 20:00:00
0,0,09,2025-08-13 20:00:00
2,1,07,2025-05-06 20:00:00
0,0,09,2026-03-18 00:00:00
4,4,08,2025-11-05 12:00:00
2,0,07,2025-08-13 00:00:00
2,2,07,2025-11-05 12:00:00
4,1,08,2026-03-18 00:00:00
2,0,06,2025-11-24 20:00:00
0,0,09,2025-11-24 04:00:00
0,0,10,2025-05-06 04:00:00
2,3,06,2025-11-05 08:00:00
2,0,06,2025-11-05 20:00:00
0,0,09,2025-11-05 00:00:00
4,4,08,2025-08-13 16:00:00
4,4,08,2026-03-18 08:00:00
0,0,09,2026-03-18 20:00:00
2,0,06,2026-03-18 00:00:00
0,0,09,2025-11-24 00:00:00
1,1,06,2025-11-24 12:00:00
2,1,07,2025-05-06 16:00:00
0,0,09,2026-03-18 04:00:00
4,4,08,2025-08-13 08:00:00
0,0,10,2025-05-06 20:00:00
0,0,10,2026-03-18 16:00:00
2,0,07,2026-03-18 00:00:00
4,4,08,2025-11-24 12:00:00
0,0,10,2025-11-05 16:00:00
2,2,07,2026-03-18 16:00:00
0,0,10,2025-05-06 16:00:00
4,4,08,2025-08-13 12:00:00
0,0,09,2025-11-05 20:00:00
2,1,07,2025-11-05 20:00:00
0,0,09,2025-05-06 00:00:00
4,4,08,2025-11-24 16:00:00
0,0,09,2025-11-24 16:00:00
4,0,10,2025-08-13 16:00:00
4,3,08,2025-11-24 04:00:00
4,4,08,2025-05-06 16:00:00
2,2,06,2025-11-24 08:00:00
2,1,07,2025-11-24 12:00:00
0,0,09,2025-11-05 16:00:00
2,2,07,2026-03-18 04:00:00
2,1,07,2025-11-05 16:00:00
0,0,09,2025-05-06 16:00:00
0,0,10,2026-03-18 00:00:00
2,1,07,2025-08-13 16:00:00
0,0,10,2025-05-06 00:00:00
4,0,09,2025-08-13 12:00:00
4,1,10,2025-08-13 12:00:00
0,0,10,2025-08-13 08:00:00
4,4,08,2025-11-24 08:00:00
4,0,06,2025-05-06 16:00:00
2,2,07,2025-05-06 04:00:00
2,0,07,2025-11-24 00:00:00
4,4,08,2025-11-05 20:00:00
4,1,06,2025-08-13 16:00:00
0,0,09,2026-03-18 16:00:00
0,0,10,2025-05-06 08:00:00
4,0,10,2025-05-06 12:00:00
2,2,07,2025-08-13 04:00:00
0,0,09,2025-08-13 16:00:00
4,3,08,2025-11-24 20:00:00
2,0,06,2025-05-06 00:00:00
4,4,08,2026-03-18 16:00:00
0,0,10,2025-11-05 08:00:00
2,2,07,2025-05-06 08:00:00
2,2,07,2025-11-24 16:00:00
0,0,10,2025-11-24 12:00:00
0,0,09,2025-08-13 08:00:00
0,0,09,2025-11-24 08:00:00
4,4,08,2025-05-06 04:00:00
2,1,07,2025-08-13 20:00:00
2,2,07,2025-11-05 04:00:00
0,0,09,2025-05-06 20:00:00
0,0,09,2025-11-05 08:00:00
0,0,10,2025-11-24 20:00:00
0,0,09,2026-03-18 08:00:00
2,1,06,2025-11-24 04:00:00
0,0,10,2025-11-24 00:00:00
2,2,07,2025-11-24 08:00:00
0,0,10,2025-11-24 04:00:00
4,4,08,2025-11-05 04:00:00
2,3,06,2025-05-06 20:00:00
1,2,06,2025-05-06 12:00:00
2,0,07,2025-11-05 00:00:00
0,0,10,2025-11-24 16:00:00
4,4,08,2025-08-13 20:00:00
4,4,08,2026-03-18 20:00:00
4,4,08,2025-11-05 16:00:00
0,0,09,2025-11-24 20:00:00
4,4,08,2025-05-06 08:00:00
4,4,08,2025-05-06 20:00:00
4,1,06,2025-08-13 12:00:00
4,1,08,2025-08-13 00:00:00
0,0,26,2025-05-06 04:00:00
0,0,29,2025-05-06 04:00:00
0,0,29,2025-08-13 20:00:00
3,0,30,2025-08-13 08:00:00
0,0,30,2026-03-18 20:00:00
0,0,27,2026-03-18 20:00:00
3,4,28,2026-03-18 20:00:00
3,0,29,2025-08-13 08:00:00
3,0,30,2025-08-13 12:00:00
3,0,30,2026-03-18 12:00:00
3,0,29,2025-11-05 08:00:00
1,0,27,2025-05-06 12:00:00
3,0,29,2025-11-05 12:00:00
3,0,30,2025-05-06 16:00:00
0,0,26,2025-11-24 12:00:00
4,4,28,2025-05-06 16:00:00
3,0,30,2025-05-06 04:00:00
0,0,30,2025-11-24 00:00:00
3,0,30,2026-03-18 04:00:00
3,0,30,2025-05-06 08:00:00
0,0,26,2025-05-06 20:00:00
1,0,26,2025-08-13 12:00:00
3,0,30,2025-11-05 08:00:00
1,0,27,2026-03-18 12:00:00
4,4,28,2026-03-18 12:00:00
1,0,26,2025-11-05 12:00:00
3,0,30,2025-08-13 16:00:00
4,4,28,2025-11-24 08:00:00
3,0,30,2025-11-05 16:00:00
0,0,29,2026-03-18 20:00:00
1,0,27,2026-03-18 08:00:00
0,0,27,2025-11-24 04:00:00
0,0,30,2026-03-18 00:00:00
3,0,28,2026-03-18 00:00:00
0,0,27,2025-11-24 12:00:00
3,0,28,2025-11-24 00:00:00
2,4,28,2026-03-18 04:00:00
4,4,28,2025-08-13 12:00:00
0,0,27,2025-11-24 16:00:00
1,0,26,2026-03-18 08:00:00
1,0,29,2026-03-18 08:00:00
0,0,27,2025-08-13 04:00:00
0,0,27,2025-05-06 16:00:00
0,0,29,2025-11-24 00:00:00
0,0,29,2025-08-13 00:00:00
3,0,30,2026-03-18 08:00:00
0,0,30,2025-11-05 00:00:00
0,0,26,2025-08-13 04:00:00
0,0,27,2025-11-24 00:00:00
0,0,29,2025-11-05 16:00:00
1,0,27,2025-05-06 08:00:00
4,4,28,2025-05-06 08:00:00
3,0,29,2025-08-13 12:00:00
3,0,30,2025-11-05 12:00:00
4,4,28,2025-11-05 12:00:00
0,0,26,2025-08-13 16:00:00
3,0,29,2025-08-13 16:00:00
0,0,29,2025-11-24 04:00:00
0,0,30,2025-11-24 20:00:00
0,0,29,2025-05-06 00:00:00
0,0,27,2025-11-24 08:00:00
4,4,28,2025-11-24 12:00:00
3,0,30,2025-08-13 20:00:00
0,0,27,2026-03-18 04:00:00
0,0,27,2025-11-05 16:00:00
2,4,28,2025-11-05 04:00:00
1,0,27,2025-11-05 12:00:00
4,3,28,2025-11-05 20:00:00
3,0,28,2025-11-05 00:00:00
0,0,29,2025-11-24 16:00:00
0,0,29,2025-08-13 04:00:00
0,0,27,2025-11-24 20:00:00
0,0,26,2026-03-18 00:00:00
0,0,27,2025-05-06 04:00:00
0,0,26,2025-11-24 00:00:00
1,0,27,2025-08-13 12:00:00
0,0,29,2025-05-06 20:00:00
0,0,29,2025-11-05 00:00:00
3,0,28,2025-05-06 00:00:00
0,0,29,2025-11-05 04:00:00
0,0,27,2025-05-06 20:00:00
3,0,29,2026-03-18 12:00:00
4,4,28,2025-11-24 16:00:00
0,0,27,2025-05-06 00:00:00
0,0,27,2025-08-13 20:00:00
4,4,28,2026-03-18 16:00:00
2,0,26,2025-05-06 08:00:00
3,1,28,2025-08-13 00:00:00
0,0,27,2025-08-13 16:00:00
3,4,28,2025-08-13 04:00:00
0,0,30,2025-11-24 04:00:00
0,0,29,2026-03-18 00:00:00
3,0,30,2025-11-24 12:00:00
3,0,29,2025-05-06 16:00:00
0,0,29,2025-11-24 08:00:00
3,0,29,2025-05-06 08:00:00
0,0,27,2025-11-05 20:00:00
4,4,28,2025-05-06 12:00:00
0,0,29,2025-11-05 20:00:00
4,4,28,2025-08-13 16:00:00
0,0,27,2025-11-05 00:00:00
0,0,26,2025-11-24 20:00:00
0,0,29,2025-11-24 20:00:00
3,4,28,2025-05-06 04:00:00
3,0,30,2025-11-05 04:00:00
0,0,29,2026-03-18 04:00:00
1,0,26,2026-03-18 12:00:00
0,0,30,2025-11-05 20:00:00
3,0,30,2025-11-24 16:00:00
0,0,26,2025-11-24 04:00:00
2,4,28,2025-11-24 04:00:00
0,0,27,2026-03-18 00:00:00
0,0,26,2025-05-06 00:00:00
3,2,28,2025-11-24 20:00:00
3,0,30,2026-03-18 16:00:00
0,0,27,2026-03-18 16:00:00
0,0,29,2026-03-18 16:00:00
0,0,27,2025-08-13 00:00:00
3,0,29,2025-05-06 12:00:00
0,0,30,2025-05-06 00:00:00
3,0,30,2025-11-24 08:00:00
0,0,29,2025-11-24 12:00:00
2,0,27,2025-08-13 08:00:00
0,0,26,2025-11-05 04:00:00
3,0,30,2025-05-06 20:00:00
1,0,27,2025-11-05 08:00:00
2,0,26,2025-11-05 08:00:00
0,0,30,2025-08-13 00:00:00
1,0,26,2025-05-06 12:00:00
3,0,30,2025-08-13 04:00:00
0,0,26,2025-08-13 20:00:00
0,0,27,2025-11-05 04:00:00
0,0,26,2026-03-18 04:00:00
0,0,26,2026-03-18 20:00:00
0,0,26,2025-11-05 16:00:00
4,4,28,2025-11-05 16:00:00
3,3,28,2025-05-06 20:00:00
0,0,26,2025-11-24 16:00:00
0,0,26,2025-11-05 00:00:00
4,4,28,2026-03-18 08:00:00
0,0,26,2025-05-06 16:00:00
0,0,26,2025-11-24 08:00:00
3,3,28,2025-08-13 20:00:00
0,0,26,2026-03-18 16:00:00
2,0,26,2025-08-13 08:00:00
4,4,28,2025-08-13 08:00:00
4,4,28,2025-11-05 08:00:00
3,0,30,2025-05-06 12:00:00
0,0,26,2025-08-13 00:00:00
0,0,26,2025-11-05 20:00:00
0,0,44,2025-08-13 16:00:00
0,0,45,2025-11-24 16:00:00
0,0,42,2025-05-06 00:00:00
0,0,45,2026-03-18 04:00:00
0,0,45,2026-03-18 20:00:00
1,2,41,2025-11-05 16:00:00
0,0,43,2026-03-18 20:00:00
1,0,41,2025-05-06 08:00:00
0,0,41,2025-05-06 20:00:00
0,0,45,2026-03-18 12:00:00
0,0,43,2025-11-24 16:00:00
0,0,41,2025-08-13 04:00:00
0,0,43,2025-05-06 00:00:00
0,0,45,2025-11-24 12:00:00
0,0,41,2025-11-24 00:00:00
0,1,44,2025-08-13 20:00:00
0,0,42,2025-11-24 00:00:00
0,0,45,2025-11-05 16:00:00
1,0,42,2025-08-13 12:00:00
0,0,43,2025-08-13 00:00:00
0,0,42,2025-11-24 16:00:00
0,0,42,2025-11-24 04:00:00
0,0,43,2025-11-24 20:00:00
0,0,42,2026-03-18 00:00:00
1,2,41,2025-05-06 16:00:00
0,0,44,2025-05-06 04:00:00
0,0,44,2025-11-24 00:00:00
1,2,41,2026-03-18 16:00:00
0,1,44,2025-05-06 12:00:00
0,0,44,2025-11-05 12:00:00
1,0,42,2025-11-05 12:00:00
0,0,42,2025-11-05 00:00:00
0,0,45,2025-08-13 04:00:00
0,0,42,2025-05-06 04:00:00
0,0,45,2026-03-18 16:00:00
0,0,44,2025-11-05 04:00:00
0,0,43,2025-08-13 08:00:00
0,0,42,2025-11-05 04:00:00
0,0,43,2026-03-18 12:00:00
1,0,41,2025-11-05 12:00:00
0,0,41,2025-11-05 20:00:00
0,0,44,2025-05-06 00:00:00
0,0,45,2025-11-24 08:00:00
1,0,41,2025-11-24 08:00:00
0,0,45,2025-11-05 04:00:00
0,0,44,2026-03-18 04:00:00
0,0,44,2025-11-05 16:00:00
0,0,43,2025-11-05 16:00:00
0,0,42,2026-03-18 20:00:00
0,0,44,2025-11-05 20:00:00
0,0,45,2026-03-18 08:00:00
0,0,43,2025-08-13 04:00:00
0,0,41,2025-11-24 04:00:00
0,0,43,2025-08-13 20:00:00
1,0,42,2026-03-18 12:00:00
1,2,41,2025-05-06 12:00:00
0,0,43,2025-08-13 16:00:00
0,0,41,2025-11-05 00:00:00
0,0,45,2025-11-24 04:00:00
0,0,45,2025-05-06 00:00:00
0,0,41,2025-11-24 20:00:00
0,0,45,2025-05-06 16:00:00
0,0,42,2025-11-24 12:00:00
0,0,41,2025-05-06 04:00:00
1,1,41,2025-11-05 08:00:00
0,0,42,2025-11-05 08:00:00
0,0,43,2025-11-05 20:00:00
0,0,42,2025-08-13 16:00:00
0,0,45,2025-11-05 00:00:00
0,0,42,2025-11-24 20:00:00
0,0,44,2025-05-06 16:00:00
0,1,44,2025-05-06 08:00:00
0,0,44,2025-08-13 12:00:00
0,0,44,2026-03-18 12:00:00
1,0,43,2025-11-05 12:00:00
0,0,42,2025-11-05 20:00:00
0,0,44,2026-03-18 08:00:00
0,0,45,2025-11-24 20:00:00
0,0,41,2025-05-06 00:00:00
0,0,45,2025-05-06 04:00:00
0,0,43,2025-05-06 04:00:00
0,0,42,2025-11-05 16:00:00
0,0,42,2025-08-13 00:00:00
0,2,41,2025-11-24 16:00:00
0,0,44,2025-11-24 04:00:00
1,1,41,2025-11-24 12:00:00
0,0,44,2025-11-24 12:00:00
0,0,43,2025-11-24 12:00:00
0,0,42,2025-05-06 16:00:00
1,0,42,2025-08-13 08:00:00
0,0,45,2025-05-06 20:00:00
0,0,45,2025-08-13 16:00:00
1,2,41,2025-08-13 16:00:00
0,0,43,2026-03-18 08:00:00
0,0,43,2025-11-05 00:00:00
0,0,41,2025-08-13 20:00:00
0,0,43,2026-03-18 16:00:00
1,1,41,2025-08-13 08:00:00
0,0,45,2025-08-13 12:00:00
1,1,41,2025-08-13 12:00:00
0,0,45,2025-08-13 00:00:00
0,0,45,2025-11-05 20:00:00
0,0,41,2025-08-13 00:00:00
0,0,44,2025-08-13 00:00:00
1,0,43,2025-05-06 12:00:00
1,0,42,2026-03-18 08:00:00
0,0,44,2025-08-13 04:00:00
0,0,41,2026-03-18 00:00:00
0,0,43,2025-11-24 00:00:00
0,0,44,2026-03-18 16:00:00
0,0,41,2025-11-05 04:00:00
0,0,44,2026-03-18 20:00:00
0,0,43,2025-05-06 20:00:00
1,1,43,2025-08-13 12:00:00
0,0,44,2025-11-05 08:00:00
0,1,45,2025-05-06 12:00:00
0,0,43,2025-11-24 04:00:00
0,0,44,2025-11-24 08:00:00
0,0,43,2025-05-06 16:00:00
0,0,42,2026-03-18 16:00:00
0,0,42,2026-03-18 04:00:00
0,1,44,2025-05-06 20:00:00
1,1,41,2026-03-18 12:00:00
0,0,44,2025-11-24 20:00:00
0,0,44,2026-03-18 00:00:00
0,0,43,2026-03-18 00:00:00
0,0,45,2025-08-13 20:00:00
0,1,44,2025-08-13 08:00:00
0,0,43,2025-05-06 08:00:00
0,0,45,2025-11-05 12:00:00
0,0,44,2025-11-24 16:00:00
0,0,45,2026-03-18 00:00:00
0,0,43,2025-11-24 08:00:00
0,0,42,2025-11-24 08:00:00
0,0,45,2025-11-24 00:00:00
0,0,45,2025-08-13 08:00:00
0,0,45,2025-05-06 08:00:00
0,0,43,2025-11-05 08:00:00
1,0,42,2025-05-06 12:00:00
1,0,41,2026-03-18 08:00:00
0,0,44,2025-11-05 00:00:00
0,0,42,2025-08-13 04:00:00
0,0,42,2025-08-13 20:00:00
0,0,41,2026-03-18 04:00:00
0,0,41,2026-03-18 20:00:00
0,0,43,2026-03-18 04:00:00
0,0,43,2025-11-05 04:00:00
0,0,42,2025-05-06 08:00:00
0,0,42,2025-05-06 20:00:00
0,0,45,2025-11-05 08:00:00
0,0,38,2025-08-13 16:00:00
0,0,37,2026-03-18 08:00:00
0,0,25,2026-01-19 16:00:00
1,0,21,2025-01-15 12:00:00
2,0,23,2025-09-03 04:00:00
2,0,21,2025-02-24 00:00:00
2,0,24,2025-02-24 00:00:00
0,0,23,2026-02-07 04:00:00
2,0,25,2025-02-24 08:00:00
0,0,25,2026-02-27 00:00:00
0,0,25,2025-07-19 00:00:00
2,0,21,2025-07-19 00:00:00
2,0,21,2025-07-19 04:00:00
2,0,21,2025-09-03 20:00:00
2,0,24,2025-07-19 08:00:00
2,0,24,2025-11-18 20:00:00
2,0,22,2025-01-15 04:00:00
2,0,21,2026-02-27 04:00:00
2,1,24,2025-07-19 20:00:00
2,0,22,2025-11-18 04:00:00
1,0,21,2025-09-10 12:00:00
4,0,24,2025-09-10 12:00:00
0,0,23,2025-01-15 16:00:00
2,1,22,2026-01-19 08:00:00
2,0,22,2026-02-27 00:00:00
2,0,21,2026-02-07 04:00:00
2,0,22,2026-02-07 00:00:00
2,0,24,2026-02-07 00:00:00
2,0,21,2025-02-24 12:00:00
3,1,24,2025-09-03 20:00:00
0,0,23,2025-09-10 20:00:00
0,0,25,2025-07-19 20:00:00
0,0,23,2026-02-27 20:00:00
2,0,21,2025-03-04 00:00:00
4,0,24,2025-02-24 16:00:00
2,0,22,2025-09-10 08:00:00
2,0,23,2025-09-10 04:00:00
3,1,24,2026-01-19 16:00:00
2,0,25,2025-03-04 08:00:00
1,0,21,2025-09-10 16:00:00
0,0,23,2025-09-03 00:00:00
2,0,25,2025-09-03 04:00:00
2,0,21,2025-09-03 04:00:00
2,0,21,2026-01-19 08:00:00
2,0,23,2025-02-24 08:00:00
0,0,23,2026-02-27 00:00:00
3,0,25,2025-02-24 12:00:00
1,0,23,2025-11-18 12:00:00
0,0,23,2025-11-18 20:00:00
0,0,25,2025-02-24 20:00:00
0,0,23,2025-07-19 20:00:00
0,0,23,2026-01-19 04:00:00
2,0,22,2026-02-07 08:00:00
2,0,22,2025-07-19 12:00:00
0,0,25,2025-02-24 04:00:00
0,0,21,2026-01-19 20:00:00
0,0,25,2025-01-15 20:00:00
2,0,24,2025-01-15 20:00:00
2,0,21,2025-11-18 04:00:00
2,0,25,2026-02-27 16:00:00
0,0,25,2025-02-24 00:00:00
2,1,24,2026-01-19 08:00:00
2,0,22,2026-02-07 04:00:00
2,0,23,2025-11-18 08:00:00
2,1,24,2025-11-18 08:00:00
2,0,22,2026-02-27 04:00:00
1,1,23,2025-03-04 12:00:00
0,0,25,2026-02-27 20:00:00
2,0,24,2026-01-19 04:00:00
2,0,22,2025-02-24 16:00:00
2,0,22,2026-01-19 20:00:00
0,0,25,2025-03-04 20:00:00
1,0,21,2025-03-04 16:00:00
2,0,21,2026-01-19 16:00:00
0,0,23,2025-11-18 00:00:00
1,0,22,2025-03-04 08:00:00
4,1,24,2025-09-10 16:00:00
2,0,24,2025-11-18 00:00:00
2,0,21,2025-11-18 08:00:00
2,0,24,2025-09-10 00:00:00
0,0,23,2025-09-03 20:00:00
2,0,21,2025-02-24 20:00:00
2,0,21,2026-02-27 08:00:00
2,0,25,2025-09-03 08:00:00
4,0,24,2025-09-03 08:00:00
2,0,25,2025-03-04 04:00:00
0,0,23,2025-03-04 00:00:00
4,1,24,2025-07-19 12:00:00
4,1,24,2025-09-10 08:00:00
1,0,23,2025-09-10 12:00:00
4,1,22,2026-02-27 12:00:00
4,0,25,2025-09-10 12:00:00
1,0,21,2026-02-27 12:00:00
2,0,22,2025-09-10 04:00:00
2,0,21,2025-09-10 04:00:00
4,0,22,2025-01-15 12:00:00
4,0,22,2025-09-10 16:00:00
1,0,25,2025-01-15 12:00:00
1,0,21,2025-09-03 12:00:00
4,0,24,2025-03-04 08:00:00
0,0,23,2026-02-07 16:00:00
0,0,23,2025-09-03 16:00:00
0,0,25,2025-09-03 20:00:00
0,0,23,2026-02-27 04:00:00
2,0,23,2026-02-27 08:00:00
2,0,24,2025-01-15 04:00:00
2,1,24,2026-02-27 08:00:00
1,0,21,2025-03-04 12:00:00
2,0,24,2025-03-04 04:00:00
2,0,22,2025-02-24 04:00:00
0,0,25,2026-01-19 20:00:00
2,0,21,2025-09-10 08:00:00
1,0,23,2026-02-27 12:00:00
2,0,24,2025-11-18 04:00:00
0,0,23,2026-01-19 16:00:00
2,0,24,2025-09-10 04:00:00
0,0,25,2026-02-07 20:00:00
0,0,25,2025-09-03 00:00:00
0,0,25,2025-01-15 16:00:00
2,0,21,2026-02-07 16:00:00
2,0,22,2025-02-24 08:00:00
2,0,23,2026-02-07 12:00:00
0,0,25,2026-02-07 00:00:00
2,0,21,2026-02-07 12:00:00
2,0,23,2025-07-19 08:00:00
2,0,22,2025-07-19 08:00:00
1,0,21,2025-11-18 12:00:00
4,1,24,2025-07-19 16:00:00
1,0,23,2025-09-03 08:00:00
2,0,22,2025-07-19 20:00:00
2,0,21,2025-07-19 20:00:00
2,0,22,2025-03-04 20:00:00
2,0,21,2025-03-04 20:00:00
2,0,25,2025-11-18 04:00:00
3,0,25,2025-09-10 16:00:00
2,0,21,2026-02-27 16:00:00
2,0,22,2025-09-03 04:00:00
2,0,22,2025-07-19 04:00:00
2,0,25,2025-07-19 04:00:00
4,0,22,2025-09-03 16:00:00
0,0,23,2025-01-15 04:00:00
0,0,25,2025-09-10 20:00:00
1,0,21,2025-09-03 08:00:00
2,0,21,2025-09-10 20:00:00
4,2,24,2026-01-19 12:00:00
3,1,24,2025-09-10 20:00:00
2,0,22,2026-02-27 20:00:00
0,0,23,2025-02-24 16:00:00
0,0,25,2025-02-24 16:00:00
0,0,25,2025-03-04 00:00:00
3,0,24,2026-01-19 00:00:00
2,0,24,2025-02-24 04:00:00
2,0,25,2025-09-10 04:00:00
1,0,23,2025-01-15 12:00:00
1,0,23,2025-03-04 08:00:00
1,0,23,2025-09-03 12:00:00
0,0,23,2026-01-19 08:00:00
1,0,22,2025-01-15 16:00:00
2,0,21,2025-02-24 08:00:00
2,0,24,2026-02-27 00:00:00
2,0,22,2026-02-07 12:00:00
2,0,22,2025-09-10 00:00:00
2,0,25,2025-11-18 08:00:00
4,0,24,2026-02-07 12:00:00
2,0,22,2025-02-24 12:00:00
2,0,22,2025-11-18 20:00:00
2,0,21,2025-11-18 20:00:00
0,0,23,2026-01-19 12:00:00
0,0,23,2025-01-15 00:00:00
0,0,23,2025-01-15 20:00:00
2,0,23,2025-09-10 08:00:00
4,1,24,2026-02-27 12:00:00
4,0,24,2025-03-04 16:00:00
4,0,24,2025-01-15 12:00:00
4,1,24,2025-11-18 16:00:00
0,0,25,2026-02-07 16:00:00
2,0,23,2025-07-19 04:00:00
2,0,25,2026-02-07 04:00:00
3,0,25,2025-11-18 12:00:00
2,0,21,2025-01-15 08:00:00
2,0,21,2025-07-19 16:00:00
0,0,23,2025-02-24 20:00:00
0,0,25,2026-02-27 04:00:00
1,0,22,2025-09-03 08:00:00
0,0,25,2026-01-19 04:00:00
2,0,21,2026-02-27 20:00:00
2,0,24,2026-02-27 20:00:00
2,0,21,2025-02-24 04:00:00
2,0,24,2025-01-15 00:00:00
0,0,23,2025-03-04 20:00:00
2,0,22,2025-01-15 20:00:00
4,0,22,2025-09-10 12:00:00
0,0,23,2026-02-07 20:00:00
0,0,23,2025-11-18 16:00:00
1,0,21,2025-11-18 16:00:00
2,0,21,2026-02-27 00:00:00
2,0,24,2025-07-19 04:00:00
0,0,23,2025-09-10 00:00:00
2,1,22,2025-11-18 08:00:00
4,0,24,2025-02-24 12:00:00
2,0,25,2025-01-15 08:00:00
2,0,22,2026-02-27 08:00:00
0,0,25,2025-01-15 04:00:00
2,0,22,2025-09-10 20:00:00
2,0,21,2025-03-04 04:00:00
2,0,24,2026-02-07 08:00:00
0,0,23,2026-01-19 20:00:00
2,0,21,2025-07-19 12:00:00
0,0,23,2026-02-27 16:00:00
1,0,23,2025-09-10 16:00:00
3,0,25,2025-11-18 16:00:00
2,1,24,2026-02-07 20:00:00
2,0,22,2025-09-03 00:00:00
0,0,23,2025-02-24 00:00:00
2,1,24,2026-02-07 16:00:00
2,0,22,2025-07-19 00:00:00
2,0,25,2026-02-07 12:00:00
2,0,21,2025-07-19 08:00:00
1,0,23,2025-01-15 08:00:00
4,0,22,2025-11-18 12:00:00
1,0,21,2026-01-19 12:00:00
0,0,23,2025-03-04 04:00:00
2,0,21,2026-01-19 04:00:00
2,0,25,2026-02-07 08:00:00
2,0,21,2025-02-24 16:00:00
0,0,21,2026-01-19 00:00:00
2,0,22,2025-01-15 00:00:00
1,0,25,2026-02-27 12:00:00
1,0,23,2025-03-04 16:00:00
0,0,25,2025-11-18 00:00:00
2,0,21,2025-09-03 00:00:00
0,0,15,2026-02-27 16:00:00
0,0,15,2025-11-18 00:00:00
0,0,14,2026-02-27 04:00:00
0,0,12,2025-09-10 12:00:00
0,0,11,2026-02-27 04:00:00
0,0,11,2026-02-27 12:00:00
0,0,14,2025-09-10 04:00:00
0,0,13,2025-01-15 20:00:00
0,0,12,2025-09-10 04:00:00
0,0,14,2025-09-03 20:00:00
0,0,15,2025-07-19 16:00:00
0,0,11,2025-07-19 16:00:00
0,0,14,2025-03-04 12:00:00
0,0,13,2025-07-19 12:00:00
0,0,15,2025-09-03 00:00:00
0,0,13,2026-02-27 20:00:00
0,0,12,2026-01-19 16:00:00
0,0,11,2026-01-19 00:00:00
0,0,14,2025-09-03 12:00:00
0,0,13,2025-02-24 20:00:00
0,0,14,2026-02-27 16:00:00
0,0,11,2026-02-07 20:00:00
0,0,12,2026-02-27 04:00:00
0,0,12,2026-02-27 12:00:00
0,0,13,2025-01-15 16:00:00
0,0,14,2026-01-19 04:00:00
0,0,11,2025-03-04 04:00:00
0,0,13,2025-01-15 12:00:00
4,0,15,2025-01-15 12:00:00
0,0,12,2025-09-10 20:00:00
0,0,11,2025-09-10 20:00:00
0,0,13,2025-02-24 04:00:00
0,0,12,2025-02-24 08:00:00
0,0,15,2025-03-04 16:00:00
0,0,11,2026-01-19 08:00:00
0,0,11,2026-02-27 20:00:00
0,0,14,2026-01-19 00:00:00
0,0,12,2025-09-03 04:00:00
0,0,12,2025-01-15 04:00:00
4,0,14,2025-09-10 12:00:00
0,0,15,2025-09-03 08:00:00
4,0,15,2025-09-10 16:00:00
0,0,12,2026-02-07 12:00:00
0,0,15,2025-02-24 00:00:00
0,0,12,2025-07-19 20:00:00
0,0,11,2026-02-07 00:00:00
0,0,12,2025-02-24 16:00:00
0,0,11,2025-11-18 16:00:00
0,0,12,2025-03-04 00:00:00
0,0,13,2025-09-10 00:00:00
0,0,12,2025-03-04 16:00:00
0,0,14,2025-01-15 08:00:00
0,0,13,2026-01-19 16:00:00
0,0,11,2026-01-19 16:00:00
0,0,13,2026-01-19 20:00:00
0,0,14,2025-07-19 08:00:00
0,0,11,2025-01-15 04:00:00
0,0,11,2025-09-10 04:00:00
0,0,12,2025-07-19 16:00:00
0,0,11,2025-02-24 00:00:00
0,0,14,2025-03-04 04:00:00
0,0,15,2025-03-04 12:00:00
0,0,15,2026-01-19 04:00:00
0,0,15,2026-02-07 00:00:00
0,0,15,2025-07-19 12:00:00
0,0,14,2026-02-07 08:00:00
0,0,11,2025-02-24 16:00:00
0,0,11,2025-01-15 00:00:00
0,0,14,2025-02-24 04:00:00
0,0,14,2025-02-24 08:00:00
0,0,11,2025-02-24 04:00:00
0,0,11,2025-02-24 08:00:00
0,0,11,2025-09-10 00:00:00
0,0,14,2025-07-19 00:00:00
0,0,15,2026-02-27 20:00:00
0,0,14,2026-02-27 08:00:00
0,0,14,2025-09-03 16:00:00
0,0,13,2025-09-03 12:00:00
0,0,11,2025-11-18 20:00:00
0,0,13,2026-02-27 16:00:00
0,0,13,2025-07-19 08:00:00
0,0,15,2025-03-04 08:00:00
0,0,15,2025-11-18 04:00:00
0,0,14,2025-09-10 16:00:00
0,0,15,2026-01-19 12:00:00
0,0,13,2026-02-27 00:00:00
0,0,15,2026-02-27 00:00:00
0,0,11,2026-02-27 00:00:00
0,0,15,2025-02-24 12:00:00
0,0,15,2025-11-18 08:00:00
0,0,12,2025-02-24 12:00:00
0,0,14,2025-11-18 12:00:00
0,0,12,2025-09-10 08:00:00
0,0,14,2025-09-10 00:00:00
0,0,15,2025-11-18 20:00:00
0,0,14,2025-03-04 08:00:00
0,0,15,2026-02-07 20:00:00
0,0,13,2025-09-10 16:00:00
4,0,11,2025-09-10 12:00:00
0,0,14,2026-02-07 16:00:00
0,0,12,2025-07-19 04:00:00
0,0,11,2025-01-15 16:00:00
0,0,13,2025-09-10 08:00:00
0,0,13,2025-09-03 00:00:00
0,0,15,2025-03-04 00:00:00
0,0,15,2025-09-10 20:00:00
0,0,13,2025-03-04 16:00:00
0,0,14,2026-02-27 20:00:00
0,0,11,2025-07-19 00:00:00
0,0,12,2026-01-19 00:00:00
0,0,13,2025-11-18 20:00:00
0,0,14,2025-11-18 04:00:00
0,0,12,2026-02-27 16:00:00
0,0,11,2025-07-19 08:00:00
0,0,11,2025-11-18 00:00:00
0,0,14,2025-01-15 20:00:00
0,0,13,2026-02-07 16:00:00
0,0,15,2026-02-07 16:00:00
0,0,11,2025-01-15 20:00:00
0,0,13,2025-02-24 00:00:00
0,0,11,2025-09-03 20:00:00
0,0,11,2025-07-19 20:00:00
0,0,13,2026-02-07 00:00:00
0,0,15,2025-03-04 04:00:00
0,0,14,2025-01-15 12:00:00
0,1,15,2025-02-24 08:00:00
0,0,13,2025-07-19 00:00:00
0,0,14,2026-02-07 04:00:00
0,0,14,2026-01-19 20:00:00
0,0,15,2026-01-19 20:00:00
0,0,14,2025-01-15 04:00:00
0,0,14,2025-11-18 00:00:00
0,0,15,2025-01-15 16:00:00
0,0,15,2025-11-18 12:00:00
0,0,11,2025-03-04 12:00:00
0,0,14,2026-01-19 16:00:00
0,0,13,2026-02-07 04:00:00
0,0,15,2026-01-19 00:00:00
0,0,11,2026-02-07 04:00:00
0,0,14,2025-02-24 20:00:00
4,0,11,2025-09-03 12:00:00
0,0,14,2026-02-07 12:00:00
0,0,14,2026-02-27 12:00:00
0,0,11,2026-01-19 12:00:00
0,0,14,2025-03-04 20:00:00
0,0,14,2026-02-27 00:00:00
0,0,13,2025-07-19 04:00:00
0,0,13,2026-01-19 04:00:00
0,0,12,2025-07-19 12:00:00
0,0,13,2026-02-07 08:00:00
0,0,15,2025-11-18 16:00:00
0,0,12,2026-02-07 08:00:00
0,0,11,2025-01-15 12:00:00
0,0,11,2026-02-07 08:00:00
0,0,11,2025-09-10 08:00:00
0,0,13,2025-03-04 00:00:00
0,0,11,2025-09-03 00:00:00
0,0,13,2026-01-19 08:00:00
0,0,12,2026-01-19 08:00:00
0,0,14,2025-09-03 04:00:00
0,0,15,2025-02-24 20:00:00
0,0,13,2025-01-15 04:00:00
0,0,13,2025-03-04 08:00:00
0,0,13,2025-11-18 04:00:00
0,0,12,2025-09-10 16:00:00
0,0,13,2026-02-27 12:00:00
4,0,15,2026-02-27 12:00:00
0,0,15,2025-03-04 20:00:00
0,0,15,2025-09-10 04:00:00
0,0,14,2025-02-24 00:00:00
0,0,14,2025-01-15 16:00:00
0,0,14,2025-07-19 16:00:00
0,0,13,2025-07-19 16:00:00
0,0,12,2025-09-03 20:00:00
0,0,12,2025-11-18 08:00:00
0,0,12,2026-02-07 00:00:00
0,0,15,2025-02-24 16:00:00
0,0,15,2025-01-15 00:00:00
0,0,12,2025-01-15 00:00:00
0,0,12,2025-11-18 16:00:00
0,0,11,2025-03-04 00:00:00
0,0,12,2025-02-24 04:00:00
0,0,11,2025-03-04 16:00:00
0,0,15,2026-01-19 08:00:00
0,0,13,2025-09-03 04:00:00
0,0,15,2025-09-03 04:00:00
0,0,14,2025-11-18 20:00:00
0,0,11,2026-01-19 20:00:00
0,0,14,2026-02-07 20:00:00
0,0,13,2025-11-18 00:00:00
0,0,15,2026-02-27 04:00:00
0,0,12,2025-09-03 08:00:00
0,0,11,2025-09-03 08:00:00
0,0,13,2026-01-19 12:00:00
0,0,12,2025-01-15 20:00:00
0,0,14,2025-07-19 04:00:00
0,0,13,2025-11-18 08:00:00
0,0,11,2025-11-18 08:00:00
0,0,13,2025-03-04 04:00:00
0,0,13,2025-11-18 12:00:00
0,0,11,2026-01-19 04:00:00
0,0,12,2025-01-15 12:00:00
0,0,14,2025-09-10 20:00:00
0,0,15,2025-02-24 04:00:00
0,0,15,2025-09-10 00:00:00
0,0,12,2025-07-19 00:00:00
0,0,13,2025-01-15 08:00:00
0,0,13,2026-02-27 08:00:00
0,0,13,2025-09-03 16:00:00
0,0,15,2026-02-27 08:00:00
0,0,12,2026-02-07 04:00:00
0,0,11,2025-09-03 04:00:00
0,0,12,2025-02-24 20:00:00
0,0,12,2025-09-03 12:00:00
0,0,12,2026-02-07 20:00:00
0,0,11,2025-11-18 04:00:00
4,0,15,2025-09-10 12:00:00
0,0,13,2025-03-04 20:00:00
0,0,13,2025-09-10 04:00:00
0,0,15,2025-01-15 20:00:00
0,0,12,2025-03-04 20:00:00
0,0,12,2026-02-27 00:00:00
0,0,14,2025-11-18 08:00:00
0,0,15,2025-09-03 20:00:00
0,0,12,2025-11-18 12:00:00
0,0,14,2025-09-10 08:00:00
0,0,12,2025-09-03 00:00:00
0,0,12,2026-02-27 08:00:00
0,0,12,2025-09-03 16:00:00
0,0,11,2025-01-15 08:00:00
4,0,15,2025-09-03 12:00:00
0,0,11,2025-02-24 20:00:00
0,0,13,2026-02-07 20:00:00
0,0,15,2025-01-15 04:00:00
0,0,15,2025-07-19 08:00:00
0,0,12,2025-07-19 08:00:00
0,0,12,2025-11-18 00:00:00
0,0,11,2025-03-04 08:00:00
0,0,12,2026-01-19 12:00:00
0,0,14,2025-07-19 20:00:00
0,0,15,2025-07-19 20:00:00
0,0,14,2026-02-07 00:00:00
0,0,11,2025-07-19 12:00:00
0,0,13,2025-11-18 16:00:00
0,0,14,2026-01-19 08:00:00
0,0,15,2025-07-19 00:00:00
0,0,15,2025-09-03 16:00:00
0,0,11,2026-02-27 08:00:00
0,0,12,2025-11-18 20:00:00
0,0,13,2026-02-27 04:00:00
0,0,13,2025-09-03 08:00:00
0,0,11,2026-02-07 12:00:00
0,0,14,2026-01-19 12:00:00
0,0,13,2025-09-03 20:00:00
0,0,15,2025-07-19 04:00:00
0,0,12,2025-02-24 00:00:00
0,0,11,2025-02-24 12:00:00
0,0,11,2025-07-19 04:00:00
0,0,14,2025-07-19 12:00:00
0,0,12,2025-03-04 04:00:00
0,0,12,2026-01-19 04:00:00
0,0,11,2025-11-18 12:00:00
0,0,14,2025-01-15 00:00:00
0,0,13,2025-01-15 00:00:00
0,0,15,2025-09-10 08:00:00
0,0,14,2025-03-04 00:00:00
0,0,13,2025-09-10 20:00:00
0,0,13,2026-01-19 00:00:00
0,0,15,2026-01-19 16:00:00
0,0,12,2025-11-18 04:00:00
0,0,13,2025-09-10 12:00:00
0,0,11,2025-09-10 16:00:00
0,0,11,2025-03-04 20:00:00
0,0,11,2026-02-07 16:00:00
0,0,14,2025-02-24 12:00:00
0,0,13,2025-02-24 12:00:00
0,0,13,2025-07-19 20:00:00
0,0,12,2025-03-04 12:00:00
0,0,14,2025-11-18 16:00:00
0,1,13,2025-02-24 16:00:00
0,0,12,2025-09-10 00:00:00
0,0,14,2025-03-04 16:00:00
0,0,15,2026-02-07 04:00:00
0,0,12,2025-01-15 08:00:00
0,0,12,2026-01-19 20:00:00
0,0,12,2025-03-04 08:00:00
0,0,11,2026-02-27 16:00:00
0,0,14,2025-09-03 08:00:00
0,0,13,2026-02-07 12:00:00
0,0,15,2026-02-07 12:00:00
0,0,12,2026-02-07 16:00:00
0,0,12,2025-01-15 16:00:00
0,0,13,2025-03-04 12:00:00
0,0,14,2025-02-24 16:00:00
0,0,15,2026-02-07 08:00:00
0,0,14,2025-09-03 00:00:00
0,0,13,2025-02-24 08:00:00
0,0,12,2026-02-27 20:00:00
0,0,15,2025-01-15 08:00:00
0,0,11,2025-09-03 16:00:00
0,0,10,2025-11-18 04:00:00
4,4,08,2025-11-18 08:00:00
2,1,06,2026-02-07 12:00:00
4,4,08,2025-09-03 16:00:00
1,2,06,2025-11-18 12:00:00
2,2,07,2025-07-19 16:00:00
0,0,09,2025-03-04 20:00:00
0,0,10,2026-02-27 00:00:00
2,0,06,2025-09-10 20:00:00
0,0,10,2025-07-19 20:00:00
0,0,10,2025-11-18 12:00:00
2,0,06,2026-01-19 00:00:00
0,0,10,2025-01-15 00:00:00
2,2,06,2025-11-18 04:00:00
2,3,07,2026-02-27 16:00:00
0,0,09,2026-01-19 00:00:00
0,0,09,2025-09-03 16:00:00
0,0,10,2025-09-03 16:00:00
2,2,07,2026-01-19 08:00:00
0,0,10,2025-11-18 20:00:00
2,1,08,2026-02-27 00:00:00
0,0,09,2025-03-04 08:00:00
0,0,10,2025-01-15 04:00:00
0,0,10,2025-11-18 00:00:00
2,0,06,2025-09-10 00:00:00
4,4,08,2025-07-19 08:00:00
2,3,06,2025-09-03 20:00:00
4,3,08,2025-02-24 20:00:00
0,0,09,2025-09-10 04:00:00
1,2,06,2026-01-19 12:00:00
4,4,08,2026-02-27 20:00:00
0,0,09,2025-03-04 04:00:00
0,0,10,2025-07-19 12:00:00
4,4,08,2025-07-19 12:00:00
2,2,06,2025-07-19 12:00:00
4,4,08,2025-09-10 04:00:00
1,2,06,2025-11-18 16:00:00
2,1,07,2025-03-04 08:00:00
0,0,10,2026-02-27 20:00:00
0,0,10,2025-07-19 00:00:00
0,0,09,2026-02-07 04:00:00
4,4,08,2026-01-19 08:00:00
2,2,07,2026-02-07 12:00:00
4,0,10,2025-09-10 16:00:00
4,4,08,2025-02-24 12:00:00
4,4,08,2025-07-19 16:00:00
4,4,08,2025-11-18 12:00:00
4,4,08,2025-11-18 20:00:00
2,0,06,2025-11-18 20:00:00
4,0,09,2026-02-27 12:00:00
0,0,10,2025-01-15 16:00:00
4,4,08,2025-02-24 16:00:00
0,0,09,2025-01-15 12:00:00
2,0,06,2025-01-15 00:00:00
4,4,08,2025-11-18 04:00:00
2,1,07,2026-01-19 16:00:00
4,4,08,2025-09-03 04:00:00
0,0,10,2026-01-19 16:00:00
0,0,10,2026-01-19 20:00:00
2,0,07,2026-02-27 00:00:00
0,0,09,2025-07-19 08:00:00
0,0,10,2026-02-27 04:00:00
2,1,07,2025-02-24 12:00:00
2,0,07,2025-09-03 20:00:00
4,4,08,2026-02-27 08:00:00
2,2,06,2026-02-27 04:00:00
2,2,06,2026-02-27 08:00:00
0,0,10,2025-01-15 20:00:00
4,4,08,2026-01-19 12:00:00
4,4,08,2025-09-10 20:00:00
4,4,08,2025-07-19 20:00:00
0,0,09,2025-07-19 20:00:00
3,1,08,2026-01-19 00:00:00
2,1,07,2026-02-07 08:00:00
0,0,09,2025-02-24 16:00:00
2,3,07,2025-09-10 08:00:00
4,4,08,2025-09-10 12:00:00
0,0,09,2025-03-04 16:00:00
2,1,07,2025-09-10 04:00:00
4,2,06,2025-09-03 12:00:00
2,0,07,2025-09-03 00:00:00
2,2,06,2026-01-19 08:00:00
2,0,07,2025-01-15 16:00:00
2,0,06,2026-02-27 00:00:00
2,2,07,2025-11-18 08:00:00
2,2,07,2026-02-27 08:00:00
0,0,10,2025-09-10 04:00:00
0,0,09,2025-03-04 12:00:00
0,0,09,2026-01-19 04:00:00
2,0,06,2025-03-04 00:00:00
2,1,07,2025-02-24 16:00:00
0,0,09,2025-01-15 00:00:00
0,0,09,2025-09-10 20:00:00
4,4,08,2026-01-19 16:00:00
2,2,06,2026-01-19 16:00:00
2,1,07,2025-03-04 16:00:00
2,3,06,2026-02-27 16:00:00
2,2,06,2025-09-03 04:00:00
4,4,08,2026-02-07 16:00:00
4,4,08,2026-02-07 12:00:00
0,0,09,2025-09-03 08:00:00
2,1,06,2025-09-03 16:00:00
2,1,06,2025-01-15 04:00:00
4,4,08,2025-09-03 08:00:00
2,1,07,2025-03-04 12:00:00
0,0,09,2025-07-19 04:00:00
2,1,07,2026-01-19 04:00:00
0,0,10,2025-03-04 12:00:00
2,0,06,2025-02-24 16:00:00
0,0,10,2026-02-07 08:00:00
2,1,06,2025-02-24 04:00:00
4,4,08,2025-03-04 20:00:00
0,0,09,2025-09-10 00:00:00
2,0,06,2025-11-18 00:00:00
2,2,07,2025-09-03 12:00:00
4,0,08,2025-09-03 00:00:00
2,1,07,2025-09-03 04:00:00
0,0,09,2025-09-03 04:00:00
2,0,06,2025-02-24 00:00:00
4,0,09,2025-09-10 12:00:00
0,0,10,2026-02-07 12:00:00
4,0,10,2026-02-27 12:00:00
4,3,08,2026-02-27 04:00:00
2,3,06,2025-07-19 20:00:00
2,2,07,2026-01-19 12:00:00
0,0,09,2025-09-03 20:00:00
0,0,10,2025-09-03 20:00:00
2,0,06,2026-02-27 20:00:00
0,0,09,2025-07-19 12:00:00
0,0,10,2025-11-18 16:00:00
2,0,07,2025-01-15 00:00:00
0,0,09,2025-09-03 00:00:00
0,0,09,2025-02-24 04:00:00
2,2,06,2025-09-10 04:00:00
4,4,08,2025-01-15 12:00:00
4,4,08,2026-02-07 20:00:00
0,0,09,2025-01-15 08:00:00
0,0,09,2025-11-18 20:00:00
4,2,08,2025-07-19 04:00:00
2,1,07,2025-07-19 00:00:00
0,0,09,2025-11-18 04:00:00
0,0,10,2025-09-03 08:00:00
2,1,06,2025-07-19 16:00:00
0,0,10,2025-11-18 08:00:00
4,3,08,2026-01-19 04:00:00
4,4,08,2026-02-07 08:00:00
2,0,06,2026-02-07 08:00:00
2,0,07,2026-01-19 00:00:00
0,0,10,2025-02-24 16:00:00
4,0,10,2025-01-15 12:00:00
0,0,10,2025-09-10 08:00:00
2,0,07,2025-03-04 20:00:00
0,0,10,2025-02-24 08:00:00
0,0,10,2025-09-10 00:00:00
4,4,08,2026-02-27 12:00:00
2,2,07,2025-11-18 04:00:00
0,0,09,2026-01-19 08:00:00
4,4,08,2025-09-10 16:00:00
1,1,06,2025-01-15 12:00:00
2,1,07,2025-11-18 16:00:00
2,0,06,2025-09-03 00:00:00
0,0,10,2026-01-19 00:00:00
2,2,06,2026-02-07 16:00:00
2,2,07,2026-02-07 16:00:00
0,0,10,2025-02-24 20:00:00
2,0,06,2025-07-19 04:00:00
0,0,10,2025-07-19 08:00:00
2,3,06,2025-11-18 08:00:00
2,0,07,2026-02-27 04:00:00
2,1,07,2025-07-19 20:00:00
0,0,09,2025-02-24 12:00:00
0,0,09,2025-07-19 16:00:00
0,0,10,2025-07-19 16:00:00
0,0,09,2025-11-18 12:00:00
4,3,08,2025-01-15 20:00:00
2,0,07,2025-01-15 20:00:00
0,0,10,2025-02-24 04:00:00
1,2,06,2026-02-27 12:00:00
2,2,07,2025-09-10 12:00:00
0,0,10,2026-01-19 08:00:00
2,0,07,2026-02-07 20:00:00
0,0,10,2026-02-27 08:00:00
0,0,10,2026-02-07 04:00:00
4,1,08,2025-02-24 00:00:00
1,1,06,2025-01-15 16:00:00
4,0,10,2025-09-03 12:00:00
2,0,07,2026-02-07 04:00:00
0,0,09,2025-01-15 04:00:00
2,3,08,2026-02-07 00:00:00
0,1,10,2026-01-19 12:00:00
0,0,09,2025-01-15 20:00:00
2,2,07,2025-09-03 08:00:00
2,1,07,2026-02-27 20:00:00
0,0,10,2026-02-07 00:00:00
0,0,09,2026-02-07 08:00:00
2,0,06,2025-01-15 20:00:00
2,2,07,2026-02-27 12:00:00
0,0,10,2025-09-03 04:00:00
2,3,08,2025-07-19 00:00:00
4,0,10,2025-09-10 12:00:00
2,0,06,2025-02-24 20:00:00
0,0,10,2025-07-19 04:00:00
2,1,06,2026-01-19 20:00:00
2,1,07,2026-01-19 20:00:00
4,4,08,2025-09-10 08:00:00
4,0,06,2025-09-10 16:00:00
0,0,09,2026-02-27 08:00:00
0,0,10,2025-01-15 08:00:00
4,0,09,2025-09-03 12:00:00
4,0,08,2025-09-10 00:00:00
2,1,07,2025-11-18 12:00:00
0,0,09,2026-02-07 12:00:00
4,4,08,2025-01-15 04:00:00
2,1,07,2025-09-10 20:00:00
0,0,09,2025-11-18 08:00:00
4,4,08,2025-03-04 04:00:00
2,2,06,2025-03-04 04:00:00
0,0,10,2025-03-04 04:00:00
0,0,10,2025-03-04 16:00:00
0,0,09,2025-07-19 00:00:00
2,2,06,2025-02-24 08:00:00
0,0,09,2026-02-27 16:00:00
0,0,10,2026-02-27 16:00:00
2,0,06,2026-02-07 00:00:00
2,0,07,2026-02-07 00:00:00
0,0,09,2026-02-27 04:00:00
0,0,09,2025-09-10 16:00:00
2,1,07,2025-07-19 08:00:00
2,2,06,2025-01-15 08:00:00
2,1,07,2025-01-15 08:00:00
2,0,07,2025-02-24 20:00:00
1,2,06,2025-03-04 12:00:00
0,0,09,2025-02-24 00:00:00
0,0,09,2025-01-15 16:00:00
2,2,07,2025-03-04 04:00:00
0,0,09,2025-03-04 00:00:00
0,0,10,2025-09-10 20:00:00
2,3,06,2025-09-10 08:00:00
4,4,08,2025-03-04 08:00:00
4,4,08,2025-09-03 12:00:00
4,0,08,2025-11-18 00:00:00
2,1,06,2026-02-07 20:00:00
0,0,09,2025-02-24 20:00:00
4,4,08,2025-02-24 08:00:00
2,0,06,2026-02-07 04:00:00
0,0,09,2026-02-07 20:00:00
0,0,10,2025-03-04 08:00:00
0,0,10,2026-02-07 20:00:00
1,2,06,2025-02-24 12:00:00
2,1,06,2025-07-19 08:00:00
2,0,07,2025-11-18 20:00:00
0,0,09,2026-01-19 12:00:00
0,0,09,2026-02-07 16:00:00
0,0,10,2025-03-04 20:00:00
0,0,10,2026-02-07 16:00:00
0,0,10,2025-02-24 12:00:00
0,0,10,2026-01-19 04:00:00
2,0,07,2025-03-04 00:00:00
4,3,08,2025-02-24 04:00:00
4,3,08,2026-01-19 20:00:00
0,0,10,2025-09-03 00:00:00
4,4,08,2026-02-27 16:00:00
2,1,07,2025-09-10 16:00:00
0,0,09,2026-02-27 20:00:00
0,0,09,2026-01-19 16:00:00
2,2,08,2026-02-07 04:00:00
2,0,07,2025-07-19 04:00:00
0,0,09,2025-11-18 00:00:00
2,1,07,2025-09-03 16:00:00
4,4,08,2025-01-15 08:00:00
0,0,09,2026-02-27 00:00:00
2,1,06,2026-01-19 04:00:00
0,0,09,2026-02-07 00:00:00
0,0,09,2025-11-18 16:00:00
2,2,07,2025-02-24 04:00:00
2,0,06,2025-03-04 20:00:00
0,0,09,2025-02-24 08:00:00
4,4,08,2025-03-04 16:00:00
1,2,06,2025-03-04 16:00:00
4,4,08,2025-01-15 16:00:00
0,0,09,2026-01-19 20:00:00
2,0,06,2025-07-19 00:00:00
2,0,07,2025-09-10 00:00:00
4,3,08,2025-09-03 20:00:00
2,2,07,2025-01-15 04:00:00
4,4,08,2025-03-04 12:00:00
1,3,06,2025-09-03 08:00:00
0,0,10,2025-02-24 00:00:00
4,1,08,2025-03-04 00:00:00
0,0,09,2025-09-10 08:00:00
2,0,08,2025-01-15 00:00:00
2,2,07,2025-07-19 12:00:00
0,0,10,2025-03-04 00:00:00
4,1,06,2025-09-10 12:00:00
4,4,08,2025-11-18 16:00:00
1,3,06,2025-03-04 08:00:00
2,1,07,2025-01-15 12:00:00
2,0,07,2025-11-18 00:00:00
2,0,07,2025-02-24 00:00:00
2,1,07,2025-02-24 08:00:00
0,0,27,2026-02-07 00:00:00
0,0,29,2025-09-10 00:00:00
0,0,27,2025-09-03 16:00:00
0,0,26,2025-02-24 20:00:00
3,0,30,2026-02-27 08:00:00
1,0,26,2025-09-03 08:00:00
4,4,28,2025-09-03 08:00:00
0,0,29,2026-02-27 20:00:00
0,0,30,2026-01-19 20:00:00
0,0,29,2026-01-19 20:00:00
3,0,30,2025-03-04 08:00:00
3,0,29,2025-09-10 16:00:00
3,1,28,2025-09-03 00:00:00
0,0,27,2025-07-19 04:00:00
4,4,28,2025-02-24 08:00:00
4,4,28,2025-02-24 12:00:00
3,0,29,2025-02-24 12:00:00
2,0,29,2025-07-19 08:00:00
3,0,30,2025-07-19 16:00:00
1,0,27,2025-09-03 08:00:00
0,0,27,2025-09-10 20:00:00
0,0,29,2025-09-10 20:00:00
2,0,28,2025-01-15 00:00:00
0,0,26,2025-09-03 00:00:00
3,0,30,2026-01-19 08:00:00
0,0,29,2025-02-24 00:00:00
0,0,30,2025-07-19 00:00:00
0,0,27,2025-02-24 08:00:00
0,0,26,2026-02-07 04:00:00
2,0,26,2026-02-07 12:00:00
3,0,30,2025-09-03 20:00:00
0,0,26,2025-11-18 20:00:00
4,4,28,2025-07-19 16:00:00
3,4,28,2025-11-18 20:00:00
0,0,29,2025-01-15 08:00:00
0,0,27,2026-01-19 12:00:00
3,3,28,2026-01-19 04:00:00
0,0,29,2026-01-19 04:00:00
0,0,26,2026-01-19 00:00:00
3,0,30,2025-07-19 12:00:00
3,0,29,2025-07-19 12:00:00
3,0,29,2025-09-10 08:00:00
0,0,29,2026-01-19 16:00:00
3,0,30,2025-09-03 12:00:00
1,0,27,2025-03-04 08:00:00
3,0,29,2025-01-15 12:00:00
0,0,29,2025-11-18 00:00:00
4,4,28,2025-01-15 16:00:00
0,0,29,2025-01-15 16:00:00
0,0,27,2026-02-07 04:00:00
1,0,27,2025-01-15 08:00:00
3,0,30,2025-09-10 20:00:00
1,0,26,2025-03-04 12:00:00
4,3,28,2025-09-10 20:00:00
0,0,29,2026-01-19 12:00:00
0,0,29,2025-07-19 20:00:00
3,0,28,2025-03-04 00:00:00
0,0,29,2025-02-24 16:00:00
4,2,28,2025-01-15 20:00:00
1,0,27,2025-09-10 12:00:00
4,4,28,2026-02-27 12:00:00
3,0,30,2025-09-10 04:00:00
0,0,27,2025-09-10 16:00:00
0,0,27,2025-11-18 16:00:00
4,4,28,2025-09-10 16:00:00
2,0,30,2026-02-07 04:00:00
0,0,29,2026-02-27 00:00:00
0,0,30,2026-02-07 00:00:00
4,3,28,2025-09-03 20:00:00
0,0,27,2025-07-19 20:00:00
3,0,29,2025-03-04 12:00:00
0,0,27,2025-03-04 04:00:00
0,0,26,2025-01-15 00:00:00
0,0,27,2025-01-15 20:00:00
0,0,29,2025-03-04 20:00:00
4,4,28,2025-09-10 12:00:00
0,0,26,2025-03-04 16:00:00
0,0,26,2025-11-18 16:00:00
4,4,28,2025-01-15 12:00:00
0,0,29,2025-09-03 04:00:00
0,0,27,2026-02-27 00:00:00
0,0,27,2025-02-24 20:00:00
0,0,26,2025-01-15 04:00:00
0,0,26,2026-02-27 04:00:00
3,0,30,2025-03-04 04:00:00
0,0,30,2026-02-27 20:00:00
2,4,28,2025-03-04 04:00:00
2,0,26,2025-09-10 08:00:00
3,3,28,2025-03-04 20:00:00
4,4,28,2025-03-04 16:00:00
0,0,27,2025-11-18 00:00:00
0,0,27,2026-01-19 08:00:00
2,0,28,2026-02-27 00:00:00
0,0,29,2025-07-19 04:00:00
0,0,29,2025-11-18 08:00:00
3,0,30,2025-09-03 16:00:00
0,0,29,2025-07-19 16:00:00
0,0,30,2026-02-27 04:00:00
1,0,27,2025-03-04 12:00:00
0,0,26,2025-07-19 20:00:00
0,0,30,2026-01-19 04:00:00
0,0,27,2026-01-19 00:00:00
3,0,28,2026-01-19 00:00:00
2,0,27,2025-07-19 12:00:00
3,0,30,2025-09-10 08:00:00
0,0,27,2025-09-10 04:00:00
0,0,26,2026-01-19 16:00:00
0,0,27,2026-02-07 20:00:00
3,0,28,2025-11-18 00:00:00
0,0,27,2025-09-03 00:00:00
0,0,26,2025-02-24 00:00:00
0,0,29,2026-02-07 16:00:00
2,1,28,2025-07-19 04:00:00
3,0,30,2025-02-24 12:00:00
0,0,27,2025-09-03 20:00:00
2,0,26,2025-07-19 08:00:00
4,4,28,2025-09-03 16:00:00
0,0,30,2025-11-18 20:00:00
3,0,30,2025-09-03 08:00:00
0,0,26,2025-09-10 20:00:00
0,0,30,2025-03-04 00:00:00
0,0,27,2025-03-04 00:00:00
0,0,27,2025-01-15 00:00:00
0,0,27,2025-03-04 20:00:00
0,0,29,2025-01-15 20:00:00
0,0,29,2025-11-18 04:00:00
0,0,26,2025-11-18 00:00:00
0,0,27,2025-01-15 16:00:00
3,0,28,2025-02-24 00:00:00
3,0,30,2025-02-24 08:00:00
0,0,26,2025-02-24 08:00:00
0,0,26,2025-07-19 00:00:00
0,0,26,2025-07-19 04:00:00
0,0,27,2025-09-10 00:00:00
4,4,28,2025-11-18 08:00:00
0,0,27,2025-07-19 16:00:00
0,0,30,2025-02-24 20:00:00
2,0,27,2026-02-27 08:00:00
0,0,26,2026-01-19 12:00:00
3,3,28,2025-07-19 20:00:00
3,0,30,2025-02-24 16:00:00
0,0,30,2025-01-15 00:00:00
0,0,27,2026-01-19 20:00:00
0,0,26,2025-02-24 04:00:00
4,4,28,2025-07-19 12:00:00
3,0,30,2025-03-04 20:00:00
0,0,26,2026-02-07 20:00:00
0,0,26,2025-09-10 16:00:00
3,0,30,2026-02-07 16:00:00
3,4,28,2026-01-19 08:00:00
2,0,30,2025-07-19 04:00:00
0,0,29,2025-02-24 08:00:00
0,0,26,2025-11-18 08:00:00
3,0,28,2025-09-10 00:00:00
0,0,26,2025-02-24 12:00:00
0,0,27,2026-02-27 04:00:00
3,3,28,2026-02-27 20:00:00
2,0,29,2026-02-07 08:00:00
0,0,29,2025-02-24 04:00:00
0,0,30,2025-01-15 20:00:00
3,0,30,2025-09-10 16:00:00
0,0,30,2025-11-18 00:00:00
1,0,26,2025-01-15 12:00:00
1,0,26,2025-09-03 12:00:00
3,0,30,2025-09-03 04:00:00
2,2,28,2026-02-07 00:00:00
0,0,29,2026-02-07 00:00:00
2,0,27,2025-07-19 08:00:00
0,0,26,2025-09-03 16:00:00
0,0,27,2025-11-18 20:00:00
2,0,26,2026-02-27 08:00:00
3,0,30,2026-01-19 12:00:00
0,0,26,2026-01-19 04:00:00
0,0,26,2025-03-04 00:00:00
2,0,26,2026-02-07 08:00:00
0,0,26,2025-03-04 20:00:00
3,0,30,2025-11-18 04:00:00
3,0,30,2026-01-19 16:00:00
0,0,27,2025-03-04 16:00:00
0,0,26,2025-09-10 04:00:00
3,4,28,2026-01-19 16:00:00
3,0,30,2025-01-15 12:00:00
0,0,29,2025-03-04 08:00:00
0,0,29,2026-02-07 20:00:00
0,0,30,2025-09-03 00:00:00
0,0,27,2025-02-24 00:00:00
0,0,26,2026-02-07 16:00:00
0,0,30,2026-02-27 00:00:00
0,0,29,2025-07-19 00:00:00
3,0,30,2026-02-07 12:00:00
4,4,28,2026-02-07 12:00:00
3,0,30,2025-07-19 08:00:00
1,0,27,2025-02-24 12:00:00
0,0,26,2025-07-19 16:00:00
3,2,28,2025-02-24 20:00:00
0,0,27,2025-02-24 16:00:00
2,0,27,2026-02-07 08:00:00
4,4,28,2025-02-24 16:00:00
0,0,26,2025-01-15 20:00:00
1,0,27,2026-02-27 12:00:00
1,0,26,2025-09-10 12:00:00
0,0,26,2025-11-18 04:00:00
3,0,29,2025-09-10 12:00:00
0,0,30,2026-02-07 20:00:00
4,4,28,2025-03-04 08:00:00
0,0,27,2025-09-03 04:00:00
0,0,30,2025-02-24 00:00:00
0,0,27,2026-02-07 16:00:00
0,0,29,2026-02-07 04:00:00
4,4,28,2025-07-19 08:00:00
3,0,30,2025-11-18 12:00:00
1,0,27,2025-11-18 12:00:00
4,4,28,2025-11-18 12:00:00
0,0,26,2026-02-27 20:00:00
3,0,30,2026-02-07 08:00:00
2,4,28,2026-02-07 08:00:00
0,0,29,2025-03-04 00:00:00
0,0,27,2025-02-24 04:00:00
0,0,29,2025-01-15 00:00:00
0,0,27,2025-11-18 04:00:00
1,0,26,2026-02-27 12:00:00
3,0,29,2026-02-27 12:00:00
3,0,29,2025-03-04 16:00:00
0,0,27,2026-02-27 16:00:00
1,0,27,2025-09-03 12:00:00
3,0,29,2025-09-03 12:00:00
0,0,29,2026-01-19 08:00:00
0,0,27,2025-07-19 00:00:00
0,0,30,2025-09-10 00:00:00
3,0,30,2025-11-18 08:00:00
0,0,27,2025-11-18 08:00:00
0,0,26,2026-02-07 00:00:00
0,0,26,2025-09-10 00:00:00
0,0,29,2025-09-03 20:00:00
0,0,26,2025-11-18 12:00:00
3,0,29,2025-11-18 12:00:00
0,0,29,2025-11-18 20:00:00
0,0,27,2025-01-15 04:00:00
0,0,29,2025-01-15 04:00:00
2,0,29,2026-02-27 08:00:00
3,0,30,2025-03-04 12:00:00
4,4,28,2025-03-04 12:00:00
0,0,27,2026-02-27 20:00:00
0,0,26,2025-03-04 04:00:00
0,0,26,2025-02-24 16:00:00
3,0,30,2025-02-24 04:00:00
0,0,26,2025-07-19 12:00:00
3,4,28,2025-02-24 04:00:00
2,0,27,2025-09-10 08:00:00
0,0,27,2026-01-19 16:00:00
3,4,28,2025-09-10 04:00:00
0,0,26,2026-02-27 16:00:00
0,0,29,2025-09-03 00:00:00
0,0,26,2025-01-15 16:00:00
4,4,28,2026-02-07 16:00:00
2,1,28,2026-02-07 04:00:00
2,2,28,2025-07-19 00:00:00
3,0,29,2026-02-07 12:00:00
4,4,28,2025-01-15 08:00:00
0,0,30,2025-01-15 04:00:00
2,4,28,2026-02-27 04:00:00
4,4,28,2026-02-27 08:00:00
0,0,29,2026-02-27 04:00:00
0,0,30,2025-07-19 20:00:00
4,4,28,2026-01-19 12:00:00
3,0,29,2025-09-03 08:00:00
0,0,27,2026-01-19 04:00:00
0,0,30,2026-01-19 00:00:00
0,0,26,2026-01-19 20:00:00
4,4,28,2025-09-10 08:00:00
3,0,30,2025-09-10 12:00:00
3,0,30,2026-02-27 16:00:00
0,0,26,2025-03-04 08:00:00
3,3,28,2026-02-07 20:00:00
4,4,28,2025-09-03 12:00:00
0,0,29,2025-11-18 16:00:00
0,0,26,2025-09-03 04:00:00
3,0,30,2025-01-15 16:00:00
0,0,26,2026-02-27 00:00:00
2,0,27,2026-02-07 12:00:00
0,0,26,2025-09-03 20:00:00
0,0,29,2025-09-03 16:00:00
3,0,30,2025-01-15 08:00:00
0,0,26,2025-01-15 08:00:00
0,0,29,2025-02-24 20:00:00
2,4,28,2025-01-15 04:00:00
0,0,29,2025-03-04 04:00:00
0,0,29,2026-01-19 00:00:00
3,2,28,2026-01-19 20:00:00
3,0,30,2026-02-27 12:00:00
3,4,28,2025-11-18 04:00:00
3,0,30,2025-03-04 16:00:00
0,0,29,2025-09-10 04:00:00
3,0,30,2025-11-18 16:00:00
1,0,27,2025-01-15 12:00:00
4,4,28,2026-02-27 16:00:00
4,4,28,2025-11-18 16:00:00
0,0,29,2026-02-27 16:00:00
2,4,28,2025-09-03 04:00:00
0,0,26,2026-01-19 08:00:00
0,0,41,2026-02-07 00:00:00
0,0,44,2025-11-18 12:00:00
0,0,45,2025-01-15 04:00:00
0,0,41,2025-01-15 04:00:00
0,0,45,2025-07-19 20:00:00
0,0,42,2026-01-19 12:00:00
0,0,45,2026-01-19 20:00:00
0,0,42,2026-01-19 20:00:00
0,1,44,2025-11-18 04:00:00
0,0,41,2025-09-10 04:00:00
0,0,43,2025-09-10 04:00:00
0,0,42,2025-03-04 16:00:00
0,0,41,2025-11-18 00:00:00
0,0,45,2025-09-03 00:00:00
0,0,44,2025-01-15 16:00:00
0,0,44,2026-02-07 00:00:00
0,0,42,2026-02-07 00:00:00
1,1,41,2025-02-24 12:00:00
0,0,42,2025-09-03 16:00:00
0,0,41,2025-02-24 20:00:00
0,0,43,2025-02-24 20:00:00
0,0,45,2026-01-19 04:00:00
0,0,43,2025-03-04 04:00:00
0,0,45,2025-02-24 04:00:00
0,0,43,2026-01-19 20:00:00
0,0,41,2025-11-18 04:00:00
1,0,42,2026-02-27 12:00:00
1,0,43,2025-09-03 12:00:00
0,0,43,2025-09-03 04:00:00
0,0,42,2025-02-24 08:00:00
0,1,44,2025-07-19 08:00:00
0,0,45,2025-09-03 08:00:00
0,0,44,2026-01-19 12:00:00
0,0,45,2026-02-27 20:00:00
0,0,44,2025-03-04 04:00:00
0,0,43,2025-02-24 04:00:00
0,0,45,2026-01-19 16:00:00
1,2,41,2025-09-03 12:00:00
0,0,44,2026-02-27 16:00:00
0,0,41,2025-09-03 04:00:00
0,1,41,2026-02-07 16:00:00
0,0,45,2025-11-18 08:00:00
0,0,45,2025-07-19 08:00:00
0,0,43,2025-09-03 16:00:00
0,3,41,2025-07-19 16:00:00
0,0,44,2025-02-24 20:00:00
0,0,44,2026-02-27 04:00:00
0,0,45,2026-01-19 12:00:00
0,0,44,2025-03-04 00:00:00
0,0,44,2026-02-07 08:00:00
0,0,42,2025-01-15 20:00:00
0,0,42,2025-03-04 20:00:00
1,0,42,2025-09-10 08:00:00
0,0,44,2025-09-10 04:00:00
0,0,43,2026-01-19 16:00:00
0,0,45,2025-09-03 12:00:00
0,0,42,2025-11-18 00:00:00
0,0,44,2025-09-03 04:00:00
0,0,42,2025-09-03 04:00:00
0,0,41,2026-02-27 00:00:00
0,0,41,2026-02-07 04:00:00
0,0,43,2025-11-18 08:00:00
0,0,42,2025-11-18 08:00:00
0,0,44,2025-09-03 16:00:00
1,2,41,2025-11-18 12:00:00
0,0,42,2025-02-24 20:00:00
0,0,44,2025-01-15 04:00:00
0,0,43,2025-09-10 20:00:00
1,0,41,2025-03-04 04:00:00
0,0,43,2026-02-27 20:00:00
0,0,43,2025-02-24 16:00:00
0,0,42,2026-01-19 00:00:00
0,0,42,2026-02-07 08:00:00
0,0,45,2025-07-19 12:00:00
0,0,41,2025-01-15 00:00:00
0,0,42,2025-01-15 00:00:00
0,0,41,2025-01-15 20:00:00
1,1,41,2025-09-10 08:00:00
1,1,41,2025-09-10 12:00:00
0,0,44,2026-02-07 20:00:00
0,0,44,2025-11-18 16:00:00
0,0,41,2025-02-24 00:00:00
1,0,41,2025-01-15 16:00:00
0,0,43,2026-02-07 16:00:00
0,0,45,2025-07-19 00:00:00
0,0,43,2026-02-07 12:00:00
0,0,42,2026-02-07 12:00:00
0,0,44,2025-07-19 16:00:00
0,0,43,2025-11-18 12:00:00
0,0,42,2025-11-18 20:00:00
0,0,43,2025-01-15 04:00:00
0,0,42,2025-01-15 04:00:00
0,0,45,2025-03-04 12:00:00
0,0,43,2026-01-19 04:00:00
0,0,43,2026-02-07 08:00:00
0,0,42,2025-03-04 00:00:00
0,0,44,2025-01-15 20:00:00
0,0,45,2025-03-04 16:00:00
0,0,45,2026-02-27 16:00:00
0,0,42,2026-02-07 20:00:00
0,0,44,2025-09-03 00:00:00
0,0,41,2025-07-19 04:00:00
1,1,41,2025-07-19 08:00:00
0,0,45,2025-01-15 08:00:00
1,0,41,2026-02-27 08:00:00
0,0,42,2026-02-27 20:00:00
1,1,41,2026-02-27 12:00:00
1,0,43,2026-02-27 12:00:00
1,0,43,2025-09-10 12:00:00
0,0,41,2026-01-19 16:00:00
0,0,42,2025-09-10 04:00:00
1,1,41,2025-01-15 12:00:00
0,1,44,2025-01-15 12:00:00
0,0,44,2025-11-18 00:00:00
0,0,43,2025-07-19 04:00:00
0,1,44,2025-02-24 12:00:00
0,1,42,2025-07-19 08:00:00
0,0,44,2025-11-18 20:00:00
0,0,43,2025-01-15 08:00:00
0,0,42,2025-01-15 08:00:00
0,0,43,2026-02-27 04:00:00
1,0,42,2025-03-04 12:00:00
0,0,41,2025-02-24 04:00:00
0,0,44,2025-03-04 20:00:00
0,0,44,2026-02-27 12:00:00
0,0,42,2025-11-18 04:00:00
0,0,45,2025-09-10 04:00:00
0,0,45,2026-02-07 20:00:00
0,0,45,2025-11-18 00:00:00
0,0,42,2025-01-15 12:00:00
0,1,42,2025-03-04 08:00:00
0,0,42,2026-01-19 08:00:00
0,0,41,2025-07-19 00:00:00
0,0,45,2025-09-10 00:00:00
0,0,44,2025-09-10 00:00:00
0,0,43,2025-09-10 00:00:00
0,0,42,2025-09-10 00:00:00
0,0,42,2025-09-03 20:00:00
0,0,45,2025-11-18 20:00:00
0,0,41,2025-11-18 20:00:00
0,0,44,2025-01-15 08:00:00
0,0,42,2026-02-27 04:00:00
0,0,42,2026-02-27 08:00:00
1,0,42,2025-09-03 08:00:00
0,0,44,2026-02-27 20:00:00
0,0,41,2025-03-04 00:00:00
0,0,44,2026-01-19 00:00:00
0,0,44,2025-02-24 04:00:00
0,0,42,2025-02-24 04:00:00
0,0,45,2025-01-15 20:00:00
0,1,43,2025-11-18 04:00:00
0,1,44,2025-03-04 16:00:00
0,0,42,2025-09-10 16:00:00
0,0,42,2025-09-03 00:00:00
0,0,42,2025-02-24 00:00:00
0,0,45,2025-07-19 04:00:00
0,0,43,2026-02-27 00:00:00
0,0,42,2026-02-27 00:00:00
1,1,41,2025-09-03 16:00:00
0,0,42,2025-11-18 12:00:00
0,0,45,2025-09-10 20:00:00
0,0,43,2025-01-15 00:00:00
0,0,45,2025-03-04 20:00:00
0,0,43,2025-03-04 20:00:00
0,0,44,2026-01-19 16:00:00
0,0,45,2025-01-15 12:00:00
0,0,43,2025-01-15 12:00:00
0,0,43,2025-09-10 16:00:00
0,0,43,2025-11-18 16:00:00
0,0,45,2025-02-24 00:00:00
1,0,41,2026-01-19 08:00:00
0,0,44,2026-02-07 04:00:00
0,0,45,2026-02-07 00:00:00
1,0,41,2025-11-18 08:00:00
0,0,41,2025-09-03 20:00:00
0,0,44,2025-09-03 20:00:00
0,0,43,2025-02-24 12:00:00
0,0,43,2025-07-19 08:00:00
1,1,41,2025-03-04 12:00:00
1,0,41,2025-09-03 08:00:00
0,0,45,2025-03-04 04:00:00
0,0,43,2025-03-04 00:00:00
0,0,43,2026-01-19 00:00:00
1,0,42,2025-09-10 12:00:00
1,1,41,2025-09-10 16:00:00
0,1,44,2025-03-04 08:00:00
0,1,44,2025-09-03 12:00:00
1,0,42,2025-09-03 12:00:00
0,0,44,2025-02-24 00:00:00
0,0,45,2026-02-27 00:00:00
1,0,41,2025-02-24 08:00:00
0,0,43,2025-02-24 08:00:00
0,0,43,2026-02-07 04:00:00
0,0,45,2025-09-03 20:00:00
0,0,43,2025-09-03 20:00:00
0,0,43,2025-07-19 16:00:00
0,0,42,2025-07-19 16:00:00
0,0,44,2025-09-03 08:00:00
0,0,43,2026-01-19 12:00:00
1,0,43,2025-09-03 08:00:00
0,0,43,2025-07-19 20:00:00
0,0,41,2026-01-19 04:00:00
0,0,44,2025-07-19 12:00:00
0,0,43,2025-07-19 12:00:00
0,1,44,2025-09-10 08:00:00
0,0,45,2025-03-04 08:00:00
0,0,45,2025-11-18 16:00:00
0,0,41,2026-02-07 20:00:00
1,0,41,2025-11-18 16:00:00
0,0,42,2026-02-27 16:00:00
0,0,43,2025-02-24 00:00:00
0,0,44,2025-02-24 08:00:00
0,0,44,2025-07-19 04:00:00
0,0,42,2025-02-24 12:00:00
0,0,45,2025-11-18 12:00:00
0,0,41,2026-02-27 04:00:00
0,0,41,2025-09-10 20:00:00
0,0,42,2025-09-10 20:00:00
0,0,41,2026-02-27 20:00:00
0,0,44,2026-01-19 04:00:00
0,0,42,2026-01-19 04:00:00
0,0,45,2025-02-24 16:00:00
0,0,45,2026-01-19 00:00:00
1,0,41,2026-02-07 08:00:00
0,0,45,2025-01-15 00:00:00
1,2,41,2025-07-19 12:00:00
0,0,45,2025-09-10 08:00:00
0,1,43,2026-02-27 16:00:00
0,0,43,2026-02-07 20:00:00
0,0,42,2025-11-18 16:00:00
0,0,45,2026-01-19 08:00:00
0,0,44,2026-01-19 08:00:00
0,0,43,2026-01-19 08:00:00
0,0,43,2025-07-19 00:00:00
0,0,42,2026-02-07 04:00:00
0,0,42,2025-07-19 00:00:00
0,0,45,2026-02-07 12:00:00
1,1,41,2026-02-07 12:00:00
0,0,41,2025-09-10 00:00:00
0,0,45,2025-09-03 16:00:00
0,0,43,2025-11-18 20:00:00
0,0,45,2025-02-24 20:00:00
0,1,44,2025-09-10 20:00:00
0,0,42,2025-03-04 04:00:00
0,1,41,2025-02-24 16:00:00
0,0,41,2026-01-19 00:00:00
0,0,41,2026-01-19 20:00:00
0,0,44,2025-01-15 00:00:00
0,0,43,2025-09-10 08:00:00
0,0,45,2026-02-27 12:00:00
0,0,45,2025-09-10 12:00:00
0,0,43,2025-03-04 16:00:00
0,0,42,2026-01-19 16:00:00
0,0,45,2025-09-10 16:00:00
1,0,41,2025-03-04 08:00:00
0,0,43,2025-11-18 00:00:00
0,0,45,2025-01-15 16:00:00
0,0,43,2025-01-15 16:00:00
0,1,42,2026-02-07 16:00:00
0,0,44,2026-02-27 00:00:00
0,0,44,2025-11-18 08:00:00
0,0,43,2026-02-07 00:00:00
0,0,45,2025-07-19 16:00:00
0,0,45,2026-02-27 04:00:00
0,0,45,2026-02-27 08:00:00
1,1,41,2026-01-19 12:00:00
0,0,41,2025-07-19 20:00:00
0,0,44,2025-07-19 20:00:00
0,0,42,2025-07-19 20:00:00
0,0,45,2025-03-04 00:00:00
0,0,44,2025-02-24 16:00:00
0,0,41,2025-03-04 20:00:00
0,0,45,2025-11-18 04:00:00
0,1,44,2025-09-10 12:00:00
1,1,41,2025-03-04 16:00:00
0,0,44,2025-09-10 16:00:00
0,0,43,2025-03-04 08:00:00
0,0,45,2026-02-07 16:00:00
0,0,44,2026-02-07 16:00:00
0,0,45,2026-02-07 04:00:00
0,0,42,2025-07-19 04:00:00
0,0,44,2026-02-07 12:00:00
0,0,45,2025-02-24 12:00:00
1,0,41,2025-01-15 08:00:00
0,1,44,2026-02-27 08:00:00
0,0,43,2026-02-27 08:00:00
0,1,44,2025-03-04 12:00:00
0,1,43,2025-03-04 12:00:00
0,0,45,2026-02-07 08:00:00
0,0,42,2025-02-24 16:00:00
0,0,44,2026-01-19 20:00:00
0,0,42,2025-07-19 12:00:00
0,0,43,2025-01-15 20:00:00
1,1,41,2026-02-27 16:00:00
0,0,45,2025-09-03 04:00:00
0,0,41,2025-09-03 00:00:00
0,0,43,2025-09-03 00:00:00
0,0,42,2025-01-15 16:00:00
0,1,45,2025-02-24 08:00:00
0,0,44,2025-07-19 00:00:00
0,1,39,2026-02-07 12:00:00
0,0,37,2025-07-19 08:00:00
0,0,37,2025-01-15 04:00:00
0,0,39,2026-02-27 08:00:00
0,0,38,2025-03-04 12:00:00
0,0,40,2025-09-10 20:00:00
0,0,37,2026-01-19 04:00:00
0,0,40,2026-01-19 04:00:00
0,0,38,2025-03-04 00:00:00
0,0,39,2026-01-19 00:00:00
0,0,38,2025-02-24 04:00:00
0,0,39,2025-03-04 20:00:00
2,0,24,2025-07-14 08:00:00
2,0,22,2025-01-14 16:00:00
0,0,25,2025-07-14 20:00:00
2,0,22,2025-07-01 00:00:00
3,0,25,2025-01-14 12:00:00
2,0,21,2025-01-14 04:00:00
2,0,24,2025-01-14 04:00:00
3,0,25,2025-07-01 16:00:00
1,0,21,2025-01-14 08:00:00
1,0,21,2025-07-14 12:00:00
2,0,21,2025-07-01 08:00:00
4,0,24,2025-01-14 16:00:00
2,0,24,2025-07-01 00:00:00
2,0,24,2025-01-14 20:00:00
3,0,25,2025-07-01 12:00:00
2,0,22,2025-01-14 00:00:00
2,0,22,2025-07-14 00:00:00
2,0,21,2025-07-14 00:00:00
0,0,25,2025-01-14 16:00:00
2,0,25,2025-07-01 04:00:00
0,0,25,2025-01-14 00:00:00
2,0,21,2025-07-14 16:00:00
2,0,24,2025-01-14 00:00:00
1,0,23,2025-07-14 08:00:00
2,0,21,2025-07-01 00:00:00
2,0,21,2025-07-01 16:00:00
1,0,22,2025-01-14 08:00:00
0,0,23,2025-07-14 04:00:00
1,0,21,2025-01-14 12:00:00
4,0,24,2025-07-14 12:00:00
0,0,25,2025-01-14 20:00:00
0,0,21,2025-01-14 20:00:00
2,0,22,2025-07-01 08:00:00
3,0,25,2025-07-14 16:00:00
2,0,21,2025-07-01 20:00:00
2,0,22,2025-07-14 20:00:00
1,0,22,2025-01-14 12:00:00
2,0,21,2025-07-14 08:00:00
0,0,23,2025-01-14 04:00:00
2,0,22,2025-01-14 04:00:00
0,0,23,2025-07-01 04:00:00
0,0,23,2025-07-14 16:00:00
2,0,22,2025-07-14 16:00:00
2,0,24,2025-07-14 00:00:00
3,0,24,2025-07-01 20:00:00
0,0,23,2025-07-14 20:00:00
4,0,24,2025-07-01 16:00:00
0,0,25,2025-07-14 04:00:00
2,0,24,2025-07-14 04:00:00
2,0,21,2025-01-14 00:00:00
2,0,22,2025-07-14 08:00:00
2,0,25,2025-07-14 08:00:00
4,0,24,2025-01-14 12:00:00
1,0,21,2025-07-01 12:00:00
2,0,22,2025-07-14 04:00:00
0,0,23,2025-01-14 00:00:00
0,0,23,2025-07-01 20:00:00
0,0,25,2025-07-14 00:00:00
2,0,21,2025-07-14 20:00:00
3,1,24,2025-07-14 20:00:00
4,0,22,2025-07-14 12:00:00
3,0,25,2025-07-01 08:00:00
4,0,24,2025-07-01 08:00:00
4,0,22,2025-07-01 16:00:00
4,1,24,2025-01-14 08:00:00
0,0,23,2025-01-14 20:00:00
2,0,22,2025-01-14 20:00:00
0,0,23,2025-07-01 16:00:00
4,0,24,2025-07-01 12:00:00
0,0,25,2025-07-01 00:00:00
0,0,11,2025-07-14 04:00:00
0,0,11,2025-07-14 08:00:00
0,0,11,2025-07-01 08:00:00
0,0,12,2025-07-14 16:00:00
0,0,14,2025-01-14 16:00:00
0,0,12,2025-01-14 20:00:00
0,0,13,2025-01-14 04:00:00
0,0,13,2025-07-01 16:00:00
0,0,14,2025-07-01 20:00:00
0,0,12,2025-07-14 04:00:00
4,0,11,2025-07-01 12:00:00
0,0,12,2025-01-14 12:00:00
0,0,12,2025-07-01 20:00:00
0,0,12,2025-07-14 08:00:00
0,0,15,2025-07-14 16:00:00
0,0,14,2025-07-14 20:00:00
0,0,14,2025-01-14 04:00:00
0,0,11,2025-07-01 16:00:00
0,0,14,2025-07-01 00:00:00
0,0,11,2025-07-01 00:00:00
0,0,14,2025-07-14 12:00:00
0,0,14,2025-01-14 12:00:00
0,0,14,2025-07-14 00:00:00
0,0,13,2025-07-14 08:00:00
0,0,12,2025-07-14 00:00:00
0,0,13,2025-07-14 16:00:00
0,0,12,2025-07-01 04:00:00
0,0,11,2025-07-01 04:00:00
0,0,15,2025-07-01 16:00:00
0,0,11,2025-01-14 12:00:00
0,0,14,2025-07-01 04:00:00
0,0,13,2025-07-01 04:00:00
0,0,13,2025-07-14 20:00:00
0,0,13,2025-01-14 12:00:00
0,0,14,2025-01-14 00:00:00
0,0,15,2025-01-14 00:00:00
0,0,14,2025-07-01 08:00:00
0,0,13,2025-07-14 04:00:00
0,0,14,2025-01-14 20:00:00
0,0,15,2025-01-14 12:00:00
0,0,15,2025-07-14 08:00:00
0,0,15,2025-07-01 08:00:00
0,0,13,2025-07-01 12:00:00
0,0,14,2025-07-14 16:00:00
0,0,14,2025-07-01 12:00:00
0,0,15,2025-07-14 12:00:00
0,0,12,2025-07-14 12:00:00
0,0,11,2025-07-14 12:00:00
0,0,15,2025-01-14 04:00:00
0,0,12,2025-01-14 04:00:00
0,0,15,2025-07-01 20:00:00
0,0,13,2025-07-01 08:00:00
0,0,12,2025-07-01 08:00:00
0,0,13,2025-01-14 16:00:00
0,0,11,2025-01-14 16:00:00
0,0,11,2025-01-14 20:00:00
0,0,13,2025-01-14 00:00:00
0,0,13,2025-07-14 00:00:00
0,0,13,2025-01-14 20:00:00
0,0,14,2025-07-01 16:00:00
0,0,12,2025-07-01 16:00:00
0,0,13,2025-07-01 20:00:00
0,0,14,2025-07-14 08:00:00
0,0,15,2025-01-14 08:00:00
0,0,11,2025-07-14 00:00:00
0,0,13,2025-07-01 00:00:00
0,0,15,2025-07-01 00:00:00
0,0,12,2025-07-14 20:00:00
0,0,13,2025-07-14 12:00:00
0,0,15,2025-07-14 04:00:00
0,0,11,2025-01-14 08:00:00
0,0,15,2025-01-14 16:00:00
0,0,15,2025-07-14 20:00:00
0,0,15,2025-01-14 20:00:00
0,0,12,2025-01-14 00:00:00
0,0,15,2025-07-01 04:00:00
0,0,12,2025-01-14 16:00:00
4,0,15,2025-07-01 12:00:00
0,0,11,2025-07-14 20:00:00
0,0,11,2025-07-01 20:00:00
0,0,14,2025-07-14 04:00:00
0,0,11,2025-07-14 16:00:00
0,0,11,2025-01-14 04:00:00
0,0,11,2025-01-14 00:00:00
0,1,14,2025-01-14 08:00:00
0,0,13,2025-01-14 08:00:00
0,0,15,2025-07-14 00:00:00
0,0,12,2025-01-14 08:00:00
0,0,12,2025-07-01 00:00:00
0,0,12,2025-07-01 12:00:00
0,0,09,2025-01-14 20:00:00
0,0,09,2025-07-01 00:00:00
2,2,07,2025-07-01 08:00:00
0,0,10,2025-01-14 12:00:00
0,0,10,2025-07-01 20:00:00
0,0,10,2025-07-14 00:00:00
4,0,08,2025-01-14 00:00:00
4,0,09,2025-07-01 12:00:00
0,0,09,2025-07-01 16:00:00
4,4,08,2025-01-14 08:00:00
1,3,06,2025-01-14 08:00:00
2,0,06,2025-01-14 16:00:00
2,0,07,2025-07-14 20:00:00
4,3,08,2025-01-14 20:00:00
2,0,07,2025-07-01 00:00:00
4,4,08,2025-07-14 16:00:00
2,0,06,2025-01-14 00:00:00
2,0,07,2025-01-14 20:00:00
0,0,09,2025-07-01 20:00:00
2,2,06,2025-07-14 04:00:00
2,1,06,2025-07-01 04:00:00
0,0,09,2025-01-14 08:00:00
0,0,09,2025-07-14 04:00:00
0,0,09,2025-07-14 08:00:00
2,0,06,2025-07-14 00:00:00
0,0,10,2025-07-01 00:00:00
4,4,08,2025-07-14 20:00:00
4,0,08,2025-07-01 00:00:00
2,0,06,2025-07-01 00:00:00
0,0,09,2025-07-14 20:00:00
4,4,08,2025-01-14 16:00:00
0,0,10,2025-07-01 08:00:00
2,2,07,2025-07-14 16:00:00
0,0,10,2025-07-14 20:00:00
4,4,08,2025-07-01 16:00:00
0,0,09,2025-01-14 04:00:00
4,2,06,2025-07-01 12:00:00
0,0,09,2025-01-14 00:00:00
4,4,08,2025-07-01 20:00:00
2,2,07,2025-07-14 12:00:00
2,2,06,2025-07-01 08:00:00
0,0,10,2025-07-01 16:00:00
0,0,09,2025-07-01 04:00:00
0,0,10,2025-07-14 16:00:00
2,0,07,2025-07-14 00:00:00
2,0,07,2025-07-01 20:00:00
4,4,08,2025-01-14 12:00:00
2,2,07,2025-01-14 12:00:00
0,0,10,2025-01-14 20:00:00
4,4,08,2025-07-01 12:00:00
3,4,08,2025-07-14 04:00:00
0,0,10,2025-07-14 08:00:00
0,0,09,2025-01-14 16:00:00
3,0,08,2025-07-14 00:00:00
2,1,07,2025-07-01 16:00:00
0,0,09,2025-01-14 12:00:00
0,0,10,2025-01-14 00:00:00
2,2,06,2025-07-14 08:00:00
2,2,06,2025-01-14 04:00:00
0,0,10,2025-07-14 12:00:00
2,2,07,2025-07-14 04:00:00
2,0,06,2025-07-14 20:00:00
1,2,06,2025-01-14 12:00:00
0,0,10,2025-01-14 04:00:00
2,1,07,2025-07-01 04:00:00
0,0,09,2025-07-14 00:00:00
2,0,07,2025-01-14 00:00:00
4,4,08,2025-07-01 08:00:00
0,0,09,2025-07-14 12:00:00
4,3,08,2025-07-01 04:00:00
0,0,09,2025-07-14 16:00:00
0,0,10,2025-07-01 04:00:00
2,1,06,2025-07-14 16:00:00
4,4,08,2025-07-14 08:00:00
4,0,10,2025-07-01 12:00:00
2,0,06,2025-01-14 20:00:00
4,1,06,2025-07-01 16:00:00
2,2,07,2025-07-01 12:00:00
0,0,10,2025-01-14 08:00:00
2,3,06,2025-07-01 20:00:00
1,1,06,2025-07-14 12:00:00
2,2,07,2025-07-14 08:00:00
4,4,08,2025-01-14 04:00:00
2,1,07,2025-01-14 04:00:00
2,1,07,2025-01-14 08:00:00
2,0,07,2025-01-14 16:00:00
0,0,09,2025-07-01 08:00:00
0,0,10,2025-07-14 04:00:00
0,0,10,2025-01-14 16:00:00
4,4,08,2025-07-14 12:00:00
3,0,30,2025-01-14 04:00:00
4,4,28,2025-07-01 08:00:00
0,0,29,2025-01-14 04:00:00
3,0,29,2025-07-01 16:00:00
0,0,27,2025-01-14 00:00:00
0,0,26,2025-07-14 16:00:00
3,1,28,2025-07-14 00:00:00
0,0,29,2025-07-01 20:00:00
0,0,26,2025-01-14 12:00:00
3,1,28,2025-07-01 00:00:00
3,4,28,2025-01-14 04:00:00
0,0,27,2025-07-01 00:00:00
1,0,26,2025-07-14 12:00:00
3,0,30,2025-07-01 08:00:00
1,0,27,2025-07-01 08:00:00
0,0,27,2025-07-01 16:00:00
0,0,29,2025-07-14 04:00:00
0,0,30,2025-07-14 00:00:00
2,0,28,2025-01-14 00:00:00
3,0,30,2025-01-14 12:00:00
3,0,30,2025-07-01 00:00:00
4,4,28,2025-01-14 12:00:00
3,4,28,2025-07-14 08:00:00
0,0,29,2025-07-01 00:00:00
0,0,29,2025-01-14 20:00:00
0,0,26,2025-07-14 04:00:00
4,4,28,2025-07-14 16:00:00
0,0,29,2025-07-14 16:00:00
3,0,29,2025-01-14 12:00:00
0,0,26,2025-01-14 16:00:00
3,0,30,2025-07-14 04:00:00
4,2,28,2025-07-01 20:00:00
0,0,29,2025-07-14 00:00:00
3,0,30,2025-07-14 08:00:00
3,0,29,2025-07-01 08:00:00
3,0,30,2025-07-01 16:00:00
3,4,28,2025-07-14 04:00:00
3,4,28,2025-07-01 04:00:00
0,0,26,2025-01-14 00:00:00
3,0,30,2025-01-14 08:00:00
0,0,29,2025-01-14 08:00:00
3,0,29,2025-07-01 12:00:00
0,0,27,2025-07-14 16:00:00
3,0,30,2025-07-14 12:00:00
1,0,27,2025-07-14 12:00:00
0,0,26,2025-07-01 00:00:00
0,0,27,2025-01-14 08:00:00
0,0,27,2025-07-14 20:00:00
3,3,28,2025-07-14 20:00:00
0,0,29,2025-07-14 20:00:00
0,0,26,2025-01-14 08:00:00
3,0,30,2025-07-01 20:00:00
0,0,29,2025-01-14 00:00:00
3,0,30,2025-07-14 20:00:00
1,0,27,2025-01-14 12:00:00
0,0,27,2025-01-14 20:00:00
0,0,27,2025-01-14 04:00:00
4,4,28,2025-07-01 16:00:00
4,4,28,2025-01-14 08:00:00
3,0,30,2025-01-14 16:00:00
0,0,29,2025-07-01 04:00:00
0,0,26,2025-07-14 00:00:00
3,0,29,2025-07-14 12:00:00
0,0,30,2025-01-14 20:00:00
0,0,26,2025-01-14 04:00:00
4,4,28,2025-01-14 16:00:00
0,0,26,2025-07-01 20:00:00
4,4,28,2025-07-14 12:00:00
2,0,26,2025-07-01 08:00:00
0,0,27,2025-01-14 16:00:00
0,0,30,2025-01-14 00:00:00
1,0,27,2025-07-14 08:00:00
0,0,26,2025-07-14 08:00:00
3,0,30,2025-07-01 12:00:00
3,0,30,2025-07-01 04:00:00
0,0,27,2025-07-14 04:00:00
0,0,26,2025-07-01 04:00:00
3,0,30,2025-07-14 16:00:00
0,0,27,2025-07-14 00:00:00
0,0,29,2025-01-14 16:00:00
0,0,27,2025-07-01 04:00:00
0,0,26,2025-01-14 20:00:00
3,3,28,2025-01-14 20:00:00
0,0,26,2025-07-01 16:00:00
4,4,28,2025-07-01 12:00:00
0,0,27,2025-07-01 20:00:00
0,0,26,2025-07-14 20:00:00
1,0,27,2025-07-01 12:00:00
3,0,26,2025-07-01 12:00:00
3,0,29,2025-07-14 08:00:00
1,0,42,2025-07-01 08:00:00
0,0,45,2025-07-14 16:00:00
0,0,42,2025-07-01 00:00:00
0,0,42,2025-01-14 16:00:00
0,0,45,2025-01-14 00:00:00
0,1,44,2025-01-14 12:00:00
1,2,41,2025-07-01 12:00:00
0,0,45,2025-07-14 04:00:00
0,0,42,2025-01-14 00:00:00
0,0,42,2025-07-14 00:00:00
0,0,44,2025-07-14 20:00:00
1,2,41,2025-07-14 12:00:00
0,0,44,2025-07-14 08:00:00
0,0,43,2025-07-01 00:00:00
0,0,44,2025-01-14 20:00:00
0,0,41,2025-07-01 00:00:00
0,1,44,2025-07-14 12:00:00
0,0,44,2025-07-01 00:00:00
0,1,43,2025-07-14 12:00:00
1,0,41,2025-01-14 08:00:00
0,1,44,2025-07-01 12:00:00
0,0,44,2025-07-01 20:00:00
0,0,43,2025-07-14 20:00:00
1,1,41,2025-01-14 12:00:00
0,0,45,2025-07-01 16:00:00
0,0,45,2025-01-14 08:00:00
0,0,45,2025-07-01 00:00:00
1,0,42,2025-07-14 12:00:00
0,0,41,2025-01-14 04:00:00
0,1,44,2025-01-14 16:00:00
0,0,45,2025-01-14 12:00:00
1,1,41,2025-07-01 08:00:00
0,0,43,2025-07-01 16:00:00
0,1,41,2025-01-14 16:00:00
0,0,45,2025-07-14 00:00:00
1,1,41,2025-07-14 16:00:00
0,0,41,2025-07-01 20:00:00
0,0,44,2025-01-14 00:00:00
0,0,43,2025-07-14 00:00:00
0,0,42,2025-01-14 12:00:00
0,0,42,2025-07-14 08:00:00
0,0,42,2025-07-01 16:00:00
0,0,44,2025-07-14 04:00:00
0,0,43,2025-07-01 04:00:00
0,0,42,2025-07-14 04:00:00
0,0,43,2025-07-01 20:00:00
0,0,42,2025-07-14 16:00:00
0,0,43,2025-01-14 04:00:00
0,0,42,2025-01-14 08:00:00
0,0,43,2025-01-14 16:00:00
0,0,43,2025-07-14 04:00:00
0,0,42,2025-07-01 20:00:00
0,0,45,2025-07-14 20:00:00
0,0,45,2025-07-14 08:00:00
0,0,43,2025-01-14 20:00:00
0,0,42,2025-01-14 20:00:00
1,0,43,2025-07-01 12:00:00
1,0,42,2025-07-01 12:00:00
0,0,42,2025-07-01 04:00:00
0,0,43,2025-01-14 00:00:00
0,0,45,2025-07-14 12:00:00
0,0,43,2025-01-14 12:00:00
0,0,45,2025-01-14 04:00:00
0,0,44,2025-01-14 04:00:00
0,0,45,2025-07-01 12:00:00
0,0,45,2025-01-14 16:00:00
0,0,43,2025-07-14 08:00:00
0,1,44,2025-07-01 08:00:00
0,1,43,2025-07-01 08:00:00
0,0,45,2025-07-01 04:00:00
0,0,45,2025-07-01 20:00:00
0,0,41,2025-07-14 00:00:00
1,0,41,2025-07-14 08:00:00
0,0,45,2025-01-14 20:00:00
0,0,41,2025-07-14 04:00:00
0,0,41,2025-07-01 04:00:00
0,0,44,2025-07-14 16:00:00
0,0,43,2025-07-14 16:00:00
0,0,42,2025-07-14 20:00:00
0,0,41,2025-01-14 20:00:00
0,0,45,2025-07-01 08:00:00
0,0,42,2025-01-14 04:00:00
1,2,41,2025-07-01 16:00:00
0,1,44,2025-07-01 16:00:00
0,0,43,2025-01-14 08:00:00
0,0,44,2025-07-01 04:00:00
0,0,44,2025-07-14 00:00:00
0,0,44,2025-01-14 08:00:00
0,0,41,2025-01-14 00:00:00
0,0,41,2025-07-14 20:00:00
0,0,36,2025-07-01 16:00:00
0,0,39,2025-07-01 16:00:00
0,0,37,2025-01-14 08:00:00
0,0,40,2025-01-14 16:00:00
1,0,40,2025-03-11 12:00:00
0,0,40,2025-03-11 04:00:00
0,0,37,2025-08-12 20:00:00
0,0,40,2025-03-11 08:00:00
0,0,37,2025-03-11 20:00:00
0,0,39,2025-07-25 20:00:00
0,0,40,2025-07-25 00:00:00
0,0,37,2025-11-27 16:00:00
0,0,36,2025-08-24 04:00:00
0,0,36,2025-08-24 16:00:00
0,0,37,2025-05-15 04:00:00
0,0,37,2026-02-02 20:00:00
0,0,38,2025-11-30 12:00:00
0,0,39,2026-02-02 00:00:00
0,0,37,2025-06-23 16:00:00
0,0,36,2025-12-18 00:00:00
0,0,40,2025-06-23 12:00:00
0,0,36,2025-09-11 16:00:00
0,0,36,2026-04-14 04:00:00
0,0,37,2025-01-23 04:00:00
0,0,39,2025-01-23 12:00:00
0,0,40,2025-01-23 04:00:00
0,0,40,2026-04-14 16:00:00
1,0,39,2025-07-02 12:00:00
0,0,37,2025-04-02 08:00:00
1,0,37,2025-09-11 12:00:00
1,0,38,2025-09-11 12:00:00
0,0,38,2025-07-02 20:00:00
0,0,36,2025-07-02 20:00:00
0,0,40,2025-07-02 20:00:00
1,0,38,2025-04-02 12:00:00
0,0,37,2025-09-11 04:00:00
0,0,40,2025-12-25 16:00:00
0,0,40,2025-07-02 00:00:00
0,0,38,2025-06-29 08:00:00
0,0,38,2025-10-16 08:00:00
0,0,40,2026-04-16 08:00:00
0,0,40,2025-07-10 00:00:00
0,0,38,2026-04-16 16:00:00
1,0,37,2026-04-30 12:00:00
0,0,36,2025-11-08 04:00:00
0,0,38,2025-10-16 00:00:00
0,0,40,2025-10-16 12:00:00
0,0,39,2026-04-16 04:00:00
0,0,40,2025-10-16 04:00:00
0,0,40,2026-04-26 12:00:00
0,0,36,2026-03-24 20:00:00
0,0,36,2026-01-13 00:00:00
0,1,39,2026-01-13 12:00:00
0,0,38,2025-12-04 08:00:00
0,0,39,2025-12-04 16:00:00
0,0,40,2025-11-14 08:00:00
0,0,40,2025-06-27 12:00:00
0,0,36,2025-06-27 00:00:00
0,0,39,2025-06-27 00:00:00
0,0,39,2026-02-01 20:00:00
0,0,36,2025-02-07 20:00:00
0,0,39,2025-02-07 16:00:00
0,0,37,2025-08-30 00:00:00
0,0,37,2025-12-14 00:00:00
0,0,37,2025-09-27 20:00:00
0,0,40,2025-09-27 20:00:00
0,0,37,2025-12-14 04:00:00
0,0,38,2025-02-07 00:00:00
0,1,39,2026-01-10 08:00:00
0,0,40,2025-10-21 20:00:00
0,0,38,2025-08-30 12:00:00
0,0,39,2026-02-01 12:00:00
0,0,39,2025-11-21 00:00:00
0,0,40,2025-11-21 16:00:00
0,0,39,2025-05-24 08:00:00
0,0,38,2025-06-01 00:00:00
0,0,39,2025-06-01 04:00:00
0,0,40,2025-05-24 12:00:00
0,0,40,2026-03-11 16:00:00
0,0,40,2026-03-11 04:00:00
0,0,38,2025-05-24 04:00:00
0,0,36,2025-01-11 00:00:00
0,0,39,2026-02-13 04:00:00
0,0,38,2025-04-15 16:00:00
0,0,36,2025-09-22 12:00:00
0,0,37,2025-03-21 20:00:00
0,0,36,2025-03-12 16:00:00
0,0,39,2025-03-21 20:00:00
0,0,36,2025-03-21 16:00:00
1,0,38,2025-02-27 12:00:00
0,0,36,2025-02-27 04:00:00
0,0,36,2025-09-22 16:00:00
0,0,39,2025-09-22 16:00:00
0,0,39,2025-08-13 04:00:00
0,0,38,2025-11-24 04:00:00
0,0,38,2026-03-18 00:00:00
0,0,37,2025-05-06 16:00:00
0,0,40,2025-11-24 12:00:00
0,0,37,2025-08-13 20:00:00
0,0,39,2026-03-18 16:00:00
0,0,36,2025-08-13 08:00:00
0,0,36,2026-03-18 20:00:00
1,1,39,2025-08-13 08:00:00
1,0,38,2026-03-18 12:00:00
0,0,40,2025-08-13 00:00:00
0,0,39,2025-09-03 20:00:00
0,0,37,2025-07-19 16:00:00
0,0,36,2025-11-18 20:00:00
0,0,40,2025-11-18 12:00:00
0,0,38,2025-01-15 04:00:00
0,0,38,2026-01-19 20:00:00
0,0,37,2026-01-19 16:00:00
0,0,37,2025-09-10 04:00:00
0,0,36,2026-01-19 16:00:00
0,0,36,2025-03-04 08:00:00
0,0,39,2026-02-07 20:00:00
0,0,39,2025-09-10 16:00:00
0,0,37,2025-09-03 00:00:00
0,1,36,2025-01-15 16:00:00
1,0,37,2025-07-01 12:00:00
0,0,38,2025-01-14 00:00:00
0,0,38,2025-07-14 00:00:00
0,0,37,2025-07-14 12:00:00
0,0,37,2025-07-01 00:00:00
0,0,39,2025-07-14 08:00:00
0,0,40,2025-01-14 12:00:00
0,0,05,2025-08-12 20:00:00
0,0,02,2025-06-20 20:00:00
0,0,04,2025-06-20 12:00:00
0,0,01,2025-02-09 00:00:00
0,0,02,2025-03-11 16:00:00
0,0,04,2025-02-09 04:00:00
0,0,04,2025-02-09 08:00:00
0,0,05,2025-02-09 16:00:00
1,0,01,2025-08-12 08:00:00
0,0,04,2025-06-20 16:00:00
2,0,03,2025-06-20 20:00:00
0,0,01,2025-02-09 20:00:00
2,0,03,2025-02-09 04:00:00
0,0,01,2025-08-12 00:00:00
1,1,03,2025-08-12 12:00:00
1,1,03,2025-03-11 04:00:00
0,0,04,2025-06-20 20:00:00
0,0,04,2025-02-09 12:00:00
1,0,01,2025-06-20 12:00:00
1,0,02,2025-06-20 12:00:00
0,0,04,2025-08-12 16:00:00
0,0,01,2025-06-20 04:00:00
0,0,01,2025-02-09 04:00:00
2,2,03,2025-08-12 04:00:00
1,0,02,2025-06-20 08:00:00
0,0,02,2025-06-20 00:00:00
0,0,02,2025-02-09 16:00:00
0,0,04,2025-06-20 04:00:00
0,0,04,2025-03-11 00:00:00
2,0,05,2025-02-09 04:00:00
0,0,04,2025-03-11 16:00:00
1,0,01,2025-08-12 12:00:00
2,0,03,2025-02-09 00:00:00
0,0,01,2025-03-11 20:00:00
1,0,05,2025-03-11 08:00:00
2,0,05,2025-08-12 04:00:00
1,1,03,2025-08-12 16:00:00
1,0,05,2025-08-12 08:00:00
1,0,04,2025-03-11 12:00:00
0,0,05,2025-08-12 00:00:00
0,0,02,2025-02-09 20:00:00
0,0,03,2025-02-09 20:00:00
2,0,03,2025-03-11 00:00:00
0,0,04,2025-06-20 08:00:00
1,0,03,2025-03-11 20:00:00
1,1,03,2025-02-09 12:00:00
1,0,02,2025-08-12 12:00:00
1,1,03,2025-06-20 12:00:00
0,0,01,2025-03-11 16:00:00
1,1,03,2025-03-11 12:00:00
0,0,01,2025-03-11 04:00:00
0,0,02,2025-03-11 00:00:00
0,0,04,2025-08-12 04:00:00
1,0,05,2025-03-11 16:00:00
0,0,02,2025-03-11 20:00:00
2,0,03,2025-06-20 04:00:00
1,0,01,2025-02-09 08:00:00
0,0,01,2025-02-09 12:00:00
0,0,02,2025-02-09 08:00:00
1,0,03,2025-02-09 16:00:00
1,0,05,2025-08-12 16:00:00
0,0,60,2025-02-09 12:00:00
3,0,58,2025-06-20 12:00:00
0,0,60,2025-02-09 00:00:00
3,0,57,2025-03-11 16:00:00
0,0,60,2025-03-11 04:00:00
3,1,56,2025-03-11 00:00:00
0,0,57,2025-03-11 00:00:00
3,0,58,2025-08-12 16:00:00
3,3,56,2025-02-09 16:00:00
3,0,57,2025-08-12 16:00:00
3,3,56,2025-03-11 12:00:00
0,0,58,2025-02-09 08:00:00
0,0,60,2025-08-12 00:00:00
3,0,57,2025-03-11 08:00:00
3,0,57,2025-06-20 16:00:00
0,0,59,2025-02-09 12:00:00
0,2,59,2025-08-12 08:00:00
1,1,59,2025-03-11 12:00:00
3,0,57,2025-02-09 08:00:00
0,0,58,2025-02-09 04:00:00
0,0,57,2025-02-09 04:00:00
3,3,56,2025-03-11 20:00:00
0,0,57,2025-03-11 20:00:00
3,0,57,2025-08-12 08:00:00
1,0,60,2025-08-12 08:00:00
3,3,56,2025-06-20 20:00:00
0,0,60,2025-06-20 00:00:00
0,0,59,2025-02-09 00:00:00
0,0,60,2025-02-09 04:00:00
3,0,58,2025-03-11 08:00:00
0,0,57,2025-08-12 20:00:00
3,1,56,2025-06-20 04:00:00
0,0,59,2025-03-11 00:00:00
3,0,58,2025-08-12 12:00:00
3,0,57,2025-08-12 12:00:00
1,0,60,2025-06-20 08:00:00
0,0,60,2025-03-11 16:00:00
3,3,56,2025-03-11 08:00:00
3,3,56,2025-08-12 08:00:00
3,0,57,2025-03-11 12:00:00
0,0,59,2025-06-20 00:00:00
1,0,60,2025-03-11 12:00:00
3,3,56,2025-08-12 20:00:00
0,2,59,2025-03-11 08:00:00
0,0,59,2025-06-20 04:00:00
0,0,58,2025-02-09 16:00:00
3,2,56,2025-08-12 16:00:00
0,0,60,2025-02-09 16:00:00
0,0,58,2025-06-20 16:00:00
1,1,59,2025-08-12 12:00:00
3,0,57,2025-06-20 08:00:00
0,0,57,2025-02-09 00:00:00
3,2,56,2025-02-09 20:00:00
0,0,59,2025-03-11 04:00:00
0,0,59,2025-08-12 16:00:00
0,0,60,2025-08-12 16:00:00
0,0,59,2025-06-20 12:00:00
0,0,58,2025-06-20 00:00:00
0,0,59,2025-06-20 20:00:00
3,2,56,2025-02-09 08:00:00
3,3,56,2025-06-20 08:00:00
0,0,58,2025-02-09 20:00:00
0,0,58,2025-06-20 04:00:00
0,0,57,2025-06-20 04:00:00
0,0,58,2025-02-09 12:00:00
3,0,58,2025-08-12 08:00:00
3,2,56,2025-06-20 00:00:00
0,0,60,2025-06-20 20:00:00
3,1,56,2025-08-12 00:00:00
0,0,57,2025-02-09 20:00:00
3,1,56,2025-02-09 04:00:00
0,0,59,2025-03-11 16:00:00
0,0,57,2025-08-12 00:00:00
0,0,57,2025-03-11 04:00:00
3,2,56,2025-08-12 04:00:00
0,0,59,2025-08-12 04:00:00
0,0,59,2025-02-09 16:00:00
0,0,59,2025-06-20 16:00:00
3,4,56,2025-06-20 12:00:00
1,0,60,2025-06-20 12:00:00
0,0,59,2025-02-09 08:00:00
0,1,59,2025-06-20 08:00:00
0,0,58,2025-03-11 04:00:00
3,3,56,2025-03-11 16:00:00
0,0,59,2025-08-12 20:00:00
0,0,57,2025-02-09 16:00:00
3,3,56,2025-02-09 12:00:00
3,3,56,2025-06-20 16:00:00
0,0,60,2025-06-20 16:00:00
3,0,57,2025-06-20 12:00:00
3,0,58,2025-03-11 12:00:00
0,0,58,2025-06-20 20:00:00
0,0,60,2025-02-09 20:00:00
3,0,58,2025-03-11 16:00:00
0,0,58,2025-08-12 20:00:00
1,0,60,2025-03-11 08:00:00
0,0,58,2025-03-11 00:00:00
3,0,57,2025-08-12 04:00:00
0,0,60,2025-08-12 04:00:00
0,0,57,2025-06-20 20:00:00
3,0,58,2025-06-20 08:00:00
0,0,58,2025-02-09 00:00:00
0,0,58,2025-08-12 04:00:00
0,0,60,2025-03-11 00:00:00
3,0,57,2025-02-09 12:00:00
3,3,56,2025-08-12 12:00:00
0,0,58,2025-08-12 00:00:00
1,0,60,2025-02-09 08:00:00
0,0,60,2025-06-20 04:00:00
0,0,58,2025-03-11 20:00:00
0,0,57,2025-06-20 00:00:00
1,0,60,2025-08-12 12:00:00
0,0,59,2025-08-12 00:00:00
3,1,56,2025-02-09 00:00:00
0,0,59,2025-02-09 20:00:00
3,1,56,2025-03-11 04:00:00
0,0,59,2025-02-09 04:00:00
0,0,60,2025-08-12 20:00:00
0,0,59,2025-03-11 20:00:00
0,0,60,2025-03-11 20:00:00
3,0,31,2025-06-20 16:00:00
1,0,31,2025-06-20 12:00:00
2,1,35,2025-06-20 08:00:00
1,0,34,2025-06-20 08:00:00
2,0,35,2025-02-09 00:00:00
4,2,32,2025-02-09 20:00:00
1,3,33,2025-03-11 08:00:00
2,2,33,2025-08-12 04:00:00
2,0,35,2025-03-11 00:00:00
0,0,34,2025-06-20 04:00:00
2,3,33,2025-08-12 08:00:00
2,0,35,2025-06-20 20:00:00
2,2,33,2025-02-09 08:00:00
1,0,34,2025-02-09 08:00:00
1,3,33,2025-03-11 16:00:00
4,4,32,2025-03-11 04:00:00
4,4,32,2025-03-11 08:00:00
0,0,34,2025-03-11 00:00:00
4,4,32,2025-08-12 12:00:00
1,0,34,2025-03-11 08:00:00
2,2,33,2025-03-11 20:00:00
2,0,35,2025-08-12 08:00:00
4,4,32,2025-06-20 12:00:00
2,0,35,2025-06-20 00:00:00
0,0,31,2025-02-09 20:00:00
4,4,32,2025-08-12 04:00:00
1,0,31,2025-06-20 08:00:00
4,4,32,2025-03-11 16:00:00
0,0,34,2025-03-11 16:00:00
2,2,33,2025-08-12 20:00:00
4,3,32,2025-06-20 04:00:00
2,0,35,2025-08-12 04:00:00
1,0,31,2025-02-09 12:00:00
0,0,34,2025-06-20 16:00:00
0,0,34,2025-06-20 20:00:00
2,2,33,2025-02-09 20:00:00
2,0,35,2025-02-09 20:00:00
0,0,34,2025-02-09 04:00:00
4,4,32,2025-08-12 20:00:00
1,0,31,2025-03-11 08:00:00
1,3,33,2025-02-09 12:00:00
2,4,33,2025-06-20 20:00:00
1,1,35,2025-03-11 12:00:00
1,0,31,2025-03-11 12:00:00
0,0,34,2025-06-20 00:00:00
2,0,33,2025-02-09 00:00:00
3,0,31,2025-03-11 16:00:00
2,1,35,2025-03-11 08:00:00
3,0,31,2025-08-12 16:00:00
2,0,35,2025-03-11 20:00:00
4,4,32,2025-08-12 08:00:00
2,0,35,2025-06-20 12:00:00
1,3,33,2025-03-11 12:00:00
1,0,31,2025-08-12 12:00:00
2,0,33,2025-02-09 04:00:00
2,2,33,2025-03-11 04:00:00
2,0,35,2025-03-11 04:00:00
2,0,35,2025-06-20 04:00:00
1,0,34,2025-02-09 12:00:00
0,0,31,2025-06-20 00:00:00
4,0,32,2025-02-09 00:00:00
2,0,35,2025-08-12 20:00:00
4,0,32,2025-03-11 00:00:00
0,0,31,2025-03-11 00:00:00
0,0,34,2025-08-12 04:00:00
0,0,34,2025-02-09 16:00:00
4,4,32,2025-03-11 20:00:00
4,3,32,2025-02-09 12:00:00
3,0,31,2025-08-12 08:00:00
1,1,34,2025-06-20 12:00:00
4,3,32,2025-02-09 08:00:00
4,4,32,2025-06-20 08:00:00
0,0,34,2025-02-09 20:00:00
2,0,33,2025-03-11 00:00:00
2,2,33,2025-06-20 04:00:00
2,0,31,2025-08-12 04:00:00
1,0,34,2025-08-12 16:00:00
0,0,31,2025-03-11 20:00:00
2,0,35,2025-02-09 12:00:00
1,4,33,2025-08-12 12:00:00
4,4,32,2025-03-11 12:00:00
2,0,33,2025-08-12 00:00:00
4,1,32,2025-08-12 00:00:00
1,0,31,2025-02-09 08:00:00
4,1,32,2025-02-09 04:00:00
0,0,31,2025-08-12 20:00:00
2,0,31,2025-06-20 04:00:00
1,4,33,2025-08-12 16:00:00
4,4,32,2025-08-12 16:00:00
0,0,34,2025-03-11 20:00:00
1,4,33,2025-06-20 12:00:00
0,0,31,2025-08-12 00:00:00
2,0,35,2025-03-11 16:00:00
0,0,31,2025-02-09 04:00:00
0,0,34,2025-03-11 04:00:00
0,0,31,2025-06-20 20:00:00
1,0,34,2025-08-12 12:00:00
0,0,34,2025-08-12 00:00:00
2,3,33,2025-06-20 08:00:00
0,0,31,2025-02-09 00:00:00
0,0,34,2025-02-09 00:00:00
0,0,31,2025-03-11 04:00:00
2,1,35,2025-08-12 16:00:00
2,4,33,2025-06-20 16:00:00
1,0,34,2025-03-11 12:00:00
0,1,34,2025-08-12 20:00:00
2,1,35,2025-06-20 16:00:00
1,0,34,2025-08-12 08:00:00
4,4,32,2025-06-20 20:00:00
2,0,35,2025-02-09 08:00:00
2,0,35,2025-08-12 00:00:00
2,0,35,2025-02-09 04:00:00
2,3,33,2025-02-09 16:00:00
4,4,32,2025-02-09 16:00:00
0,0,31,2025-02-09 16:00:00
4,4,32,2025-06-20 16:00:00
2,1,33,2025-06-20 00:00:00
4,2,32,2025-06-20 00:00:00
2,1,35,2025-08-12 12:00:00
2,0,35,2025-02-09 16:00:00
0,0,52,2025-03-11 16:00:00
0,0,55,2025-06-20 04:00:00
0,0,51,2025-03-11 20:00:00
0,0,55,2025-02-09 04:00:00
0,0,52,2025-02-09 08:00:00
0,0,54,2025-06-20 20:00:00
0,0,52,2025-08-12 04:00:00
0,0,53,2025-03-11 20:00:00
0,0,51,2025-06-20 04:00:00
0,0,52,2025-02-09 04:00:00
0,0,55,2025-08-12 12:00:00
0,0,52,2025-08-12 12:00:00
0,0,51,2025-02-09 16:00:00
0,0,52,2025-02-09 16:00:00
0,0,54,2025-08-12 00:00:00
0,0,53,2025-08-12 16:00:00
0,0,54,2025-06-20 16:00:00
0,0,53,2025-06-20 12:00:00
0,0,54,2025-03-11 04:00:00
0,0,55,2025-06-20 08:00:00
0,0,54,2025-06-20 08:00:00
0,0,54,2025-03-11 00:00:00
0,0,51,2025-08-12 16:00:00
0,0,52,2025-02-09 20:00:00
0,0,53,2025-02-09 00:00:00
0,0,55,2025-02-09 16:00:00
0,0,51,2025-08-12 04:00:00
0,0,54,2025-02-09 12:00:00
0,0,54,2025-06-20 04:00:00
0,0,54,2025-02-09 00:00:00
0,0,54,2025-08-12 08:00:00
0,0,52,2025-06-20 00:00:00
0,0,53,2025-03-11 12:00:00
0,0,53,2025-02-09 08:00:00
0,0,52,2025-03-11 08:00:00
0,0,52,2025-06-20 20:00:00
0,0,51,2025-08-12 00:00:00
0,0,53,2025-03-11 00:00:00
0,0,51,2025-06-20 16:00:00
0,0,51,2025-03-11 16:00:00
0,0,51,2025-08-12 20:00:00
0,0,54,2025-03-11 12:00:00
0,0,55,2025-06-20 20:00:00
0,0,51,2025-02-09 00:00:00
0,0,55,2025-06-20 12:00:00
0,0,54,2025-06-20 12:00:00
0,0,55,2025-02-09 20:00:00
0,0,53,2025-03-11 16:00:00
0,0,55,2025-08-12 04:00:00
0,0,53,2025-02-09 16:00:00
0,0,52,2025-03-11 20:00:00
0,0,54,2025-03-11 20:00:00
0,0,52,2025-03-11 12:00:00
0,0,53,2025-03-11 04:00:00
0,0,53,2025-08-12 20:00:00
0,0,53,2025-02-09 12:00:00
0,0,55,2025-03-11 16:00:00
0,0,54,2025-03-11 16:00:00
0,0,52,2025-06-20 04:00:00
0,0,53,2025-08-12 00:00:00
0,0,52,2025-08-12 20:00:00
0,0,53,2025-02-09 04:00:00
0,0,53,2025-06-20 04:00:00
0,0,55,2025-02-09 12:00:00
0,0,53,2025-06-20 16:00:00
0,0,55,2025-03-11 04:00:00
0,0,51,2025-02-09 20:00:00
0,0,54,2025-08-12 16:00:00
0,0,54,2025-02-09 04:00:00
0,0,55,2025-03-11 12:00:00
0,0,51,2025-03-11 12:00:00
0,0,51,2025-02-09 12:00:00
0,0,52,2025-06-20 16:00:00
0,0,54,2025-06-20 00:00:00
0,0,53,2025-06-20 00:00:00
0,0,51,2025-06-20 08:00:00
0,0,54,2025-08-12 04:00:00
0,0,53,2025-08-12 12:00:00
0,0,53,2025-06-20 20:00:00
0,0,55,2025-03-11 20:00:00
0,0,52,2025-06-20 08:00:00
0,0,54,2025-08-12 20:00:00
0,0,51,2025-02-09 08:00:00
0,0,54,2025-02-09 16:00:00
0,0,55,2025-06-20 16:00:00
0,0,51,2025-03-11 04:00:00
0,0,51,2025-06-20 12:00:00
0,0,52,2025-03-11 00:00:00
0,0,52,2025-08-12 16:00:00
0,0,55,2025-03-11 08:00:00
0,0,51,2025-08-12 12:00:00
0,0,54,2025-08-12 12:00:00
0,0,55,2025-06-20 00:00:00
0,0,51,2025-03-11 00:00:00
0,0,52,2025-06-20 12:00:00
0,0,53,2025-06-20 08:00:00
0,0,55,2025-08-12 20:00:00
0,0,55,2025-02-09 00:00:00
0,0,51,2025-08-12 08:00:00
0,0,52,2025-02-09 00:00:00
0,0,52,2025-08-12 08:00:00
0,0,55,2025-08-12 00:00:00
0,0,52,2025-08-12 00:00:00
0,0,51,2025-06-20 00:00:00
0,0,55,2025-03-11 00:00:00
0,0,55,2025-08-12 16:00:00
0,0,51,2025-03-11 08:00:00
0,0,54,2025-03-11 08:00:00
0,0,51,2025-06-20 20:00:00
0,0,53,2025-02-09 20:00:00
0,0,54,2025-02-09 08:00:00
0,0,55,2025-08-12 08:00:00
0,0,53,2025-08-12 08:00:00
0,0,52,2025-03-11 04:00:00
0,0,54,2025-02-09 20:00:00
0,0,51,2025-02-09 04:00:00
0,0,55,2025-02-09 08:00:00
0,0,53,2025-03-11 08:00:00
0,0,53,2025-08-12 04:00:00
0,0,52,2025-02-09 12:00:00
3,0,70,2025-08-12 08:00:00
0,0,67,2025-06-20 12:00:00
1,0,69,2025-08-12 12:00:00
0,0,70,2025-02-09 04:00:00
0,0,66,2025-02-09 04:00:00
0,0,68,2025-08-12 20:00:00
0,0,68,2025-06-20 04:00:00
0,0,70,2025-08-12 16:00:00
0,0,68,2025-02-09 16:00:00
0,0,70,2025-06-20 16:00:00
1,0,69,2025-03-11 12:00:00
0,0,70,2025-02-09 08:00:00
0,0,70,2025-08-12 00:00:00
0,0,67,2025-08-12 00:00:00
0,0,68,2025-06-20 08:00:00
0,0,66,2025-02-09 00:00:00
0,0,70,2025-03-11 16:00:00
3,0,66,2025-03-11 16:00:00
0,0,67,2025-03-11 16:00:00
0,0,69,2025-08-12 04:00:00
0,0,68,2025-08-12 04:00:00
0,0,67,2025-03-11 20:00:00
3,0,66,2025-06-20 12:00:00
0,0,68,2025-06-20 12:00:00
3,0,70,2025-03-11 12:00:00
3,0,70,2025-08-12 12:00:00
0,0,70,2025-06-20 00:00:00
0,0,67,2025-06-20 20:00:00
0,0,68,2025-08-12 12:00:00
3,0,66,2025-06-20 08:00:00
0,0,70,2025-08-12 04:00:00
0,0,68,2025-03-11 20:00:00
0,0,68,2025-02-09 12:00:00
0,0,68,2025-06-20 20:00:00
0,0,66,2025-03-11 04:00:00
0,0,70,2025-08-12 20:00:00
0,1,68,2025-03-11 08:00:00
0,0,66,2025-06-20 00:00:00
0,0,68,2025-06-20 00:00:00
1,1,69,2025-06-20 08:00:00
0,0,67,2025-06-20 08:00:00
0,0,68,2025-03-11 16:00:00
0,0,69,2025-03-11 00:00:00
0,0,68,2025-03-11 12:00:00
0,0,68,2025-02-09 08:00:00
0,0,68,2025-08-12 00:00:00
0,0,69,2025-08-12 16:00:00
0,0,66,2025-03-11 20:00:00
0,0,66,2025-02-09 12:00:00
0,0,67,2025-08-12 08:00:00
0,0,69,2025-06-20 20:00:00
0,0,69,2025-02-09 08:00:00
0,0,67,2025-03-11 04:00:00
0,0,70,2025-06-20 04:00:00
3,0,66,2025-03-11 12:00:00
0,0,70,2025-02-09 00:00:00
0,0,66,2025-02-09 20:00:00
0,0,69,2025-02-09 20:00:00
0,0,68,2025-02-09 20:00:00
0,0,69,2025-03-11 16:00:00
0,0,67,2025-08-12 20:00:00
0,0,70,2025-02-09 16:00:00
3,0,66,2025-08-12 12:00:00
0,0,66,2025-06-20 20:00:00
0,0,67,2025-03-11 12:00:00
0,0,67,2025-08-12 12:00:00
0,0,67,2025-02-09 00:00:00
0,0,68,2025-02-09 00:00:00
0,0,68,2025-03-11 00:00:00
0,0,68,2025-08-12 16:00:00
0,0,70,2025-02-09 12:00:00
0,0,66,2025-06-20 16:00:00
0,0,69,2025-02-09 12:00:00
3,0,70,2025-06-20 12:00:00
0,0,67,2025-06-20 00:00:00
0,0,69,2025-02-09 00:00:00
0,0,69,2025-08-12 00:00:00
0,0,69,2025-02-09 04:00:00
3,0,70,2025-03-11 08:00:00
3,0,66,2025-03-11 08:00:00
1,0,69,2025-03-11 08:00:00
0,0,66,2025-02-09 16:00:00
0,0,69,2025-03-11 20:00:00
0,1,69,2025-08-12 08:00:00
0,0,69,2025-06-20 16:00:00
0,0,66,2025-02-09 08:00:00
0,0,70,2025-03-11 04:00:00
0,0,69,2025-03-11 04:00:00
0,0,68,2025-02-09 04:00:00
0,0,66,2025-08-12 20:00:00
0,0,66,2025-03-11 00:00:00
0,0,67,2025-06-20 16:00:00
0,0,68,2025-06-20 16:00:00
0,0,67,2025-02-09 08:00:00
0,0,70,2025-02-09 20:00:00
0,0,67,2025-02-09 20:00:00
0,0,70,2025-03-11 00:00:00
0,0,66,2025-06-20 04:00:00
0,0,67,2025-02-09 12:00:00
0,0,69,2025-08-12 20:00:00
0,0,67,2025-03-11 00:00:00
0,0,69,2025-02-09 16:00:00
0,0,70,2025-03-11 20:00:00
0,0,70,2025-06-20 20:00:00
0,0,66,2025-08-12 00:00:00
0,0,70,2025-06-20 08:00:00
0,0,68,2025-03-11 04:00:00
0,0,66,2025-08-12 04:00:00
0,0,67,2025-08-12 04:00:00
3,0,66,2025-08-12 16:00:00
3,0,66,2025-08-12 08:00:00
0,0,68,2025-08-12 08:00:00
1,0,69,2025-06-20 12:00:00
0,0,69,2025-06-20 00:00:00
0,0,67,2025-02-09 04:00:00
0,0,67,2025-03-11 08:00:00
0,0,69,2025-06-20 04:00:00
0,0,67,2025-06-20 04:00:00
0,0,67,2025-02-09 16:00:00
0,0,67,2025-08-12 16:00:00
4,0,22,2025-06-20 16:00:00
4,1,24,2025-08-12 08:00:00
4,1,22,2025-03-11 12:00:00
0,0,25,2025-06-20 20:00:00
2,0,22,2025-02-09 20:00:00
2,0,22,2025-02-09 04:00:00
2,0,25,2025-03-11 04:00:00
0,0,23,2025-03-11 00:00:00
4,0,24,2025-02-09 12:00:00
1,0,21,2025-08-12 12:00:00
0,0,23,2025-02-09 20:00:00
2,0,25,2025-02-09 04:00:00
2,0,25,2025-02-09 12:00:00
3,0,25,2025-06-20 16:00:00
2,0,24,2025-06-20 04:00:00
2,0,21,2025-02-09 16:00:00
0,0,23,2025-06-20 00:00:00
2,0,24,2025-08-12 00:00:00
2,0,25,2025-06-20 08:00:00
2,0,24,2025-06-20 08:00:00
0,0,03,2025-11-27 20:00:00
1,0,05,2025-11-27 12:00:00
2,0,03,2025-07-25 00:00:00
1,0,01,2025-08-24 12:00:00
2,0,03,2025-11-27 04:00:00
0,0,02,2025-07-25 04:00:00
0,0,02,2025-07-25 08:00:00
0,0,01,2025-08-24 08:00:00
0,0,02,2025-11-27 04:00:00
1,0,05,2025-07-25 12:00:00
0,0,05,2025-07-25 20:00:00
0,0,02,2025-11-27 00:00:00
0,0,04,2025-11-27 00:00:00
0,0,02,2025-05-15 04:00:00
0,0,04,2025-08-24 16:00:00
0,0,04,2025-07-25 00:00:00
0,0,01,2025-07-25 20:00:00
1,0,05,2025-07-25 08:00:00
1,0,03,2025-05-15 20:00:00
1,1,03,2025-07-25 16:00:00
0,0,04,2025-07-25 08:00:00
1,1,03,2025-07-25 12:00:00
0,0,02,2025-08-24 00:00:00
0,0,01,2025-08-24 04:00:00
1,0,05,2025-11-27 16:00:00
0,0,02,2025-05-15 20:00:00
1,1,01,2025-05-15 08:00:00
1,0,05,2025-11-27 08:00:00
1,0,05,2025-05-15 12:00:00
0,0,02,2025-08-24 12:00:00
1,2,03,2025-05-15 08:00:00
2,0,03,2025-08-24 04:00:00
0,0,05,2025-11-27 04:00:00
0,0,05,2025-05-15 20:00:00
1,0,05,2025-08-24 08:00:00
0,0,01,2025-11-27 04:00:00
0,0,04,2025-11-27 04:00:00
0,0,02,2025-05-15 00:00:00
1,0,02,2025-11-27 12:00:00
2,0,03,2025-05-15 00:00:00
0,0,04,2025-08-24 12:00:00
0,0,02,2025-07-25 20:00:00
0,0,05,2025-11-27 00:00:00
0,0,01,2025-08-24 00:00:00
1,0,02,2025-05-15 08:00:00
1,0,03,2025-11-27 08:00:00
0,0,01,2025-05-15 04:00:00
1,0,02,2025-07-25 12:00:00
0,0,01,2025-11-27 20:00:00
0,0,01,2025-07-25 04:00:00
0,0,04,2025-11-27 16:00:00
0,0,01,2025-05-15 00:00:00
0,0,04,2025-05-15 00:00:00
1,2,03,2025-08-24 08:00:00
1,0,02,2025-05-15 12:00:00
1,2,03,2025-05-15 16:00:00
0,0,01,2025-08-24 16:00:00
0,0,01,2025-07-25 00:00:00
0,0,04,2025-05-15 04:00:00
2,0,03,2025-07-25 04:00:00
1,0,01,2025-05-15 16:00:00
1,0,02,2025-05-15 16:00:00
0,0,04,2025-08-24 08:00:00
0,0,02,2025-07-25 16:00:00
2,0,03,2025-07-25 20:00:00
0,0,04,2025-07-25 16:00:00
1,0,05,2025-08-24 12:00:00
1,0,04,2025-11-27 12:00:00
0,0,05,2025-05-15 00:00:00
0,0,04,2025-07-25 20:00:00
0,0,59,2025-08-24 08:00:00
0,0,58,2025-08-24 20:00:00
3,0,56,2025-11-27 20:00:00
3,0,58,2025-05-15 08:00:00
3,2,56,2025-07-25 04:00:00
0,2,59,2025-05-15 08:00:00
0,0,60,2025-05-15 00:00:00
0,0,58,2025-08-24 16:00:00
0,0,59,2025-08-24 16:00:00
0,0,58,2025-07-25 16:00:00
0,0,60,2025-08-24 08:00:00
3,0,58,2025-11-27 12:00:00
3,0,57,2025-07-25 12:00:00
3,0,57,2025-08-24 12:00:00
0,0,57,2025-07-25 00:00:00
0,0,57,2025-11-27 20:00:00
0,0,60,2025-07-25 04:00:00
3,3,56,2025-08-24 16:00:00
0,0,58,2025-11-27 16:00:00
0,0,59,2025-11-27 16:00:00
0,0,59,2025-05-15 00:00:00
0,0,58,2025-11-27 00:00:00
3,2,56,2025-08-24 08:00:00
3,0,57,2025-07-25 16:00:00
0,0,60,2025-11-27 16:00:00
3,1,56,2025-05-15 00:00:00
1,0,60,2025-05-15 08:00:00
3,3,56,2025-07-25 08:00:00
0,1,59,2025-07-25 08:00:00
3,2,56,2025-05-15 04:00:00
3,0,57,2025-05-15 04:00:00
3,0,57,2025-11-27 12:00:00
0,0,58,2025-07-25 00:00:00
3,1,56,2025-08-24 04:00:00
3,0,56,2025-11-27 04:00:00
0,0,58,2025-05-15 04:00:00
0,0,60,2025-05-15 04:00:00
3,2,56,2025-11-27 12:00:00
3,0,58,2025-05-15 16:00:00
0,0,59,2025-07-25 00:00:00
3,0,58,2025-05-15 12:00:00
0,0,58,2025-05-15 00:00:00
0,0,57,2025-07-25 04:00:00
0,0,57,2025-08-24 00:00:00
3,3,56,2025-05-15 20:00:00
0,0,57,2025-11-27 00:00:00
3,2,56,2025-07-25 12:00:00
3,3,56,2025-07-25 20:00:00
0,0,59,2025-11-27 08:00:00
0,0,57,2025-05-15 20:00:00
3,3,56,2025-05-15 16:00:00
1,0,60,2025-05-15 16:00:00
3,0,58,2025-08-24 12:00:00
1,0,60,2025-08-24 12:00:00
3,0,57,2025-11-27 16:00:00
1,2,59,2025-05-15 12:00:00
0,0,60,2025-05-15 20:00:00
3,3,56,2025-08-24 20:00:00
3,3,56,2025-08-24 12:00:00
3,1,56,2025-07-25 00:00:00
0,0,60,2025-11-27 08:00:00
3,1,56,2025-11-27 16:00:00
0,0,58,2025-11-27 20:00:00
0,0,57,2025-08-24 04:00:00
0,0,59,2025-07-25 04:00:00
3,0,57,2025-08-24 16:00:00
0,0,60,2025-11-27 04:00:00
0,0,60,2025-11-27 00:00:00
0,0,59,2025-08-24 20:00:00
1,0,60,2025-11-27 12:00:00
0,0,57,2025-07-25 20:00:00
0,0,59,2025-07-25 20:00:00
0,0,57,2025-11-27 04:00:00
1,0,60,2025-07-25 08:00:00
0,0,58,2025-05-15 20:00:00
0,0,60,2025-07-25 12:00:00
0,0,60,2025-07-25 00:00:00
3,0,57,2025-11-27 08:00:00
0,0,57,2025-05-15 00:00:00
3,0,57,2025-05-15 08:00:00
3,0,56,2025-11-27 00:00:00
0,0,59,2025-05-15 20:00:00
0,0,59,2025-11-27 00:00:00
0,0,58,2025-07-25 12:00:00
0,0,59,2025-07-25 12:00:00
0,0,58,2025-11-27 08:00:00
3,2,56,2025-11-27 08:00:00
0,0,58,2025-07-25 04:00:00
3,3,56,2025-05-15 08:00:00
0,0,59,2025-08-24 04:00:00
0,0,60,2025-08-24 04:00:00
3,0,57,2025-08-24 08:00:00
0,0,60,2025-08-24 20:00:00
0,0,58,2025-07-25 20:00:00
0,0,59,2025-05-15 16:00:00
3,0,57,2025-05-15 12:00:00
0,0,58,2025-08-24 04:00:00
0,0,58,2025-11-27 04:00:00
0,0,60,2025-07-25 16:00:00
0,0,60,2025-07-25 20:00:00
3,0,57,2025-05-15 16:00:00
0,0,59,2025-11-27 20:00:00
0,0,60,2025-11-27 20:00:00
3,0,58,2025-08-24 08:00:00
3,4,56,2025-07-25 16:00:00
0,0,57,2025-08-24 20:00:00
3,4,56,2025-05-15 12:00:00
0,0,60,2025-08-24 16:00:00
3,0,58,2025-07-25 08:00:00
3,0,57,2025-07-25 08:00:00
0,0,59,2025-08-24 00:00:00
0,0,60,2025-08-24 00:00:00
0,0,59,2025-07-25 16:00:00
0,0,59,2025-11-27 12:00:00
0,0,59,2025-08-24 12:00:00
1,0,60,2025-05-15 12:00:00
0,0,59,2025-11-27 04:00:00
0,0,58,2025-08-24 00:00:00
3,0,56,2025-08-24 00:00:00
0,0,59,2025-05-15 04:00:00
1,4,33,2025-07-25 12:00:00
1,1,35,2025-07-25 12:00:00
1,1,34,2025-11-27 12:00:00
2,0,35,2025-11-27 20:00:00
4,2,32,2025-11-27 04:00:00
0,0,31,2025-08-24 00:00:00
4,4,32,2025-07-25 16:00:00
4,4,32,2025-05-15 16:00:00
1,2,33,2025-11-27 08:00:00
1,0,31,2025-11-27 16:00:00
2,0,33,2025-05-15 00:00:00
1,3,33,2025-05-15 08:00:00
2,0,35,2025-05-15 00:00:00
4,4,32,2025-07-25 08:00:00
2,0,35,2025-11-27 00:00:00
4,4,32,2025-11-27 16:00:00
1,4,33,2025-05-15 12:00:00
2,1,33,2025-08-24 04:00:00
2,0,35,2025-07-25 04:00:00
2,1,35,2025-07-25 08:00:00
2,0,35,2025-05-15 04:00:00
0,0,33,2025-11-27 00:00:00
4,3,32,2025-08-24 20:00:00
3,0,31,2025-07-25 12:00:00
1,0,31,2025-11-27 08:00:00
0,0,31,2025-11-27 20:00:00
1,0,34,2025-05-15 08:00:00
2,0,33,2025-08-24 00:00:00
2,0,35,2025-08-24 00:00:00
0,0,31,2025-07-25 20:00:00
0,0,34,2025-07-25 00:00:00
4,2,32,2025-11-27 20:00:00
4,3,32,2025-08-24 04:00:00
0,0,34,2025-08-24 04:00:00
0,0,31,2025-05-15 20:00:00
3,0,31,2025-07-25 16:00:00
1,0,34,2025-05-15 16:00:00
2,0,35,2025-07-25 00:00:00
2,0,31,2025-07-25 04:00:00
2,1,33,2025-11-27 04:00:00
0,0,34,2025-05-15 04:00:00
4,1,32,2025-11-27 00:00:00
3,0,31,2025-08-24 08:00:00
2,0,35,2025-08-24 20:00:00
4,4,32,2025-08-24 12:00:00
3,0,31,2025-08-24 12:00:00
2,0,35,2025-11-27 08:00:00
4,4,32,2025-07-25 04:00:00
2,0,35,2025-05-15 20:00:00
0,0,31,2025-11-27 00:00:00
1,4,33,2025-05-15 16:00:00
1,3,33,2025-08-24 12:00:00
4,0,31,2025-05-15 12:00:00
4,1,32,2025-05-15 00:00:00
1,0,31,2025-05-15 08:00:00
0,0,34,2025-05-15 00:00:00
0,0,34,2025-07-25 04:00:00
2,3,33,2025-08-24 08:00:00
2,3,33,2025-07-25 16:00:00
2,0,35,2025-07-25 16:00:00
0,0,34,2025-07-25 16:00:00
4,4,32,2025-11-27 12:00:00
4,4,32,2025-07-25 12:00:00
2,2,33,2025-07-25 20:00:00
4,0,31,2025-05-15 16:00:00
0,1,33,2025-11-27 20:00:00
2,2,33,2025-07-25 04:00:00
1,0,31,2025-07-25 08:00:00
1,0,34,2025-07-25 08:00:00
2,3,33,2025-05-15 04:00:00
4,4,32,2025-08-24 08:00:00
4,1,32,2025-07-25 00:00:00
2,0,35,2025-08-24 12:00:00
0,0,31,2025-07-25 00:00:00
1,0,34,2025-08-24 12:00:00
2,0,35,2025-11-27 16:00:00
0,0,34,2025-11-27 16:00:00
4,4,32,2025-05-15 04:00:00
0,0,34,2025-05-15 20:00:00
1,0,34,2025-08-24 08:00:00
0,0,34,2025-11-27 00:00:00
0,0,31,2025-08-24 20:00:00
2,0,35,2025-05-15 16:00:00
1,2,33,2025-11-27 16:00:00
4,4,32,2025-05-15 12:00:00
1,0,34,2025-05-15 12:00:00
2,2,33,2025-08-24 16:00:00
0,2,34,2025-07-25 20:00:00
0,0,31,2025-08-24 04:00:00
2,0,35,2025-11-27 04:00:00
0,0,31,2025-11-27 04:00:00
2,0,31,2025-05-15 04:00:00
2,2,33,2025-08-24 20:00:00
1,3,33,2025-11-27 12:00:00
0,0,34,2025-07-25 12:00:00
4,4,32,2025-07-25 20:00:00
4,4,32,2025-05-15 08:00:00
2,0,35,2025-08-24 04:00:00
2,0,35,2025-08-24 16:00:00
4,4,32,2025-05-15 20:00:00
4,3,32,2025-11-27 08:00:00
0,0,31,2025-05-15 00:00:00
4,4,32,2025-08-24 16:00:00
2,3,33,2025-05-15 20:00:00
2,1,35,2025-11-27 12:00:00
1,0,31,2025-11-27 12:00:00
2,0,33,2025-07-25 00:00:00
1,0,34,2025-11-27 08:00:00
2,0,35,2025-05-15 12:00:00
0,1,34,2025-11-27 20:00:00
3,0,31,2025-08-24 16:00:00
0,0,34,2025-11-27 04:00:00
4,1,32,2025-08-24 00:00:00
0,0,34,2025-08-24 00:00:00
2,0,35,2025-08-24 08:00:00
0,0,34,2025-08-24 20:00:00
2,0,35,2025-07-25 20:00:00
2,1,35,2025-05-15 08:00:00
0,0,34,2025-08-24 16:00:00
1,3,33,2025-07-25 08:00:00
0,0,53,2025-11-27 00:00:00
0,0,55,2025-07-25 12:00:00
0,0,55,2025-05-15 08:00:00
0,0,55,2025-05-15 16:00:00
0,0,52,2025-08-24 04:00:00
0,0,53,2025-05-15 08:00:00
0,0,52,2025-08-24 12:00:00
0,0,53,2025-05-15 04:00:00
0,0,51,2025-11-27 04:00:00
0,0,52,2025-08-24 00:00:00
0,0,54,2025-08-24 08:00:00
0,0,54,2025-11-27 12:00:00
0,0,51,2025-11-27 08:00:00
0,0,54,2025-11-27 08:00:00
0,0,51,2025-11-27 20:00:00
0,0,53,2025-11-27 04:00:00
0,0,51,2025-08-24 12:00:00
0,1,53,2025-07-25 08:00:00
0,0,53,2025-08-24 08:00:00
0,0,51,2025-05-15 00:00:00
0,0,53,2025-07-25 12:00:00
0,0,51,2025-05-15 08:00:00
0,0,52,2025-05-15 08:00:00
0,0,54,2025-11-27 00:00:00
0,0,55,2025-08-24 20:00:00
0,0,51,2025-05-15 20:00:00
0,0,52,2025-07-25 00:00:00
0,0,54,2025-05-15 16:00:00
0,0,55,2025-11-27 04:00:00
0,0,54,2025-08-24 04:00:00
0,0,51,2025-07-25 12:00:00
0,0,54,2025-05-15 12:00:00
0,0,54,2025-07-25 00:00:00
0,0,55,2025-11-27 12:00:00
0,0,55,2025-08-24 12:00:00
0,0,52,2025-11-27 16:00:00
0,0,54,2025-11-27 16:00:00
0,0,55,2025-07-25 04:00:00
0,0,52,2025-07-25 04:00:00
0,0,52,2025-07-25 20:00:00
0,0,53,2025-11-27 16:00:00
0,0,55,2025-08-24 00:00:00
0,0,51,2025-05-15 04:00:00
0,0,52,2025-08-24 08:00:00
0,0,52,2025-11-27 20:00:00
0,0,51,2025-11-27 16:00:00
0,0,53,2025-05-15 20:00:00
0,0,53,2025-07-25 16:00:00
0,0,51,2025-07-25 04:00:00
0,0,53,2025-05-15 16:00:00
0,0,55,2025-11-27 00:00:00
0,0,52,2025-08-24 20:00:00
0,0,54,2025-08-24 20:00:00
0,0,51,2025-05-15 16:00:00
0,0,51,2025-07-25 00:00:00
0,0,53,2025-08-24 04:00:00
0,0,54,2025-11-27 20:00:00
0,0,54,2025-08-24 12:00:00
0,0,52,2025-05-15 00:00:00
0,0,53,2025-08-24 20:00:00
0,0,54,2025-05-15 20:00:00
0,0,53,2025-11-27 08:00:00
0,0,53,2025-11-27 20:00:00
0,0,52,2025-11-27 08:00:00
0,0,54,2025-08-24 16:00:00
0,0,53,2025-07-25 20:00:00
0,0,55,2025-07-25 08:00:00
0,0,55,2025-07-25 16:00:00
0,0,52,2025-07-25 16:00:00
0,0,55,2025-05-15 20:00:00
0,0,51,2025-08-24 20:00:00
0,0,53,2025-07-25 00:00:00
0,0,51,2025-08-24 00:00:00
0,0,52,2025-11-27 04:00:00
0,0,54,2025-08-24 00:00:00
0,0,51,2025-08-24 08:00:00
0,0,53,2025-05-15 00:00:00
0,0,53,2025-11-27 12:00:00
0,0,51,2025-07-25 20:00:00
0,0,52,2025-07-25 08:00:00
0,0,55,2025-05-15 04:00:00
0,0,53,2025-08-24 16:00:00
0,0,54,2025-07-25 12:00:00
0,0,51,2025-07-25 16:00:00
0,0,55,2025-05-15 12:00:00
0,0,53,2025-08-24 12:00:00
0,0,52,2025-05-15 16:00:00
0,0,51,2025-11-27 12:00:00
0,0,55,2025-05-15 00:00:00
0,0,54,2025-05-15 00:00:00
0,0,54,2025-07-25 08:00:00
0,0,51,2025-11-27 00:00:00
0,0,55,2025-11-27 08:00:00
0,0,53,2025-08-24 00:00:00
0,0,55,2025-07-25 20:00:00
0,0,54,2025-07-25 16:00:00
0,0,54,2025-07-25 20:00:00
0,0,52,2025-11-27 00:00:00
0,0,52,2025-05-15 20:00:00
0,0,54,2025-11-27 04:00:00
0,0,51,2025-08-24 16:00:00
0,0,52,2025-07-25 12:00:00
0,0,54,2025-07-25 04:00:00
0,0,52,2025-05-15 12:00:00
0,0,52,2025-11-27 12:00:00
0,0,55,2025-11-27 20:00:00
0,0,53,2025-05-15 12:00:00
0,0,55,2025-11-27 16:00:00
0,0,55,2025-08-24 16:00:00
0,0,52,2025-08-24 16:00:00
0,0,51,2025-07-25 08:00:00
0,0,54,2025-05-15 08:00:00
0,0,51,2025-05-15 12:00:00
0,0,55,2025-08-24 08:00:00
0,0,51,2025-08-24 04:00:00
0,0,55,2025-07-25 00:00:00
0,0,52,2025-05-15 04:00:00
0,0,54,2025-05-15 04:00:00
0,0,55,2025-08-24 04:00:00
0,0,53,2025-07-25 04:00:00
0,0,70,2025-08-24 20:00:00
0,0,66,2025-11-27 20:00:00
0,0,69,2025-11-27 04:00:00
0,0,68,2025-08-24 16:00:00
0,0,67,2025-05-15 04:00:00
0,0,70,2025-07-25 16:00:00
0,0,66,2025-07-25 16:00:00
0,0,68,2025-05-15 20:00:00
0,0,68,2025-07-25 00:00:00
1,0,69,2025-05-15 08:00:00
0,0,67,2025-05-15 00:00:00
0,0,70,2025-08-24 16:00:00
0,0,69,2025-08-24 20:00:00
0,0,70,2025-07-25 00:00:00
0,0,69,2025-08-24 04:00:00
0,0,67,2025-05-15 08:00:00
0,0,68,2025-05-15 08:00:00
0,0,67,2025-11-27 08:00:00
3,0,70,2025-05-15 08:00:00
3,0,66,2025-05-15 08:00:00
0,0,69,2025-05-15 00:00:00
0,0,69,2025-07-25 04:00:00
0,0,70,2025-11-27 04:00:00
3,0,66,2025-07-25 08:00:00
0,0,70,2025-11-27 00:00:00
0,0,67,2025-08-24 20:00:00
0,0,69,2025-07-25 20:00:00
1,0,69,2025-05-15 12:00:00
0,0,66,2025-08-24 04:00:00
0,0,68,2025-08-24 04:00:00
0,0,67,2025-11-27 04:00:00
0,0,69,2025-07-25 08:00:00
0,0,68,2025-11-27 08:00:00
0,0,70,2025-07-25 04:00:00
0,0,68,2025-07-25 04:00:00
0,0,69,2025-08-24 16:00:00
0,0,67,2025-08-24 16:00:00
0,0,68,2025-11-27 04:00:00
0,0,70,2025-07-25 08:00:00
0,0,70,2025-05-15 04:00:00
0,0,67,2025-11-27 00:00:00
0,0,69,2025-08-24 12:00:00
0,0,69,2025-07-25 00:00:00
3,0,70,2025-05-15 12:00:00
0,0,68,2025-05-15 04:00:00
0,0,70,2025-08-24 08:00:00
0,0,68,2025-11-27 12:00:00
0,0,66,2025-07-25 20:00:00
0,0,69,2025-05-15 16:00:00
0,0,67,2025-11-27 16:00:00
0,0,68,2025-05-15 12:00:00
0,0,67,2025-07-25 04:00:00
0,0,66,2025-08-24 16:00:00
0,0,69,2025-07-25 16:00:00
3,0,66,2025-11-27 12:00:00
0,0,70,2025-05-15 16:00:00
0,0,68,2025-11-27 16:00:00
0,0,66,2025-05-15 00:00:00
0,0,67,2025-08-24 04:00:00
0,0,67,2025-08-24 00:00:00
0,0,66,2025-05-15 20:00:00
0,0,66,2025-11-27 00:00:00
0,0,67,2025-08-24 08:00:00
0,0,68,2025-07-25 12:00:00
0,0,70,2025-07-25 20:00:00
0,0,67,2025-05-15 16:00:00
0,0,68,2025-08-24 12:00:00
0,0,69,2025-11-27 16:00:00
0,0,70,2025-08-24 04:00:00
0,0,66,2025-07-25 04:00:00
0,0,66,2025-08-24 00:00:00
0,0,67,2025-05-15 20:00:00
0,0,66,2025-08-24 20:00:00
0,0,69,2025-07-25 12:00:00
0,0,68,2025-05-15 16:00:00
3,0,66,2025-08-24 12:00:00
0,0,67,2025-08-24 12:00:00
0,0,69,2025-11-27 08:00:00
0,0,70,2025-11-27 16:00:00
0,0,66,2025-11-27 16:00:00
0,0,70,2025-07-25 12:00:00
3,0,66,2025-05-15 12:00:00
0,0,70,2025-11-27 20:00:00
0,0,67,2025-11-27 20:00:00
0,0,69,2025-08-24 00:00:00
0,0,68,2025-08-24 00:00:00
0,0,66,2025-05-15 04:00:00
0,0,70,2025-05-15 20:00:00
3,0,66,2025-08-24 08:00:00
0,0,69,2025-08-24 08:00:00
0,0,68,2025-11-27 00:00:00
0,0,70,2025-11-27 12:00:00
0,0,67,2025-07-25 20:00:00
0,0,70,2025-11-27 08:00:00
0,0,68,2025-11-27 20:00:00
0,0,68,2025-05-15 00:00:00
0,0,70,2025-08-24 00:00:00
0,0,67,2025-07-25 08:00:00
0,0,68,2025-07-25 08:00:00
0,0,69,2025-11-27 00:00:00
0,0,69,2025-11-27 12:00:00
0,0,67,2025-07-25 00:00:00
0,0,67,2025-07-25 16:00:00
0,0,68,2025-08-24 08:00:00
0,0,68,2025-07-25 16:00:00
0,0,67,2025-11-27 12:00:00
0,0,67,2025-07-25 12:00:00
0,0,68,2025-07-25 20:00:00
0,0,69,2025-11-27 20:00:00
0,0,66,2025-11-27 04:00:00
0,0,69,2025-05-15 04:00:00
0,0,69,2025-05-15 20:00:00
0,0,68,2025-08-24 20:00:00
0,0,66,2025-07-25 12:00:00
3,0,66,2025-05-15 16:00:00
3,0,70,2025-08-24 12:00:00
0,0,66,2025-07-25 00:00:00
0,0,66,2025-11-27 08:00:00
0,0,67,2025-05-15 12:00:00
0,0,70,2025-05-15 00:00:00
2,0,25,2025-07-25 16:00:00
0,0,25,2025-08-24 20:00:00
2,0,21,2025-08-24 20:00:00
2,0,21,2025-07-25 00:00:00
2,0,22,2025-11-27 08:00:00
0,0,25,2025-11-27 16:00:00
2,0,23,2025-05-15 08:00:00
2,0,22,2025-07-25 04:00:00
2,0,21,2025-08-24 16:00:00
2,0,24,2025-08-24 20:00:00
1,0,22,2025-07-25 12:00:00
4,1,24,2025-11-27 12:00:00
4,2,24,2025-05-15 16:00:00
2,0,25,2025-07-25 04:00:00
0,0,25,2025-08-24 00:00:00
4,0,25,2025-05-15 16:00:00
2,0,21,2025-08-24 04:00:00
2,0,24,2025-08-24 04:00:00
2,0,22,2025-11-27 04:00:00
2,0,22,2025-08-24 00:00:00
2,1,24,2025-08-24 08:00:00
2,0,22,2025-08-24 20:00:00
1,0,23,2025-08-24 12:00:00
2,0,25,2025-11-27 08:00:00
1,0,23,2025-05-15 12:00:00
1,1,01,2025-06-23 12:00:00
0,0,03,2026-02-02 00:00:00
2,0,05,2025-11-30 04:00:00
2,0,03,2025-11-30 16:00:00
0,0,04,2025-12-18 00:00:00
0,0,02,2025-06-23 20:00:00
0,0,04,2025-11-30 04:00:00
1,3,03,2025-12-18 08:00:00
0,0,01,2025-11-30 20:00:00
0,0,02,2025-11-30 20:00:00
0,0,02,2025-12-18 04:00:00
0,0,05,2025-11-30 20:00:00
2,0,03,2025-06-23 00:00:00
0,0,05,2025-06-23 00:00:00
1,2,03,2026-02-02 08:00:00
1,0,03,2025-12-18 20:00:00
0,0,05,2025-11-30 00:00:00
0,0,01,2025-06-23 00:00:00
0,0,02,2025-06-23 00:00:00
0,0,02,2025-06-23 04:00:00
0,0,02,2025-06-23 16:00:00
2,0,03,2025-12-18 00:00:00
2,0,05,2025-12-18 04:00:00
1,1,01,2025-06-23 08:00:00
0,0,02,2026-02-02 20:00:00
0,0,04,2025-06-23 08:00:00
0,0,02,2026-02-02 04:00:00
0,0,05,2025-11-30 16:00:00
1,0,02,2025-12-18 12:00:00
0,0,04,2025-11-30 12:00:00
0,0,01,2025-12-18 08:00:00
0,0,04,2025-06-23 00:00:00
0,0,01,2026-02-02 04:00:00
0,0,01,2025-11-30 04:00:00
1,1,03,2025-06-23 16:00:00
0,0,04,2025-06-23 16:00:00
0,0,01,2026-02-02 00:00:00
0,0,02,2026-02-02 00:00:00
1,0,05,2026-02-02 16:00:00
0,0,01,2026-02-02 16:00:00
0,0,01,2025-12-18 00:00:00
0,0,05,2026-02-02 00:00:00
1,1,03,2025-12-18 12:00:00
0,0,01,2025-11-30 08:00:00
0,0,04,2026-02-02 16:00:00
1,1,03,2026-02-02 12:00:00
1,0,05,2025-11-30 12:00:00
0,0,02,2025-12-18 16:00:00
0,0,05,2025-12-18 00:00:00
0,0,01,2025-12-18 04:00:00
0,0,05,2025-06-23 20:00:00
0,0,02,2025-11-30 04:00:00
1,0,05,2025-12-18 16:00:00
2,2,03,2025-06-23 04:00:00
0,0,01,2025-11-30 00:00:00
0,0,01,2025-11-30 12:00:00
0,0,04,2025-11-30 00:00:00
0,0,01,2026-02-02 20:00:00
0,0,04,2026-02-02 20:00:00
0,0,04,2025-06-23 20:00:00
1,0,02,2025-06-23 12:00:00
0,0,04,2025-06-23 12:00:00
1,0,03,2025-11-30 08:00:00
0,0,05,2026-02-02 20:00:00
1,0,05,2025-12-18 12:00:00
0,0,02,2026-02-02 16:00:00
0,0,02,2025-12-18 00:00:00
0,0,04,2025-12-18 08:00:00
0,0,05,2026-02-02 04:00:00
0,0,02,2025-11-30 16:00:00
1,2,03,2025-06-23 08:00:00
0,0,60,2025-11-30 16:00:00
0,0,58,2025-06-23 04:00:00
0,0,60,2026-02-02 20:00:00
0,1,56,2026-02-02 00:00:00
3,0,56,2025-12-18 00:00:00
0,0,59,2025-12-18 04:00:00
3,4,56,2025-11-30 16:00:00
0,0,59,2025-11-30 08:00:00
0,0,59,2025-11-30 20:00:00
0,0,60,2025-11-30 20:00:00
3,3,56,2026-02-02 12:00:00
0,0,58,2025-12-18 04:00:00
3,1,56,2025-12-18 04:00:00
3,3,56,2025-11-30 08:00:00
0,1,59,2026-02-02 08:00:00
0,1,60,2025-11-30 00:00:00
3,0,57,2025-06-23 16:00:00
0,0,58,2025-12-18 00:00:00
0,0,59,2025-11-30 16:00:00
3,3,56,2026-02-02 16:00:00
3,2,56,2025-06-23 04:00:00
0,0,59,2025-06-23 04:00:00
0,0,60,2026-02-02 16:00:00
0,0,58,2025-11-30 20:00:00
0,0,57,2025-06-23 00:00:00
0,1,59,2025-12-18 12:00:00
0,0,58,2025-11-30 00:00:00
3,0,57,2026-02-02 08:00:00
0,0,57,2025-11-30 00:00:00
3,0,57,2025-11-30 12:00:00
0,0,57,2026-02-02 00:00:00
0,0,60,2025-11-30 04:00:00
3,0,57,2025-06-23 08:00:00
0,0,59,2025-12-18 00:00:00
0,0,60,2025-12-18 00:00:00
3,0,57,2025-06-23 12:00:00
0,0,59,2025-12-18 16:00:00
0,0,58,2025-11-30 04:00:00
0,0,59,2025-06-23 20:00:00
0,2,59,2025-12-18 08:00:00
3,0,58,2025-06-23 12:00:00
1,0,60,2025-06-23 12:00:00
0,0,59,2026-02-02 20:00:00
0,0,60,2026-02-02 04:00:00
3,0,58,2026-02-02 12:00:00
0,0,58,2025-12-18 08:00:00
3,2,56,2025-12-18 08:00:00
3,0,58,2025-06-23 08:00:00
3,3,56,2025-12-18 16:00:00
3,2,56,2026-02-02 20:00:00
3,4,56,2025-11-30 12:00:00
0,0,59,2026-02-02 12:00:00
0,0,58,2025-06-23 20:00:00
3,2,56,2025-11-30 04:00:00
0,0,60,2026-02-02 00:00:00
0,0,59,2025-06-23 16:00:00
3,4,56,2025-06-23 12:00:00
3,0,57,2026-02-02 16:00:00
3,0,58,2025-12-18 12:00:00
3,1,56,2026-02-02 04:00:00
0,0,59,2025-11-30 00:00:00
0,0,57,2025-12-18 00:00:00
0,1,59,2025-06-23 08:00:00
0,0,58,2025-11-30 08:00:00
0,0,60,2025-11-30 08:00:00
3,3,56,2025-11-30 20:00:00
3,0,57,2025-12-18 12:00:00
1,0,60,2025-12-18 12:00:00
0,0,57,2026-02-02 04:00:00
0,0,57,2025-12-18 20:00:00
0,0,60,2025-12-18 20:00:00
0,0,58,2025-11-30 12:00:00
0,0,58,2026-02-02 16:00:00
0,0,58,2026-02-02 00:00:00
3,3,56,2025-06-23 20:00:00
3,3,56,2025-06-23 08:00:00
0,0,57,2025-12-18 16:00:00
0,0,58,2026-02-02 08:00:00
0,0,58,2025-12-18 20:00:00
0,0,59,2025-11-30 12:00:00
0,0,57,2025-12-18 04:00:00
1,0,60,2025-06-23 08:00:00
0,0,57,2025-06-23 04:00:00
0,0,59,2026-02-02 16:00:00
0,0,57,2026-02-02 20:00:00
3,3,56,2025-12-18 12:00:00
0,0,60,2025-06-23 00:00:00
3,2,56,2025-12-18 20:00:00
0,0,59,2026-02-02 04:00:00
1,0,60,2026-02-02 08:00:00
0,0,57,2025-11-30 04:00:00
3,0,57,2025-12-18 08:00:00
1,0,60,2025-12-18 08:00:00
0,0,58,2025-12-18 16:00:00
3,2,56,2025-11-30 00:00:00
3,0,57,2026-02-02 12:00:00
0,0,57,2025-06-23 20:00:00
0,0,59,2025-11-30 04:00:00
3,3,56,2025-06-23 16:00:00
0,0,58,2025-11-30 16:00:00
0,0,60,2025-12-18 16:00:00
3,0,57,2025-11-30 08:00:00
0,0,58,2026-02-02 20:00:00
0,0,58,2025-06-23 00:00:00
0,0,59,2025-06-23 00:00:00
0,0,58,2026-02-02 04:00:00
3,0,58,2025-06-23 16:00:00
0,0,60,2025-06-23 16:00:00
3,2,56,2026-02-02 08:00:00
1,0,60,2026-02-02 12:00:00
0,0,59,2026-02-02 00:00:00
0,0,60,2025-06-23 20:00:00
0,0,60,2025-12-18 04:00:00
0,0,57,2025-11-30 16:00:00
0,0,60,2025-06-23 04:00:00
0,0,57,2025-11-30 20:00:00
3,2,56,2025-06-23 00:00:00
0,0,59,2025-12-18 20:00:00
0,0,60,2025-11-30 12:00:00
0,0,59,2025-06-23 12:00:00
2,0,35,2025-11-30 12:00:00
1,0,31,2026-02-02 12:00:00
2,1,35,2025-12-18 08:00:00
3,0,31,2025-06-23 16:00:00
0,0,31,2025-12-18 04:00:00
0,0,34,2025-12-18 00:00:00
1,4,33,2025-06-23 12:00:00
2,0,35,2026-02-02 16:00:00
4,4,32,2025-12-18 12:00:00
2,1,35,2025-12-18 12:00:00
1,3,33,2026-02-02 08:00:00
3,0,31,2025-11-30 12:00:00
0,0,31,2025-11-30 04:00:00
1,0,31,2025-12-18 08:00:00
2,1,35,2025-06-23 08:00:00
1,0,34,2025-06-23 12:00:00
4,4,32,2025-11-30 16:00:00
2,0,35,2025-06-23 04:00:00
0,0,31,2025-06-23 00:00:00
2,0,35,2025-12-18 20:00:00
4,3,32,2025-11-30 04:00:00
4,4,32,2025-06-23 16:00:00
4,4,32,2025-06-23 08:00:00
0,0,34,2025-11-30 08:00:00
4,4,32,2026-02-02 08:00:00
4,2,32,2025-11-30 00:00:00
4,4,32,2025-06-23 04:00:00
0,0,33,2026-02-02 20:00:00
2,0,35,2025-11-30 20:00:00
2,0,35,2025-06-23 00:00:00
0,0,34,2025-11-30 00:00:00
2,1,33,2025-11-30 04:00:00
0,1,34,2025-06-23 16:00:00
4,0,32,2025-12-18 00:00:00
0,0,31,2025-12-18 16:00:00
1,0,31,2026-02-02 08:00:00
4,4,32,2025-11-30 12:00:00
0,0,31,2025-06-23 20:00:00
2,0,35,2025-12-18 04:00:00
2,3,33,2025-06-23 04:00:00
4,4,32,2026-02-02 16:00:00
3,0,31,2025-11-30 08:00:00
0,0,31,2026-02-02 20:00:00
1,4,33,2025-11-30 12:00:00
2,1,35,2026-02-02 12:00:00
2,0,35,2026-02-02 00:00:00
3,0,31,2025-06-23 12:00:00
4,3,32,2026-02-02 20:00:00
2,0,35,2026-02-02 20:00:00
0,0,34,2025-11-30 20:00:00
1,0,31,2025-12-18 12:00:00
0,0,34,2025-06-23 20:00:00
4,4,32,2025-12-18 08:00:00
0,0,31,2025-12-18 00:00:00
2,4,33,2025-12-18 16:00:00
2,0,35,2025-12-18 16:00:00
2,0,35,2025-11-30 08:00:00
2,0,33,2025-06-23 00:00:00
1,1,34,2025-12-18 12:00:00
2,0,33,2025-11-30 00:00:00
1,2,33,2026-02-02 12:00:00
2,4,33,2025-06-23 16:00:00
4,4,32,2025-06-23 12:00:00
0,1,34,2025-12-18 16:00:00
0,1,34,2025-11-30 16:00:00
4,4,32,2025-11-30 08:00:00
0,0,34,2025-06-23 04:00:00
4,4,32,2025-12-18 20:00:00
0,0,31,2026-02-02 04:00:00
1,0,34,2026-02-02 08:00:00
0,0,34,2025-12-18 20:00:00
0,1,34,2025-11-30 12:00:00
2,2,33,2025-06-23 20:00:00
1,0,34,2025-12-18 08:00:00
2,0,35,2025-12-18 00:00:00
2,1,35,2025-06-23 12:00:00
4,3,32,2025-11-30 20:00:00
0,0,31,2025-11-30 20:00:00
0,0,34,2025-06-23 00:00:00
2,0,35,2026-02-02 08:00:00
0,0,34,2026-02-02 04:00:00
2,0,35,2025-06-23 16:00:00
2,4,33,2025-11-30 16:00:00
4,4,32,2025-12-18 16:00:00
1,3,33,2026-02-02 16:00:00
2,3,33,2025-11-30 08:00:00
0,0,31,2025-06-23 04:00:00
1,4,33,2025-12-18 12:00:00
0,0,33,2026-02-02 00:00:00
2,3,33,2025-12-18 20:00:00
1,0,34,2026-02-02 12:00:00
2,0,35,2025-11-30 04:00:00
0,0,34,2026-02-02 00:00:00
1,3,33,2025-12-18 08:00:00
2,0,33,2025-12-18 00:00:00
0,0,31,2026-02-02 16:00:00
0,1,34,2026-02-02 16:00:00
2,2,33,2025-11-30 20:00:00
0,0,34,2026-02-02 20:00:00
4,1,32,2025-06-23 00:00:00
2,0,35,2026-02-02 04:00:00
0,0,31,2025-12-18 20:00:00
4,0,32,2026-02-02 00:00:00
4,4,32,2025-06-23 20:00:00
0,0,31,2026-02-02 00:00:00
0,0,34,2025-11-30 04:00:00
2,2,33,2025-12-18 04:00:00
0,0,34,2025-12-18 04:00:00
2,0,35,2025-11-30 16:00:00
0,0,31,2025-11-30 16:00:00
2,0,35,2025-11-30 00:00:00
0,0,31,2025-11-30 00:00:00
4,4,32,2026-02-02 12:00:00
2,0,35,2025-06-23 20:00:00
2,4,33,2025-06-23 08:00:00
4,4,32,2025-12-18 04:00:00
3,0,31,2025-06-23 08:00:00
2,2,33,2026-02-02 04:00:00
4,4,32,2026-02-02 04:00:00
1,0,34,2025-06-23 08:00:00
0,0,53,2025-11-30 08:00:00
0,0,52,2026-02-02 16:00:00
0,0,55,2025-12-18 20:00:00
0,0,53,2025-12-18 00:00:00
0,0,55,2025-11-30 00:00:00
0,0,55,2025-11-30 04:00:00
0,0,51,2026-02-02 20:00:00
0,0,54,2025-11-30 04:00:00
0,0,54,2025-11-30 12:00:00
0,0,55,2025-06-23 08:00:00
0,0,52,2025-06-23 16:00:00
0,0,54,2025-11-30 08:00:00
0,0,51,2025-12-18 20:00:00
0,0,51,2026-02-02 08:00:00
0,0,51,2025-06-23 00:00:00
0,0,54,2026-02-02 08:00:00
0,0,53,2025-06-23 04:00:00
0,0,52,2025-06-23 20:00:00
0,0,51,2025-12-18 16:00:00
0,0,53,2025-06-23 08:00:00
0,0,53,2026-02-02 20:00:00
0,0,51,2025-11-30 00:00:00
0,0,52,2025-12-18 08:00:00
0,0,55,2025-12-18 16:00:00
0,0,53,2025-12-18 08:00:00
0,0,54,2025-12-18 00:00:00
0,0,55,2026-02-02 04:00:00
0,0,54,2026-02-02 04:00:00
0,0,51,2025-06-23 20:00:00
0,0,55,2025-11-30 16:00:00
0,0,53,2026-02-02 00:00:00
0,0,54,2025-06-23 08:00:00
0,0,52,2025-12-18 00:00:00
0,0,53,2025-11-30 20:00:00
0,0,54,2025-12-18 04:00:00
0,0,55,2025-12-18 12:00:00
0,0,51,2025-12-18 12:00:00
0,0,55,2025-12-18 08:00:00
0,0,54,2025-06-23 16:00:00
0,0,55,2025-06-23 04:00:00
0,0,55,2025-11-30 20:00:00
0,0,54,2025-11-30 20:00:00
0,0,53,2025-12-18 16:00:00
0,0,54,2025-06-23 20:00:00
0,0,52,2025-12-18 12:00:00
0,0,55,2025-11-30 12:00:00
0,0,52,2025-06-23 12:00:00
0,0,51,2025-11-30 16:00:00
0,0,54,2025-11-30 16:00:00
0,0,52,2026-02-02 20:00:00
0,0,53,2025-12-18 20:00:00
0,0,51,2026-02-02 00:00:00
0,0,55,2025-12-18 00:00:00
0,0,54,2025-06-23 12:00:00
0,0,55,2026-02-02 16:00:00
0,0,54,2026-02-02 20:00:00
0,0,53,2026-02-02 12:00:00
0,0,52,2025-12-18 16:00:00
0,0,51,2025-06-23 04:00:00
0,0,52,2025-06-23 04:00:00
0,0,53,2026-02-02 16:00:00
0,0,55,2025-06-23 12:00:00
0,0,53,2025-12-18 12:00:00
0,0,54,2025-11-30 00:00:00
0,0,53,2026-02-02 08:00:00
0,0,51,2025-11-30 12:00:00
0,0,53,2025-11-30 04:00:00
0,0,53,2025-06-23 20:00:00
0,0,55,2026-02-02 00:00:00
0,0,51,2025-11-30 08:00:00
0,0,54,2025-06-23 04:00:00
0,0,51,2025-11-30 20:00:00
0,0,52,2025-11-30 20:00:00
0,0,52,2025-06-23 00:00:00
0,0,53,2025-11-30 16:00:00
0,0,51,2025-11-30 04:00:00
0,0,53,2026-02-02 04:00:00
0,0,51,2025-06-23 16:00:00
0,0,52,2026-02-02 04:00:00
0,0,51,2025-12-18 04:00:00
0,0,51,2025-06-23 12:00:00
0,0,52,2025-11-30 00:00:00
0,0,53,2025-11-30 00:00:00
0,0,55,2025-06-23 16:00:00
0,0,54,2025-12-18 16:00:00
0,0,51,2026-02-02 12:00:00
0,0,54,2025-12-18 20:00:00
0,0,52,2025-12-18 04:00:00
0,0,53,2025-06-23 00:00:00
0,0,55,2025-06-23 20:00:00
0,0,51,2026-02-02 16:00:00
0,0,55,2026-02-02 20:00:00
0,0,52,2025-11-30 04:00:00
0,0,54,2025-12-18 12:00:00
0,0,54,2025-12-18 08:00:00
0,0,51,2025-06-23 08:00:00
0,0,55,2025-11-30 08:00:00
0,0,54,2026-02-02 00:00:00
0,0,53,2025-06-23 16:00:00
0,0,51,2025-12-18 00:00:00
0,0,55,2026-02-02 12:00:00
0,0,55,2025-06-23 00:00:00
0,0,55,2025-12-18 04:00:00
0,0,54,2026-02-02 16:00:00
0,0,51,2025-12-18 08:00:00
0,0,52,2026-02-02 00:00:00
0,0,52,2025-11-30 08:00:00
0,0,52,2026-02-02 12:00:00
0,0,52,2025-12-18 20:00:00
0,0,53,2025-06-23 12:00:00
0,0,55,2026-02-02 08:00:00
0,0,51,2026-02-02 04:00:00
0,0,52,2026-02-02 08:00:00
0,0,54,2025-06-23 00:00:00
0,0,52,2025-11-30 16:00:00
0,0,53,2025-11-30 12:00:00
0,0,52,2025-11-30 12:00:00
0,0,52,2025-06-23 08:00:00
0,0,53,2025-12-18 04:00:00
0,0,54,2026-02-02 12:00:00
0,0,70,2025-11-30 16:00:00
0,0,69,2025-11-30 16:00:00
0,0,70,2026-02-02 20:00:00
0,0,70,2025-06-23 00:00:00
0,0,66,2025-06-23 00:00:00
0,0,66,2025-11-30 00:00:00
0,0,68,2026-02-02 08:00:00
3,0,66,2026-02-02 12:00:00
0,0,70,2026-02-02 00:00:00
0,0,67,2026-02-02 16:00:00
0,0,70,2025-11-30 20:00:00
0,0,69,2025-12-18 12:00:00
0,0,69,2025-06-23 00:00:00
0,0,70,2025-06-23 16:00:00
0,0,66,2025-12-18 08:00:00
0,0,68,2025-12-18 00:00:00
1,0,69,2025-06-23 12:00:00
0,0,66,2025-11-30 20:00:00
0,0,67,2026-02-02 08:00:00
0,0,67,2025-11-30 00:00:00
0,0,68,2025-11-30 04:00:00
0,0,67,2025-06-23 12:00:00
0,0,69,2025-12-18 16:00:00
0,0,68,2026-02-02 16:00:00
0,0,70,2025-12-18 12:00:00
0,0,69,2025-11-30 12:00:00
0,0,68,2025-12-18 08:00:00
0,0,70,2025-12-18 00:00:00
0,0,70,2025-12-18 16:00:00
0,0,67,2025-06-23 04:00:00
0,0,69,2026-02-02 20:00:00
0,0,70,2025-12-18 20:00:00
0,0,66,2025-12-18 20:00:00
0,0,69,2026-02-02 08:00:00
0,0,66,2025-11-30 12:00:00
0,0,68,2025-06-23 20:00:00
0,0,66,2025-12-18 04:00:00
3,0,66,2025-06-23 08:00:00
0,0,67,2025-12-18 00:00:00
0,0,66,2026-02-02 20:00:00
3,0,66,2025-12-18 12:00:00
1,0,69,2026-02-02 12:00:00
0,0,70,2025-12-18 08:00:00
0,0,68,2025-12-18 04:00:00
0,0,68,2025-12-18 16:00:00
0,0,67,2026-02-02 20:00:00
0,0,70,2025-11-30 00:00:00
0,0,68,2025-11-30 12:00:00
0,0,69,2025-12-18 00:00:00
0,0,66,2025-12-18 16:00:00
0,0,67,2025-11-30 16:00:00
0,0,70,2025-11-30 08:00:00
0,0,66,2025-11-30 08:00:00
0,0,67,2025-06-23 00:00:00
0,0,66,2026-02-02 08:00:00
0,0,69,2025-12-18 20:00:00
0,0,67,2025-12-18 20:00:00
3,0,70,2025-06-23 12:00:00
0,0,66,2025-06-23 04:00:00
0,0,69,2025-06-23 04:00:00
0,0,70,2026-02-02 12:00:00
0,0,69,2025-11-30 04:00:00
3,0,66,2025-06-23 16:00:00
0,0,67,2025-06-23 16:00:00
0,0,66,2025-12-18 00:00:00
0,0,69,2025-06-23 08:00:00
0,0,68,2025-06-23 08:00:00
0,0,66,2026-02-02 16:00:00
0,0,69,2025-11-30 08:00:00
0,0,69,2025-11-30 20:00:00
0,0,69,2025-06-23 16:00:00
0,0,66,2025-11-30 16:00:00
0,0,70,2026-02-02 16:00:00
0,0,69,2025-11-30 00:00:00
0,0,68,2025-11-30 00:00:00
0,0,66,2026-02-02 00:00:00
0,0,66,2025-11-30 04:00:00
0,0,69,2026-02-02 00:00:00
0,0,67,2026-02-02 00:00:00
0,0,68,2025-06-23 16:00:00
0,0,70,2025-12-18 04:00:00
0,0,68,2025-06-23 00:00:00
0,0,67,2026-02-02 12:00:00
0,0,66,2025-06-23 20:00:00
0,0,69,2025-12-18 08:00:00
0,0,67,2025-12-18 04:00:00
0,0,67,2025-12-18 16:00:00
0,0,68,2025-11-30 16:00:00
0,0,69,2026-02-02 16:00:00
0,0,67,2025-11-30 08:00:00
0,0,69,2026-02-02 04:00:00
0,0,67,2026-02-02 04:00:00
0,0,68,2026-02-02 04:00:00
0,0,68,2025-12-18 20:00:00
0,0,70,2025-11-30 04:00:00
0,0,67,2025-06-23 20:00:00
0,0,68,2026-02-02 00:00:00
0,0,67,2025-12-18 08:00:00
0,0,70,2025-06-23 08:00:00
0,0,68,2025-06-23 12:00:00
0,0,67,2025-11-30 20:00:00
0,0,68,2026-02-02 20:00:00
0,0,70,2026-02-02 04:00:00
0,0,67,2025-11-30 12:00:00
0,0,67,2025-11-30 04:00:00
0,0,67,2025-06-23 08:00:00
0,0,70,2025-06-23 04:00:00
0,0,68,2025-06-23 04:00:00
0,0,68,2025-11-30 20:00:00
0,0,67,2025-12-18 12:00:00
0,0,66,2026-02-02 04:00:00
0,0,70,2025-11-30 12:00:00
3,0,66,2025-06-23 12:00:00
0,0,68,2025-11-30 08:00:00
0,0,68,2025-12-18 12:00:00
0,0,70,2026-02-02 08:00:00
0,0,68,2026-02-02 12:00:00
0,0,70,2025-06-23 20:00:00
0,0,69,2025-06-23 20:00:00
0,0,69,2025-12-18 04:00:00
0,0,25,2025-12-18 16:00:00
2,0,23,2025-11-30 08:00:00
4,0,22,2025-12-18 12:00:00
0,0,23,2025-12-18 20:00:00
2,0,22,2026-02-02 08:00:00
0,0,25,2025-11-30 04:00:00
2,0,24,2025-11-30 04:00:00
0,0,23,2025-06-23 04:00:00
2,0,22,2026-02-02 20:00:00
1,0,25,2025-12-18 12:00:00
0,0,23,2026-02-02 04:00:00
2,0,24,2026-02-02 04:00:00
0,0,23,2025-06-23 20:00:00
2,0,22,2026-02-02 00:00:00
2,0,21,2025-11-30 04:00:00
4,0,22,2025-06-23 16:00:00
0,0,23,2025-11-30 16:00:00
2,0,22,2025-12-18 16:00:00
2,0,21,2026-02-02 08:00:00
0,0,23,2025-11-30 20:00:00
2,0,22,2025-11-30 20:00:00
2,0,25,2026-02-02 08:00:00
2,1,24,2026-02-02 08:00:00
1,0,25,2026-02-02 12:00:00
0,0,03,2025-11-04 20:00:00
1,0,01,2025-12-25 12:00:00
0,0,02,2025-12-25 12:00:00
0,0,05,2025-01-23 20:00:00
0,0,04,2025-12-25 16:00:00
1,1,01,2025-09-11 08:00:00
0,0,02,2026-04-14 20:00:00
0,0,04,2026-04-14 20:00:00
0,0,02,2025-04-02 16:00:00
1,0,03,2026-04-14 16:00:00
0,0,02,2025-01-23 16:00:00
1,0,05,2025-07-02 12:00:00
1,2,03,2025-07-02 08:00:00
1,0,05,2026-04-14 08:00:00
1,0,04,2025-07-02 12:00:00
0,0,05,2025-04-02 00:00:00
0,0,01,2025-12-25 16:00:00
1,1,01,2026-04-14 12:00:00
1,0,05,2025-04-02 16:00:00
1,0,01,2025-01-23 08:00:00
1,2,03,2026-04-14 04:00:00
2,0,05,2026-04-14 04:00:00
2,1,05,2025-01-23 04:00:00
0,0,01,2025-04-02 04:00:00
0,0,02,2025-04-02 20:00:00
1,0,04,2025-07-02 08:00:00
1,0,05,2025-07-02 16:00:00
1,0,01,2025-11-04 12:00:00
0,0,05,2025-11-04 20:00:00
0,0,01,2025-01-23 20:00:00
1,0,01,2025-11-04 08:00:00
2,2,03,2025-09-11 04:00:00
0,0,05,2026-04-14 00:00:00
1,1,01,2025-07-02 12:00:00
1,0,02,2025-07-02 12:00:00
1,0,03,2025-12-25 16:00:00
1,0,05,2025-12-25 16:00:00
0,0,02,2026-04-14 00:00:00
0,0,04,2025-09-11 08:00:00
0,0,02,2025-01-23 00:00:00
0,0,01,2025-11-04 00:00:00
0,0,02,2025-12-25 08:00:00
1,0,05,2026-04-14 16:00:00
0,0,01,2025-01-23 16:00:00
1,2,03,2025-07-02 12:00:00
0,0,02,2026-04-14 16:00:00
0,0,05,2025-07-02 20:00:00
0,0,01,2025-01-23 04:00:00
0,0,04,2025-04-02 00:00:00
1,1,02,2025-09-11 12:00:00
1,0,04,2025-09-11 12:00:00
0,0,02,2025-07-02 20:00:00
0,0,01,2025-01-23 00:00:00
1,1,05,2025-11-04 08:00:00
0,0,04,2025-04-02 20:00:00
1,1,03,2025-11-04 16:00:00
0,0,04,2025-11-04 00:00:00
1,1,03,2025-07-02 16:00:00
1,0,04,2025-11-04 12:00:00
0,0,05,2025-09-11 00:00:00
0,0,02,2025-12-25 20:00:00
1,0,02,2025-11-04 08:00:00
0,0,02,2025-04-02 00:00:00
2,0,03,2025-07-02 00:00:00
1,0,05,2025-01-23 16:00:00
0,0,02,2025-12-25 00:00:00
0,0,01,2025-09-11 16:00:00
0,0,02,2025-09-11 16:00:00
1,1,03,2025-09-11 16:00:00
0,0,02,2026-04-14 04:00:00
0,0,02,2025-04-02 04:00:00
0,0,02,2025-11-04 00:00:00
0,0,04,2025-12-25 04:00:00
1,0,05,2025-01-23 08:00:00
0,0,02,2025-11-04 16:00:00
1,0,01,2025-04-02 08:00:00
0,0,03,2025-12-25 20:00:00
0,0,05,2025-01-23 00:00:00
0,0,05,2025-07-02 00:00:00
0,0,01,2025-12-25 00:00:00
0,0,01,2025-07-02 16:00:00
1,0,02,2025-09-11 08:00:00
0,0,04,2026-04-14 00:00:00
1,2,03,2025-04-02 04:00:00
0,0,01,2025-12-25 08:00:00
0,0,04,2025-12-25 08:00:00
0,0,05,2026-04-14 20:00:00
2,0,05,2025-07-02 04:00:00
0,1,01,2025-07-02 04:00:00
1,0,05,2025-04-02 08:00:00
0,0,01,2025-12-25 20:00:00
1,0,03,2026-04-14 12:00:00
0,0,04,2025-09-11 00:00:00
1,0,05,2025-11-04 12:00:00
0,0,04,2025-07-02 00:00:00
0,0,05,2025-04-02 20:00:00
0,0,02,2025-01-23 20:00:00
0,0,04,2025-01-23 20:00:00
1,0,05,2025-04-02 12:00:00
1,0,05,2025-07-02 08:00:00
2,0,03,2025-01-23 20:00:00
0,0,02,2025-12-25 16:00:00
0,0,04,2025-07-02 20:00:00
1,0,05,2025-09-11 16:00:00
0,0,01,2026-04-14 04:00:00
1,1,03,2025-01-23 12:00:00
2,0,03,2025-11-04 00:00:00
0,0,05,2025-11-04 00:00:00
1,0,03,2026-04-14 20:00:00
0,0,02,2025-12-25 04:00:00
0,0,04,2025-12-25 20:00:00
1,0,05,2025-09-11 08:00:00
0,0,01,2025-09-11 20:00:00
0,0,04,2025-11-04 04:00:00
2,0,03,2025-09-11 20:00:00
1,0,03,2025-01-23 16:00:00
0,0,01,2026-04-14 00:00:00
2,0,03,2025-12-25 00:00:00
1,0,01,2025-07-02 08:00:00
2,2,03,2025-11-04 04:00:00
0,0,04,2025-04-02 16:00:00
1,0,05,2025-11-04 16:00:00
0,0,04,2025-09-11 04:00:00
1,1,03,2025-11-04 12:00:00
0,0,01,2025-11-04 04:00:00
0,0,02,2025-11-04 04:00:00
2,0,03,2025-01-23 00:00:00
0,0,01,2025-07-02 00:00:00
1,0,03,2025-04-02 20:00:00
0,0,57,2025-12-25 04:00:00
3,0,57,2025-04-02 04:00:00
3,3,56,2025-09-11 16:00:00
3,0,56,2026-04-14 04:00:00
0,0,60,2025-11-04 04:00:00
3,0,58,2025-07-02 12:00:00
0,0,58,2025-07-02 20:00:00
3,3,56,2025-09-11 12:00:00
0,0,60,2025-11-04 20:00:00
3,3,56,2025-07-02 08:00:00
3,0,57,2025-01-23 08:00:00
3,0,57,2025-04-02 12:00:00
0,2,59,2026-04-14 08:00:00
0,0,58,2025-09-11 20:00:00
0,0,59,2025-09-11 20:00:00
3,0,57,2025-01-23 16:00:00
3,0,56,2025-04-02 04:00:00
3,3,56,2025-04-02 16:00:00
3,0,57,2025-09-11 16:00:00
3,0,56,2025-01-23 04:00:00
0,0,59,2025-01-23 12:00:00
0,0,60,2025-11-04 00:00:00
3,2,56,2026-04-14 20:00:00
3,3,56,2025-07-02 12:00:00
3,0,57,2025-07-02 12:00:00
1,1,59,2025-07-02 12:00:00
3,2,56,2025-07-02 20:00:00
3,0,58,2025-01-23 08:00:00
3,0,57,2025-09-11 08:00:00
3,0,56,2026-04-14 00:00:00
0,0,57,2025-01-23 00:00:00
0,0,59,2026-04-14 00:00:00
0,0,60,2025-12-25 20:00:00
0,0,60,2025-04-02 00:00:00
0,0,57,2025-12-25 00:00:00
0,0,58,2025-04-02 16:00:00
0,0,60,2025-09-11 16:00:00
0,2,59,2025-11-04 08:00:00
0,0,59,2025-11-04 00:00:00
0,0,57,2026-04-14 20:00:00
3,3,56,2025-07-02 16:00:00
1,0,59,2025-04-02 12:00:00
3,2,56,2025-09-11 04:00:00
0,0,57,2025-07-02 00:00:00
0,0,58,2026-04-14 04:00:00
0,0,59,2026-04-14 04:00:00
0,0,60,2026-04-14 04:00:00
0,0,58,2025-01-23 04:00:00
3,0,58,2025-11-04 08:00:00
0,0,59,2025-01-23 04:00:00
0,0,57,2025-11-04 00:00:00
0,0,59,2025-07-02 16:00:00
0,1,59,2025-04-02 08:00:00
0,0,58,2025-12-25 08:00:00
3,3,56,2025-04-02 12:00:00
3,3,56,2025-11-04 12:00:00
0,0,58,2025-04-02 00:00:00
0,0,60,2025-09-11 20:00:00
3,3,56,2025-01-23 16:00:00
0,0,58,2025-12-25 00:00:00
0,0,60,2025-04-02 16:00:00
0,0,58,2025-07-02 04:00:00
0,0,59,2026-04-14 16:00:00
3,0,57,2025-07-02 16:00:00
1,0,60,2025-07-02 12:00:00
3,0,57,2025-04-02 08:00:00
0,0,60,2025-07-02 20:00:00
3,0,58,2025-07-02 08:00:00
0,0,59,2025-12-25 20:00:00
0,0,59,2025-12-25 12:00:00
1,0,60,2025-12-25 12:00:00
3,2,56,2025-07-02 00:00:00
0,0,59,2025-04-02 04:00:00
0,0,60,2025-01-23 04:00:00
3,0,58,2025-09-11 12:00:00
3,2,56,2025-11-04 20:00:00
0,0,57,2025-11-04 20:00:00
3,0,57,2025-12-25 08:00:00
3,0,57,2025-11-04 12:00:00
0,0,58,2025-12-25 20:00:00
0,0,59,2025-01-23 00:00:00
0,0,59,2025-09-11 04:00:00
0,0,60,2025-09-11 04:00:00
0,0,60,2026-04-14 00:00:00
3,0,56,2025-04-02 00:00:00
0,0,58,2025-12-25 16:00:00
0,0,59,2025-07-02 00:00:00
0,0,58,2026-04-14 20:00:00
0,0,60,2026-04-14 20:00:00
0,0,60,2026-04-14 16:00:00
3,0,58,2025-04-02 08:00:00
1,0,60,2026-04-14 12:00:00
0,0,58,2025-09-11 04:00:00
0,0,57,2025-09-11 20:00:00
0,0,60,2025-12-25 00:00:00
0,0,58,2025-11-04 00:00:00
0,0,58,2026-04-14 16:00:00
0,0,60,2025-09-11 00:00:00
3,0,58,2025-11-04 12:00:00
3,3,56,2025-09-11 08:00:00
1,0,60,2025-07-02 08:00:00
0,0,58,2025-01-23 00:00:00
3,3,56,2025-09-11 20:00:00
0,0,58,2025-12-25 04:00:00
0,0,58,2025-04-02 04:00:00
3,0,57,2025-04-02 16:00:00
0,0,59,2025-09-11 16:00:00
3,0,57,2025-11-04 08:00:00
3,2,56,2025-07-02 04:00:00
3,0,57,2025-11-04 16:00:00
0,0,59,2026-04-14 20:00:00
0,0,59,2025-07-02 04:00:00
1,0,60,2025-09-11 12:00:00
3,0,58,2025-04-02 12:00:00
3,3,56,2026-04-14 12:00:00
1,1,59,2025-07-02 08:00:00
3,3,56,2025-04-02 20:00:00
0,0,57,2025-04-02 00:00:00
0,0,58,2025-07-02 00:00:00
0,0,60,2025-04-02 04:00:00
3,3,56,2025-01-23 12:00:00
0,0,58,2025-11-04 04:00:00
0,0,59,2025-12-25 08:00:00
3,0,56,2025-12-25 00:00:00
0,0,57,2025-01-23 04:00:00
1,0,60,2025-11-04 08:00:00
0,0,60,2025-07-02 04:00:00
1,1,59,2025-09-11 12:00:00
0,1,59,2025-01-23 08:00:00
3,3,56,2026-04-14 08:00:00
3,0,57,2025-09-11 04:00:00
0,0,58,2025-04-02 20:00:00
0,0,57,2025-04-02 20:00:00
0,0,60,2025-04-02 20:00:00
0,0,59,2025-04-02 16:00:00
3,0,58,2025-01-23 12:00:00
0,0,60,2025-07-02 16:00:00
0,0,59,2025-09-11 00:00:00
0,0,59,2025-07-02 20:00:00
3,1,56,2025-12-25 08:00:00
1,0,59,2025-11-04 12:00:00
1,0,60,2025-01-23 08:00:00
0,0,58,2026-04-14 00:00:00
1,0,60,2026-04-14 08:00:00
3,2,56,2025-12-25 16:00:00
0,0,59,2025-12-25 16:00:00
0,0,59,2025-12-25 00:00:00
3,0,58,2025-09-11 16:00:00
3,2,56,2025-11-04 04:00:00
3,3,56,2025-11-04 16:00:00
0,0,60,2025-11-04 16:00:00
3,0,58,2025-07-02 16:00:00
0,0,57,2025-07-02 20:00:00
3,0,57,2026-04-14 12:00:00
3,0,57,2025-07-02 08:00:00
1,0,60,2025-04-02 12:00:00
3,1,56,2025-12-25 20:00:00
3,0,58,2025-12-25 12:00:00
0,0,59,2025-01-23 16:00:00
0,0,60,2025-01-23 16:00:00
0,0,59,2025-11-04 04:00:00
0,0,59,2025-11-04 16:00:00
0,0,58,2025-09-11 00:00:00
3,3,56,2025-04-02 08:00:00
1,0,60,2025-04-02 08:00:00
3,0,58,2026-04-14 12:00:00
3,3,56,2025-01-23 08:00:00
1,2,59,2025-09-11 08:00:00
0,0,60,2025-12-25 08:00:00
1,0,60,2025-11-04 12:00:00
3,0,58,2026-04-14 08:00:00
0,0,57,2026-04-14 00:00:00
0,0,60,2025-01-23 20:00:00
0,0,59,2025-12-25 04:00:00
3,0,57,2025-01-23 12:00:00
1,0,60,2025-01-23 12:00:00
0,0,57,2025-11-04 04:00:00
3,0,57,2026-04-14 16:00:00
0,0,58,2025-11-04 20:00:00
3,0,56,2025-09-11 00:00:00
0,0,57,2025-09-11 00:00:00
3,0,57,2025-09-11 12:00:00
3,0,58,2025-09-11 08:00:00
1,0,60,2025-09-11 08:00:00
3,0,56,2025-01-23 00:00:00
3,3,56,2025-01-23 20:00:00
3,2,56,2025-12-25 12:00:00
0,0,57,2025-01-23 20:00:00
3,0,57,2025-12-25 12:00:00
0,0,59,2025-04-02 20:00:00
0,0,58,2025-01-23 16:00:00
0,0,60,2025-12-25 16:00:00
0,0,60,2025-07-02 00:00:00
3,0,56,2025-12-25 04:00:00
0,0,60,2025-12-25 04:00:00
3,0,57,2026-04-14 04:00:00
3,3,56,2025-11-04 08:00:00
3,1,56,2025-11-04 00:00:00
0,0,58,2025-11-04 16:00:00
3,0,57,2025-07-02 04:00:00
3,3,56,2026-04-14 16:00:00
0,0,59,2025-11-04 20:00:00
1,0,59,2026-04-14 12:00:00
0,0,57,2025-12-25 20:00:00
3,0,57,2026-04-14 08:00:00
0,0,60,2025-01-23 00:00:00
0,0,58,2025-01-23 20:00:00
0,0,59,2025-01-23 20:00:00
0,0,59,2025-04-02 00:00:00
3,0,57,2025-12-25 16:00:00
0,0,34,2025-12-25 00:00:00
0,1,34,2026-04-14 20:00:00
0,1,34,2025-11-04 16:00:00
4,4,32,2025-07-02 12:00:00
4,4,32,2025-09-11 08:00:00
2,0,35,2025-04-02 12:00:00
2,0,35,2026-04-14 12:00:00
0,0,34,2026-04-14 00:00:00
4,3,32,2025-12-25 12:00:00
2,0,35,2025-12-25 12:00:00
0,0,34,2025-07-02 00:00:00
0,0,31,2025-04-02 04:00:00
3,0,31,2025-09-11 16:00:00
4,4,32,2025-01-23 12:00:00
2,2,33,2025-11-04 04:00:00
2,0,35,2026-04-14 20:00:00
2,0,35,2026-04-14 16:00:00
4,4,32,2025-07-02 16:00:00
2,1,33,2025-07-02 20:00:00
4,4,32,2025-09-11 12:00:00
2,0,35,2025-07-02 20:00:00
0,0,34,2025-11-04 20:00:00
4,3,32,2025-12-25 08:00:00
4,4,32,2025-01-23 16:00:00
2,0,35,2025-01-23 12:00:00
1,0,31,2025-11-04 08:00:00
1,0,34,2025-11-04 08:00:00
2,0,35,2025-11-04 00:00:00
4,4,32,2025-11-04 16:00:00
1,3,33,2026-04-14 16:00:00
3,0,31,2025-07-02 16:00:00
1,0,34,2025-04-02 08:00:00
0,0,34,2025-07-02 20:00:00
1,3,33,2026-04-14 12:00:00
1,3,33,2025-11-04 12:00:00
4,4,32,2025-01-23 08:00:00
2,0,35,2025-01-23 00:00:00
1,1,34,2026-04-14 08:00:00
2,3,33,2025-09-11 20:00:00
0,0,31,2025-12-25 00:00:00
1,3,33,2025-04-02 16:00:00
0,0,31,2026-04-14 04:00:00
1,3,33,2025-11-04 08:00:00
4,4,32,2025-11-04 08:00:00
2,0,35,2025-07-02 04:00:00
3,0,31,2025-11-04 16:00:00
1,0,34,2025-07-02 12:00:00
2,0,35,2025-09-11 00:00:00
2,4,33,2025-09-11 08:00:00
1,0,34,2025-01-23 08:00:00
1,0,34,2025-09-11 08:00:00
0,0,31,2026-04-14 00:00:00
2,0,33,2025-04-02 00:00:00
0,0,34,2025-04-02 20:00:00
2,0,33,2025-11-04 00:00:00
4,4,32,2026-04-14 20:00:00
0,0,31,2025-11-04 04:00:00
0,0,34,2025-11-04 04:00:00
0,0,34,2026-04-14 16:00:00
1,0,34,2025-07-02 16:00:00
1,3,33,2025-07-02 08:00:00
1,0,34,2025-12-25 08:00:00
0,0,31,2025-12-25 04:00:00
1,3,33,2025-01-23 12:00:00
0,0,34,2025-11-04 00:00:00
4,4,32,2025-11-04 04:00:00
4,4,32,2025-11-04 20:00:00
1,0,31,2025-04-02 08:00:00
1,1,34,2025-09-11 12:00:00
2,1,35,2025-07-02 08:00:00
2,0,33,2025-01-23 00:00:00
2,3,33,2025-09-11 04:00:00
2,0,33,2026-04-14 00:00:00
4,4,32,2026-04-14 08:00:00
2,0,35,2025-04-02 16:00:00
1,0,34,2025-01-23 12:00:00
2,0,35,2025-04-02 08:00:00
2,0,35,2025-12-25 08:00:00
0,1,33,2025-12-25 20:00:00
2,2,33,2025-01-23 20:00:00
0,0,34,2025-09-11 20:00:00
2,0,35,2025-01-23 16:00:00
0,0,34,2025-01-23 16:00:00
4,4,32,2025-01-23 04:00:00
0,0,31,2026-04-14 20:00:00
1,3,33,2025-07-02 16:00:00
1,0,31,2025-07-02 12:00:00
2,3,33,2025-01-23 08:00:00
1,3,33,2025-04-02 12:00:00
2,1,33,2025-12-25 08:00:00
2,0,35,2025-11-04 12:00:00
1,0,31,2025-04-02 12:00:00
1,0,31,2025-09-11 08:00:00
4,1,32,2025-12-25 20:00:00
0,0,34,2025-09-11 04:00:00
3,0,31,2025-12-25 12:00:00
2,0,33,2025-07-02 00:00:00
0,0,31,2025-01-23 16:00:00
2,0,33,2025-12-25 00:00:00
2,0,35,2025-04-02 04:00:00
0,0,34,2025-04-02 04:00:00
4,4,32,2025-04-02 16:00:00
2,0,35,2025-11-04 08:00:00
4,4,32,2026-04-14 16:00:00
2,0,33,2025-09-11 00:00:00
2,0,35,2025-09-11 12:00:00
0,0,31,2025-09-11 00:00:00
1,0,34,2026-04-14 12:00:00
4,0,32,2025-01-23 00:00:00
0,0,31,2025-12-25 20:00:00
1,0,31,2026-04-14 08:00:00
0,0,34,2025-01-23 00:00:00
2,2,33,2025-04-02 20:00:00
0,0,31,2025-04-02 00:00:00
0,0,31,2025-04-02 20:00:00
1,0,34,2025-12-25 12:00:00
4,3,32,2025-12-25 16:00:00
2,0,35,2025-12-25 04:00:00
2,0,35,2025-01-23 04:00:00
0,0,31,2025-01-23 04:00:00
2,0,35,2025-07-02 16:00:00
4,0,32,2025-09-11 00:00:00
2,0,35,2025-11-04 20:00:00
4,0,31,2025-11-04 12:00:00
4,3,32,2025-04-02 20:00:00
2,0,35,2025-01-23 20:00:00
2,0,35,2025-12-25 16:00:00
2,0,35,2025-07-02 00:00:00
4,4,32,2025-09-11 16:00:00
3,0,31,2025-04-02 16:00:00
2,0,35,2026-04-14 04:00:00
0,1,33,2026-04-14 20:00:00
1,4,33,2025-11-04 16:00:00
1,3,33,2025-04-02 08:00:00
1,4,33,2025-09-11 12:00:00
2,2,33,2025-11-04 20:00:00
0,0,31,2025-07-02 20:00:00
0,0,34,2025-09-11 00:00:00
2,1,35,2025-09-11 08:00:00
1,0,34,2025-07-02 08:00:00
1,3,33,2026-04-14 08:00:00
0,1,34,2025-12-25 20:00:00
0,0,31,2025-12-25 16:00:00
2,1,33,2025-12-25 04:00:00
1,0,31,2025-01-23 12:00:00
2,0,35,2025-11-04 16:00:00
4,0,31,2025-09-11 12:00:00
1,0,31,2025-01-23 08:00:00
1,0,31,2025-07-02 08:00:00
2,0,35,2026-04-14 08:00:00
1,2,33,2025-12-25 12:00:00
0,0,34,2025-01-23 20:00:00
4,0,32,2025-12-25 04:00:00
2,2,33,2025-04-02 04:00:00
2,4,33,2025-09-11 16:00:00
4,1,32,2025-11-04 00:00:00
2,2,33,2025-07-02 04:00:00
4,4,32,2025-04-02 12:00:00
4,4,32,2025-11-04 12:00:00
1,0,31,2026-04-14 12:00:00
1,0,34,2025-11-04 12:00:00
2,0,35,2026-04-14 00:00:00
1,1,33,2025-12-25 16:00:00
0,0,31,2025-07-02 00:00:00
0,1,34,2025-12-25 16:00:00
0,1,34,2025-09-11 16:00:00
2,3,33,2026-04-14 04:00:00
0,0,31,2025-11-04 00:00:00
3,0,31,2026-04-14 16:00:00
1,3,33,2025-07-02 12:00:00
4,4,32,2025-04-02 08:00:00
4,4,32,2025-07-02 08:00:00
3,0,31,2025-12-25 08:00:00
0,0,31,2025-01-23 00:00:00
4,4,32,2025-01-23 20:00:00
2,0,35,2025-04-02 00:00:00
2,0,35,2025-04-02 20:00:00
2,0,35,2025-09-11 20:00:00
0,0,31,2025-01-23 20:00:00
0,0,34,2025-04-02 00:00:00
2,2,33,2025-01-23 16:00:00
4,0,32,2025-07-02 00:00:00
4,0,32,2025-12-25 00:00:00
1,0,34,2025-04-02 16:00:00
0,0,34,2026-04-14 04:00:00
2,2,33,2025-01-23 04:00:00
0,0,34,2025-01-23 04:00:00
2,0,35,2025-11-04 04:00:00
1,1,35,2025-07-02 12:00:00
4,4,32,2026-04-14 12:00:00
0,0,31,2025-09-11 20:00:00
0,0,34,2025-12-25 04:00:00
4,4,32,2025-04-02 04:00:00
2,0,35,2025-12-25 00:00:00
2,0,35,2025-09-11 16:00:00
4,4,32,2026-04-14 04:00:00
4,3,32,2025-07-02 04:00:00
2,0,31,2025-07-02 04:00:00
0,0,34,2025-07-02 04:00:00
4,4,32,2025-07-02 20:00:00
0,0,31,2025-11-04 20:00:00
2,0,35,2025-01-23 08:00:00
1,0,34,2025-04-02 12:00:00
4,4,32,2025-09-11 04:00:00
4,0,32,2026-04-14 00:00:00
2,0,35,2025-09-11 04:00:00
2,0,35,2025-12-25 20:00:00
2,0,31,2025-09-11 04:00:00
4,0,32,2025-04-02 00:00:00
4,4,32,2025-09-11 20:00:00
0,0,54,2025-04-02 16:00:00
0,0,52,2025-11-04 20:00:00
0,0,51,2025-07-02 12:00:00
0,0,52,2025-07-02 12:00:00
0,0,53,2025-01-23 04:00:00
0,0,53,2025-11-04 08:00:00
0,0,54,2025-11-04 08:00:00
0,0,54,2025-07-02 00:00:00
0,0,51,2025-09-11 04:00:00
0,0,54,2025-01-23 00:00:00
0,0,54,2025-09-11 00:00:00
0,0,54,2026-04-14 20:00:00
0,0,51,2025-01-23 04:00:00
0,0,54,2025-01-23 04:00:00
0,0,54,2025-07-02 16:00:00
0,0,54,2026-04-14 16:00:00
0,0,54,2025-01-23 08:00:00
0,0,55,2025-11-04 00:00:00
0,0,53,2025-12-25 00:00:00
0,0,55,2025-07-02 00:00:00
0,0,52,2025-07-02 00:00:00
0,0,54,2026-04-14 08:00:00
0,0,55,2025-01-23 00:00:00
0,0,53,2025-11-04 20:00:00
0,0,51,2025-04-02 12:00:00
0,0,52,2025-01-23 20:00:00
0,0,54,2025-01-23 20:00:00
0,0,53,2025-12-25 20:00:00
0,0,54,2025-09-11 20:00:00
0,0,52,2025-11-04 00:00:00
0,0,55,2025-04-02 16:00:00
0,0,51,2025-07-02 20:00:00
0,0,51,2026-04-14 00:00:00
0,0,53,2025-09-11 16:00:00
0,0,52,2025-11-04 08:00:00
0,0,55,2025-04-02 04:00:00
0,0,55,2026-04-14 04:00:00
0,0,52,2025-12-25 04:00:00
0,0,51,2026-04-14 12:00:00
0,0,52,2025-11-04 16:00:00
0,0,54,2025-12-25 08:00:00
0,0,51,2025-09-11 16:00:00
0,0,53,2025-09-11 04:00:00
0,0,55,2025-11-04 04:00:00
0,0,52,2025-07-02 20:00:00
0,0,52,2025-11-04 04:00:00
0,0,55,2025-11-04 20:00:00
0,0,54,2025-12-25 12:00:00
0,0,55,2025-07-02 04:00:00
0,0,55,2025-12-25 08:00:00
0,0,51,2025-12-25 16:00:00
0,0,51,2025-01-23 20:00:00
0,0,54,2025-01-23 12:00:00
0,0,54,2025-07-02 08:00:00
0,0,54,2025-11-04 20:00:00
0,0,55,2026-04-14 08:00:00
0,0,51,2025-07-02 00:00:00
0,0,53,2025-11-04 16:00:00
0,0,55,2026-04-14 12:00:00
0,0,51,2025-12-25 08:00:00
0,0,53,2025-04-02 08:00:00
0,0,55,2025-04-02 12:00:00
0,0,52,2025-04-02 12:00:00
0,0,53,2025-01-23 08:00:00
0,0,55,2025-01-23 04:00:00
0,0,51,2025-07-02 16:00:00
0,0,55,2025-09-11 20:00:00
0,0,53,2025-04-02 00:00:00
0,0,51,2025-11-04 00:00:00
0,0,55,2025-01-23 12:00:00
0,0,55,2025-09-11 08:00:00
0,0,51,2025-09-11 08:00:00
0,0,52,2025-07-02 04:00:00
0,0,54,2025-12-25 00:00:00
0,0,51,2025-09-11 12:00:00
0,0,53,2025-07-02 04:00:00
0,0,54,2025-12-25 04:00:00
0,0,53,2025-07-02 12:00:00
0,0,54,2025-12-25 16:00:00
0,0,53,2025-09-11 08:00:00
0,0,55,2025-04-02 08:00:00
0,0,52,2025-07-02 08:00:00
0,0,51,2025-12-25 00:00:00
0,0,55,2025-09-11 04:00:00
0,0,52,2025-12-25 16:00:00
0,0,55,2026-04-14 20:00:00
0,0,51,2025-09-11 00:00:00
0,0,55,2025-07-02 16:00:00
0,0,51,2025-01-23 16:00:00
0,0,53,2026-04-14 00:00:00
0,0,51,2025-01-23 08:00:00
0,0,51,2025-04-02 16:00:00
0,0,52,2025-01-23 12:00:00
0,0,55,2025-11-04 12:00:00
0,0,54,2025-11-04 12:00:00
0,0,55,2025-11-04 08:00:00
0,0,51,2025-11-04 08:00:00
0,0,51,2026-04-14 08:00:00
0,0,51,2025-07-02 04:00:00
0,0,51,2026-04-14 20:00:00
0,0,51,2025-09-11 20:00:00
0,0,53,2025-12-25 12:00:00
0,0,53,2025-01-23 16:00:00
0,0,53,2025-07-02 00:00:00
0,0,54,2025-11-04 00:00:00
0,0,51,2025-11-04 04:00:00
0,0,54,2025-04-02 08:00:00
0,0,53,2026-04-14 04:00:00
0,0,52,2025-04-02 04:00:00
0,0,55,2025-12-25 04:00:00
0,0,54,2025-04-02 20:00:00
0,0,54,2026-04-14 12:00:00
0,0,52,2025-12-25 08:00:00
0,0,53,2025-07-02 20:00:00
0,0,55,2025-09-11 00:00:00
0,0,52,2026-04-14 20:00:00
0,0,54,2025-09-11 16:00:00
0,0,55,2025-01-23 20:00:00
0,0,52,2025-01-23 04:00:00
0,0,52,2025-01-23 08:00:00
0,0,51,2025-12-25 12:00:00
0,0,52,2026-04-14 12:00:00
0,0,53,2025-09-11 00:00:00
0,0,52,2025-09-11 00:00:00
0,0,53,2025-04-02 12:00:00
0,0,53,2025-11-04 12:00:00
0,0,55,2026-04-14 16:00:00
0,0,51,2025-11-04 12:00:00
0,0,52,2025-09-11 08:00:00
0,0,52,2025-11-04 12:00:00
0,0,52,2025-12-25 00:00:00
0,0,51,2025-04-02 00:00:00
0,0,54,2025-09-11 12:00:00
0,0,55,2025-04-02 20:00:00
0,0,51,2025-04-02 20:00:00
0,0,51,2025-12-25 04:00:00
0,0,51,2025-12-25 20:00:00
0,0,52,2025-04-02 20:00:00
0,0,52,2025-09-11 04:00:00
0,0,55,2025-12-25 16:00:00
0,0,53,2025-09-11 12:00:00
0,0,53,2026-04-14 12:00:00
0,0,55,2025-01-23 16:00:00
0,0,52,2025-09-11 20:00:00
0,0,55,2025-01-23 08:00:00
0,0,53,2025-12-25 16:00:00
0,0,52,2025-04-02 08:00:00
0,0,51,2025-07-02 08:00:00
0,0,52,2025-12-25 12:00:00
0,0,54,2025-09-11 08:00:00
0,0,54,2025-07-02 12:00:00
0,0,51,2026-04-14 04:00:00
0,0,55,2025-09-11 12:00:00
0,0,52,2025-04-02 00:00:00
0,0,55,2025-11-04 16:00:00
0,0,53,2025-07-02 16:00:00
0,0,52,2025-09-11 16:00:00
0,0,53,2026-04-14 08:00:00
0,0,53,2025-04-02 20:00:00
0,0,55,2025-07-02 20:00:00
0,0,51,2025-01-23 12:00:00
0,0,54,2026-04-14 00:00:00
0,0,52,2026-04-14 08:00:00
0,0,52,2025-09-11 12:00:00
0,0,53,2026-04-14 20:00:00
0,0,53,2025-11-04 04:00:00
0,0,55,2025-12-25 20:00:00
0,0,54,2025-12-25 20:00:00
0,0,51,2025-01-23 00:00:00
0,0,52,2025-01-23 00:00:00
0,0,54,2025-11-04 16:00:00
0,0,54,2025-04-02 12:00:00
0,0,52,2025-07-02 16:00:00
0,0,53,2025-01-23 20:00:00
0,0,54,2025-11-04 04:00:00
0,0,55,2025-07-02 08:00:00
0,0,55,2025-12-25 12:00:00
0,0,51,2025-11-04 20:00:00
0,0,55,2025-07-02 12:00:00
0,0,52,2026-04-14 04:00:00
0,0,54,2026-04-14 04:00:00
0,0,54,2025-04-02 00:00:00
0,0,52,2025-12-25 20:00:00
0,0,51,2025-11-04 16:00:00
0,0,55,2025-09-11 16:00:00
0,0,53,2025-12-25 08:00:00
0,0,51,2026-04-14 16:00:00
0,0,52,2025-01-23 16:00:00
0,0,54,2025-01-23 16:00:00
0,0,53,2025-09-11 20:00:00
0,0,52,2025-04-02 16:00:00
0,0,52,2026-04-14 00:00:00
0,0,55,2025-12-25 00:00:00
0,0,51,2025-04-02 04:00:00
0,0,53,2025-11-04 00:00:00
0,0,53,2026-04-14 16:00:00
0,0,54,2025-09-11 04:00:00
0,0,52,2026-04-14 16:00:00
0,0,53,2025-01-23 00:00:00
0,0,53,2025-12-25 04:00:00
0,0,51,2025-04-02 08:00:00
0,0,53,2025-04-02 04:00:00
0,0,54,2025-07-02 20:00:00
0,0,55,2026-04-14 00:00:00
0,0,53,2025-04-02 16:00:00
0,0,53,2025-01-23 12:00:00
0,0,54,2025-07-02 04:00:00
0,0,54,2025-04-02 04:00:00
0,0,55,2025-04-02 00:00:00
0,0,53,2025-07-02 08:00:00
0,0,67,2025-04-02 04:00:00
3,0,66,2025-11-04 08:00:00
0,0,68,2025-11-04 08:00:00
0,0,68,2025-07-02 16:00:00
0,0,69,2025-09-11 00:00:00
0,0,67,2025-09-11 00:00:00
3,0,70,2025-11-04 12:00:00
0,0,67,2026-04-14 12:00:00
0,0,68,2025-09-11 08:00:00
0,0,68,2025-12-25 08:00:00
0,0,68,2025-07-02 08:00:00
0,0,68,2025-11-04 12:00:00
0,0,66,2025-12-25 20:00:00
0,0,67,2025-09-11 04:00:00
0,0,69,2025-01-23 20:00:00
0,0,67,2025-04-02 20:00:00
0,0,68,2025-09-11 20:00:00
0,0,69,2025-01-23 16:00:00
0,0,67,2025-12-25 16:00:00
0,0,69,2025-12-25 04:00:00
0,0,68,2025-04-02 04:00:00
0,0,68,2025-12-25 00:00:00
0,0,66,2025-11-04 16:00:00
0,0,67,2025-11-04 04:00:00
0,0,66,2025-11-04 20:00:00
0,0,70,2025-01-23 08:00:00
1,0,69,2025-07-02 08:00:00
0,0,70,2025-04-02 20:00:00
0,0,70,2025-04-02 04:00:00
0,0,70,2025-12-25 00:00:00
0,0,68,2026-04-14 04:00:00
0,0,69,2025-01-23 04:00:00
0,0,70,2025-11-04 00:00:00
0,0,70,2025-11-04 04:00:00
0,0,69,2025-11-04 20:00:00
0,0,67,2025-07-02 20:00:00
3,0,66,2025-11-04 12:00:00
0,0,67,2025-04-02 12:00:00
0,0,70,2026-04-14 00:00:00
0,0,70,2026-04-14 08:00:00
0,0,67,2025-01-23 16:00:00
0,0,69,2025-04-02 04:00:00
0,0,70,2025-09-11 16:00:00
0,0,69,2026-04-14 04:00:00
0,0,67,2025-07-02 04:00:00
3,0,70,2025-07-02 12:00:00
1,0,69,2025-07-02 12:00:00
3,0,70,2025-09-11 12:00:00
0,0,66,2025-09-11 00:00:00
0,0,68,2025-11-04 20:00:00
3,0,66,2025-04-02 12:00:00
1,0,69,2025-11-04 12:00:00
0,0,70,2025-12-25 20:00:00
0,0,67,2025-07-02 00:00:00
0,0,68,2025-04-02 16:00:00
1,0,69,2025-01-23 12:00:00
0,0,69,2025-07-02 04:00:00
0,0,70,2025-09-11 00:00:00
0,0,69,2025-07-02 20:00:00
0,0,67,2025-07-02 08:00:00
0,0,69,2025-09-11 04:00:00
3,0,66,2025-12-25 12:00:00
3,0,66,2025-01-23 12:00:00
0,0,66,2025-07-02 04:00:00
0,0,70,2026-04-14 16:00:00
1,0,67,2025-07-02 12:00:00
0,0,67,2025-04-02 08:00:00
0,0,68,2025-04-02 12:00:00
0,0,67,2025-12-25 20:00:00
0,0,70,2025-01-23 16:00:00
0,0,66,2025-01-23 16:00:00
0,0,68,2025-12-25 16:00:00
0,0,67,2025-12-25 00:00:00
0,0,70,2025-04-02 16:00:00
0,0,68,2025-01-23 12:00:00
0,0,69,2025-11-04 00:00:00
3,0,66,2025-07-02 16:00:00
0,0,69,2025-07-02 16:00:00
1,0,68,2025-07-02 12:00:00
0,0,66,2025-07-02 20:00:00
0,0,67,2025-11-04 20:00:00
0,0,68,2025-07-02 20:00:00
3,0,70,2025-07-02 08:00:00
0,0,69,2025-01-23 00:00:00
0,0,67,2025-01-23 00:00:00
0,0,66,2025-04-02 04:00:00
0,0,70,2026-04-14 04:00:00
0,0,70,2025-01-23 04:00:00
0,0,66,2025-11-04 04:00:00
0,0,69,2026-04-14 20:00:00
0,0,68,2025-07-02 04:00:00
0,0,68,2025-11-04 04:00:00
0,0,69,2026-04-14 16:00:00
0,0,67,2025-07-02 16:00:00
0,0,70,2025-04-02 08:00:00
3,0,66,2025-09-11 12:00:00
1,0,69,2025-04-02 08:00:00
3,0,66,2025-07-02 08:00:00
0,0,67,2025-11-04 12:00:00
0,0,70,2025-04-02 00:00:00
0,0,66,2025-09-11 20:00:00
0,0,67,2025-01-23 20:00:00
0,0,68,2025-07-02 00:00:00
0,0,69,2025-12-25 00:00:00
0,0,69,2025-04-02 16:00:00
0,0,66,2026-04-14 04:00:00
0,0,68,2025-11-04 00:00:00
0,0,68,2025-04-02 08:00:00
3,0,66,2025-01-23 08:00:00
3,0,66,2026-04-14 12:00:00
1,1,69,2025-04-02 12:00:00
0,0,67,2025-12-25 08:00:00
0,0,68,2025-01-23 00:00:00
0,0,68,2025-12-25 20:00:00
0,0,66,2025-04-02 00:00:00
0,0,67,2025-12-25 12:00:00
0,0,70,2025-07-02 00:00:00
0,0,66,2025-12-25 04:00:00
0,0,67,2025-11-04 00:00:00
0,0,69,2025-11-04 16:00:00
0,0,70,2025-11-04 20:00:00
1,1,69,2025-09-11 12:00:00
0,0,70,2025-12-25 08:00:00
0,0,68,2025-01-23 08:00:00
0,0,66,2025-09-11 04:00:00
3,0,66,2026-04-14 08:00:00
0,0,67,2026-04-14 00:00:00
0,0,67,2026-04-14 08:00:00
0,0,69,2025-04-02 00:00:00
0,0,68,2025-04-02 00:00:00
0,0,67,2025-09-11 16:00:00
0,0,69,2025-11-04 08:00:00
3,0,70,2025-07-02 16:00:00
3,0,66,2025-04-02 08:00:00
0,0,66,2025-12-25 08:00:00
1,0,69,2025-09-11 08:00:00
1,0,69,2026-04-14 12:00:00
0,0,68,2025-09-11 04:00:00
0,0,70,2025-01-23 20:00:00
0,0,69,2025-12-25 12:00:00
0,0,67,2025-09-11 20:00:00
0,0,69,2025-12-25 16:00:00
0,0,69,2025-07-02 00:00:00
0,0,70,2025-12-25 04:00:00
0,0,68,2025-12-25 04:00:00
3,0,66,2025-04-02 16:00:00
0,0,70,2025-11-04 08:00:00
0,0,67,2025-01-23 04:00:00
0,0,67,2025-11-04 08:00:00
0,0,66,2025-11-04 00:00:00
0,0,67,2026-04-14 20:00:00
0,0,66,2026-04-14 16:00:00
0,0,68,2025-09-11 00:00:00
0,0,68,2026-04-14 12:00:00
0,0,70,2025-01-23 00:00:00
0,0,69,2026-04-14 00:00:00
0,0,69,2026-04-14 08:00:00
0,0,70,2025-12-25 12:00:00
0,0,66,2025-01-23 20:00:00
0,0,69,2025-04-02 20:00:00
0,0,67,2025-04-02 00:00:00
0,0,68,2025-01-23 04:00:00
0,0,70,2026-04-14 20:00:00
0,0,70,2025-07-02 04:00:00
0,0,67,2025-11-04 16:00:00
0,0,67,2026-04-14 16:00:00
3,0,66,2025-07-02 12:00:00
3,0,66,2025-09-11 08:00:00
0,0,66,2026-04-14 00:00:00
0,0,70,2025-09-11 20:00:00
0,0,66,2025-04-02 20:00:00
0,0,66,2025-12-25 00:00:00
3,0,66,2025-09-11 16:00:00
0,0,70,2025-11-04 16:00:00
0,0,66,2026-04-14 20:00:00
3,0,70,2025-04-02 12:00:00
0,0,69,2025-12-25 08:00:00
0,0,69,2025-12-25 20:00:00
0,0,68,2026-04-14 00:00:00
0,0,68,2025-01-23 20:00:00
0,0,68,2025-12-25 12:00:00
0,0,67,2025-12-25 04:00:00
0,0,69,2025-09-11 16:00:00
0,0,67,2025-04-02 16:00:00
0,0,67,2026-04-14 04:00:00
0,0,66,2025-01-23 04:00:00
0,0,69,2025-11-04 04:00:00
0,0,68,2026-04-14 16:00:00
0,0,68,2025-09-11 12:00:00
1,0,69,2025-01-23 08:00:00
0,0,67,2025-09-11 08:00:00
0,0,70,2025-09-11 04:00:00
0,0,68,2026-04-14 08:00:00
0,0,69,2025-09-11 20:00:00
0,0,68,2025-04-02 20:00:00
0,0,70,2025-12-25 16:00:00
0,0,68,2025-09-11 16:00:00
0,0,70,2025-01-23 12:00:00
0,0,67,2025-01-23 12:00:00
0,0,68,2026-04-14 20:00:00
0,0,68,2025-11-04 16:00:00
0,0,70,2025-07-02 20:00:00
0,0,67,2025-09-11 12:00:00
3,0,70,2025-09-11 08:00:00
3,0,70,2026-04-14 12:00:00
0,0,67,2025-01-23 08:00:00
0,0,66,2025-01-23 00:00:00
0,0,66,2025-12-25 16:00:00
0,0,66,2025-07-02 00:00:00
0,0,68,2025-01-23 16:00:00
0,0,23,2026-04-14 04:00:00
2,0,25,2026-04-14 04:00:00
2,0,25,2025-01-23 04:00:00
4,0,24,2025-11-04 08:00:00
2,0,22,2025-11-04 04:00:00
2,0,25,2025-11-04 04:00:00
4,0,25,2025-07-02 12:00:00
0,0,25,2025-09-11 00:00:00
2,0,21,2025-09-11 00:00:00
1,0,21,2025-09-11 12:00:00
2,0,24,2025-11-04 20:00:00
4,0,22,2025-11-04 12:00:00
4,0,24,2025-07-02 08:00:00
2,0,21,2025-01-23 00:00:00
2,0,24,2025-01-23 00:00:00
0,0,23,2025-01-23 16:00:00
0,0,23,2025-07-02 00:00:00
0,0,25,2025-12-25 04:00:00
4,0,22,2025-09-11 16:00:00
2,0,25,2025-01-23 12:00:00
0,0,23,2026-04-14 20:00:00
1,0,23,2025-09-11 12:00:00
1,0,25,2025-04-02 08:00:00
1,0,21,2025-04-02 12:00:00
4,1,24,2025-04-02 12:00:00
0,0,23,2025-09-11 20:00:00
0,0,25,2025-09-11 20:00:00
4,0,24,2025-12-25 12:00:00
2,0,22,2025-12-25 04:00:00
2,0,24,2025-12-25 04:00:00
0,0,23,2025-09-11 16:00:00
2,0,22,2025-11-04 08:00:00
2,0,22,2025-11-04 00:00:00
0,0,25,2025-11-04 00:00:00
3,0,25,2025-11-04 16:00:00
1,0,23,2025-04-02 08:00:00
0,0,25,2025-07-02 20:00:00
2,0,23,2025-09-11 08:00:00
2,0,22,2026-04-14 00:00:00
0,0,25,2025-12-25 20:00:00
2,0,24,2025-12-25 20:00:00
2,0,21,2025-09-11 20:00:00
0,0,23,2025-11-04 16:00:00
2,0,22,2025-07-02 04:00:00
2,0,21,2026-04-14 20:00:00
4,0,22,2026-04-14 16:00:00
4,0,22,2025-07-02 16:00:00
0,0,01,2025-06-29 04:00:00
2,0,03,2025-06-29 20:00:00
2,0,03,2025-06-29 00:00:00
0,0,02,2025-06-29 00:00:00
0,0,04,2025-06-29 00:00:00
2,0,03,2025-06-29 08:00:00
1,0,04,2025-06-29 12:00:00
1,0,05,2025-06-29 16:00:00
0,0,04,2025-06-29 20:00:00
1,0,03,2025-06-29 16:00:00
2,0,05,2025-06-29 08:00:00
0,0,04,2025-06-29 16:00:00
0,0,01,2025-06-29 00:00:00
0,0,04,2025-06-29 04:00:00
1,0,05,2025-06-29 12:00:00
0,0,05,2025-06-29 00:00:00
1,0,01,2025-06-29 12:00:00
0,0,02,2025-06-29 20:00:00
0,0,58,2025-06-29 00:00:00
3,0,57,2025-06-29 16:00:00
0,0,59,2025-06-29 16:00:00
0,0,57,2025-06-29 20:00:00
3,0,57,2025-06-29 12:00:00
3,1,56,2025-06-29 00:00:00
0,0,58,2025-06-29 16:00:00
3,2,56,2025-06-29 20:00:00
3,0,58,2025-06-29 12:00:00
3,3,56,2025-06-29 12:00:00
0,0,57,2025-06-29 00:00:00
0,0,60,2025-06-29 08:00:00
0,0,60,2025-06-29 16:00:00
0,0,60,2025-06-29 04:00:00
0,0,59,2025-06-29 00:00:00
0,0,59,2025-06-29 08:00:00
1,0,60,2025-06-29 12:00:00
0,0,58,2025-06-29 20:00:00
3,0,56,2025-06-29 04:00:00
0,0,57,2025-06-29 04:00:00
0,0,60,2025-06-29 20:00:00
0,0,60,2025-06-29 00:00:00
3,0,57,2025-06-29 08:00:00
3,3,56,2025-06-29 16:00:00
1,0,59,2025-06-29 12:00:00
0,0,58,2025-06-29 04:00:00
0,0,59,2025-06-29 04:00:00
3,0,58,2025-06-29 08:00:00
3,2,56,2025-06-29 08:00:00
0,0,59,2025-06-29 20:00:00
3,0,31,2025-06-29 16:00:00
0,0,34,2025-06-29 16:00:00
0,0,31,2025-06-29 00:00:00
1,0,34,2025-06-29 08:00:00
2,3,33,2025-06-29 08:00:00
2,3,33,2025-06-29 16:00:00
2,1,33,2025-06-29 04:00:00
2,1,35,2025-06-29 12:00:00
0,0,31,2025-06-29 04:00:00
3,0,31,2025-06-29 08:00:00
0,0,31,2025-06-29 20:00:00
4,4,32,2025-06-29 08:00:00
1,0,31,2025-06-29 12:00:00
2,1,33,2025-06-29 00:00:00
4,4,32,2025-06-29 16:00:00
4,2,32,2025-06-29 20:00:00
4,4,32,2025-06-29 12:00:00
1,0,34,2025-06-29 12:00:00
2,1,33,2025-06-29 20:00:00
0,0,34,2025-06-29 20:00:00
0,0,34,2025-06-29 04:00:00
1,3,33,2025-06-29 12:00:00
4,2,32,2025-06-29 04:00:00
2,0,35,2025-06-29 20:00:00
4,2,32,2025-06-29 00:00:00
2,0,35,2025-06-29 00:00:00
2,0,35,2025-06-29 16:00:00
2,0,35,2025-06-29 04:00:00
0,0,34,2025-06-29 00:00:00
2,0,35,2025-06-29 08:00:00
0,0,55,2025-06-29 04:00:00
0,0,52,2025-06-29 00:00:00
0,0,53,2025-06-29 20:00:00
0,0,53,2025-06-29 12:00:00
0,0,53,2025-06-29 00:00:00
0,0,53,2025-06-29 16:00:00
0,0,52,2025-06-29 20:00:00
0,0,54,2025-06-29 00:00:00
0,0,51,2025-06-29 12:00:00
0,0,54,2025-06-29 04:00:00
0,0,54,2025-06-29 16:00:00
0,0,55,2025-06-29 12:00:00
0,0,52,2025-06-29 12:00:00
0,0,51,2025-06-29 16:00:00
0,0,53,2025-06-29 08:00:00
0,0,55,2025-06-29 00:00:00
0,0,51,2025-06-29 00:00:00
0,0,55,2025-06-29 16:00:00
0,0,55,2025-06-29 08:00:00
0,0,52,2025-06-29 08:00:00
0,0,51,2025-06-29 04:00:00
0,0,53,2025-06-29 04:00:00
0,0,51,2025-06-29 20:00:00
0,0,54,2025-06-29 12:00:00
0,0,52,2025-06-29 04:00:00
0,0,52,2025-06-29 16:00:00
0,0,51,2025-06-29 08:00:00
0,0,55,2025-06-29 20:00:00
0,0,54,2025-06-29 20:00:00
0,0,54,2025-06-29 08:00:00
0,0,68,2025-06-29 16:00:00
0,0,67,2025-06-29 04:00:00
0,0,69,2025-06-29 00:00:00
0,0,68,2025-06-29 00:00:00
0,0,69,2025-06-29 08:00:00
0,0,70,2025-06-29 16:00:00
0,0,66,2025-06-29 16:00:00
0,0,66,2025-06-29 20:00:00
0,0,70,2025-06-29 04:00:00
0,0,67,2025-06-29 00:00:00
0,0,67,2025-06-29 20:00:00
1,0,69,2025-06-29 12:00:00
0,0,68,2025-06-29 04:00:00
0,0,69,2025-06-29 20:00:00
0,0,68,2025-06-29 20:00:00
3,0,66,2025-06-29 12:00:00
0,0,68,2025-06-29 12:00:00
0,0,70,2025-06-29 08:00:00
0,0,66,2025-06-29 04:00:00
0,0,69,2025-06-29 16:00:00
0,0,67,2025-06-29 12:00:00
0,0,69,2025-06-29 04:00:00
0,0,67,2025-06-29 16:00:00
3,0,70,2025-06-29 12:00:00
0,0,70,2025-06-29 00:00:00
0,0,66,2025-06-29 00:00:00
0,0,70,2025-06-29 20:00:00
3,0,66,2025-06-29 08:00:00
0,0,67,2025-06-29 08:00:00
0,0,68,2025-06-29 08:00:00
1,0,22,2025-06-29 12:00:00
2,0,22,2025-06-29 00:00:00
2,0,23,2025-06-29 08:00:00
0,0,23,2025-06-29 20:00:00
2,0,21,2025-06-29 00:00:00
2,0,24,2025-06-29 00:00:00
2,0,24,2025-06-29 20:00:00
0,0,02,2026-03-10 16:00:00
0,1,04,2025-10-16 08:00:00
0,0,05,2026-04-30 00:00:00
0,0,01,2026-03-10 00:00:00
0,0,01,2025-07-10 20:00:00
2,0,03,2025-07-10 20:00:00
1,0,05,2026-04-16 16:00:00
0,0,01,2025-11-08 08:00:00
2,0,03,2025-11-08 04:00:00
0,0,04,2025-11-08 08:00:00
0,0,01,2026-04-30 16:00:00
0,0,01,2025-11-08 16:00:00
1,0,02,2026-03-10 12:00:00
0,0,02,2025-11-08 20:00:00
0,0,04,2026-03-10 12:00:00
0,0,04,2026-04-16 08:00:00
0,0,01,2026-04-16 20:00:00
0,0,04,2026-04-16 04:00:00
0,0,02,2025-11-08 04:00:00
0,0,05,2025-11-08 20:00:00
2,0,05,2025-07-10 04:00:00
1,0,05,2026-04-30 16:00:00
1,1,01,2025-07-10 12:00:00
0,0,04,2025-07-10 20:00:00
1,0,02,2026-04-30 08:00:00
0,0,04,2026-04-30 04:00:00
0,0,01,2025-07-10 00:00:00
1,1,03,2025-10-16 16:00:00
1,0,01,2025-11-08 12:00:00
0,0,01,2026-04-16 00:00:00
1,0,02,2025-07-10 08:00:00
0,0,02,2025-10-16 00:00:00
2,1,03,2026-03-10 04:00:00
2,0,03,2025-11-08 08:00:00
1,1,03,2025-11-08 12:00:00
1,0,04,2025-07-10 12:00:00
2,0,03,2025-11-08 00:00:00
0,0,02,2026-03-10 00:00:00
1,2,03,2026-03-10 08:00:00
0,0,02,2026-04-16 04:00:00
1,0,01,2025-07-10 16:00:00
1,0,04,2025-10-16 12:00:00
1,0,05,2026-04-30 12:00:00
0,0,01,2025-11-08 20:00:00
0,0,04,2025-11-08 20:00:00
1,1,03,2025-10-16 12:00:00
1,0,05,2025-10-16 12:00:00
0,0,04,2025-10-16 16:00:00
1,0,01,2025-10-16 08:00:00
1,0,01,2026-03-10 08:00:00
2,0,03,2026-03-10 00:00:00
1,0,05,2026-03-10 08:00:00
0,0,01,2026-04-30 00:00:00
0,0,04,2026-04-30 00:00:00
0,0,02,2026-04-30 20:00:00
0,0,02,2025-07-10 00:00:00
0,0,04,2026-04-30 20:00:00
1,2,03,2025-07-10 08:00:00
0,0,02,2025-11-08 08:00:00
1,1,03,2026-04-30 12:00:00
2,0,05,2026-04-30 04:00:00
0,0,02,2025-10-16 20:00:00
1,2,03,2026-03-10 12:00:00
0,1,02,2026-04-16 08:00:00
1,2,03,2026-04-30 08:00:00
1,0,01,2026-04-16 12:00:00
0,1,02,2025-10-16 04:00:00
0,0,04,2025-11-08 16:00:00
0,0,05,2026-03-10 20:00:00
1,1,01,2026-04-30 12:00:00
2,0,05,2025-10-16 04:00:00
1,1,03,2025-07-10 16:00:00
1,0,05,2025-07-10 16:00:00
0,0,05,2025-11-08 00:00:00
0,0,02,2025-11-08 00:00:00
0,0,04,2025-11-08 00:00:00
1,2,03,2026-04-16 12:00:00
0,0,02,2025-07-10 20:00:00
1,0,05,2026-04-30 08:00:00
0,0,02,2026-03-10 08:00:00
0,0,04,2026-03-10 08:00:00
1,1,02,2025-10-16 12:00:00
1,3,03,2026-04-16 08:00:00
0,0,01,2025-07-10 04:00:00
0,0,04,2026-03-10 20:00:00
0,0,04,2025-07-10 04:00:00
0,0,02,2026-04-16 16:00:00
0,0,02,2026-04-16 20:00:00
0,0,05,2026-04-30 20:00:00
0,0,01,2025-11-08 04:00:00
1,0,01,2025-07-10 08:00:00
0,0,02,2025-11-08 16:00:00
0,0,02,2025-07-10 04:00:00
2,2,03,2025-10-16 04:00:00
0,0,01,2025-10-16 20:00:00
0,0,01,2026-04-16 16:00:00
1,0,01,2026-04-30 08:00:00
0,0,05,2026-03-10 00:00:00
0,0,02,2025-07-10 16:00:00
0,0,04,2026-03-10 04:00:00
0,0,04,2026-04-30 16:00:00
1,0,02,2025-07-10 12:00:00
2,0,05,2026-04-16 04:00:00
0,0,01,2025-10-16 16:00:00
0,0,57,2026-03-10 00:00:00
0,1,59,2026-04-16 08:00:00
3,1,56,2025-11-08 04:00:00
0,0,59,2026-04-30 04:00:00
0,0,60,2025-10-16 04:00:00
3,0,56,2026-04-30 00:00:00
0,0,59,2026-04-30 00:00:00
1,2,59,2026-04-16 12:00:00
0,0,59,2026-04-16 20:00:00
0,0,58,2026-04-30 20:00:00
0,0,58,2026-04-16 08:00:00
0,0,60,2025-11-08 04:00:00
0,0,58,2026-03-10 04:00:00
3,1,56,2025-11-08 20:00:00
0,0,58,2026-03-10 16:00:00
3,3,56,2026-03-10 16:00:00
3,0,58,2025-07-10 12:00:00
1,1,59,2025-07-10 12:00:00
0,0,58,2026-04-16 20:00:00
3,0,57,2026-04-30 08:00:00
3,0,57,2026-04-16 08:00:00
0,0,59,2025-10-16 16:00:00
0,0,58,2025-11-08 20:00:00
0,0,59,2025-11-08 16:00:00
3,3,56,2025-07-10 12:00:00
1,0,60,2026-04-16 12:00:00
1,0,60,2025-07-10 12:00:00
3,0,58,2025-10-16 08:00:00
3,0,57,2025-10-16 08:00:00
0,0,58,2025-10-16 20:00:00
3,3,56,2025-07-10 08:00:00
0,0,57,2025-07-10 20:00:00
0,0,58,2025-11-08 04:00:00
0,0,60,2025-10-16 00:00:00
3,0,57,2025-11-08 16:00:00
0,0,58,2025-10-16 04:00:00
0,0,59,2026-04-16 04:00:00
0,0,59,2025-10-16 04:00:00
3,0,58,2026-03-10 12:00:00
3,3,56,2026-03-10 12:00:00
3,0,57,2026-04-16 12:00:00
1,0,60,2026-03-10 12:00:00
3,0,58,2026-03-10 08:00:00
0,0,60,2025-07-10 00:00:00
0,0,59,2026-04-16 16:00:00
0,0,58,2025-10-16 00:00:00
3,1,56,2026-03-10 04:00:00
3,2,56,2026-03-10 20:00:00
3,1,56,2025-10-16 00:00:00
3,0,58,2025-10-16 12:00:00
3,2,56,2025-11-08 16:00:00
0,0,58,2026-04-30 00:00:00
1,0,60,2026-03-10 08:00:00
3,3,56,2025-10-16 20:00:00
0,0,60,2025-10-16 20:00:00
0,0,58,2026-04-16 16:00:00
1,2,59,2025-07-10 08:00:00
1,1,59,2026-04-30 12:00:00
1,0,60,2026-04-30 12:00:00
0,0,60,2026-03-10 20:00:00
0,0,60,2025-11-08 08:00:00
0,0,58,2025-11-08 16:00:00
0,0,60,2026-04-16 00:00:00
0,0,60,2025-11-08 16:00:00
1,0,60,2025-10-16 12:00:00
0,0,58,2025-07-10 04:00:00
0,0,60,2025-07-10 04:00:00
0,0,58,2026-04-30 16:00:00
0,0,60,2026-04-30 16:00:00
0,0,60,2025-11-08 00:00:00
0,1,59,2025-10-16 08:00:00
0,0,59,2025-10-16 20:00:00
0,0,60,2025-10-16 16:00:00
0,0,59,2025-07-10 20:00:00
0,0,60,2025-07-10 20:00:00
0,0,57,2026-03-10 04:00:00
3,0,57,2026-04-30 16:00:00
0,0,57,2025-10-16 04:00:00
3,2,56,2025-11-08 00:00:00
0,0,59,2025-07-10 16:00:00
0,0,60,2025-07-10 16:00:00
3,0,57,2026-03-10 12:00:00
0,1,59,2026-03-10 12:00:00
0,0,58,2026-03-10 00:00:00
0,0,59,2026-03-10 00:00:00
3,1,56,2025-07-10 00:00:00
0,0,57,2025-07-10 00:00:00
1,0,60,2026-04-16 08:00:00
3,0,57,2025-07-10 08:00:00
0,0,59,2025-11-08 04:00:00
0,0,58,2025-11-08 08:00:00
0,0,57,2025-10-16 00:00:00
0,0,60,2026-03-10 04:00:00
1,0,60,2025-11-08 12:00:00
3,0,58,2025-07-10 16:00:00
1,0,60,2025-10-16 08:00:00
0,0,58,2025-07-10 00:00:00
3,3,56,2025-10-16 16:00:00
3,3,56,2026-04-30 12:00:00
0,0,57,2025-11-08 04:00:00
3,0,57,2025-11-08 08:00:00
0,0,60,2025-11-08 20:00:00
3,0,58,2025-11-08 12:00:00
0,0,60,2026-04-16 04:00:00
3,0,57,2025-07-10 12:00:00
3,0,57,2026-03-10 08:00:00
0,0,60,2026-03-10 00:00:00
0,0,58,2025-07-10 20:00:00
3,3,56,2026-04-16 16:00:00
3,0,57,2026-04-30 12:00:00
0,0,57,2026-04-16 00:00:00
0,0,57,2025-11-08 20:00:00
3,2,56,2026-04-30 04:00:00
3,0,57,2025-07-10 04:00:00
0,0,59,2025-07-10 04:00:00
3,3,56,2026-04-30 16:00:00
0,0,58,2026-04-16 04:00:00
0,0,57,2026-04-30 00:00:00
0,0,60,2026-04-16 20:00:00
3,3,56,2025-10-16 08:00:00
0,0,59,2025-07-10 00:00:00
0,0,58,2026-03-10 20:00:00
3,2,56,2025-11-08 08:00:00
0,0,57,2026-03-10 20:00:00
3,0,56,2026-04-16 00:00:00
0,0,58,2026-04-30 04:00:00
0,0,60,2026-03-10 16:00:00
3,0,57,2026-04-16 16:00:00
0,0,58,2026-04-16 00:00:00
0,0,59,2026-04-16 00:00:00
1,2,59,2025-10-16 12:00:00
0,0,59,2026-04-30 16:00:00
0,0,58,2025-11-08 00:00:00
3,0,58,2026-04-30 08:00:00
3,3,56,2026-04-30 08:00:00
0,1,59,2026-03-10 08:00:00
0,0,59,2026-04-30 20:00:00
3,3,56,2025-07-10 20:00:00
0,0,60,2026-04-16 16:00:00
0,0,59,2026-03-10 20:00:00
3,0,57,2025-10-16 12:00:00
3,2,56,2025-10-16 04:00:00
3,3,56,2026-04-16 20:00:00
3,3,56,2026-04-30 20:00:00
0,0,60,2026-04-30 20:00:00
0,0,58,2025-10-16 16:00:00
3,3,56,2026-04-16 08:00:00
1,0,60,2025-07-10 08:00:00
0,0,59,2026-03-10 04:00:00
3,3,56,2025-10-16 12:00:00
3,1,56,2025-07-10 04:00:00
3,3,56,2025-11-08 12:00:00
0,0,57,2026-04-16 04:00:00
3,3,56,2025-07-10 16:00:00
0,0,57,2025-11-08 00:00:00
0,0,57,2026-04-16 20:00:00
0,2,59,2026-04-30 08:00:00
3,0,56,2026-03-10 00:00:00
3,3,56,2026-03-10 08:00:00
0,0,57,2026-04-30 20:00:00
3,0,57,2025-10-16 16:00:00
0,0,57,2025-10-16 20:00:00
3,0,58,2025-07-10 08:00:00
3,0,58,2026-04-30 12:00:00
0,0,59,2025-10-16 00:00:00
0,0,59,2025-11-08 20:00:00
0,0,59,2026-03-10 16:00:00
0,0,60,2026-04-30 04:00:00
3,0,57,2025-07-10 16:00:00
0,0,59,2025-11-08 00:00:00
3,0,58,2026-04-16 12:00:00
3,3,56,2026-04-16 12:00:00
0,0,60,2026-04-30 00:00:00
1,0,60,2026-04-30 08:00:00
0,0,59,2025-11-08 08:00:00
3,0,57,2026-03-10 16:00:00
0,0,57,2026-04-30 04:00:00
3,1,56,2026-04-16 04:00:00
3,0,57,2025-11-08 12:00:00
0,0,59,2025-11-08 12:00:00
2,3,33,2026-04-30 20:00:00
4,1,32,2026-03-10 00:00:00
4,4,32,2026-03-10 08:00:00
2,0,35,2026-03-10 00:00:00
2,3,33,2025-10-16 20:00:00
2,0,35,2026-04-16 08:00:00
3,0,31,2025-10-16 16:00:00
0,0,34,2025-07-10 00:00:00
0,1,34,2025-10-16 16:00:00
4,4,32,2026-03-10 20:00:00
2,0,35,2026-03-10 20:00:00
2,0,35,2025-11-08 08:00:00
2,2,33,2026-04-16 20:00:00
0,2,33,2026-03-10 20:00:00
4,1,32,2025-10-16 00:00:00
2,0,33,2026-04-16 00:00:00
4,2,32,2026-04-16 00:00:00
2,0,31,2026-04-30 04:00:00
1,0,34,2025-07-10 16:00:00
0,0,34,2025-11-08 00:00:00
2,0,33,2026-04-30 00:00:00
2,1,35,2026-03-10 12:00:00
1,0,34,2025-10-16 08:00:00
4,4,32,2026-04-30 20:00:00
1,0,34,2026-03-10 08:00:00
4,0,32,2025-07-10 00:00:00
2,0,35,2025-10-16 20:00:00
2,0,35,2025-07-10 20:00:00
0,0,31,2025-10-16 00:00:00
4,4,32,2025-11-08 16:00:00
0,2,34,2025-11-08 16:00:00
4,4,32,2026-04-30 04:00:00
2,0,35,2026-03-10 16:00:00
2,0,35,2025-07-10 04:00:00
1,0,34,2026-04-30 16:00:00
1,4,33,2025-07-10 16:00:00
2,0,35,2025-11-08 00:00:00
2,0,35,2026-04-16 20:00:00
1,4,33,2026-03-10 08:00:00
4,4,32,2025-10-16 16:00:00
1,3,33,2026-04-16 16:00:00
4,4,32,2025-07-10 20:00:00
1,1,31,2025-07-10 08:00:00
0,0,31,2025-07-10 20:00:00
4,4,32,2025-11-08 08:00:00
4,4,32,2026-03-10 12:00:00
1,0,31,2026-03-10 12:00:00
0,0,31,2026-03-10 00:00:00
1,0,34,2026-04-30 12:00:00
4,4,32,2025-11-08 20:00:00
2,0,35,2025-11-08 16:00:00
0,0,34,2025-11-08 20:00:00
1,0,34,2025-10-16 12:00:00
1,4,33,2026-03-10 16:00:00
2,0,31,2025-07-10 04:00:00
4,4,32,2026-04-30 16:00:00
2,3,33,2026-04-16 04:00:00
2,0,33,2025-11-08 00:00:00
4,4,32,2025-07-10 16:00:00
1,4,33,2026-03-10 12:00:00
4,0,32,2026-04-30 00:00:00
0,0,31,2026-04-30 00:00:00
4,0,31,2025-07-10 12:00:00
4,4,32,2026-04-16 20:00:00
2,0,35,2026-04-30 08:00:00
0,0,31,2026-04-16 20:00:00
4,4,32,2026-04-16 08:00:00
1,0,31,2026-04-16 08:00:00
1,0,34,2026-04-16 08:00:00
4,4,32,2026-04-16 16:00:00
2,0,33,2025-10-16 00:00:00
0,0,31,2026-03-10 20:00:00
4,4,32,2025-10-16 12:00:00
0,0,34,2026-04-16 00:00:00
2,0,35,2026-04-30 16:00:00
4,4,32,2025-10-16 04:00:00
2,1,35,2025-11-08 12:00:00
0,0,31,2026-04-16 04:00:00
1,3,33,2025-07-10 12:00:00
2,1,35,2026-04-16 12:00:00
0,0,34,2026-04-16 20:00:00
2,0,35,2025-10-16 08:00:00
1,0,31,2026-03-10 08:00:00
0,0,34,2025-10-16 20:00:00
1,3,33,2025-07-10 08:00:00
2,1,35,2026-04-16 16:00:00
0,1,34,2026-04-16 16:00:00
2,0,35,2026-04-30 12:00:00
2,1,35,2026-03-10 04:00:00
0,0,34,2026-03-10 04:00:00
2,0,35,2026-04-16 00:00:00
1,3,33,2025-11-08 12:00:00
1,3,33,2026-04-16 12:00:00
2,0,33,2026-03-10 00:00:00
4,4,32,2025-07-10 08:00:00
0,0,34,2025-10-16 00:00:00
2,2,33,2025-11-08 20:00:00
1,4,33,2026-04-30 16:00:00
4,4,32,2025-11-08 12:00:00
2,0,31,2025-10-16 04:00:00
4,1,32,2025-11-08 00:00:00
1,1,34,2025-07-10 12:00:00
4,4,32,2026-04-30 08:00:00
1,0,31,2026-04-30 08:00:00
2,4,33,2025-10-16 16:00:00
0,0,31,2025-07-10 00:00:00
4,4,32,2026-04-30 12:00:00
4,2,32,2025-11-08 04:00:00
1,0,31,2026-04-30 12:00:00
2,0,35,2025-11-08 20:00:00
2,1,35,2025-10-16 12:00:00
0,1,34,2026-03-10 16:00:00
4,4,32,2026-04-16 04:00:00
4,4,32,2026-04-16 12:00:00
2,1,35,2025-07-10 12:00:00
1,0,31,2026-04-16 12:00:00
2,0,35,2026-03-10 08:00:00
3,0,31,2026-04-16 16:00:00
2,1,33,2025-11-08 04:00:00
2,0,31,2025-11-08 04:00:00
0,0,34,2025-11-08 04:00:00
0,0,31,2026-03-10 04:00:00
2,0,31,2025-11-08 08:00:00
1,0,34,2026-04-30 08:00:00
1,3,33,2026-04-16 08:00:00
0,0,31,2025-10-16 20:00:00
2,1,35,2025-07-10 08:00:00
0,0,34,2025-07-10 20:00:00
0,0,31,2026-04-16 00:00:00
2,2,33,2025-07-10 04:00:00
0,0,34,2026-03-10 00:00:00
2,0,35,2025-07-10 00:00:00
2,3,33,2025-07-10 20:00:00
2,0,35,2025-11-08 04:00:00
2,2,33,2026-03-10 04:00:00
2,3,33,2025-11-08 08:00:00
2,3,33,2026-04-30 04:00:00
4,3,32,2025-07-10 04:00:00
2,0,35,2026-04-30 04:00:00
3,0,31,2026-03-10 16:00:00
0,0,34,2025-07-10 04:00:00
2,2,33,2025-10-16 04:00:00
2,1,35,2026-04-16 04:00:00
2,0,35,2025-07-10 16:00:00
4,4,32,2025-10-16 08:00:00
1,0,31,2025-10-16 08:00:00
0,0,31,2026-04-30 20:00:00
4,4,32,2026-03-10 04:00:00
2,0,35,2025-10-16 00:00:00
2,3,33,2025-11-08 16:00:00
0,0,31,2025-11-08 00:00:00
1,3,33,2026-04-30 08:00:00
2,0,35,2026-04-30 20:00:00
0,1,34,2026-04-30 20:00:00
4,4,32,2025-10-16 20:00:00
4,4,32,2026-03-10 16:00:00
1,0,34,2026-03-10 12:00:00
0,0,34,2026-04-30 00:00:00
2,4,33,2025-10-16 08:00:00
2,0,33,2025-07-10 00:00:00
2,1,35,2025-10-16 16:00:00
0,0,34,2025-11-08 08:00:00
1,0,31,2025-10-16 12:00:00
1,0,31,2026-04-30 16:00:00
2,0,35,2025-10-16 04:00:00
1,0,34,2025-07-10 08:00:00
1,3,33,2026-04-30 12:00:00
0,0,34,2026-03-10 20:00:00
1,4,33,2025-10-16 12:00:00
0,0,31,2025-11-08 16:00:00
0,0,31,2025-11-08 20:00:00
0,0,34,2026-04-30 04:00:00
1,0,31,2025-11-08 12:00:00
0,0,34,2026-04-16 04:00:00
1,0,34,2025-11-08 12:00:00
0,0,34,2025-10-16 04:00:00
3,0,31,2025-07-10 16:00:00
4,4,32,2025-07-10 12:00:00
2,0,35,2026-04-30 00:00:00
1,0,34,2026-04-16 12:00:00
0,0,52,2026-04-16 20:00:00
0,0,53,2026-04-30 20:00:00
0,0,54,2025-10-16 04:00:00
0,0,55,2025-11-08 04:00:00
0,0,53,2026-03-10 20:00:00
0,0,51,2026-03-10 12:00:00
0,0,55,2025-07-10 00:00:00
0,0,51,2026-04-16 04:00:00
0,0,52,2026-04-16 08:00:00
0,0,54,2025-07-10 16:00:00
0,0,55,2025-11-08 16:00:00
0,0,51,2025-11-08 16:00:00
0,0,52,2026-04-30 04:00:00
0,0,55,2025-10-16 12:00:00
0,0,51,2025-11-08 20:00:00
0,0,52,2025-07-10 12:00:00
0,0,54,2025-07-10 12:00:00
0,0,54,2025-07-10 04:00:00
0,0,52,2025-07-10 20:00:00
0,0,54,2026-03-10 16:00:00
0,0,54,2026-04-30 12:00:00
0,0,55,2025-11-08 12:00:00
0,0,51,2026-03-10 20:00:00
0,0,52,2026-04-16 16:00:00
0,0,54,2025-07-10 00:00:00
0,0,51,2026-04-16 12:00:00
0,0,54,2026-04-16 12:00:00
0,0,53,2025-10-16 16:00:00
0,0,51,2025-10-16 20:00:00
0,0,55,2026-04-30 00:00:00
0,0,51,2026-04-30 16:00:00
0,0,51,2025-11-08 08:00:00
0,0,51,2026-04-30 20:00:00
0,0,54,2026-04-30 20:00:00
0,0,55,2025-07-10 08:00:00
0,0,52,2025-07-10 00:00:00
0,0,52,2025-11-08 12:00:00
0,0,54,2025-07-10 08:00:00
0,0,55,2026-04-16 12:00:00
0,0,53,2026-04-16 12:00:00
0,0,53,2025-10-16 08:00:00
0,0,54,2025-11-08 16:00:00
0,0,55,2026-04-30 16:00:00
0,0,53,2025-11-08 00:00:00
0,0,51,2026-04-16 16:00:00
0,0,52,2025-07-10 08:00:00
0,0,51,2026-04-30 08:00:00
0,0,53,2026-03-10 00:00:00
0,0,51,2025-10-16 00:00:00
0,0,52,2025-10-16 04:00:00
0,0,52,2025-11-08 16:00:00
0,0,53,2025-07-10 00:00:00
0,0,52,2025-11-08 04:00:00
0,0,54,2026-03-10 08:00:00
0,0,53,2026-03-10 04:00:00
0,0,54,2025-10-16 12:00:00
0,0,51,2025-11-08 00:00:00
0,0,54,2025-10-16 16:00:00
0,0,55,2026-03-10 12:00:00
0,0,52,2025-11-08 20:00:00
0,0,55,2026-04-30 20:00:00
0,0,55,2025-07-10 04:00:00
0,0,53,2025-07-10 16:00:00
0,0,51,2025-07-10 16:00:00
0,0,54,2025-10-16 08:00:00
0,0,55,2025-10-16 00:00:00
0,0,52,2025-10-16 00:00:00
0,0,54,2026-03-10 04:00:00
0,0,52,2025-10-16 12:00:00
0,0,53,2025-11-08 08:00:00
0,0,54,2026-04-30 16:00:00
0,0,55,2025-07-10 12:00:00
0,0,52,2026-04-30 20:00:00
0,0,55,2025-07-10 20:00:00
0,0,51,2026-04-30 12:00:00
0,0,52,2026-03-10 16:00:00
0,0,52,2026-04-16 04:00:00
0,0,53,2026-04-30 00:00:00
0,0,53,2026-04-16 20:00:00
0,0,53,2025-10-16 20:00:00
0,0,51,2026-04-30 00:00:00
0,0,51,2025-10-16 12:00:00
0,0,51,2025-10-16 16:00:00
0,0,54,2025-11-08 00:00:00
0,0,53,2026-04-30 16:00:00
0,0,55,2026-04-16 08:00:00
0,0,52,2026-03-10 20:00:00
0,0,54,2026-04-16 08:00:00
0,0,51,2026-04-16 20:00:00
0,0,51,2025-10-16 04:00:00
0,0,52,2026-04-30 00:00:00
0,0,53,2025-10-16 00:00:00
0,0,55,2025-11-08 00:00:00
0,0,55,2025-11-08 20:00:00
0,1,51,2025-07-10 12:00:00
0,0,55,2026-03-10 16:00:00
0,0,51,2026-03-10 16:00:00
0,0,51,2025-07-10 20:00:00
0,0,55,2026-04-16 16:00:00
0,0,52,2026-04-16 12:00:00
0,0,54,2026-04-30 08:00:00
0,0,53,2026-04-30 08:00:00
0,0,53,2025-07-10 08:00:00
0,0,55,2025-10-16 16:00:00
0,0,52,2025-11-08 00:00:00
0,0,53,2026-04-16 00:00:00
0,0,54,2025-11-08 12:00:00
0,0,52,2025-07-10 16:00:00
0,0,52,2025-10-16 08:00:00
0,0,52,2025-10-16 20:00:00
0,0,51,2025-11-08 04:00:00
0,0,54,2025-11-08 08:00:00
0,0,53,2026-04-16 04:00:00
0,0,51,2025-11-08 12:00:00
0,0,54,2026-04-16 16:00:00
0,0,53,2026-04-16 08:00:00
0,0,55,2026-03-10 08:00:00
0,0,51,2026-03-10 08:00:00
0,0,51,2026-04-30 04:00:00
0,0,52,2026-04-30 16:00:00
0,0,52,2025-11-08 08:00:00
0,0,52,2025-10-16 16:00:00
0,0,54,2026-03-10 12:00:00
0,0,55,2025-07-10 16:00:00
0,0,54,2026-03-10 00:00:00
0,0,53,2026-03-10 08:00:00
0,0,51,2026-04-16 00:00:00
0,0,55,2025-10-16 20:00:00
0,0,53,2026-04-16 16:00:00
0,0,51,2026-03-10 04:00:00
0,0,52,2026-03-10 08:00:00
0,0,55,2025-11-08 08:00:00
0,0,52,2026-03-10 12:00:00
0,0,53,2026-03-10 16:00:00
0,0,53,2026-04-30 04:00:00
0,0,54,2025-11-08 20:00:00
0,0,53,2025-10-16 04:00:00
0,0,51,2025-07-10 00:00:00
0,0,53,2025-07-10 12:00:00
0,0,51,2026-03-10 00:00:00
0,0,52,2026-03-10 00:00:00
0,0,55,2026-04-16 20:00:00
0,0,54,2026-04-16 20:00:00
0,0,55,2026-03-10 04:00:00
0,0,55,2026-04-30 04:00:00
0,0,53,2026-04-30 12:00:00
0,0,54,2026-04-30 00:00:00
0,0,53,2025-10-16 12:00:00
0,0,53,2025-11-08 12:00:00
0,0,55,2026-04-16 04:00:00
0,0,51,2025-07-10 08:00:00
0,0,54,2026-03-10 20:00:00
0,0,54,2026-04-16 04:00:00
0,0,55,2026-04-30 08:00:00
0,0,53,2026-03-10 12:00:00
0,0,51,2025-10-16 08:00:00
0,0,52,2026-04-16 00:00:00
0,0,54,2026-04-16 00:00:00
0,0,52,2026-03-10 04:00:00
0,0,54,2026-04-30 04:00:00
0,0,53,2025-11-08 16:00:00
0,0,53,2025-11-08 20:00:00
0,0,51,2025-07-10 04:00:00
0,0,52,2026-04-30 12:00:00
0,0,55,2026-03-10 20:00:00
0,0,52,2026-04-30 08:00:00
0,0,55,2026-04-16 00:00:00
0,0,55,2025-10-16 04:00:00
0,0,54,2025-10-16 00:00:00
0,0,53,2025-07-10 20:00:00
0,0,54,2025-11-08 04:00:00
0,0,53,2025-07-10 04:00:00
0,0,52,2025-07-10 04:00:00
0,0,51,2026-04-16 08:00:00
0,0,55,2026-03-10 00:00:00
0,0,55,2025-10-16 08:00:00
0,0,54,2025-10-16 20:00:00
0,0,53,2025-11-08 04:00:00
0,0,55,2026-04-30 12:00:00
0,0,54,2025-07-10 20:00:00
3,0,66,2025-10-16 08:00:00
0,0,68,2026-04-16 08:00:00
0,0,70,2025-07-10 20:00:00
0,0,69,2026-04-16 16:00:00
0,0,67,2026-04-16 16:00:00
0,0,68,2025-10-16 00:00:00
0,0,68,2025-11-08 16:00:00
0,0,69,2026-03-10 16:00:00
0,0,69,2025-07-10 04:00:00
0,0,67,2026-03-10 16:00:00
0,0,67,2026-04-16 04:00:00
0,0,67,2025-10-16 04:00:00
0,0,68,2026-04-16 04:00:00
0,0,68,2025-11-08 00:00:00
1,0,69,2026-03-10 12:00:00
0,0,70,2026-04-30 20:00:00
0,0,69,2026-04-16 08:00:00
0,0,67,2025-10-16 16:00:00
0,0,70,2026-04-16 16:00:00
0,0,67,2026-04-30 12:00:00
0,0,70,2026-03-10 04:00:00
0,0,66,2025-10-16 00:00:00
0,0,67,2026-03-10 20:00:00
0,0,67,2025-10-16 12:00:00
0,0,66,2026-03-10 16:00:00
0,0,66,2026-04-30 04:00:00
0,0,69,2025-10-16 04:00:00
3,0,70,2025-07-10 16:00:00
0,0,70,2025-11-08 00:00:00
0,0,68,2025-07-10 16:00:00
1,0,69,2026-04-16 12:00:00
0,0,70,2026-04-30 08:00:00
0,0,67,2025-10-16 20:00:00
0,0,69,2026-03-10 20:00:00
0,0,69,2025-10-16 00:00:00
0,0,67,2026-04-16 00:00:00
0,0,67,2025-11-08 20:00:00
0,0,70,2026-03-10 16:00:00
0,0,68,2025-07-10 04:00:00
0,0,69,2026-04-30 16:00:00
0,0,70,2025-10-16 04:00:00
0,0,69,2025-11-08 00:00:00
0,0,66,2026-04-30 00:00:00
0,0,67,2026-04-16 20:00:00
0,0,69,2025-10-16 20:00:00
1,0,69,2026-04-30 12:00:00
0,0,69,2025-11-08 04:00:00
0,0,66,2026-04-30 16:00:00
0,0,67,2025-11-08 12:00:00
0,0,70,2026-04-30 00:00:00
0,0,68,2025-07-10 12:00:00
0,0,68,2025-10-16 08:00:00
0,0,67,2025-07-10 20:00:00
0,0,68,2025-11-08 08:00:00
0,0,66,2025-11-08 20:00:00
0,0,69,2025-11-08 20:00:00
0,0,67,2026-04-30 08:00:00
3,0,66,2026-03-10 08:00:00
0,0,67,2026-03-10 00:00:00
0,0,66,2026-04-16 08:00:00
0,0,66,2025-10-16 20:00:00
0,0,70,2025-11-08 04:00:00
0,0,68,2026-03-10 20:00:00
0,0,67,2025-07-10 16:00:00
0,0,67,2025-11-08 00:00:00
3,0,66,2026-04-16 12:00:00
1,0,69,2025-07-10 12:00:00
0,0,70,2026-04-16 20:00:00
1,0,69,2026-04-30 08:00:00
1,0,69,2025-07-10 08:00:00
0,0,69,2025-11-08 08:00:00
0,0,67,2025-10-16 00:00:00
0,0,70,2026-04-16 00:00:00
0,0,67,2025-11-08 16:00:00
0,0,68,2026-04-16 00:00:00
0,0,70,2026-04-30 16:00:00
0,0,70,2025-10-16 08:00:00
0,0,69,2026-04-30 20:00:00
0,0,70,2025-10-16 20:00:00
0,0,66,2025-10-16 16:00:00
0,0,69,2025-10-16 16:00:00
0,0,69,2025-07-10 20:00:00
0,0,70,2025-11-08 16:00:00
3,0,70,2025-10-16 12:00:00
1,0,69,2025-11-08 12:00:00
3,0,66,2025-07-10 16:00:00
0,0,69,2025-07-10 16:00:00
0,0,70,2026-03-10 08:00:00
0,0,67,2026-03-10 08:00:00
0,0,67,2026-04-16 08:00:00
0,0,68,2025-07-10 00:00:00
0,0,68,2025-10-16 20:00:00
0,0,66,2025-11-08 04:00:00
0,0,68,2026-04-30 12:00:00
0,0,68,2025-11-08 04:00:00
0,0,66,2026-03-10 20:00:00
0,0,66,2025-11-08 08:00:00
0,0,66,2026-04-16 00:00:00
0,0,68,2026-04-16 20:00:00
0,0,68,2026-04-30 20:00:00
0,0,66,2026-04-16 16:00:00
1,0,69,2025-10-16 12:00:00
0,0,70,2025-11-08 12:00:00
0,0,66,2025-10-16 04:00:00
0,0,68,2025-10-16 04:00:00
3,0,66,2026-03-10 12:00:00
0,1,68,2026-03-10 12:00:00
3,0,66,2026-04-30 08:00:00
0,0,67,2025-10-16 08:00:00
0,0,70,2026-03-10 00:00:00
0,0,66,2026-04-30 20:00:00
0,0,69,2026-03-10 08:00:00
0,0,70,2026-04-16 08:00:00
3,0,66,2025-07-10 08:00:00
0,0,68,2026-04-16 16:00:00
0,0,70,2025-10-16 00:00:00
0,0,67,2025-11-08 08:00:00
0,0,69,2026-04-16 00:00:00
0,0,69,2025-11-08 16:00:00
0,0,67,2025-07-10 04:00:00
0,0,68,2025-11-08 12:00:00
3,0,66,2025-07-10 12:00:00
0,0,68,2026-04-30 00:00:00
0,0,69,2026-03-10 00:00:00
0,0,69,2025-07-10 00:00:00
0,0,67,2025-07-10 00:00:00
0,0,68,2025-07-10 08:00:00
0,0,68,2025-10-16 12:00:00
0,0,68,2026-04-30 04:00:00
0,0,68,2026-04-30 16:00:00
3,0,70,2025-07-10 12:00:00
0,0,69,2026-04-30 00:00:00
0,0,67,2026-04-16 12:00:00
0,0,68,2026-03-10 00:00:00
0,0,66,2025-07-10 00:00:00
0,0,68,2025-07-10 20:00:00
0,0,66,2026-03-10 04:00:00
0,0,67,2026-03-10 04:00:00
0,0,68,2025-11-08 20:00:00
0,0,70,2025-07-10 04:00:00
0,0,66,2025-07-10 04:00:00
0,0,67,2026-04-30 04:00:00
0,0,68,2026-03-10 16:00:00
3,0,66,2025-11-08 12:00:00
3,0,70,2026-04-16 12:00:00
0,0,67,2026-04-30 00:00:00
0,0,68,2026-04-16 12:00:00
0,0,66,2026-03-10 00:00:00
0,0,70,2025-07-10 00:00:00
0,0,67,2025-07-10 08:00:00
0,0,67,2025-11-08 04:00:00
0,0,70,2026-03-10 20:00:00
0,0,70,2025-11-08 08:00:00
0,0,66,2025-11-08 16:00:00
3,0,66,2025-10-16 12:00:00
0,0,70,2026-04-30 04:00:00
0,0,66,2025-11-08 00:00:00
3,0,70,2026-03-10 12:00:00
0,0,67,2026-03-10 12:00:00
0,0,69,2026-04-16 20:00:00
0,0,70,2025-10-16 16:00:00
0,0,68,2025-10-16 16:00:00
3,0,70,2026-04-30 12:00:00
3,0,66,2026-04-30 12:00:00
0,0,69,2026-03-10 04:00:00
0,0,70,2026-04-16 04:00:00
0,0,66,2026-04-16 20:00:00
0,0,68,2026-04-30 08:00:00
0,0,69,2025-10-16 08:00:00
0,0,67,2026-04-30 20:00:00
0,0,68,2026-03-10 08:00:00
3,0,70,2025-07-10 08:00:00
0,0,66,2025-07-10 20:00:00
0,0,68,2026-03-10 04:00:00
0,0,70,2025-11-08 20:00:00
0,0,69,2026-04-30 04:00:00
0,0,67,2026-04-30 16:00:00
0,0,66,2026-04-16 04:00:00
0,0,69,2026-04-16 04:00:00
0,0,67,2025-07-10 12:00:00
0,0,23,2025-10-16 16:00:00
0,0,25,2025-07-10 00:00:00
0,0,25,2025-10-16 20:00:00
2,0,24,2025-10-16 20:00:00
4,0,22,2025-10-16 12:00:00
1,0,22,2026-04-30 16:00:00
0,0,23,2026-04-16 04:00:00
1,0,23,2025-11-08 12:00:00
4,0,22,2025-07-10 12:00:00
1,0,25,2026-04-16 12:00:00
2,0,24,2026-04-30 08:00:00
2,0,24,2026-03-10 08:00:00
0,0,23,2026-04-16 16:00:00
0,0,23,2025-07-10 20:00:00
0,0,25,2026-03-10 20:00:00
0,0,23,2025-11-08 20:00:00
2,0,23,2026-04-30 04:00:00
3,0,25,2026-03-10 16:00:00
3,0,25,2026-04-30 16:00:00
3,0,25,2025-07-10 16:00:00
2,0,21,2026-04-30 00:00:00
1,0,23,2026-03-10 08:00:00
2,0,21,2025-10-16 16:00:00
4,1,24,2026-04-16 08:00:00
2,0,21,2025-07-10 20:00:00
0,0,23,2025-10-16 00:00:00
2,0,21,2025-10-16 00:00:00
0,0,25,2025-11-08 16:00:00
4,2,24,2025-11-08 16:00:00
2,0,23,2025-07-10 04:00:00
2,0,24,2025-07-10 04:00:00
1,0,21,2025-07-10 16:00:00
1,0,22,2026-03-10 12:00:00
4,1,24,2026-04-16 12:00:00
4,1,24,2025-07-10 12:00:00
2,0,22,2026-03-10 00:00:00
2,0,22,2025-07-10 20:00:00
2,1,24,2025-07-10 20:00:00
1,0,21,2026-04-30 12:00:00
0,0,23,2026-03-10 20:00:00
2,0,22,2025-10-16 00:00:00
2,0,21,2025-11-08 08:00:00
0,0,23,2026-04-16 00:00:00
1,0,23,2025-10-16 12:00:00
4,0,24,2025-10-16 12:00:00
2,0,25,2025-07-10 04:00:00
1,0,21,2026-03-10 16:00:00
1,0,05,2026-01-13 12:00:00
0,0,05,2025-03-10 00:00:00
1,0,01,2025-12-04 12:00:00
1,3,03,2025-12-04 08:00:00
0,0,05,2025-12-04 20:00:00
0,0,04,2026-01-13 08:00:00
0,0,04,2025-09-07 08:00:00
0,0,04,2025-09-07 16:00:00
1,0,05,2026-03-24 08:00:00
0,1,01,2025-03-10 04:00:00
0,0,01,2025-09-07 00:00:00
0,0,02,2025-09-07 00:00:00
2,0,03,2025-09-07 20:00:00
0,0,02,2026-03-24 00:00:00
1,1,03,2026-03-24 12:00:00
1,0,03,2026-04-26 16:00:00
0,0,04,2025-12-04 04:00:00
2,0,05,2026-04-26 04:00:00
0,0,01,2025-12-04 20:00:00
1,0,01,2026-04-26 12:00:00
1,1,03,2025-09-07 08:00:00
2,0,03,2026-03-24 00:00:00
1,0,05,2026-01-13 08:00:00
1,2,03,2025-12-04 16:00:00
0,0,01,2025-03-10 08:00:00
0,0,02,2025-07-12 12:00:00
0,0,04,2025-12-04 00:00:00
0,0,04,2026-01-13 16:00:00
0,0,02,2025-09-07 08:00:00
2,0,03,2025-07-12 00:00:00
1,0,05,2026-04-26 08:00:00
1,0,04,2026-03-24 12:00:00
2,0,03,2025-07-12 04:00:00
0,0,05,2025-12-04 00:00:00
0,0,02,2025-09-07 20:00:00
2,0,03,2025-12-04 20:00:00
1,0,05,2026-03-24 12:00:00
0,0,04,2025-07-12 00:00:00
2,0,05,2025-07-12 08:00:00
1,0,05,2026-04-26 12:00:00
2,2,03,2026-01-13 04:00:00
2,0,03,2026-04-26 04:00:00
1,0,04,2025-03-10 12:00:00
0,0,04,2025-07-12 20:00:00
2,1,03,2025-03-10 04:00:00
0,0,04,2026-01-13 20:00:00
0,0,04,2026-03-24 20:00:00
0,0,05,2026-04-26 20:00:00
0,0,05,2026-01-13 00:00:00
0,0,04,2026-03-24 16:00:00
0,0,04,2025-07-12 04:00:00
1,0,05,2025-03-10 08:00:00
1,1,02,2025-03-10 12:00:00
0,0,05,2026-03-24 20:00:00
0,0,01,2026-04-26 16:00:00
1,1,03,2026-04-26 08:00:00
0,0,02,2025-03-10 16:00:00
2,0,03,2025-07-12 16:00:00
0,0,05,2026-03-24 00:00:00
0,0,01,2026-01-13 00:00:00
0,0,04,2025-09-07 00:00:00
0,0,04,2025-09-07 20:00:00
0,1,04,2026-01-13 12:00:00
0,0,04,2025-09-07 12:00:00
0,0,04,2026-03-24 00:00:00
0,0,05,2026-01-13 20:00:00
1,1,03,2025-03-10 12:00:00
0,1,01,2026-01-13 08:00:00
0,0,01,2026-04-26 00:00:00
2,1,05,2025-12-04 04:00:00
0,0,01,2025-09-07 16:00:00
0,0,05,2025-07-12 00:00:00
1,0,01,2026-03-24 12:00:00
2,0,03,2026-04-26 00:00:00
2,0,05,2025-03-10 04:00:00
0,0,01,2026-01-13 20:00:00
1,3,03,2026-03-24 08:00:00
2,0,03,2025-09-07 04:00:00
0,0,04,2025-12-04 08:00:00
0,0,04,2025-07-12 16:00:00
1,0,01,2026-01-13 12:00:00
0,0,02,2025-03-10 20:00:00
1,2,03,2025-12-04 12:00:00
1,0,05,2025-12-04 12:00:00
0,0,01,2026-04-26 08:00:00
1,0,05,2025-03-10 16:00:00
0,0,02,2026-01-13 04:00:00
0,0,04,2026-01-13 04:00:00
0,0,04,2026-04-26 00:00:00
1,0,05,2026-01-13 16:00:00
1,0,05,2026-04-26 16:00:00
0,0,01,2025-03-10 00:00:00
0,0,01,2025-09-07 04:00:00
1,0,01,2026-03-24 08:00:00
0,0,02,2025-09-07 04:00:00
1,1,03,2026-03-24 16:00:00
0,0,01,2026-01-13 16:00:00
2,2,03,2025-12-04 04:00:00
0,0,02,2026-03-24 20:00:00
1,0,05,2025-09-07 12:00:00
2,0,05,2025-07-12 04:00:00
2,0,03,2025-12-04 00:00:00
1,0,02,2025-12-04 08:00:00
0,0,03,2026-01-13 20:00:00
1,0,04,2025-12-04 12:00:00
0,0,04,2025-07-12 08:00:00
0,0,02,2025-07-12 00:00:00
1,2,03,2025-03-10 08:00:00
0,0,04,2025-03-10 16:00:00
2,0,03,2025-03-10 20:00:00
2,0,03,2025-09-07 00:00:00
1,0,01,2025-12-04 08:00:00
0,0,02,2025-07-12 04:00:00
0,0,01,2025-09-07 20:00:00
0,0,04,2025-03-10 20:00:00
0,0,04,2026-04-26 20:00:00
0,1,02,2025-07-12 08:00:00
1,0,03,2025-09-07 16:00:00
1,0,05,2025-12-04 08:00:00
0,0,01,2025-12-04 04:00:00
1,0,03,2026-04-26 12:00:00
0,0,04,2025-12-04 16:00:00
1,0,03,2026-03-24 20:00:00
2,0,05,2026-01-13 04:00:00
0,0,02,2025-09-07 16:00:00
1,1,03,2026-03-24 04:00:00
0,0,02,2025-03-10 04:00:00
1,0,03,2025-09-07 12:00:00
0,0,05,2025-03-10 20:00:00
1,1,03,2025-07-12 12:00:00
1,0,05,2025-09-07 08:00:00
1,0,05,2025-07-12 12:00:00
0,0,02,2026-01-13 00:00:00
0,0,01,2026-04-26 20:00:00
0,0,05,2025-07-12 20:00:00
0,0,04,2026-04-26 04:00:00
0,0,58,2025-03-10 08:00:00
3,3,56,2026-04-26 12:00:00
1,0,60,2026-04-26 12:00:00
0,0,57,2026-01-13 04:00:00
0,0,60,2026-04-26 04:00:00
3,2,56,2025-03-10 04:00:00
3,0,56,2026-04-26 00:00:00
0,0,60,2026-04-26 00:00:00
0,0,58,2025-03-10 20:00:00
0,0,60,2025-03-10 20:00:00
3,0,57,2025-07-12 12:00:00
0,0,60,2025-09-07 16:00:00
0,0,58,2026-03-24 04:00:00
0,1,59,2026-03-24 08:00:00
0,0,57,2026-04-26 20:00:00
0,0,58,2025-07-12 04:00:00
3,3,56,2025-03-10 20:00:00
0,0,60,2025-12-04 00:00:00
3,0,58,2025-09-07 08:00:00
3,0,56,2025-09-07 00:00:00
3,0,58,2026-01-13 12:00:00
0,0,58,2025-03-10 16:00:00
3,3,56,2025-03-10 16:00:00
0,0,57,2025-09-07 20:00:00
0,0,60,2025-09-07 20:00:00
3,1,56,2026-01-13 20:00:00
0,0,59,2025-09-07 16:00:00
3,3,56,2025-03-10 12:00:00
0,0,60,2025-12-04 16:00:00
0,0,58,2025-07-12 08:00:00
3,3,56,2026-01-13 16:00:00
1,0,60,2025-03-10 08:00:00
0,0,60,2025-07-12 08:00:00
3,1,56,2025-12-04 04:00:00
0,0,60,2026-03-24 20:00:00
0,0,58,2025-09-07 04:00:00
0,0,58,2026-04-26 20:00:00
3,1,56,2025-12-04 00:00:00
0,0,59,2025-03-10 00:00:00
3,3,56,2025-12-04 20:00:00
0,0,57,2026-01-13 20:00:00
1,1,59,2026-03-24 12:00:00
0,0,60,2026-04-26 16:00:00
0,0,59,2026-04-26 12:00:00
0,0,57,2025-12-04 04:00:00
0,0,59,2025-07-12 00:00:00
0,0,60,2026-03-24 04:00:00
3,3,56,2026-04-26 20:00:00
3,0,56,2025-07-12 04:00:00
0,0,59,2025-03-10 20:00:00
0,0,57,2025-09-07 00:00:00
0,1,59,2026-01-13 08:00:00
0,0,58,2025-03-10 00:00:00
0,0,58,2025-09-07 20:00:00
1,0,60,2025-12-04 08:00:00
0,0,58,2025-12-04 16:00:00
0,0,58,2026-03-24 16:00:00
3,2,56,2026-01-13 04:00:00
0,0,59,2025-12-04 04:00:00
0,0,58,2025-07-12 00:00:00
3,1,56,2025-07-12 00:00:00
0,0,59,2025-07-12 04:00:00
0,1,59,2025-12-04 12:00:00
3,0,56,2025-03-10 00:00:00
3,3,56,2025-09-07 20:00:00
3,0,57,2025-03-10 16:00:00
0,0,58,2025-12-04 20:00:00
0,0,60,2025-12-04 20:00:00
0,0,60,2026-01-13 20:00:00
3,0,58,2025-03-10 12:00:00
0,0,58,2026-01-13 04:00:00
0,0,59,2026-04-26 08:00:00
3,0,57,2025-09-07 12:00:00
3,3,56,2026-01-13 12:00:00
3,0,57,2026-01-13 08:00:00
0,0,60,2025-03-10 00:00:00
0,0,58,2026-01-13 20:00:00
0,0,58,2026-04-26 00:00:00
0,0,59,2026-03-24 04:00:00
0,0,59,2025-09-07 12:00:00
0,0,60,2026-04-26 20:00:00
0,0,57,2025-03-10 20:00:00
0,0,59,2026-01-13 12:00:00
3,3,56,2025-12-04 12:00:00
0,0,59,2025-07-12 20:00:00
3,0,57,2025-09-07 16:00:00
0,0,57,2025-12-04 16:00:00
3,3,56,2025-03-10 08:00:00
3,0,57,2026-04-26 16:00:00
3,3,56,2026-03-24 16:00:00
0,0,58,2026-03-24 20:00:00
0,0,57,2026-03-24 20:00:00
0,0,59,2026-03-24 20:00:00
3,0,57,2026-04-26 08:00:00
0,0,60,2025-07-12 00:00:00
0,0,59,2025-03-10 04:00:00
0,0,58,2025-12-04 00:00:00
3,3,56,2025-09-07 08:00:00
1,0,60,2025-07-12 12:00:00
0,0,58,2025-12-04 08:00:00
3,2,56,2025-07-12 08:00:00
3,0,57,2026-01-13 16:00:00
3,0,58,2026-04-26 12:00:00
0,0,59,2026-04-26 04:00:00
3,2,56,2026-04-26 08:00:00
0,0,58,2025-03-10 04:00:00
0,0,59,2026-04-26 00:00:00
3,2,56,2026-03-24 04:00:00
0,0,57,2026-03-24 04:00:00
0,0,59,2025-09-07 04:00:00
0,0,60,2025-07-12 16:00:00
0,0,60,2025-07-12 04:00:00
0,0,58,2026-01-13 00:00:00
0,0,58,2026-03-24 00:00:00
1,0,60,2026-01-13 12:00:00
0,0,60,2025-07-12 20:00:00
0,0,57,2025-12-04 20:00:00
0,2,59,2025-12-04 08:00:00
3,0,57,2025-03-10 12:00:00
0,0,58,2026-04-26 16:00:00
1,0,60,2025-09-07 12:00:00
0,0,59,2025-12-04 00:00:00
0,0,59,2025-07-12 12:00:00
3,2,56,2026-01-13 08:00:00
3,0,57,2026-01-13 12:00:00
0,0,57,2025-03-10 00:00:00
1,0,60,2026-03-24 12:00:00
0,1,59,2025-03-10 12:00:00
3,0,57,2026-04-26 12:00:00
0,0,58,2026-04-26 04:00:00
0,0,57,2025-03-10 04:00:00
3,0,58,2026-03-24 08:00:00
3,0,58,2025-09-07 12:00:00
0,0,59,2025-07-12 16:00:00
0,0,57,2025-12-04 00:00:00
0,0,60,2026-01-13 00:00:00
3,0,58,2025-12-04 12:00:00
0,0,57,2025-07-12 20:00:00
1,0,60,2025-12-04 12:00:00
0,0,59,2025-03-10 16:00:00
0,0,60,2025-03-10 16:00:00
3,0,58,2026-03-24 12:00:00
1,0,60,2025-03-10 12:00:00
3,0,57,2025-07-12 08:00:00
0,0,59,2026-03-24 16:00:00
0,0,57,2026-04-26 04:00:00
0,0,60,2026-04-26 08:00:00
0,0,60,2025-03-10 04:00:00
0,0,57,2025-09-07 04:00:00
3,3,56,2025-07-12 12:00:00
0,0,57,2026-01-13 00:00:00
0,0,59,2026-03-24 00:00:00
0,0,58,2026-01-13 08:00:00
0,0,59,2025-09-07 20:00:00
0,0,58,2025-09-07 16:00:00
3,3,56,2025-12-04 16:00:00
0,0,58,2026-01-13 16:00:00
0,0,59,2026-04-26 16:00:00
0,0,60,2026-01-13 16:00:00
3,0,57,2026-03-24 16:00:00
0,0,60,2026-03-24 16:00:00
0,0,60,2025-12-04 04:00:00
1,0,60,2026-03-24 08:00:00
3,2,56,2025-07-12 16:00:00
0,0,60,2025-09-07 04:00:00
3,0,57,2025-09-07 08:00:00
0,0,57,2026-03-24 00:00:00
0,0,59,2025-09-07 00:00:00
0,0,59,2026-01-13 00:00:00
3,2,56,2025-07-12 20:00:00
3,3,56,2025-12-04 08:00:00
3,3,56,2026-03-24 12:00:00
0,1,59,2025-03-10 08:00:00
3,0,56,2026-04-26 04:00:00
0,0,58,2026-04-26 08:00:00
3,3,56,2026-03-24 08:00:00
3,2,56,2025-09-07 04:00:00
0,0,57,2025-07-12 04:00:00
3,0,56,2026-01-13 00:00:00
0,0,60,2025-09-07 08:00:00
0,0,58,2025-07-12 20:00:00
3,0,57,2026-03-24 12:00:00
3,3,56,2026-04-26 16:00:00
3,0,57,2025-03-10 08:00:00
0,0,58,2025-12-04 04:00:00
3,2,56,2026-03-24 20:00:00
0,0,59,2026-01-13 04:00:00
0,0,60,2026-01-13 04:00:00
3,0,57,2026-03-24 08:00:00
3,0,57,2025-07-12 16:00:00
0,0,59,2026-04-26 20:00:00
0,0,58,2025-09-07 00:00:00
0,0,60,2026-01-13 08:00:00
3,0,57,2025-12-04 08:00:00
0,0,59,2026-01-13 16:00:00
0,0,59,2025-07-12 08:00:00
0,0,57,2025-07-12 00:00:00
0,0,57,2026-04-26 00:00:00
0,0,58,2025-07-12 16:00:00
3,4,56,2025-09-07 12:00:00
3,0,58,2025-07-12 12:00:00
3,1,56,2026-03-24 00:00:00
0,0,59,2025-09-07 08:00:00
0,0,60,2025-09-07 00:00:00
0,0,60,2026-03-24 00:00:00
3,0,57,2025-12-04 12:00:00
3,4,56,2025-09-07 16:00:00
0,0,59,2025-12-04 20:00:00
0,0,59,2026-01-13 20:00:00
0,0,59,2025-12-04 16:00:00
1,0,31,2025-03-10 08:00:00
3,0,31,2026-01-13 16:00:00
4,4,32,2026-03-24 16:00:00
2,2,33,2026-01-13 04:00:00
4,4,32,2026-01-13 04:00:00
0,0,31,2026-04-26 04:00:00
0,0,34,2026-03-24 20:00:00
0,0,31,2026-03-24 04:00:00
2,0,33,2026-03-24 00:00:00
1,0,31,2025-12-04 12:00:00
1,0,35,2026-03-24 12:00:00
2,3,33,2025-03-10 08:00:00
2,3,33,2025-07-12 08:00:00
4,4,32,2026-01-13 16:00:00
0,0,34,2026-04-26 04:00:00
0,0,34,2025-03-10 04:00:00
3,0,31,2025-07-12 16:00:00
0,2,34,2025-07-12 16:00:00
2,0,35,2025-03-10 20:00:00
0,0,31,2026-01-13 00:00:00
2,0,31,2025-12-04 08:00:00
4,4,32,2025-03-10 12:00:00
0,0,34,2025-12-04 16:00:00
4,4,32,2026-03-24 20:00:00
4,3,32,2026-04-26 04:00:00
2,0,33,2025-07-12 00:00:00
3,0,31,2026-04-26 08:00:00
4,3,32,2025-03-10 04:00:00
1,1,34,2026-03-24 08:00:00
2,2,33,2025-09-07 04:00:00
2,0,35,2026-04-26 20:00:00
0,0,31,2026-04-26 20:00:00
0,0,34,2025-09-07 04:00:00
0,0,34,2026-04-26 20:00:00
0,0,31,2025-12-04 00:00:00
1,3,33,2026-01-13 12:00:00
2,2,33,2025-07-12 20:00:00
0,0,31,2025-03-10 00:00:00
4,4,32,2025-09-07 16:00:00
4,3,32,2026-01-13 20:00:00
2,0,35,2025-12-04 08:00:00
0,0,31,2026-01-13 20:00:00
4,4,32,2025-03-10 08:00:00
2,0,35,2026-04-26 16:00:00
1,0,34,2025-03-10 08:00:00
4,1,32,2025-07-12 00:00:00
0,0,31,2026-04-26 00:00:00
0,0,34,2026-04-26 00:00:00
0,0,34,2026-03-24 04:00:00
4,2,32,2025-12-04 00:00:00
2,0,35,2025-12-04 12:00:00
1,3,33,2025-03-10 16:00:00
2,2,33,2025-09-07 20:00:00
2,0,35,2025-03-10 16:00:00
0,0,34,2025-03-10 16:00:00
2,2,33,2025-12-04 20:00:00
4,4,32,2026-03-24 12:00:00
2,0,35,2025-03-10 08:00:00
2,0,35,2026-03-24 20:00:00
2,0,31,2025-12-04 04:00:00
0,0,34,2026-03-24 00:00:00
4,4,32,2026-01-13 12:00:00
3,0,31,2025-03-10 16:00:00
1,4,33,2026-03-24 12:00:00
1,4,33,2026-04-26 12:00:00
2,0,35,2026-03-24 16:00:00
2,0,35,2026-04-26 08:00:00
3,2,32,2026-04-26 00:00:00
2,0,35,2026-03-24 08:00:00
2,0,35,2025-09-07 04:00:00
2,0,35,2025-07-12 16:00:00
2,0,35,2025-09-07 08:00:00
2,0,35,2026-01-13 00:00:00
3,0,31,2025-07-12 12:00:00
1,0,34,2025-09-07 08:00:00
2,0,35,2026-01-13 12:00:00
0,1,33,2026-01-13 20:00:00
2,0,35,2026-01-13 20:00:00
2,0,35,2025-12-04 04:00:00
2,1,33,2026-04-26 00:00:00
1,4,33,2026-03-24 08:00:00
0,0,31,2025-03-10 20:00:00
0,0,34,2025-03-10 20:00:00
2,1,33,2025-09-07 00:00:00
0,0,34,2025-07-12 20:00:00
1,0,31,2026-03-24 12:00:00
2,0,35,2025-07-12 08:00:00
1,0,34,2025-07-12 08:00:00
4,4,32,2026-04-26 12:00:00
2,0,35,2026-04-26 12:00:00
0,0,34,2026-01-13 04:00:00
0,0,31,2025-03-10 04:00:00
0,0,34,2025-12-04 00:00:00
2,0,35,2025-03-10 00:00:00
2,4,33,2025-09-07 16:00:00
3,0,31,2025-09-07 16:00:00
3,0,31,2026-04-26 16:00:00
2,0,31,2025-07-12 08:00:00
2,0,35,2025-07-12 00:00:00
0,0,31,2025-07-12 00:00:00
2,0,35,2026-03-24 04:00:00
2,1,33,2025-03-10 20:00:00
4,3,32,2025-03-10 20:00:00
0,0,31,2025-07-12 04:00:00
4,0,32,2026-01-13 00:00:00
2,0,35,2026-03-24 00:00:00
0,0,34,2025-09-07 00:00:00
4,4,32,2026-01-13 08:00:00
2,0,35,2025-07-12 20:00:00
4,4,32,2025-12-04 08:00:00
2,0,35,2025-12-04 20:00:00
0,0,34,2025-12-04 20:00:00
0,1,34,2026-04-26 16:00:00
2,0,35,2026-04-26 04:00:00
4,4,32,2026-03-24 08:00:00
4,2,32,2025-07-12 04:00:00
4,0,32,2025-03-10 00:00:00
4,4,32,2025-03-10 16:00:00
2,0,35,2025-09-07 20:00:00
0,0,31,2025-09-07 20:00:00
2,0,35,2025-09-07 16:00:00
1,0,34,2026-03-24 12:00:00
1,3,33,2025-03-10 12:00:00
0,0,34,2026-01-13 16:00:00
0,0,34,2026-03-24 16:00:00
0,0,31,2026-03-24 20:00:00
0,0,34,2025-12-04 04:00:00
2,0,35,2025-03-10 04:00:00
4,3,32,2026-04-26 20:00:00
1,0,34,2025-09-07 12:00:00
4,2,32,2025-09-07 00:00:00
0,0,31,2025-07-12 20:00:00
1,1,34,2025-12-04 12:00:00
2,1,35,2025-03-10 12:00:00
1,0,31,2025-03-10 12:00:00
4,4,32,2026-04-26 16:00:00
4,4,32,2025-12-04 04:00:00
2,4,33,2026-04-26 08:00:00
0,0,34,2025-07-12 00:00:00
2,2,33,2026-04-26 20:00:00
3,0,31,2025-09-07 12:00:00
2,2,33,2025-07-12 04:00:00
1,4,33,2025-07-12 12:00:00
4,4,32,2025-09-07 08:00:00
2,0,35,2025-09-07 00:00:00
2,0,35,2025-07-12 12:00:00
0,0,31,2026-03-24 00:00:00
1,0,34,2025-07-12 12:00:00
1,0,31,2026-01-13 08:00:00
0,0,34,2025-09-07 20:00:00
1,0,34,2025-12-04 08:00:00
1,0,34,2025-03-10 12:00:00
1,2,33,2026-01-13 16:00:00
1,3,33,2026-03-24 16:00:00
3,0,31,2026-03-24 16:00:00
2,2,33,2026-04-26 04:00:00
4,4,32,2026-03-24 04:00:00
1,4,33,2025-09-07 12:00:00
4,4,32,2025-07-12 16:00:00
2,0,33,2026-01-13 00:00:00
4,4,32,2025-07-12 12:00:00
0,0,31,2025-09-07 00:00:00
1,3,33,2026-01-13 08:00:00
2,0,33,2025-03-10 00:00:00
0,0,34,2025-03-10 00:00:00
2,0,35,2025-12-04 16:00:00
0,0,31,2025-12-04 16:00:00
4,4,32,2025-07-12 08:00:00
2,0,35,2026-01-13 16:00:00
3,0,31,2026-04-26 12:00:00
2,2,33,2026-03-24 20:00:00
2,0,35,2026-04-26 00:00:00
4,3,32,2025-09-07 04:00:00
4,4,32,2025-09-07 12:00:00
2,0,35,2025-07-12 04:00:00
2,1,33,2025-12-04 00:00:00
1,0,31,2026-01-13 12:00:00
1,0,34,2026-01-13 08:00:00
1,0,34,2026-01-13 12:00:00
4,4,32,2025-12-04 12:00:00
0,0,34,2026-01-13 20:00:00
4,4,32,2025-12-04 16:00:00
2,3,33,2026-04-26 16:00:00
1,2,34,2026-04-26 12:00:00
2,0,35,2026-01-13 04:00:00
0,0,31,2026-01-13 04:00:00
1,0,34,2026-04-26 08:00:00
1,0,31,2026-03-24 08:00:00
0,0,34,2025-07-12 04:00:00
3,0,31,2025-09-07 08:00:00
2,1,35,2026-01-13 08:00:00
1,4,33,2025-12-04 12:00:00
2,4,33,2025-12-04 08:00:00
4,4,32,2025-12-04 20:00:00
0,0,34,2025-09-07 16:00:00
2,4,33,2025-12-04 16:00:00
2,3,33,2025-12-04 04:00:00
4,4,32,2026-04-26 08:00:00
2,2,33,2025-03-10 04:00:00
2,2,33,2026-03-24 04:00:00
2,4,33,2025-07-12 16:00:00
2,1,35,2025-09-07 12:00:00
0,0,31,2025-09-07 04:00:00
2,0,35,2025-12-04 00:00:00
2,3,33,2025-09-07 08:00:00
4,0,32,2026-03-24 00:00:00
0,0,34,2026-01-13 00:00:00
4,4,32,2025-07-12 20:00:00
4,3,32,2025-09-07 20:00:00
0,0,31,2025-12-04 20:00:00
0,0,51,2025-03-10 04:00:00
0,0,52,2025-09-07 00:00:00
0,0,54,2026-04-26 08:00:00
0,0,51,2025-12-04 08:00:00
0,0,52,2026-04-26 20:00:00
0,0,53,2025-12-04 00:00:00
0,0,54,2025-12-04 08:00:00
0,0,54,2026-01-13 12:00:00
0,0,51,2025-07-12 08:00:00
0,0,54,2026-01-13 04:00:00
0,0,55,2026-04-26 16:00:00
0,0,51,2026-04-26 16:00:00
0,0,52,2025-09-07 20:00:00
0,0,51,2026-03-24 08:00:00
0,0,54,2025-03-10 08:00:00
0,0,51,2026-03-24 00:00:00
0,0,52,2026-03-24 00:00:00
0,0,54,2025-07-12 00:00:00
0,0,53,2026-01-13 16:00:00
0,0,54,2026-04-26 00:00:00
0,0,54,2025-09-07 08:00:00
0,0,55,2025-09-07 00:00:00
0,0,52,2025-12-04 00:00:00
0,0,54,2025-09-07 00:00:00
0,0,51,2025-09-07 20:00:00
0,0,55,2025-03-10 12:00:00
0,0,52,2025-12-04 08:00:00
0,0,55,2025-07-12 20:00:00
0,0,53,2026-01-13 00:00:00
0,0,54,2025-09-07 12:00:00
0,0,55,2026-01-13 20:00:00
0,0,51,2025-12-04 20:00:00
0,0,52,2025-12-04 20:00:00
0,0,55,2026-03-24 12:00:00
0,0,52,2026-03-24 12:00:00
0,0,52,2025-07-12 08:00:00
0,0,51,2026-03-24 04:00:00
0,0,52,2026-03-24 04:00:00
0,0,55,2025-07-12 16:00:00
0,0,54,2025-12-04 04:00:00
0,0,53,2025-09-07 04:00:00
0,0,53,2025-12-04 12:00:00
0,0,51,2026-01-13 12:00:00
0,0,53,2025-12-04 08:00:00
0,0,51,2026-03-24 12:00:00
0,0,53,2025-03-10 12:00:00
0,0,53,2025-12-04 16:00:00
0,0,54,2026-03-24 16:00:00
0,0,53,2026-04-26 00:00:00
0,0,51,2025-03-10 08:00:00
0,0,55,2026-01-13 00:00:00
0,0,53,2025-09-07 08:00:00
0,0,51,2026-01-13 16:00:00
0,0,55,2026-03-24 00:00:00
0,0,54,2025-07-12 12:00:00
0,0,52,2025-09-07 16:00:00
0,0,53,2026-04-26 04:00:00
0,0,53,2026-04-26 08:00:00
0,0,54,2025-09-07 20:00:00
0,0,55,2026-03-24 20:00:00
0,0,52,2025-12-04 12:00:00
0,0,53,2025-03-10 20:00:00
0,0,52,2026-01-13 00:00:00
0,0,53,2025-09-07 00:00:00
0,0,54,2026-01-13 20:00:00
0,0,51,2025-09-07 04:00:00
0,0,55,2025-03-10 04:00:00
0,0,55,2026-04-26 00:00:00
0,0,54,2025-03-10 04:00:00
0,0,52,2025-09-07 08:00:00
0,0,52,2026-01-13 04:00:00
0,0,53,2026-03-24 20:00:00
0,0,51,2025-09-07 00:00:00
0,0,51,2025-12-04 00:00:00
0,0,51,2025-07-12 04:00:00
0,0,51,2026-04-26 08:00:00
0,0,53,2026-03-24 04:00:00
0,0,51,2025-12-04 16:00:00
0,0,52,2025-03-10 16:00:00
0,0,53,2025-03-10 16:00:00
0,0,55,2026-01-13 12:00:00
0,0,54,2026-03-24 00:00:00
0,0,55,2026-03-24 04:00:00
0,0,51,2026-03-24 16:00:00
0,0,55,2025-12-04 00:00:00
0,0,52,2025-03-10 12:00:00
0,0,53,2026-04-26 20:00:00
0,0,55,2025-03-10 16:00:00
0,0,51,2025-03-10 16:00:00
0,0,52,2025-03-10 08:00:00
0,0,51,2025-07-12 20:00:00
0,0,54,2025-07-12 20:00:00
0,0,52,2026-01-13 16:00:00
0,0,53,2025-03-10 00:00:00
0,0,52,2026-01-13 12:00:00
0,0,53,2025-07-12 08:00:00
0,0,55,2026-01-13 04:00:00
0,0,52,2025-07-12 04:00:00
0,0,54,2026-03-24 20:00:00
0,0,54,2025-12-04 12:00:00
0,0,55,2026-04-26 20:00:00
0,0,51,2026-04-26 20:00:00
0,0,54,2025-12-04 16:00:00
0,0,51,2026-04-26 12:00:00
0,0,53,2025-12-04 20:00:00
0,0,55,2025-09-07 04:00:00
0,0,52,2025-03-10 04:00:00
0,0,51,2026-01-13 04:00:00
0,0,53,2026-01-13 04:00:00
0,0,52,2026-04-26 08:00:00
0,0,51,2026-01-13 08:00:00
0,0,53,2025-09-07 12:00:00
0,0,53,2025-07-12 16:00:00
0,0,53,2026-01-13 12:00:00
0,0,55,2026-04-26 12:00:00
0,0,53,2025-09-07 16:00:00
0,0,55,2026-04-26 04:00:00
0,0,54,2026-03-24 12:00:00
0,0,55,2025-09-07 16:00:00
0,0,55,2025-07-12 00:00:00
0,0,52,2025-09-07 04:00:00
0,0,54,2025-09-07 16:00:00
0,0,51,2026-04-26 00:00:00
0,0,52,2026-03-24 16:00:00
0,0,53,2025-03-10 08:00:00
0,0,51,2025-09-07 08:00:00
0,0,54,2026-04-26 16:00:00
0,0,55,2025-09-07 20:00:00
0,0,55,2026-04-26 08:00:00
0,0,52,2026-03-24 08:00:00
0,0,55,2025-12-04 08:00:00
0,0,55,2025-12-04 16:00:00
0,0,53,2026-01-13 08:00:00
0,0,52,2026-01-13 20:00:00
0,0,53,2025-09-07 20:00:00
0,0,51,2025-07-12 12:00:00
0,0,53,2026-03-24 16:00:00
0,0,51,2025-12-04 04:00:00
0,0,52,2025-07-12 16:00:00
0,0,53,2025-03-10 04:00:00
0,0,52,2025-09-07 12:00:00
0,0,51,2026-01-13 20:00:00
0,0,54,2026-01-13 16:00:00
0,0,53,2026-01-13 20:00:00
0,0,54,2025-03-10 00:00:00
0,0,51,2025-09-07 16:00:00
0,0,55,2026-03-24 16:00:00
0,0,55,2025-12-04 04:00:00
0,0,51,2025-03-10 12:00:00
0,0,51,2026-03-24 20:00:00
0,0,55,2026-03-24 08:00:00
0,0,51,2026-01-13 00:00:00
0,0,53,2026-03-24 00:00:00
0,0,52,2026-04-26 12:00:00
0,0,55,2025-12-04 20:00:00
0,0,54,2025-12-04 20:00:00
0,0,55,2025-03-10 00:00:00
0,0,54,2026-04-26 04:00:00
0,0,54,2025-07-12 08:00:00
0,0,52,2026-04-26 00:00:00
0,0,53,2026-04-26 16:00:00
0,0,53,2026-04-26 12:00:00
0,0,51,2025-07-12 16:00:00
0,0,55,2026-01-13 08:00:00
0,0,54,2025-03-10 12:00:00
0,0,54,2026-01-13 08:00:00
0,0,55,2025-12-04 12:00:00
0,0,52,2025-12-04 16:00:00
0,0,55,2025-03-10 20:00:00
0,0,52,2025-03-10 20:00:00
0,0,54,2025-03-10 20:00:00
0,0,54,2026-01-13 00:00:00
0,0,55,2025-09-07 12:00:00
0,0,51,2025-09-07 12:00:00
0,0,55,2025-07-12 08:00:00
0,0,55,2025-07-12 12:00:00
0,0,51,2026-04-26 04:00:00
0,0,52,2025-07-12 12:00:00
0,0,54,2025-09-07 04:00:00
0,0,54,2025-07-12 16:00:00
0,0,55,2025-07-12 04:00:00
0,0,54,2025-07-12 04:00:00
0,0,53,2026-03-24 08:00:00
0,0,51,2025-12-04 12:00:00
0,0,53,2025-07-12 04:00:00
0,0,52,2025-07-12 20:00:00
0,0,51,2025-03-10 00:00:00
0,0,52,2026-04-26 04:00:00
0,0,52,2025-07-12 00:00:00
0,0,55,2025-09-07 08:00:00
0,0,52,2025-12-04 04:00:00
0,0,53,2025-12-04 04:00:00
0,0,53,2025-07-12 00:00:00
0,0,54,2025-12-04 00:00:00
0,0,52,2026-04-26 16:00:00
0,0,52,2026-01-13 08:00:00
0,0,52,2026-03-24 20:00:00
0,0,54,2026-03-24 08:00:00
0,0,55,2025-03-10 08:00:00
0,0,54,2025-03-10 16:00:00
0,0,54,2026-04-26 20:00:00
0,0,51,2025-03-10 20:00:00
0,0,53,2025-07-12 12:00:00
0,0,53,2025-07-12 20:00:00
0,0,55,2026-01-13 16:00:00
0,0,54,2026-04-26 12:00:00
0,0,52,2025-03-10 00:00:00
0,0,53,2026-03-24 12:00:00
0,0,51,2025-07-12 00:00:00
0,0,54,2026-03-24 04:00:00
0,0,70,2025-03-10 08:00:00
0,0,70,2026-01-13 04:00:00
0,0,70,2025-07-12 00:00:00
0,0,70,2025-03-10 04:00:00
0,0,69,2026-03-24 04:00:00
0,0,67,2025-09-07 12:00:00
3,0,66,2025-07-12 12:00:00
0,0,68,2026-03-24 00:00:00
0,0,66,2025-09-07 20:00:00
0,0,66,2025-12-04 08:00:00
0,0,67,2025-12-04 16:00:00
0,0,68,2025-12-04 16:00:00
0,0,67,2026-01-13 16:00:00
0,0,67,2026-04-26 00:00:00
0,0,70,2026-03-24 04:00:00
0,0,68,2026-03-24 04:00:00
0,0,66,2026-04-26 20:00:00
0,0,66,2025-12-04 00:00:00
0,0,70,2025-09-07 00:00:00
0,0,67,2025-09-07 20:00:00
0,0,68,2025-03-10 00:00:00
0,0,66,2026-01-13 16:00:00
0,0,66,2025-07-12 08:00:00
0,0,69,2026-04-26 04:00:00
0,0,66,2025-03-10 04:00:00
3,0,66,2026-01-13 12:00:00
0,0,70,2025-12-04 20:00:00
0,0,66,2025-09-07 16:00:00
0,0,69,2025-12-04 08:00:00
0,0,69,2025-07-12 08:00:00
0,0,70,2026-03-24 20:00:00
0,0,68,2026-03-24 20:00:00
0,0,66,2026-04-26 08:00:00
0,0,66,2026-04-26 00:00:00
0,0,70,2025-07-12 04:00:00
0,0,68,2025-03-10 20:00:00
0,0,70,2026-03-24 00:00:00
0,0,67,2026-03-24 00:00:00
0,0,67,2026-01-13 08:00:00
0,0,68,2026-01-13 08:00:00
0,0,67,2025-03-10 00:00:00
0,0,67,2026-01-13 20:00:00
0,0,68,2026-03-24 12:00:00
3,0,70,2025-03-10 12:00:00
0,0,70,2026-01-13 16:00:00
0,0,70,2025-07-12 08:00:00
0,0,66,2026-04-26 16:00:00
0,0,68,2025-03-10 08:00:00
0,0,70,2026-03-24 16:00:00
0,0,66,2026-01-13 04:00:00
0,0,70,2025-03-10 20:00:00
0,0,66,2025-07-12 04:00:00
0,0,70,2025-12-04 00:00:00
0,0,69,2026-01-13 12:00:00
0,0,70,2025-03-10 00:00:00
0,0,70,2025-12-04 08:00:00
3,0,66,2025-03-10 12:00:00
3,0,66,2025-03-10 08:00:00
0,0,70,2025-12-04 04:00:00
0,0,69,2026-01-13 04:00:00
0,0,68,2026-04-26 04:00:00
0,0,69,2026-04-26 00:00:00
0,0,66,2026-03-24 04:00:00
0,0,67,2026-03-24 04:00:00
3,0,70,2025-09-07 12:00:00
0,0,70,2025-07-12 16:00:00
0,0,69,2025-09-07 12:00:00
0,0,67,2025-12-04 00:00:00
0,0,70,2026-01-13 00:00:00
0,0,69,2025-09-07 00:00:00
0,0,69,2026-01-13 08:00:00
0,0,66,2025-12-04 20:00:00
0,0,68,2025-09-07 16:00:00
0,0,68,2025-12-04 20:00:00
0,0,67,2025-03-10 12:00:00
0,0,67,2026-01-13 04:00:00
0,0,67,2026-04-26 04:00:00
0,0,68,2026-01-13 04:00:00
0,0,69,2025-12-04 00:00:00
0,0,68,2025-12-04 00:00:00
3,0,66,2025-09-07 08:00:00
0,0,67,2026-01-13 12:00:00
1,1,69,2025-03-10 12:00:00
0,0,67,2025-03-10 08:00:00
0,0,67,2026-03-24 16:00:00
0,0,70,2026-04-26 04:00:00
0,0,69,2025-12-04 04:00:00
0,0,68,2026-04-26 08:00:00
0,0,69,2026-04-26 20:00:00
0,0,66,2026-01-13 00:00:00
0,0,69,2025-07-12 12:00:00
3,0,66,2025-12-04 12:00:00
0,0,66,2025-07-12 20:00:00
0,0,70,2025-03-10 16:00:00
0,0,66,2025-03-10 00:00:00
0,0,68,2025-09-07 20:00:00
0,0,70,2026-01-13 20:00:00
0,0,69,2025-12-04 16:00:00
0,0,70,2026-04-26 16:00:00
0,0,69,2026-04-26 12:00:00
0,0,68,2026-03-24 16:00:00
0,0,70,2026-04-26 00:00:00
0,0,66,2025-09-07 04:00:00
0,0,67,2025-09-07 04:00:00
0,0,67,2025-07-12 16:00:00
0,0,68,2025-09-07 12:00:00
0,0,69,2025-09-07 08:00:00
0,0,67,2025-09-07 00:00:00
0,0,67,2025-07-12 12:00:00
0,0,70,2025-12-04 12:00:00
0,0,69,2025-03-10 16:00:00
0,0,69,2025-12-04 20:00:00
1,0,69,2026-03-24 12:00:00
3,0,66,2026-04-26 12:00:00
0,0,68,2026-04-26 12:00:00
0,0,69,2026-03-24 20:00:00
0,0,67,2025-12-04 04:00:00
0,0,70,2026-04-26 08:00:00
0,0,69,2025-07-12 00:00:00
0,0,67,2025-03-10 04:00:00
0,0,69,2025-07-12 04:00:00
0,0,66,2026-03-24 00:00:00
0,0,68,2026-01-13 00:00:00
0,0,67,2025-03-10 16:00:00
0,0,69,2025-09-07 16:00:00
0,0,67,2025-09-07 16:00:00
3,0,66,2026-03-24 12:00:00
0,0,70,2025-12-04 16:00:00
0,0,69,2025-03-10 08:00:00
0,0,67,2026-04-26 16:00:00
0,1,68,2025-07-12 08:00:00
0,0,66,2026-03-24 16:00:00
0,0,69,2026-03-24 08:00:00
0,0,67,2026-03-24 08:00:00
0,0,68,2025-09-07 04:00:00
0,0,70,2025-09-07 08:00:00
0,0,70,2026-01-13 12:00:00
0,0,66,2025-03-10 16:00:00
0,0,68,2025-03-10 16:00:00
0,0,68,2025-12-04 08:00:00
3,0,70,2026-03-24 12:00:00
0,0,69,2026-01-13 16:00:00
0,0,68,2026-01-13 16:00:00
0,0,69,2026-03-24 16:00:00
0,0,66,2026-04-26 04:00:00
0,0,69,2025-03-10 04:00:00
3,0,66,2025-09-07 12:00:00
0,0,66,2025-09-07 00:00:00
0,0,68,2025-07-12 12:00:00
0,0,70,2026-01-13 08:00:00
0,0,67,2025-07-12 20:00:00
0,0,68,2025-12-04 12:00:00
0,0,68,2025-07-12 20:00:00
0,0,67,2025-12-04 20:00:00
0,0,67,2026-03-24 12:00:00
0,0,66,2026-03-24 20:00:00
0,0,67,2026-03-24 20:00:00
0,0,66,2025-07-12 00:00:00
0,0,67,2025-07-12 00:00:00
0,0,70,2026-03-24 08:00:00
0,0,70,2026-04-26 20:00:00
0,0,66,2025-07-12 16:00:00
0,0,68,2025-09-07 08:00:00
0,0,66,2026-01-13 08:00:00
0,0,69,2026-01-13 20:00:00
0,0,66,2025-12-04 16:00:00
0,0,68,2026-04-26 16:00:00
0,0,67,2026-04-26 12:00:00
0,0,68,2025-12-04 04:00:00
0,0,69,2026-04-26 08:00:00
0,0,68,2025-03-10 04:00:00
0,0,68,2026-04-26 00:00:00
0,0,68,2026-03-24 08:00:00
0,0,70,2025-09-07 04:00:00
0,0,69,2025-07-12 16:00:00
0,0,66,2025-03-10 20:00:00
0,0,69,2025-03-10 20:00:00
3,0,70,2025-07-12 12:00:00
0,0,69,2026-03-24 00:00:00
0,0,67,2025-09-07 08:00:00
0,0,67,2026-01-13 00:00:00
0,0,68,2025-09-07 00:00:00
0,0,70,2025-07-12 20:00:00
0,0,69,2025-12-04 12:00:00
0,0,67,2025-12-04 12:00:00
0,0,69,2025-09-07 20:00:00
0,0,68,2026-01-13 20:00:00
0,0,68,2025-03-10 12:00:00
0,0,67,2025-07-12 08:00:00
0,0,67,2026-04-26 08:00:00
0,0,68,2025-07-12 00:00:00
0,0,67,2025-03-10 20:00:00
0,0,68,2025-07-12 04:00:00
0,0,69,2026-01-13 00:00:00
0,0,68,2026-01-13 12:00:00
0,0,67,2025-12-04 08:00:00
0,0,69,2026-04-26 16:00:00
3,0,70,2026-04-26 12:00:00
0,0,66,2025-12-04 04:00:00
3,0,66,2026-03-24 08:00:00
0,0,69,2025-09-07 04:00:00
0,0,67,2026-04-26 20:00:00
0,0,68,2026-04-26 20:00:00
0,0,68,2025-07-12 16:00:00
0,0,67,2025-07-12 04:00:00
0,0,69,2025-07-12 20:00:00
0,0,70,2025-09-07 20:00:00
0,0,69,2025-03-10 00:00:00
0,0,70,2025-09-07 16:00:00
0,0,66,2026-01-13 20:00:00
0,0,23,2026-04-26 04:00:00
2,0,22,2026-03-24 20:00:00
2,0,21,2026-04-26 08:00:00
2,0,24,2025-07-12 00:00:00
2,0,22,2025-03-10 04:00:00
0,0,23,2026-04-26 20:00:00
2,0,21,2025-09-07 04:00:00
2,0,22,2025-07-12 12:00:00
2,0,24,2025-09-07 00:00:00
2,0,21,2026-01-13 08:00:00
4,0,24,2026-01-13 12:00:00
2,2,24,2025-07-12 20:00:00
1,0,22,2025-03-10 16:00:00
0,0,25,2025-03-10 00:00:00
2,0,24,2025-03-10 00:00:00
2,0,22,2025-12-04 08:00:00
0,0,25,2025-12-04 20:00:00
2,2,24,2025-12-04 20:00:00
1,0,21,2026-03-24 12:00:00
1,0,23,2025-03-10 12:00:00
2,0,22,2026-04-26 16:00:00
2,0,25,2025-03-10 08:00:00
2,0,24,2025-03-10 08:00:00
2,0,24,2025-07-12 08:00:00
1,0,23,2026-04-26 12:00:00
0,0,23,2026-03-24 20:00:00
2,0,21,2026-01-13 04:00:00
2,0,24,2026-01-13 04:00:00
2,0,21,2025-03-10 04:00:00
2,0,22,2026-03-24 04:00:00
4,1,24,2025-07-12 16:00:00
2,0,24,2025-07-12 04:00:00
1,0,23,2026-01-13 12:00:00
2,0,25,2026-01-13 08:00:00
2,0,22,2025-12-04 12:00:00
2,0,22,2025-09-07 16:00:00
2,0,21,2025-12-04 20:00:00
4,0,22,2025-03-10 12:00:00
2,0,22,2025-12-04 16:00:00
0,0,23,2026-03-24 16:00:00
2,0,21,2025-12-04 04:00:00
0,0,25,2026-04-26 20:00:00
2,0,21,2025-07-12 16:00:00
2,0,25,2025-07-12 04:00:00
2,0,22,2025-09-07 00:00:00
1,0,23,2026-01-13 08:00:00
2,0,22,2026-01-13 08:00:00
2,0,22,2025-03-10 00:00:00
0,0,23,2026-01-13 20:00:00
2,0,22,2026-01-13 20:00:00
0,0,23,2025-07-12 00:00:00
2,0,24,2026-04-26 00:00:00
0,0,23,2026-03-24 04:00:00
0,0,23,2025-07-12 16:00:00
2,0,22,2025-03-10 20:00:00
0,0,25,2026-03-24 00:00:00
2,0,21,2025-09-07 08:00:00
1,0,02,2025-06-27 12:00:00
0,0,04,2025-06-27 16:00:00
0,0,04,2025-06-27 00:00:00
2,1,03,2025-06-27 20:00:00
0,0,01,2025-06-27 16:00:00
0,0,02,2025-06-27 08:00:00
1,2,03,2025-06-27 12:00:00
0,0,04,2025-11-14 08:00:00
2,0,05,2025-11-14 08:00:00
0,0,01,2025-11-14 16:00:00
1,1,03,2025-11-14 12:00:00
1,2,03,2025-06-27 08:00:00
0,0,04,2025-06-27 04:00:00
0,0,05,2025-06-27 00:00:00
0,0,02,2025-11-14 20:00:00
0,0,02,2025-06-27 16:00:00
2,0,05,2025-11-14 04:00:00
0,0,02,2025-11-14 12:00:00
0,0,02,2025-06-27 20:00:00
0,0,01,2025-11-14 20:00:00
2,0,05,2025-11-14 16:00:00
0,0,02,2025-11-14 08:00:00
2,0,03,2025-06-27 00:00:00
2,2,03,2025-06-27 04:00:00
2,0,05,2025-06-27 04:00:00
2,2,03,2025-11-14 04:00:00
0,0,01,2025-06-27 04:00:00
2,0,03,2025-11-14 20:00:00
0,0,05,2025-11-14 20:00:00
0,0,01,2025-11-14 08:00:00
0,0,05,2025-06-27 20:00:00
0,0,01,2025-06-27 20:00:00
0,0,58,2025-11-14 20:00:00
0,1,59,2025-06-27 12:00:00
3,3,56,2025-11-14 12:00:00
0,0,60,2025-06-27 04:00:00
3,0,57,2025-06-27 08:00:00
1,0,60,2025-06-27 08:00:00
0,0,57,2025-06-27 00:00:00
0,0,58,2025-11-14 00:00:00
3,0,57,2025-11-14 12:00:00
3,0,57,2025-11-14 16:00:00
0,0,57,2025-06-27 04:00:00
0,0,60,2025-11-14 08:00:00
0,0,58,2025-06-27 20:00:00
3,3,56,2025-11-14 20:00:00
3,3,56,2025-06-27 12:00:00
0,0,59,2025-11-14 00:00:00
0,0,60,2025-11-14 16:00:00
3,2,56,2025-06-27 04:00:00
0,0,59,2025-06-27 04:00:00
0,0,57,2025-11-14 20:00:00
3,0,58,2025-11-14 12:00:00
3,0,57,2025-06-27 16:00:00
3,3,56,2025-11-14 16:00:00
0,0,58,2025-06-27 16:00:00
0,0,60,2025-06-27 16:00:00
0,0,58,2025-11-14 16:00:00
0,0,58,2025-11-14 08:00:00
0,1,59,2025-11-14 08:00:00
0,0,60,2025-11-14 04:00:00
0,0,59,2025-11-14 20:00:00
3,0,58,2025-06-27 08:00:00
0,0,57,2025-11-14 04:00:00
0,0,59,2025-06-27 16:00:00
3,2,56,2025-11-14 08:00:00
0,0,58,2025-11-14 04:00:00
3,0,57,2025-06-27 12:00:00
0,0,60,2025-06-27 00:00:00
3,3,56,2025-06-27 16:00:00
0,1,59,2025-11-14 12:00:00
0,0,59,2025-11-14 16:00:00
3,0,58,2025-06-27 12:00:00
0,0,58,2025-06-27 00:00:00
3,2,56,2025-06-27 00:00:00
3,3,56,2025-06-27 08:00:00
0,0,60,2025-11-14 00:00:00
0,1,59,2025-06-27 08:00:00
0,0,59,2025-06-27 20:00:00
3,1,56,2025-11-14 04:00:00
0,0,59,2025-11-14 04:00:00
0,0,59,2025-06-27 00:00:00
3,0,57,2025-11-14 08:00:00
3,3,56,2025-06-27 20:00:00
0,0,57,2025-06-27 20:00:00
1,0,60,2025-06-27 12:00:00
1,0,60,2025-11-14 12:00:00
0,0,60,2025-11-14 20:00:00
3,1,56,2025-11-14 00:00:00
0,0,57,2025-11-14 00:00:00
0,0,58,2025-06-27 04:00:00
0,0,60,2025-06-27 20:00:00
1,0,31,2025-11-14 12:00:00
0,0,31,2025-11-14 16:00:00
2,2,33,2025-11-14 04:00:00
1,0,34,2025-06-27 12:00:00
4,4,32,2025-11-14 16:00:00
2,3,33,2025-06-27 08:00:00
2,0,35,2025-11-14 04:00:00
1,4,33,2025-06-27 12:00:00
4,4,32,2025-11-14 12:00:00
2,0,35,2025-11-14 12:00:00
2,0,35,2025-11-14 08:00:00
2,2,33,2025-06-27 20:00:00
2,1,33,2025-11-14 20:00:00
2,0,35,2025-06-27 00:00:00
2,0,33,2025-06-27 00:00:00
2,0,35,2025-06-27 20:00:00
1,0,31,2025-06-27 12:00:00
2,0,35,2025-06-27 16:00:00
2,0,35,2025-06-27 04:00:00
2,0,31,2025-06-27 04:00:00
1,0,31,2025-06-27 08:00:00
2,0,35,2025-11-14 20:00:00
2,0,35,2025-11-14 00:00:00
2,0,35,2025-11-14 16:00:00
0,0,34,2025-06-27 04:00:00
0,0,34,2025-11-14 20:00:00
2,0,33,2025-11-14 00:00:00
4,1,32,2025-11-14 00:00:00
0,0,34,2025-11-14 00:00:00
2,3,33,2025-11-14 12:00:00
3,0,31,2025-06-27 16:00:00
4,3,32,2025-06-27 04:00:00
0,0,31,2025-11-14 20:00:00
4,4,32,2025-06-27 12:00:00
0,0,31,2025-11-14 00:00:00
2,3,33,2025-06-27 16:00:00
0,1,34,2025-11-14 16:00:00
2,1,35,2025-06-27 08:00:00
4,4,32,2025-06-27 16:00:00
2,0,31,2025-11-14 08:00:00
1,0,34,2025-11-14 08:00:00
1,0,34,2025-06-27 08:00:00
2,1,35,2025-06-27 12:00:00
0,0,31,2025-06-27 00:00:00
0,0,34,2025-06-27 00:00:00
1,0,34,2025-11-14 12:00:00
4,4,32,2025-11-14 08:00:00
0,1,34,2025-06-27 20:00:00
4,2,32,2025-06-27 00:00:00
4,4,32,2025-06-27 08:00:00
4,4,32,2025-11-14 04:00:00
2,0,31,2025-11-14 04:00:00
0,0,34,2025-11-14 04:00:00
4,4,32,2025-11-14 20:00:00
2,2,33,2025-06-27 04:00:00
4,4,32,2025-06-27 20:00:00
0,0,34,2025-06-27 16:00:00
2,3,33,2025-11-14 16:00:00
2,3,33,2025-11-14 08:00:00
0,0,31,2025-06-27 20:00:00
0,0,52,2025-06-27 04:00:00
0,0,52,2025-11-14 20:00:00
0,0,54,2025-06-27 20:00:00
0,0,55,2025-11-14 16:00:00
0,0,53,2025-06-27 08:00:00
0,0,54,2025-11-14 16:00:00
0,0,52,2025-06-27 12:00:00
0,0,54,2025-11-14 04:00:00
0,0,55,2025-06-27 08:00:00
0,0,51,2025-11-14 20:00:00
0,0,53,2025-06-27 16:00:00
0,0,55,2025-11-14 12:00:00
0,0,53,2025-11-14 00:00:00
0,0,54,2025-06-27 08:00:00
0,0,52,2025-06-27 20:00:00
0,0,53,2025-06-27 04:00:00
0,0,53,2025-11-14 08:00:00
0,0,53,2025-11-14 04:00:00
0,0,51,2025-06-27 12:00:00
0,0,52,2025-11-14 04:00:00
0,0,54,2025-06-27 12:00:00
0,0,55,2025-06-27 04:00:00
0,0,54,2025-06-27 00:00:00
0,0,55,2025-11-14 00:00:00
0,0,52,2025-06-27 08:00:00
0,0,51,2025-06-27 16:00:00
0,0,53,2025-11-14 12:00:00
0,0,51,2025-06-27 20:00:00
0,0,51,2025-11-14 16:00:00
0,0,54,2025-11-14 08:00:00
0,0,53,2025-06-27 12:00:00
0,0,55,2025-11-14 20:00:00
0,0,54,2025-11-14 00:00:00
0,0,52,2025-11-14 16:00:00
0,0,55,2025-11-14 04:00:00
0,0,51,2025-06-27 00:00:00
0,0,51,2025-06-27 08:00:00
0,0,52,2025-06-27 16:00:00
0,0,55,2025-06-27 20:00:00
0,0,52,2025-11-14 08:00:00
0,0,51,2025-11-14 04:00:00
0,0,53,2025-06-27 00:00:00
0,0,51,2025-06-27 04:00:00
0,0,54,2025-11-14 20:00:00
0,0,53,2025-11-14 20:00:00
0,0,55,2025-06-27 00:00:00
0,0,52,2025-06-27 00:00:00
0,0,55,2025-11-14 08:00:00
0,0,55,2025-06-27 16:00:00
0,0,55,2025-06-27 12:00:00
0,0,54,2025-06-27 16:00:00
0,0,51,2025-11-14 00:00:00
0,0,52,2025-11-14 00:00:00
0,0,51,2025-11-14 08:00:00
0,0,51,2025-11-14 12:00:00
0,0,54,2025-06-27 04:00:00
0,0,54,2025-11-14 12:00:00
0,0,53,2025-11-14 16:00:00
0,0,53,2025-06-27 20:00:00
0,0,52,2025-11-14 12:00:00
0,0,69,2025-11-14 08:00:00
0,0,67,2025-06-27 00:00:00
0,0,66,2025-11-14 16:00:00
0,0,70,2025-06-27 20:00:00
0,0,68,2025-06-27 16:00:00
0,0,68,2025-11-14 20:00:00
0,0,69,2025-11-14 12:00:00
0,0,66,2025-11-14 08:00:00
0,0,67,2025-06-27 12:00:00
0,0,69,2025-06-27 00:00:00
0,0,68,2025-06-27 00:00:00
3,0,66,2025-11-14 12:00:00
0,0,69,2025-06-27 16:00:00
0,0,68,2025-06-27 08:00:00
0,0,70,2025-06-27 00:00:00
0,0,66,2025-11-14 04:00:00
0,0,67,2025-11-14 20:00:00
0,0,70,2025-11-14 16:00:00
0,0,67,2025-11-14 16:00:00
0,0,68,2025-11-14 08:00:00
0,0,66,2025-11-14 00:00:00
0,0,68,2025-11-14 00:00:00
0,0,67,2025-06-27 16:00:00
0,0,66,2025-06-27 04:00:00
0,0,70,2025-06-27 08:00:00
0,0,70,2025-11-14 20:00:00
0,0,66,2025-06-27 20:00:00
0,0,67,2025-06-27 08:00:00
0,0,69,2025-11-14 20:00:00
0,0,67,2025-11-14 04:00:00
0,0,68,2025-06-27 12:00:00
0,0,68,2025-11-14 12:00:00
0,0,69,2025-11-14 00:00:00
0,0,70,2025-06-27 16:00:00
0,0,69,2025-11-14 16:00:00
0,0,70,2025-11-14 08:00:00
3,0,70,2025-06-27 12:00:00
0,0,70,2025-11-14 00:00:00
0,0,67,2025-11-14 00:00:00
0,0,68,2025-11-14 16:00:00
0,0,69,2025-06-27 20:00:00
3,0,66,2025-06-27 12:00:00
0,0,66,2025-06-27 16:00:00
0,0,70,2025-06-27 04:00:00
0,0,69,2025-06-27 08:00:00
0,0,67,2025-06-27 20:00:00
0,0,70,2025-11-14 04:00:00
0,0,70,2025-11-14 12:00:00
0,0,68,2025-06-27 04:00:00
3,0,66,2025-06-27 08:00:00
0,0,68,2025-06-27 20:00:00
1,1,69,2025-06-27 12:00:00
0,0,66,2025-06-27 00:00:00
0,0,67,2025-11-14 12:00:00
0,0,69,2025-06-27 04:00:00
0,0,67,2025-06-27 04:00:00
0,0,67,2025-11-14 08:00:00
0,0,69,2025-11-14 04:00:00
0,0,68,2025-11-14 04:00:00
0,0,66,2025-11-14 20:00:00
2,0,22,2025-11-14 12:00:00
2,0,25,2025-11-14 12:00:00
0,0,23,2025-06-27 20:00:00
2,0,22,2025-11-14 04:00:00
2,0,25,2025-11-14 04:00:00
2,0,22,2025-06-27 00:00:00
2,1,24,2025-11-14 04:00:00
4,1,22,2025-06-27 16:00:00
3,0,25,2025-06-27 16:00:00
2,0,21,2025-11-14 16:00:00
2,0,21,2025-11-14 08:00:00
2,0,25,2025-06-27 08:00:00
3,0,25,2025-06-27 12:00:00
2,0,21,2025-06-27 16:00:00
4,1,24,2025-11-14 16:00:00
1,0,05,2025-02-07 12:00:00
1,2,03,2025-09-27 08:00:00
2,0,05,2025-09-27 08:00:00
2,0,05,2025-12-14 08:00:00
0,0,01,2026-01-10 04:00:00
2,0,03,2026-02-01 04:00:00
0,0,04,2026-01-10 08:00:00
0,0,04,2025-02-07 00:00:00
0,0,05,2025-02-07 20:00:00
0,0,01,2026-02-01 12:00:00
0,0,05,2026-02-01 00:00:00
0,0,05,2025-09-27 20:00:00
0,0,05,2025-12-14 16:00:00
0,0,01,2025-10-21 04:00:00
0,0,02,2026-02-01 00:00:00
1,1,03,2025-10-21 16:00:00
0,0,02,2025-09-27 00:00:00
0,0,01,2025-12-14 08:00:00
0,0,02,2025-12-14 08:00:00
0,0,04,2025-10-21 16:00:00
0,0,02,2026-02-01 12:00:00
0,0,02,2025-12-14 04:00:00
0,0,01,2025-08-30 04:00:00
0,0,04,2026-02-01 04:00:00
1,0,05,2025-09-27 12:00:00
1,0,01,2025-02-07 08:00:00
1,2,03,2026-01-10 08:00:00
1,0,05,2026-01-10 08:00:00
0,0,04,2026-01-10 12:00:00
0,0,01,2025-12-14 00:00:00
0,0,04,2025-02-07 16:00:00
1,1,03,2025-09-27 16:00:00
2,0,03,2025-09-27 20:00:00
0,0,04,2025-09-27 12:00:00
0,0,02,2025-12-14 16:00:00
1,2,03,2025-10-21 08:00:00
0,0,02,2026-02-01 08:00:00
0,0,01,2025-09-27 20:00:00
0,0,02,2025-09-27 20:00:00
0,0,04,2025-02-07 04:00:00
0,0,04,2025-08-30 20:00:00
0,0,05,2026-01-10 20:00:00
0,0,02,2025-09-27 04:00:00
0,0,03,2026-02-01 20:00:00
0,0,04,2025-08-30 12:00:00
0,0,01,2025-02-07 16:00:00
0,0,04,2025-09-27 16:00:00
1,0,05,2025-02-07 08:00:00
1,1,05,2025-10-21 16:00:00
0,0,01,2025-10-21 00:00:00
0,0,04,2026-02-01 20:00:00
1,0,03,2025-10-21 20:00:00
0,0,01,2025-10-21 16:00:00
1,1,03,2026-02-01 12:00:00
2,0,03,2025-08-30 20:00:00
0,0,05,2026-02-01 16:00:00
0,0,02,2025-09-27 16:00:00
1,0,05,2025-10-21 12:00:00
2,0,03,2025-09-27 00:00:00
0,0,04,2026-01-10 00:00:00
0,0,04,2026-02-01 00:00:00
2,0,03,2025-08-30 04:00:00
0,0,04,2025-10-21 00:00:00
1,0,05,2026-01-10 16:00:00
0,0,02,2025-02-07 04:00:00
0,0,04,2025-02-07 08:00:00
0,0,02,2025-10-21 20:00:00
1,0,05,2025-08-30 16:00:00
0,0,02,2025-08-30 00:00:00
0,0,02,2026-01-10 16:00:00
2,0,03,2026-01-10 04:00:00
1,1,03,2025-09-27 12:00:00
0,0,04,2026-02-01 08:00:00
0,0,04,2026-01-10 20:00:00
0,0,04,2026-02-01 16:00:00
1,0,05,2025-08-30 12:00:00
0,0,01,2025-02-07 00:00:00
1,0,05,2025-08-30 08:00:00
1,0,01,2025-09-27 12:00:00
0,0,01,2026-01-10 00:00:00
0,0,04,2025-12-14 20:00:00
0,0,01,2026-02-01 00:00:00
0,0,02,2025-08-30 04:00:00
0,0,04,2025-08-30 04:00:00
0,0,02,2025-10-21 00:00:00
1,2,03,2026-01-10 16:00:00
0,0,01,2025-02-07 04:00:00
1,1,03,2025-08-30 16:00:00
0,0,02,2026-02-01 16:00:00
0,0,02,2025-08-30 08:00:00
0,0,04,2025-12-14 08:00:00
2,0,05,2026-01-10 04:00:00
0,0,02,2025-12-14 00:00:00
1,1,03,2025-02-07 16:00:00
1,1,01,2025-02-07 12:00:00
0,0,01,2025-09-27 16:00:00
0,0,02,2025-02-07 12:00:00
0,0,01,2025-09-27 08:00:00
0,0,01,2025-12-14 12:00:00
0,0,04,2025-10-21 04:00:00
1,2,03,2025-02-07 12:00:00
0,0,05,2025-10-21 20:00:00
2,0,03,2026-01-10 20:00:00
2,2,03,2025-10-21 04:00:00
1,0,05,2025-02-07 16:00:00
0,0,01,2025-02-07 20:00:00
2,0,03,2025-08-30 00:00:00
1,2,03,2025-02-07 08:00:00
1,0,01,2025-10-21 08:00:00
0,0,02,2025-10-21 08:00:00
0,0,01,2025-12-14 16:00:00
1,0,02,2025-10-21 12:00:00
0,0,04,2025-12-14 16:00:00
0,0,02,2025-10-21 04:00:00
0,0,04,2025-09-27 00:00:00
2,2,03,2025-12-14 08:00:00
2,1,03,2025-12-14 04:00:00
0,0,04,2025-10-21 20:00:00
2,0,05,2025-12-14 04:00:00
3,2,56,2025-08-30 08:00:00
3,1,56,2026-01-10 04:00:00
0,0,57,2026-02-01 20:00:00
0,0,59,2025-09-27 04:00:00
3,2,56,2025-12-14 20:00:00
0,0,60,2026-02-01 16:00:00
0,0,58,2025-12-14 00:00:00
0,1,59,2025-02-07 08:00:00
0,0,59,2025-12-14 00:00:00
1,0,60,2025-02-07 08:00:00
3,2,56,2026-02-01 08:00:00
0,0,60,2025-10-21 08:00:00
3,3,56,2025-02-07 12:00:00
3,0,57,2025-02-07 12:00:00
0,0,57,2025-08-30 04:00:00
0,0,60,2025-08-30 04:00:00
0,0,60,2025-12-14 08:00:00
0,0,57,2025-02-07 04:00:00
3,3,56,2026-02-01 12:00:00
0,0,59,2026-01-10 04:00:00
3,3,56,2026-02-01 16:00:00
0,0,58,2025-09-27 16:00:00
0,0,58,2025-12-14 12:00:00
3,2,56,2025-12-14 12:00:00
0,0,59,2025-12-14 12:00:00
3,0,57,2026-02-01 08:00:00
0,0,58,2025-10-21 16:00:00
3,3,56,2026-01-10 16:00:00
0,0,59,2025-02-07 12:00:00
0,0,58,2025-02-07 00:00:00
0,0,58,2025-08-30 16:00:00
0,0,58,2025-10-21 20:00:00
3,3,56,2025-08-30 12:00:00
3,0,57,2026-02-01 12:00:00
3,0,58,2025-08-30 08:00:00
0,0,58,2026-01-10 00:00:00
0,0,60,2025-08-30 20:00:00
0,0,58,2025-08-30 00:00:00
3,3,56,2025-09-27 16:00:00
0,0,57,2026-02-01 00:00:00
1,1,59,2025-10-21 12:00:00
0,1,59,2025-10-21 08:00:00
3,0,57,2025-12-14 08:00:00
0,0,59,2025-12-14 08:00:00
0,0,60,2025-12-14 04:00:00
3,0,57,2026-01-10 08:00:00
0,0,59,2026-02-01 04:00:00
0,0,60,2026-02-01 04:00:00
0,0,58,2026-01-10 20:00:00
1,0,60,2025-08-30 08:00:00
0,0,58,2025-02-07 16:00:00
0,0,57,2025-09-27 00:00:00
3,0,57,2025-10-21 08:00:00
1,0,60,2025-09-27 12:00:00
0,0,58,2025-08-30 20:00:00
3,0,57,2025-08-30 08:00:00
0,0,60,2026-01-10 04:00:00
0,0,58,2025-09-27 04:00:00
0,0,57,2025-02-07 20:00:00
0,0,57,2025-09-27 04:00:00
0,0,60,2025-12-14 20:00:00
0,0,58,2026-02-01 00:00:00
3,0,56,2026-02-01 00:00:00
0,0,59,2025-09-27 16:00:00
0,0,60,2025-09-27 16:00:00
0,0,60,2025-12-14 00:00:00
3,3,56,2025-10-21 08:00:00
3,0,58,2025-02-07 12:00:00
3,0,57,2026-01-10 16:00:00
3,0,56,2025-12-14 04:00:00
3,0,56,2026-02-01 04:00:00
0,0,59,2025-10-21 20:00:00
0,0,60,2025-02-07 00:00:00
3,1,56,2025-02-07 04:00:00
3,1,56,2025-08-30 20:00:00
0,0,57,2026-02-01 16:00:00
0,0,59,2026-02-01 16:00:00
3,3,56,2025-10-21 12:00:00
0,0,57,2025-09-27 20:00:00
3,0,58,2025-09-27 12:00:00
0,0,60,2025-08-30 16:00:00
3,2,56,2026-02-01 20:00:00
3,3,56,2025-02-07 16:00:00
3,1,56,2025-08-30 00:00:00
0,0,57,2025-12-14 20:00:00
0,0,59,2025-08-30 00:00:00
0,0,60,2026-02-01 00:00:00
0,0,59,2025-12-14 16:00:00
0,0,60,2025-09-27 20:00:00
0,0,60,2025-09-27 00:00:00
0,0,60,2025-12-14 12:00:00
0,0,59,2025-08-30 04:00:00
0,0,59,2026-01-10 16:00:00
3,1,56,2025-02-07 00:00:00
0,0,59,2026-01-10 08:00:00
0,0,59,2025-02-07 04:00:00
1,0,60,2025-08-30 12:00:00
0,0,57,2026-01-10 00:00:00
0,0,60,2026-01-10 00:00:00
0,0,57,2026-01-10 04:00:00
0,0,58,2025-12-14 20:00:00
0,0,60,2025-08-30 00:00:00
1,0,60,2025-10-21 12:00:00
3,3,56,2025-10-21 16:00:00
1,0,60,2025-02-07 12:00:00
0,0,57,2026-02-01 04:00:00
0,0,57,2026-01-10 20:00:00
0,0,60,2025-02-07 04:00:00
0,0,59,2025-08-30 08:00:00
0,0,59,2026-01-10 00:00:00
0,0,58,2026-02-01 20:00:00
3,2,56,2025-10-21 04:00:00
0,0,58,2025-02-07 08:00:00
0,0,58,2025-10-21 00:00:00
3,0,57,2025-09-27 12:00:00
0,0,60,2026-01-10 16:00:00
3,0,57,2025-09-27 08:00:00
0,0,57,2025-10-21 20:00:00
0,0,59,2025-08-30 16:00:00
0,0,60,2026-01-10 08:00:00
3,0,58,2025-08-30 12:00:00
3,1,56,2026-01-10 20:00:00
0,0,58,2026-02-01 12:00:00
0,0,58,2026-01-10 12:00:00
0,0,60,2026-02-01 20:00:00
0,0,58,2025-10-21 04:00:00
3,2,56,2025-02-07 20:00:00
0,0,59,2025-10-21 04:00:00
3,2,56,2025-02-07 08:00:00
0,0,58,2025-12-14 08:00:00
3,3,56,2025-08-30 16:00:00
0,0,57,2025-02-07 00:00:00
0,0,59,2025-02-07 00:00:00
3,0,56,2026-01-10 00:00:00
3,2,56,2026-01-10 12:00:00
0,0,57,2025-10-21 04:00:00
0,0,57,2025-12-14 00:00:00
3,0,58,2025-10-21 08:00:00
0,0,59,2026-02-01 08:00:00
0,0,58,2025-08-30 04:00:00
0,0,58,2026-01-10 16:00:00
3,3,56,2025-10-21 20:00:00
0,0,58,2025-02-07 04:00:00
3,0,57,2026-01-10 12:00:00
0,0,59,2026-02-01 20:00:00
3,1,56,2025-09-27 04:00:00
0,0,59,2025-02-07 16:00:00
0,0,58,2026-02-01 16:00:00
3,0,57,2025-09-27 16:00:00
0,0,59,2025-09-27 20:00:00
0,0,60,2025-12-14 16:00:00
3,0,57,2025-10-21 16:00:00
3,3,56,2025-09-27 12:00:00
3,3,56,2025-09-27 08:00:00
0,0,59,2025-09-27 08:00:00
0,0,59,2026-01-10 20:00:00
0,0,60,2026-01-10 20:00:00
0,0,59,2025-08-30 20:00:00
0,0,58,2026-01-10 04:00:00
0,0,59,2026-02-01 00:00:00
0,0,58,2025-12-14 16:00:00
3,2,56,2025-09-27 20:00:00
3,0,56,2025-09-27 00:00:00
0,0,59,2025-09-27 00:00:00
0,0,60,2026-02-01 08:00:00
3,1,56,2025-08-30 04:00:00
0,0,58,2025-12-14 04:00:00
0,0,57,2025-12-14 04:00:00
3,0,57,2025-08-30 16:00:00
0,0,59,2026-02-01 12:00:00
0,0,57,2025-08-30 20:00:00
0,0,59,2026-01-10 12:00:00
0,0,60,2025-02-07 20:00:00
3,0,57,2025-02-07 16:00:00
3,1,56,2025-10-21 00:00:00
0,0,58,2025-09-27 20:00:00
3,0,58,2025-10-21 12:00:00
3,0,57,2025-10-21 12:00:00
0,0,60,2025-10-21 16:00:00
3,2,56,2025-12-14 08:00:00
0,0,59,2025-12-14 04:00:00
0,0,58,2026-01-10 08:00:00
3,2,56,2026-01-10 08:00:00
0,0,60,2025-10-21 20:00:00
0,0,59,2025-08-30 12:00:00
0,0,60,2026-02-01 12:00:00
0,0,59,2025-02-07 20:00:00
0,0,60,2025-09-27 04:00:00
0,0,60,2025-02-07 16:00:00
0,0,57,2025-08-30 00:00:00
3,0,56,2025-12-14 00:00:00
0,0,59,2025-10-21 00:00:00
0,0,60,2025-10-21 00:00:00
3,0,57,2025-12-14 12:00:00
0,0,59,2025-10-21 16:00:00
0,0,58,2026-02-01 04:00:00
1,0,60,2026-01-10 12:00:00
0,0,58,2025-02-07 20:00:00
0,0,60,2025-10-21 04:00:00
0,0,59,2025-12-14 20:00:00
3,0,57,2025-02-07 08:00:00
0,0,57,2025-10-21 00:00:00
3,3,56,2025-12-14 16:00:00
0,0,57,2025-12-14 16:00:00
0,0,58,2025-09-27 00:00:00
0,0,58,2026-02-01 08:00:00
0,0,59,2025-09-27 12:00:00
3,0,58,2025-09-27 08:00:00
0,0,60,2025-09-27 08:00:00
3,0,57,2025-08-30 12:00:00
4,4,32,2026-01-10 12:00:00
1,0,34,2026-01-10 12:00:00
2,2,33,2025-12-14 00:00:00
2,0,35,2026-02-01 00:00:00
0,0,31,2025-10-21 00:00:00
4,4,32,2025-12-14 16:00:00
2,0,35,2025-09-27 20:00:00
2,2,33,2026-02-01 08:00:00
3,0,31,2025-10-21 08:00:00
0,0,34,2026-02-01 08:00:00
2,0,35,2025-08-30 04:00:00
2,0,31,2025-09-27 08:00:00
1,0,34,2025-09-27 08:00:00
0,0,34,2025-12-14 04:00:00
2,3,33,2025-08-30 20:00:00
2,0,33,2026-01-10 04:00:00
4,3,32,2026-02-01 20:00:00
0,0,34,2026-02-01 20:00:00
2,1,33,2025-09-27 04:00:00
4,2,32,2025-09-27 04:00:00
2,3,33,2025-02-07 16:00:00
4,4,32,2025-09-27 16:00:00
0,0,31,2025-12-14 16:00:00
1,0,31,2025-10-21 12:00:00
4,4,32,2026-02-01 08:00:00
1,0,31,2025-09-27 12:00:00
0,0,31,2025-02-07 00:00:00
0,0,34,2026-02-01 04:00:00
2,0,33,2026-02-01 20:00:00
2,0,35,2026-01-10 04:00:00
4,2,32,2025-12-14 00:00:00
3,0,31,2025-09-27 16:00:00
2,0,35,2025-10-21 08:00:00
2,1,35,2025-02-07 12:00:00
3,0,31,2026-01-10 16:00:00
2,0,35,2025-10-21 20:00:00
2,0,35,2026-01-10 00:00:00
2,0,35,2026-02-01 20:00:00
0,0,31,2025-10-21 04:00:00
4,3,32,2025-08-30 00:00:00
4,3,32,2025-12-14 20:00:00
2,0,35,2025-12-14 20:00:00
2,0,33,2026-02-01 00:00:00
2,0,35,2025-09-27 16:00:00
1,0,34,2025-10-21 12:00:00
2,0,35,2025-12-14 12:00:00
0,1,34,2025-10-21 16:00:00
2,0,31,2025-08-30 04:00:00
2,3,33,2025-08-30 16:00:00
2,1,35,2025-08-30 12:00:00
0,0,34,2025-02-07 04:00:00
1,0,34,2026-02-01 12:00:00
1,0,34,2025-08-30 08:00:00
2,3,33,2026-02-01 16:00:00
0,1,34,2026-02-01 16:00:00
4,4,32,2025-02-07 08:00:00
4,1,32,2025-10-21 00:00:00
2,0,35,2025-02-07 08:00:00
2,3,33,2025-12-14 12:00:00
4,2,32,2025-09-27 00:00:00
4,4,32,2025-10-21 08:00:00
1,4,33,2025-10-21 16:00:00
2,3,33,2026-01-10 16:00:00
2,0,33,2025-02-07 00:00:00
0,0,34,2025-10-21 20:00:00
2,3,33,2025-10-21 04:00:00
0,0,31,2025-09-27 04:00:00
0,0,34,2025-09-27 04:00:00
4,4,32,2025-02-07 16:00:00
2,0,35,2025-08-30 00:00:00
0,0,34,2025-08-30 00:00:00
0,0,31,2025-12-14 00:00:00
1,0,34,2025-10-21 08:00:00
4,2,32,2025-08-30 04:00:00
4,4,32,2026-01-10 16:00:00
2,0,31,2025-12-14 08:00:00
2,0,35,2025-02-07 04:00:00
0,0,31,2026-01-10 20:00:00
4,4,32,2026-02-01 12:00:00
4,4,32,2025-08-30 20:00:00
0,0,31,2026-02-01 20:00:00
0,0,34,2025-02-07 16:00:00
0,0,31,2025-08-30 00:00:00
2,3,33,2025-02-07 08:00:00
2,0,33,2025-10-21 00:00:00
0,0,34,2026-02-01 00:00:00
4,4,32,2025-09-27 20:00:00
0,0,34,2025-09-27 00:00:00
4,2,32,2026-02-01 04:00:00
0,0,34,2025-02-07 00:00:00
2,3,33,2025-08-30 08:00:00
2,0,35,2025-08-30 20:00:00
0,2,34,2025-08-30 20:00:00
0,0,34,2026-01-10 00:00:00
2,0,35,2025-10-21 04:00:00
0,0,31,2025-02-07 20:00:00
0,0,31,2025-02-07 16:00:00
2,3,33,2025-09-27 20:00:00
3,0,31,2025-12-14 12:00:00
2,2,33,2025-08-30 04:00:00
1,0,31,2025-02-07 12:00:00
2,3,33,2025-09-27 08:00:00
2,0,35,2025-12-14 04:00:00
2,2,33,2025-10-21 20:00:00
4,4,32,2025-08-30 16:00:00
1,3,33,2026-02-01 12:00:00
2,0,35,2026-02-01 12:00:00
3,0,31,2026-02-01 12:00:00
4,4,32,2025-08-30 08:00:00
3,0,31,2025-08-30 08:00:00
0,0,31,2025-08-30 20:00:00
2,3,33,2025-02-07 20:00:00
4,4,32,2025-10-21 04:00:00
2,0,35,2025-09-27 04:00:00
2,4,33,2025-09-27 16:00:00
3,2,32,2026-02-01 00:00:00
2,0,35,2025-10-21 00:00:00
4,4,32,2025-10-21 16:00:00
2,1,33,2025-12-14 04:00:00
4,4,32,2026-01-10 08:00:00
3,0,31,2025-08-30 16:00:00
0,0,31,2025-10-21 20:00:00
2,2,33,2025-02-07 04:00:00
2,3,33,2026-01-10 20:00:00
3,0,31,2025-08-30 12:00:00
1,1,34,2025-08-30 12:00:00
2,0,33,2026-01-10 00:00:00
1,0,31,2026-01-10 12:00:00
0,0,34,2025-02-07 20:00:00
2,2,33,2025-08-30 00:00:00
4,4,32,2025-12-14 12:00:00
2,0,35,2026-02-01 08:00:00
3,0,31,2025-10-21 16:00:00
1,3,33,2025-02-07 12:00:00
4,4,32,2025-02-07 12:00:00
2,0,35,2026-01-10 16:00:00
2,0,35,2025-08-30 16:00:00
2,0,35,2026-01-10 08:00:00
0,0,31,2026-02-01 04:00:00
2,0,35,2026-01-10 20:00:00
2,0,35,2025-08-30 08:00:00
1,3,33,2026-01-10 12:00:00
2,0,35,2026-02-01 16:00:00
0,0,31,2025-12-14 20:00:00
0,1,34,2025-09-27 20:00:00
0,0,31,2025-09-27 00:00:00
2,2,33,2025-12-14 08:00:00
4,4,32,2025-09-27 08:00:00
2,0,35,2025-12-14 08:00:00
0,0,31,2025-12-14 04:00:00
2,3,33,2026-01-10 08:00:00
4,3,32,2025-02-07 04:00:00
0,0,31,2025-02-07 04:00:00
4,3,32,2025-02-07 20:00:00
2,0,35,2025-02-07 20:00:00
2,0,35,2025-02-07 16:00:00
4,4,32,2026-02-01 16:00:00
2,3,33,2025-12-14 16:00:00
1,4,33,2025-10-21 12:00:00
4,4,32,2025-09-27 12:00:00
0,0,34,2026-01-10 16:00:00
0,0,34,2025-12-14 20:00:00
1,0,31,2025-02-07 08:00:00
2,0,35,2025-12-14 16:00:00
2,0,35,2025-10-21 12:00:00
2,1,33,2025-09-27 00:00:00
2,0,35,2025-09-27 00:00:00
2,1,35,2025-09-27 12:00:00
1,0,34,2025-02-07 12:00:00
1,2,34,2025-09-27 12:00:00
2,1,35,2025-09-27 08:00:00
4,4,32,2025-10-21 20:00:00
0,2,34,2025-08-30 16:00:00
0,0,34,2026-01-10 04:00:00
0,0,31,2026-02-01 00:00:00
1,0,34,2025-02-07 08:00:00
0,2,34,2025-09-27 16:00:00
0,1,34,2025-12-14 16:00:00
0,1,34,2025-12-14 12:00:00
2,4,33,2025-10-21 08:00:00
2,0,31,2026-02-01 08:00:00
1,4,33,2025-09-27 12:00:00
4,4,32,2025-12-14 08:00:00
0,0,34,2025-12-14 08:00:00
4,2,32,2025-12-14 04:00:00
2,0,33,2026-02-01 04:00:00
4,0,32,2025-02-07 00:00:00
2,0,35,2026-02-01 04:00:00
1,0,34,2026-01-10 08:00:00
1,4,33,2025-08-30 12:00:00
0,0,34,2026-01-10 20:00:00
0,0,31,2026-01-10 00:00:00
2,0,35,2026-01-10 12:00:00
0,0,34,2025-10-21 04:00:00
0,2,33,2025-12-14 20:00:00
0,0,31,2026-02-01 16:00:00
2,0,35,2025-12-14 00:00:00
0,0,34,2025-12-14 00:00:00
0,0,31,2025-09-27 20:00:00
0,0,34,2025-08-30 04:00:00
1,0,31,2026-01-10 08:00:00
4,4,32,2025-08-30 12:00:00
4,1,32,2026-01-10 00:00:00
4,2,32,2026-01-10 04:00:00
0,0,31,2026-01-10 04:00:00
0,0,34,2025-10-21 00:00:00
4,4,32,2025-10-21 12:00:00
2,0,35,2025-10-21 16:00:00
2,0,35,2025-02-07 00:00:00
4,4,32,2026-01-10 20:00:00
0,0,53,2025-02-07 20:00:00
0,0,52,2025-10-21 12:00:00
0,0,51,2025-08-30 08:00:00
0,0,55,2025-09-27 04:00:00
0,0,54,2025-08-30 00:00:00
0,0,54,2025-02-07 20:00:00
0,0,54,2026-02-01 16:00:00
0,0,52,2026-01-10 08:00:00
0,0,52,2025-12-14 08:00:00
0,0,52,2025-12-14 16:00:00
0,0,54,2025-08-30 12:00:00
0,0,52,2026-01-10 04:00:00
0,0,51,2026-02-01 04:00:00
0,0,53,2025-08-30 00:00:00
0,0,53,2025-12-14 20:00:00
0,0,51,2025-09-27 16:00:00
0,0,55,2025-12-14 20:00:00
0,0,52,2025-02-07 08:00:00
0,0,54,2025-09-27 04:00:00
0,0,52,2026-02-01 00:00:00
0,0,51,2026-02-01 20:00:00
0,0,53,2025-09-27 12:00:00
0,0,54,2025-02-07 04:00:00
0,0,51,2025-10-21 00:00:00
0,0,51,2026-02-01 16:00:00
0,0,51,2025-09-27 00:00:00
0,0,51,2025-12-14 04:00:00
0,0,53,2025-02-07 00:00:00
0,0,54,2025-12-14 00:00:00
0,0,54,2026-01-10 12:00:00
0,0,55,2026-02-01 00:00:00
0,0,53,2025-02-07 12:00:00
0,0,54,2025-10-21 08:00:00
0,0,53,2025-12-14 08:00:00
0,0,53,2025-08-30 16:00:00
0,0,55,2025-09-27 08:00:00
0,0,51,2025-09-27 08:00:00
0,0,55,2026-01-10 12:00:00
0,0,53,2025-10-21 04:00:00
0,0,55,2025-09-27 16:00:00
0,0,52,2025-09-27 20:00:00
0,0,52,2025-08-30 04:00:00
0,0,52,2025-10-21 20:00:00
0,0,55,2026-02-01 12:00:00
0,0,51,2026-02-01 12:00:00
0,0,54,2026-02-01 00:00:00
0,0,55,2025-10-21 16:00:00
0,0,51,2025-12-14 12:00:00
0,0,51,2026-01-10 08:00:00
0,0,54,2025-09-27 08:00:00
0,0,51,2026-01-10 12:00:00
0,0,51,2026-02-01 08:00:00
0,0,53,2025-02-07 16:00:00
0,0,55,2025-09-27 20:00:00
0,0,51,2025-12-14 20:00:00
0,0,52,2025-02-07 04:00:00
0,0,51,2025-10-21 16:00:00
0,0,52,2025-09-27 00:00:00
0,0,54,2025-02-07 16:00:00
0,0,53,2025-08-30 20:00:00
0,0,53,2026-01-10 00:00:00
0,0,53,2026-01-10 12:00:00
0,0,54,2026-02-01 04:00:00
0,0,53,2025-10-21 00:00:00
0,0,55,2025-08-30 08:00:00
0,0,51,2025-08-30 16:00:00
0,0,54,2026-02-01 12:00:00
0,0,55,2025-12-14 00:00:00
0,0,51,2025-08-30 12:00:00
0,0,51,2025-12-14 08:00:00
0,0,53,2026-02-01 12:00:00
0,0,54,2025-12-14 16:00:00
0,0,53,2025-08-30 08:00:00
0,0,54,2026-02-01 08:00:00
0,0,52,2025-09-27 16:00:00
0,0,55,2025-10-21 20:00:00
0,0,51,2026-02-01 00:00:00
0,0,52,2025-08-30 00:00:00
0,0,55,2025-08-30 20:00:00
0,0,55,2026-01-10 20:00:00
0,0,51,2025-02-07 04:00:00
0,0,54,2025-10-21 16:00:00
0,0,55,2026-01-10 16:00:00
0,0,53,2025-12-14 04:00:00
0,0,51,2025-02-07 16:00:00
0,0,53,2026-02-01 04:00:00
0,0,53,2025-10-21 20:00:00
0,0,53,2026-01-10 20:00:00
0,0,52,2025-08-30 12:00:00
0,0,52,2026-01-10 12:00:00
0,0,53,2026-01-10 04:00:00
0,0,55,2026-02-01 04:00:00
0,0,52,2026-02-01 04:00:00
0,0,53,2025-02-07 08:00:00
0,0,54,2025-09-27 20:00:00
0,0,53,2025-09-27 20:00:00
0,0,52,2025-08-30 08:00:00
0,0,53,2026-02-01 08:00:00
0,0,52,2025-08-30 16:00:00
0,0,55,2025-02-07 04:00:00
0,0,53,2026-01-10 16:00:00
0,0,54,2026-02-01 20:00:00
0,0,54,2025-10-21 00:00:00
0,0,54,2026-01-10 16:00:00
0,0,54,2025-12-14 12:00:00
0,0,55,2025-09-27 12:00:00
0,0,52,2025-09-27 08:00:00
0,0,54,2025-10-21 04:00:00
0,0,54,2025-02-07 12:00:00
0,0,55,2025-02-07 08:00:00
0,0,53,2025-08-30 04:00:00
0,0,52,2026-02-01 16:00:00
0,0,54,2026-01-10 08:00:00
0,0,54,2026-01-10 04:00:00
0,0,53,2025-09-27 04:00:00
0,0,52,2026-02-01 08:00:00
0,0,55,2025-10-21 12:00:00
0,0,53,2025-09-27 16:00:00
0,0,55,2025-08-30 04:00:00
0,0,54,2025-02-07 00:00:00
0,0,54,2025-02-07 08:00:00
0,0,54,2025-08-30 20:00:00
0,0,55,2026-01-10 00:00:00
0,0,53,2025-02-07 04:00:00
0,0,51,2025-12-14 00:00:00
0,0,55,2025-10-21 04:00:00
0,0,51,2025-10-21 04:00:00
0,0,55,2026-01-10 04:00:00
0,0,54,2025-09-27 16:00:00
0,0,52,2025-12-14 20:00:00
0,0,53,2025-09-27 00:00:00
0,0,53,2025-12-14 12:00:00
0,0,52,2025-09-27 04:00:00
0,0,52,2026-01-10 20:00:00
0,0,53,2025-09-27 08:00:00
0,0,52,2026-01-10 16:00:00
0,0,54,2025-09-27 00:00:00
0,0,55,2025-12-14 04:00:00
0,0,52,2025-09-27 12:00:00
0,0,55,2025-12-14 08:00:00
0,0,52,2025-10-21 04:00:00
0,0,51,2025-02-07 12:00:00
0,0,54,2025-10-21 12:00:00
0,0,54,2025-08-30 08:00:00
0,0,51,2025-02-07 08:00:00
0,0,51,2025-09-27 04:00:00
0,0,55,2025-08-30 00:00:00
0,0,55,2025-08-30 16:00:00
0,0,52,2025-02-07 16:00:00
0,0,52,2025-12-14 12:00:00
0,0,55,2025-08-30 12:00:00
0,0,55,2025-02-07 12:00:00
0,0,53,2026-02-01 20:00:00
0,0,51,2025-10-21 12:00:00
0,0,53,2026-02-01 16:00:00
0,0,53,2025-12-14 00:00:00
0,0,54,2025-10-21 20:00:00
0,0,55,2025-02-07 00:00:00
0,0,52,2025-02-07 00:00:00
0,0,53,2025-10-21 16:00:00
0,0,52,2026-02-01 20:00:00
0,0,52,2025-10-21 08:00:00
0,0,55,2025-02-07 20:00:00
0,0,52,2025-10-21 16:00:00
0,0,53,2026-01-10 08:00:00
0,0,54,2025-09-27 12:00:00
0,0,55,2025-12-14 16:00:00
0,0,55,2026-02-01 08:00:00
0,1,51,2025-09-27 20:00:00
0,0,51,2025-08-30 04:00:00
0,0,53,2025-12-14 16:00:00
0,0,51,2025-02-07 00:00:00
0,0,52,2026-02-01 12:00:00
0,0,54,2025-12-14 04:00:00
0,0,55,2026-01-10 08:00:00
0,0,53,2025-08-30 12:00:00
0,0,51,2025-12-14 16:00:00
0,0,52,2025-02-07 12:00:00
0,0,53,2026-02-01 00:00:00
0,0,51,2025-10-21 20:00:00
0,0,54,2025-08-30 04:00:00
0,0,54,2025-08-30 16:00:00
0,0,55,2025-10-21 08:00:00
0,0,51,2026-01-10 20:00:00
0,0,51,2025-10-21 08:00:00
0,0,52,2025-08-30 20:00:00
0,0,54,2026-01-10 20:00:00
0,0,55,2025-10-21 00:00:00
0,0,52,2025-10-21 00:00:00
0,0,55,2025-09-27 00:00:00
0,0,51,2026-01-10 16:00:00
0,0,55,2025-12-14 12:00:00
0,0,51,2025-09-27 12:00:00
0,0,51,2026-01-10 04:00:00
0,0,53,2025-10-21 12:00:00
0,0,54,2025-12-14 20:00:00
0,0,53,2025-10-21 08:00:00
0,0,51,2025-08-30 00:00:00
0,0,55,2026-02-01 20:00:00
0,0,51,2025-08-30 20:00:00
0,0,51,2025-02-07 20:00:00
0,0,52,2025-02-07 20:00:00
0,0,55,2026-02-01 16:00:00
0,0,55,2025-02-07 16:00:00
0,0,52,2025-12-14 04:00:00
0,0,51,2026-01-10 00:00:00
0,0,52,2026-01-10 00:00:00
0,0,54,2026-01-10 00:00:00
0,0,52,2025-12-14 00:00:00
0,0,54,2025-12-14 08:00:00
3,0,66,2025-08-30 08:00:00
0,0,66,2025-08-30 20:00:00
0,0,67,2026-01-10 12:00:00
0,0,69,2025-09-27 04:00:00
0,0,69,2025-10-21 04:00:00
0,0,70,2025-10-21 00:00:00
0,0,66,2025-09-27 20:00:00
0,0,70,2025-10-21 08:00:00
0,0,69,2026-02-01 08:00:00
0,0,70,2025-09-27 08:00:00
0,0,66,2025-12-14 08:00:00
0,0,67,2025-12-14 08:00:00
0,0,67,2026-02-01 04:00:00
1,0,69,2025-08-30 12:00:00
0,0,66,2026-02-01 12:00:00
0,0,67,2026-01-10 04:00:00
0,0,67,2025-02-07 16:00:00
0,0,66,2025-09-27 16:00:00
0,0,67,2025-09-27 16:00:00
0,0,68,2025-12-14 00:00:00
3,0,70,2025-10-21 12:00:00
0,0,68,2025-12-14 16:00:00
0,0,70,2025-09-27 00:00:00
0,0,69,2025-10-21 08:00:00
0,0,69,2025-08-30 04:00:00
0,0,68,2025-02-07 04:00:00
0,0,68,2026-01-10 20:00:00
0,0,70,2025-08-30 20:00:00
0,0,70,2025-02-07 16:00:00
0,0,66,2026-02-01 16:00:00
0,0,69,2025-08-30 00:00:00
0,0,67,2025-12-14 20:00:00
0,0,69,2026-02-01 00:00:00
0,0,67,2025-12-14 16:00:00
0,0,67,2025-10-21 12:00:00
0,0,68,2025-09-27 00:00:00
3,0,66,2025-10-21 08:00:00
3,0,70,2025-09-27 12:00:00
1,0,69,2025-02-07 12:00:00
0,0,69,2025-09-27 08:00:00
0,0,70,2026-02-01 04:00:00
0,0,66,2026-01-10 08:00:00
0,0,66,2025-02-07 04:00:00
0,0,69,2025-02-07 04:00:00
0,0,67,2025-02-07 04:00:00
0,0,67,2026-02-01 12:00:00
0,0,67,2025-08-30 20:00:00
0,0,70,2026-01-10 04:00:00
0,0,66,2025-09-27 04:00:00
0,0,66,2025-10-21 04:00:00
0,0,68,2025-02-07 08:00:00
0,0,70,2025-09-27 20:00:00
0,0,70,2025-12-14 16:00:00
0,0,68,2025-10-21 12:00:00
0,0,69,2025-09-27 00:00:00
0,0,70,2026-02-01 08:00:00
0,0,69,2025-10-21 16:00:00
0,0,70,2026-01-10 20:00:00
0,0,68,2026-02-01 12:00:00
0,0,69,2026-01-10 00:00:00
0,0,67,2025-08-30 08:00:00
3,0,66,2026-01-10 12:00:00
0,1,69,2026-01-10 12:00:00
0,0,68,2025-02-07 20:00:00
0,0,67,2026-02-01 16:00:00
0,0,69,2025-10-21 00:00:00
1,0,69,2025-10-21 12:00:00
0,0,67,2025-10-21 08:00:00
0,0,69,2026-01-10 16:00:00
0,0,70,2025-12-14 08:00:00
0,0,68,2026-01-10 00:00:00
0,0,66,2026-01-10 04:00:00
0,0,66,2025-02-07 20:00:00
0,0,67,2025-02-07 20:00:00
0,0,68,2025-10-21 00:00:00
0,0,66,2026-02-01 08:00:00
0,0,70,2026-01-10 08:00:00
0,0,66,2025-10-21 20:00:00
0,0,69,2025-02-07 00:00:00
0,0,69,2026-02-01 04:00:00
0,0,69,2026-01-10 08:00:00
3,0,66,2025-08-30 12:00:00
0,0,69,2026-01-10 04:00:00
0,0,68,2026-02-01 20:00:00
0,0,70,2025-09-27 04:00:00
0,0,70,2025-08-30 00:00:00
0,0,69,2026-02-01 16:00:00
0,0,70,2025-12-14 00:00:00
0,0,69,2025-09-27 20:00:00
0,0,68,2025-09-27 20:00:00
0,0,67,2025-02-07 12:00:00
0,0,67,2025-09-27 12:00:00
0,0,67,2026-01-10 16:00:00
0,0,68,2025-08-30 04:00:00
0,0,70,2025-02-07 00:00:00
3,0,66,2025-08-30 16:00:00
0,0,69,2025-10-21 20:00:00
0,0,68,2025-02-07 00:00:00
0,0,68,2026-02-01 04:00:00
0,0,66,2026-01-10 00:00:00
0,0,68,2026-01-10 12:00:00
0,0,69,2025-02-07 20:00:00
0,0,69,2025-02-07 16:00:00
0,0,70,2025-02-07 08:00:00
0,0,70,2026-02-01 00:00:00
0,0,69,2025-12-14 00:00:00
3,0,66,2025-10-21 12:00:00
0,0,70,2025-02-07 12:00:00
0,0,67,2025-08-30 04:00:00
0,0,67,2025-08-30 16:00:00
0,0,68,2026-01-10 08:00:00
0,0,69,2026-02-01 12:00:00
3,0,70,2025-08-30 08:00:00
0,0,70,2025-10-21 04:00:00
0,0,66,2025-02-07 16:00:00
0,0,66,2025-12-14 20:00:00
0,0,66,2025-12-14 00:00:00
0,0,66,2025-12-14 16:00:00
0,0,67,2025-09-27 20:00:00
0,0,70,2025-12-14 12:00:00
0,0,66,2025-12-14 12:00:00
0,0,68,2025-10-21 16:00:00
3,0,66,2025-09-27 08:00:00
0,0,66,2025-12-14 04:00:00
0,0,69,2025-08-30 16:00:00
0,0,67,2025-10-21 20:00:00
0,0,68,2025-10-21 20:00:00
0,0,70,2025-02-07 04:00:00
0,0,69,2025-08-30 08:00:00
0,0,67,2025-08-30 00:00:00
0,0,68,2025-12-14 20:00:00
0,0,66,2026-02-01 00:00:00
0,0,69,2025-09-27 16:00:00
0,0,69,2025-12-14 16:00:00
0,0,69,2025-12-14 12:00:00
0,0,67,2025-09-27 00:00:00
0,0,67,2025-12-14 12:00:00
0,0,68,2026-02-01 08:00:00
0,0,70,2025-08-30 04:00:00
0,0,66,2026-01-10 16:00:00
0,0,66,2025-02-07 00:00:00
0,0,68,2025-08-30 16:00:00
0,0,68,2025-08-30 12:00:00
0,0,66,2025-08-30 00:00:00
0,0,69,2025-02-07 08:00:00
0,0,68,2025-09-27 16:00:00
0,0,67,2026-02-01 08:00:00
0,0,66,2025-10-21 16:00:00
0,0,67,2025-10-21 16:00:00
0,0,70,2026-01-10 16:00:00
3,0,66,2025-02-07 12:00:00
0,0,67,2025-09-27 08:00:00
0,0,68,2025-12-14 08:00:00
0,0,70,2025-12-14 04:00:00
0,0,66,2026-02-01 04:00:00
3,0,70,2025-08-30 12:00:00
0,0,70,2026-02-01 12:00:00
0,0,68,2025-08-30 08:00:00
0,0,70,2026-02-01 20:00:00
0,0,70,2026-01-10 12:00:00
0,0,69,2026-02-01 20:00:00
0,0,70,2025-02-07 20:00:00
0,0,67,2025-10-21 04:00:00
0,0,70,2025-09-27 16:00:00
0,0,67,2026-02-01 00:00:00
0,0,67,2025-10-21 00:00:00
0,0,68,2026-02-01 00:00:00
0,0,70,2025-08-30 16:00:00
0,0,67,2025-02-07 00:00:00
0,0,66,2026-01-10 20:00:00
0,0,67,2026-01-10 20:00:00
0,0,69,2025-08-30 20:00:00
0,0,67,2026-01-10 00:00:00
0,0,68,2025-08-30 20:00:00
0,0,66,2026-02-01 20:00:00
3,0,66,2025-09-27 12:00:00
0,0,68,2025-12-14 04:00:00
0,0,68,2026-01-10 04:00:00
0,0,68,2025-10-21 04:00:00
0,0,68,2025-02-07 16:00:00
0,0,70,2026-02-01 16:00:00
0,0,69,2025-12-14 20:00:00
0,0,66,2025-02-07 08:00:00
0,0,68,2025-12-14 12:00:00
0,0,66,2025-08-30 04:00:00
0,0,68,2025-02-07 12:00:00
0,0,68,2026-01-10 16:00:00
0,0,67,2025-12-14 04:00:00
0,0,67,2026-01-10 08:00:00
0,0,69,2026-01-10 20:00:00
0,0,70,2026-01-10 00:00:00
0,0,67,2026-02-01 20:00:00
0,0,68,2025-08-30 00:00:00
0,0,66,2025-10-21 00:00:00
0,0,67,2025-12-14 00:00:00
0,0,68,2025-10-21 08:00:00
0,0,70,2025-10-21 16:00:00
1,0,69,2025-09-27 12:00:00
0,0,68,2025-09-27 12:00:00
0,0,69,2025-12-14 08:00:00
0,0,69,2025-12-14 04:00:00
0,0,67,2025-09-27 04:00:00
0,0,68,2025-09-27 04:00:00
0,0,70,2025-12-14 20:00:00
0,0,68,2026-02-01 16:00:00
0,0,67,2025-02-07 08:00:00
0,0,66,2025-09-27 00:00:00
0,0,68,2025-09-27 08:00:00
0,0,70,2025-10-21 20:00:00
0,0,67,2025-08-30 12:00:00
0,0,23,2025-08-30 20:00:00
2,0,24,2025-08-30 08:00:00
2,0,21,2026-01-10 04:00:00
2,0,25,2025-09-27 04:00:00
2,0,24,2025-02-07 20:00:00
2,0,22,2025-02-07 16:00:00
2,0,24,2025-12-14 20:00:00
0,0,23,2026-02-01 00:00:00
2,0,21,2026-02-01 00:00:00
2,0,23,2025-08-30 04:00:00
2,0,22,2025-02-07 12:00:00
4,0,22,2025-09-27 12:00:00
2,0,21,2025-08-30 16:00:00
2,0,21,2026-01-10 08:00:00
2,0,21,2025-02-07 04:00:00
2,0,22,2025-08-30 08:00:00
2,0,24,2026-02-01 20:00:00
2,0,22,2025-12-14 20:00:00
2,0,22,2026-02-01 00:00:00
2,0,24,2025-10-21 00:00:00
0,0,25,2025-12-14 16:00:00
2,0,21,2025-10-21 08:00:00
0,0,23,2026-02-01 04:00:00
4,1,24,2026-02-01 12:00:00
2,0,25,2025-08-30 08:00:00
2,0,25,2026-01-10 12:00:00
2,0,22,2025-02-07 20:00:00
0,0,25,2025-02-07 20:00:00
0,0,25,2025-08-30 00:00:00
2,0,21,2025-12-14 00:00:00
0,0,23,2025-12-14 16:00:00
2,0,22,2025-09-27 20:00:00
2,0,23,2025-12-14 12:00:00
2,0,25,2025-12-14 12:00:00
2,0,21,2025-09-27 00:00:00
2,0,21,2025-12-14 12:00:00
4,2,24,2025-10-21 08:00:00
2,0,23,2025-12-14 08:00:00
2,0,22,2025-09-27 08:00:00
2,0,25,2025-12-14 08:00:00
2,0,21,2025-09-27 08:00:00
2,0,22,2026-02-01 04:00:00
2,0,23,2025-08-30 08:00:00
0,0,23,2026-02-01 20:00:00
2,0,21,2026-01-10 12:00:00
2,0,24,2026-01-10 04:00:00
4,0,24,2026-01-10 12:00:00
0,0,23,2025-10-21 04:00:00
2,0,22,2025-10-21 04:00:00
2,0,22,2025-08-30 00:00:00
0,0,21,2025-12-14 20:00:00
2,0,22,2025-02-07 08:00:00
0,0,25,2025-12-14 00:00:00
0,0,25,2025-09-27 20:00:00
4,1,24,2025-10-21 12:00:00
2,0,22,2025-12-14 12:00:00
2,0,25,2025-10-21 08:00:00
2,0,05,2025-08-06 04:00:00
2,0,03,2025-08-06 00:00:00
1,2,03,2025-08-06 08:00:00
1,0,04,2025-07-31 12:00:00
0,0,01,2025-08-06 04:00:00
0,0,02,2025-08-06 04:00:00
2,0,03,2025-11-21 20:00:00
0,0,02,2025-08-06 20:00:00
0,0,01,2025-11-21 04:00:00
1,0,05,2025-07-31 08:00:00
0,0,01,2025-11-21 00:00:00
1,0,02,2025-08-06 12:00:00
0,0,02,2025-11-21 00:00:00
0,0,01,2025-07-31 20:00:00
1,0,02,2025-08-06 08:00:00
0,0,05,2025-07-31 20:00:00
0,0,02,2025-11-21 16:00:00
0,0,04,2025-11-21 12:00:00
1,2,03,2025-11-21 16:00:00
1,1,03,2025-07-31 16:00:00
0,0,04,2025-08-06 04:00:00
0,0,05,2025-11-21 00:00:00
1,1,03,2025-08-06 16:00:00
1,1,03,2025-08-06 12:00:00
0,0,05,2025-08-06 00:00:00
1,0,01,2025-11-21 12:00:00
0,0,01,2025-11-21 20:00:00
0,0,05,2025-11-21 20:00:00
0,0,02,2025-08-06 00:00:00
0,0,01,2025-08-06 16:00:00
1,0,04,2025-08-06 12:00:00
2,1,03,2025-07-31 20:00:00
0,0,04,2025-11-21 08:00:00
0,1,02,2025-11-21 12:00:00
2,0,03,2025-07-31 00:00:00
2,0,05,2025-07-31 00:00:00
0,0,04,2025-08-06 16:00:00
2,0,05,2025-11-21 08:00:00
1,0,05,2025-07-31 12:00:00
0,0,04,2025-08-06 08:00:00
0,0,01,2025-08-06 00:00:00
1,1,03,2025-11-21 12:00:00
0,0,04,2025-11-21 04:00:00
2,2,03,2025-11-21 08:00:00
1,0,05,2025-08-06 16:00:00
1,0,01,2025-07-31 08:00:00
0,0,05,2025-08-06 20:00:00
0,0,04,2025-11-21 20:00:00
2,0,05,2025-07-31 04:00:00
2,0,03,2025-11-21 00:00:00
0,0,60,2025-08-06 16:00:00
3,0,57,2025-07-31 16:00:00
0,0,60,2025-11-21 20:00:00
0,0,58,2025-07-31 00:00:00
0,0,58,2025-11-21 00:00:00
3,0,58,2025-11-21 12:00:00
1,0,60,2025-11-21 12:00:00
3,0,57,2025-07-31 08:00:00
3,3,56,2025-07-31 16:00:00
0,0,60,2025-07-31 16:00:00
3,0,57,2025-08-06 12:00:00
0,0,60,2025-08-06 20:00:00
0,0,58,2025-07-31 20:00:00
0,0,59,2025-11-21 20:00:00
0,0,59,2025-07-31 00:00:00
3,0,58,2025-08-06 16:00:00
3,0,57,2025-08-06 16:00:00
3,0,57,2025-11-21 08:00:00
0,0,59,2025-08-06 16:00:00
0,0,58,2025-11-21 04:00:00
3,3,56,2025-07-31 20:00:00
3,3,56,2025-11-21 20:00:00
3,2,56,2025-07-31 00:00:00
3,1,59,2025-07-31 08:00:00
3,0,58,2025-08-06 12:00:00
3,3,56,2025-08-06 20:00:00
0,0,59,2025-08-06 04:00:00
0,0,60,2025-08-06 00:00:00
3,3,56,2025-08-06 08:00:00
1,0,60,2025-08-06 08:00:00
0,0,59,2025-11-21 00:00:00
0,0,59,2025-07-31 16:00:00
0,0,58,2025-08-06 04:00:00
3,0,56,2025-08-06 04:00:00
3,0,58,2025-08-06 08:00:00
3,1,56,2025-11-21 00:00:00
1,0,59,2025-08-06 12:00:00
0,0,58,2025-11-21 20:00:00
0,0,59,2025-07-31 20:00:00
0,0,57,2025-07-31 00:00:00
0,0,59,2025-08-06 20:00:00
1,0,60,2025-08-06 12:00:00
0,0,58,2025-08-06 00:00:00
1,1,59,2025-07-31 12:00:00
0,2,59,2025-08-06 08:00:00
0,0,57,2025-11-21 20:00:00
0,0,58,2025-07-31 04:00:00
3,0,57,2025-07-31 04:00:00
0,0,57,2025-11-21 00:00:00
0,0,60,2025-11-21 00:00:00
3,0,58,2025-07-31 08:00:00
3,3,56,2025-07-31 12:00:00
3,0,57,2025-11-21 16:00:00
1,0,60,2025-07-31 08:00:00
0,0,58,2025-08-06 20:00:00
3,0,58,2025-07-31 12:00:00
0,0,57,2025-08-06 00:00:00
0,0,59,2025-08-06 00:00:00
0,0,57,2025-11-21 04:00:00
0,0,58,2025-11-21 16:00:00
3,0,57,2025-11-21 12:00:00
3,3,56,2025-11-21 08:00:00
3,3,56,2025-08-06 12:00:00
0,0,59,2025-07-31 04:00:00
3,0,57,2025-08-06 04:00:00
0,0,59,2025-11-21 04:00:00
3,3,56,2025-11-21 16:00:00
3,0,57,2025-07-31 12:00:00
3,2,56,2025-07-31 04:00:00
3,3,56,2025-11-21 12:00:00
0,0,57,2025-08-06 20:00:00
3,0,56,2025-11-21 04:00:00
3,3,56,2025-08-06 16:00:00
3,3,56,2025-07-31 08:00:00
2,0,60,2025-11-21 08:00:00
3,0,57,2025-07-31 20:00:00
0,0,60,2025-07-31 20:00:00
0,0,60,2025-07-31 04:00:00
0,0,58,2025-11-21 08:00:00
0,2,59,2025-11-21 08:00:00
3,0,58,2025-07-31 16:00:00
0,0,60,2025-08-06 04:00:00
3,0,56,2025-08-06 00:00:00
1,0,60,2025-07-31 12:00:00
3,0,57,2025-08-06 08:00:00
0,0,60,2025-11-21 04:00:00
0,0,60,2025-07-31 00:00:00
0,0,59,2025-11-21 16:00:00
0,0,60,2025-11-21 16:00:00
0,1,59,2025-11-21 12:00:00
4,4,32,2025-07-31 08:00:00
2,0,31,2025-11-21 08:00:00
1,4,33,2025-08-06 12:00:00
4,4,32,2025-07-31 20:00:00
2,3,33,2025-07-31 04:00:00
0,0,34,2025-11-21 00:00:00
4,4,32,2025-11-21 12:00:00
1,0,34,2025-07-31 08:00:00
1,0,34,2025-07-31 16:00:00
4,4,32,2025-08-06 12:00:00
2,0,35,2025-08-06 04:00:00
2,0,35,2025-08-06 20:00:00
2,1,35,2025-07-31 12:00:00
2,0,35,2025-07-31 20:00:00
2,0,35,2025-07-31 04:00:00
2,0,33,2025-11-21 00:00:00
3,0,31,2025-08-06 16:00:00
4,4,32,2025-07-31 16:00:00
2,2,33,2025-07-31 20:00:00
2,1,33,2025-07-31 00:00:00
4,4,32,2025-11-21 16:00:00
4,1,32,2025-08-06 00:00:00
1,0,34,2025-07-31 12:00:00
0,0,31,2025-11-21 04:00:00
3,0,31,2025-07-31 08:00:00
1,0,34,2025-11-21 08:00:00
4,1,31,2025-08-06 12:00:00
4,0,31,2025-07-31 12:00:00
2,2,33,2025-11-21 04:00:00
2,3,33,2025-11-21 16:00:00
0,1,34,2025-11-21 16:00:00
4,4,32,2025-08-06 04:00:00
0,0,34,2025-08-06 20:00:00
4,4,32,2025-07-31 12:00:00
4,4,32,2025-08-06 08:00:00
1,0,34,2025-08-06 08:00:00
2,0,35,2025-11-21 04:00:00
2,3,33,2025-11-21 12:00:00
0,0,31,2025-11-21 20:00:00
0,0,31,2025-07-31 00:00:00
0,0,34,2025-07-31 00:00:00
1,4,33,2025-08-06 16:00:00
4,4,32,2025-08-06 20:00:00
0,0,34,2025-08-06 04:00:00
2,2,33,2025-11-21 20:00:00
2,0,35,2025-11-21 16:00:00
1,0,34,2025-11-21 12:00:00
2,0,35,2025-08-06 12:00:00
2,0,33,2025-08-06 00:00:00
3,0,31,2025-11-21 12:00:00
2,3,33,2025-11-21 08:00:00
2,0,35,2025-07-31 08:00:00
1,0,34,2025-08-06 16:00:00
3,0,31,2025-07-31 16:00:00
2,2,33,2025-08-06 04:00:00
2,3,33,2025-08-06 08:00:00
4,4,32,2025-07-31 04:00:00
2,4,33,2025-07-31 08:00:00
4,4,32,2025-11-21 08:00:00
1,4,33,2025-07-31 12:00:00
0,0,31,2025-08-06 00:00:00
2,0,35,2025-08-06 08:00:00
2,0,35,2025-11-21 20:00:00
0,0,34,2025-07-31 20:00:00
0,0,34,2025-11-21 20:00:00
0,0,31,2025-11-21 16:00:00
4,4,32,2025-08-06 16:00:00
1,3,33,2025-07-31 16:00:00
2,3,33,2025-08-06 20:00:00
2,0,31,2025-08-06 04:00:00
2,0,35,2025-08-06 00:00:00
0,0,34,2025-08-06 00:00:00
0,0,34,2025-11-21 04:00:00
4,4,32,2025-11-21 20:00:00
2,0,35,2025-07-31 00:00:00
2,0,35,2025-07-31 16:00:00
0,0,31,2025-08-06 20:00:00
1,1,34,2025-08-06 12:00:00
0,0,31,2025-07-31 20:00:00
2,0,35,2025-11-21 00:00:00
2,1,35,2025-08-06 16:00:00
2,0,31,2025-07-31 04:00:00
0,0,34,2025-07-31 04:00:00
4,2,32,2025-11-21 00:00:00
2,1,35,2025-11-21 12:00:00
2,1,35,2025-11-21 08:00:00
3,0,31,2025-08-06 08:00:00
4,4,32,2025-11-21 04:00:00
4,1,32,2025-07-31 00:00:00
0,0,31,2025-11-21 00:00:00
0,0,54,2025-08-06 08:00:00
0,0,52,2025-08-06 04:00:00
0,0,52,2025-07-31 16:00:00
0,0,53,2025-11-21 16:00:00
0,0,52,2025-08-06 08:00:00
0,0,52,2025-07-31 00:00:00
0,0,54,2025-07-31 08:00:00
0,0,54,2025-11-21 20:00:00
0,0,53,2025-08-06 00:00:00
0,0,52,2025-11-21 16:00:00
0,0,53,2025-11-21 04:00:00
0,0,52,2025-11-21 04:00:00
0,0,51,2025-07-31 08:00:00
0,0,55,2025-08-06 20:00:00
0,0,54,2025-08-06 04:00:00
0,0,54,2025-08-06 12:00:00
0,0,51,2025-07-31 12:00:00
0,0,51,2025-07-31 04:00:00
0,0,54,2025-07-31 20:00:00
0,0,53,2025-08-06 16:00:00
0,0,52,2025-07-31 08:00:00
0,0,52,2025-07-31 12:00:00
0,0,54,2025-11-21 16:00:00
0,0,52,2025-08-06 00:00:00
0,0,54,2025-08-06 00:00:00
0,0,51,2025-07-31 00:00:00
0,0,51,2025-08-06 16:00:00
0,0,54,2025-11-21 12:00:00
0,0,53,2025-07-31 20:00:00
0,0,53,2025-07-31 04:00:00
0,0,53,2025-07-31 08:00:00
0,0,53,2025-07-31 16:00:00
0,0,53,2025-07-31 12:00:00
0,0,54,2025-11-21 04:00:00
0,0,51,2025-08-06 08:00:00
0,0,51,2025-11-21 20:00:00
0,0,51,2025-08-06 20:00:00
0,0,52,2025-08-06 20:00:00
0,0,55,2025-11-21 12:00:00
0,0,51,2025-11-21 16:00:00
0,0,55,2025-07-31 20:00:00
0,0,55,2025-08-06 08:00:00
0,0,53,2025-11-21 08:00:00
0,0,55,2025-11-21 20:00:00
0,0,51,2025-11-21 08:00:00
0,0,53,2025-08-06 04:00:00
0,0,55,2025-11-21 00:00:00
0,0,51,2025-08-06 04:00:00
0,0,55,2025-07-31 04:00:00
0,0,51,2025-08-06 00:00:00
0,0,55,2025-11-21 08:00:00
0,0,52,2025-11-21 20:00:00
0,0,54,2025-08-06 20:00:00
0,0,51,2025-11-21 04:00:00
0,0,51,2025-07-31 16:00:00
0,0,52,2025-08-06 16:00:00
0,0,51,2025-11-21 12:00:00
0,0,51,2025-11-21 00:00:00
0,0,55,2025-11-21 04:00:00
0,0,53,2025-11-21 00:00:00
0,0,53,2025-11-21 12:00:00
0,0,52,2025-11-21 08:00:00
0,0,53,2025-08-06 20:00:00
0,0,53,2025-08-06 08:00:00
0,0,52,2025-11-21 12:00:00
0,0,52,2025-11-21 00:00:00
0,0,55,2025-08-06 04:00:00
0,0,55,2025-08-06 12:00:00
0,0,52,2025-08-06 12:00:00
0,0,55,2025-07-31 00:00:00
0,0,54,2025-07-31 00:00:00
0,0,54,2025-11-21 08:00:00
0,0,51,2025-07-31 20:00:00
0,0,54,2025-07-31 04:00:00
0,0,53,2025-08-06 12:00:00
0,0,55,2025-11-21 16:00:00
0,0,54,2025-11-21 00:00:00
0,0,55,2025-07-31 16:00:00
0,0,54,2025-07-31 16:00:00
0,0,52,2025-07-31 20:00:00
0,0,55,2025-07-31 12:00:00
0,0,54,2025-07-31 12:00:00
0,0,53,2025-11-21 20:00:00
0,0,55,2025-08-06 00:00:00
0,0,55,2025-08-06 16:00:00
0,0,55,2025-07-31 08:00:00
0,0,54,2025-08-06 16:00:00
0,0,53,2025-07-31 00:00:00
0,0,52,2025-07-31 04:00:00
0,0,51,2025-08-06 12:00:00
0,0,67,2025-07-31 08:00:00
0,0,68,2025-07-31 08:00:00
3,0,66,2025-08-06 12:00:00
3,0,70,2025-07-31 12:00:00
0,0,66,2025-08-06 00:00:00
1,0,69,2025-07-31 12:00:00
0,0,68,2025-07-31 12:00:00
0,0,67,2025-08-06 08:00:00
0,0,69,2025-07-31 20:00:00
0,0,68,2025-11-21 16:00:00
0,0,67,2025-08-06 12:00:00
0,0,68,2025-08-06 04:00:00
0,0,68,2025-08-06 08:00:00
0,0,67,2025-07-31 20:00:00
0,0,70,2025-11-21 16:00:00
0,0,68,2025-11-21 00:00:00
0,0,70,2025-08-06 16:00:00
3,0,66,2025-08-06 16:00:00
0,0,68,2025-08-06 12:00:00
0,0,68,2025-08-06 00:00:00
0,0,66,2025-11-21 20:00:00
0,0,67,2025-11-21 20:00:00
0,0,67,2025-07-31 00:00:00
0,0,69,2025-11-21 12:00:00
0,0,70,2025-08-06 04:00:00
0,0,70,2025-08-06 20:00:00
0,0,66,2025-08-06 20:00:00
3,0,66,2025-08-06 08:00:00
0,0,66,2025-07-31 04:00:00
0,0,67,2025-07-31 16:00:00
1,0,69,2025-08-06 08:00:00
0,0,70,2025-11-21 20:00:00
0,0,68,2025-07-31 20:00:00
0,0,67,2025-11-21 00:00:00
0,0,67,2025-08-06 16:00:00
0,0,68,2025-07-31 16:00:00
0,0,69,2025-08-06 04:00:00
0,0,69,2025-11-21 04:00:00
0,0,69,2025-11-21 20:00:00
0,0,68,2025-11-21 20:00:00
0,0,66,2025-11-21 00:00:00
0,0,68,2025-11-21 08:00:00
0,0,66,2025-08-06 04:00:00
0,0,67,2025-08-06 00:00:00
0,0,69,2025-11-21 16:00:00
1,0,69,2025-07-31 08:00:00
0,0,67,2025-08-06 20:00:00
3,0,66,2025-07-31 12:00:00
0,0,69,2025-07-31 00:00:00
0,0,70,2025-11-21 00:00:00
3,0,66,2025-11-21 12:00:00
0,0,68,2025-11-21 12:00:00
0,0,69,2025-08-06 16:00:00
0,0,67,2025-08-06 04:00:00
0,0,68,2025-08-06 20:00:00
0,0,69,2025-08-06 00:00:00
0,0,69,2025-07-31 04:00:00
0,0,67,2025-07-31 04:00:00
3,0,70,2025-07-31 08:00:00
1,0,69,2025-08-06 12:00:00
0,0,68,2025-07-31 04:00:00
0,0,67,2025-11-21 08:00:00
0,0,69,2025-07-31 16:00:00
3,0,70,2025-08-06 12:00:00
0,0,69,2025-08-06 20:00:00
0,0,68,2025-11-21 04:00:00
0,0,68,2025-07-31 00:00:00
0,0,66,2025-11-21 16:00:00
0,0,66,2025-11-21 04:00:00
0,0,67,2025-11-21 04:00:00
0,0,70,2025-07-31 20:00:00
0,0,70,2025-07-31 04:00:00
0,0,70,2025-07-31 00:00:00
0,0,67,2025-11-21 12:00:00
0,0,69,2025-11-21 08:00:00
0,0,70,2025-07-31 16:00:00
3,0,70,2025-08-06 08:00:00
0,0,66,2025-07-31 00:00:00
3,0,70,2025-11-21 12:00:00
0,0,68,2025-08-06 16:00:00
0,0,70,2025-08-06 00:00:00
0,0,70,2025-11-21 08:00:00
3,0,66,2025-07-31 08:00:00
3,0,66,2025-11-21 08:00:00
3,0,66,2025-07-31 16:00:00
3,0,67,2025-07-31 12:00:00
0,0,70,2025-11-21 04:00:00
0,0,66,2025-07-31 20:00:00
0,0,69,2025-11-21 00:00:00
0,0,67,2025-11-21 16:00:00
2,0,21,2025-07-31 08:00:00
4,0,22,2025-08-06 12:00:00
0,0,25,2025-08-06 00:00:00
2,0,23,2025-07-31 04:00:00
2,0,25,2025-07-31 04:00:00
2,0,21,2025-07-31 00:00:00
2,0,21,2025-08-06 00:00:00
2,0,21,2025-11-21 04:00:00
4,0,24,2025-11-21 12:00:00
2,0,22,2025-08-06 20:00:00
0,0,25,2025-07-31 20:00:00
0,0,25,2025-11-21 20:00:00
0,0,02,2026-02-13 08:00:00
2,0,03,2026-03-11 00:00:00
0,0,04,2026-02-13 20:00:00
2,0,03,2025-01-11 00:00:00
2,0,03,2025-01-11 16:00:00
0,0,05,2025-05-24 00:00:00
0,0,01,2025-05-24 08:00:00
0,0,04,2026-02-13 16:00:00
0,0,05,2025-01-11 20:00:00
0,0,04,2026-03-11 20:00:00
0,0,01,2026-02-13 20:00:00
0,0,02,2025-05-24 16:00:00
0,0,05,2026-02-13 20:00:00
0,1,02,2025-06-01 04:00:00
0,0,02,2025-06-01 00:00:00
0,0,01,2025-01-11 04:00:00
1,0,02,2026-03-11 08:00:00
2,0,05,2025-06-01 04:00:00
1,0,05,2025-05-24 12:00:00
1,2,03,2026-03-11 04:00:00
0,0,02,2025-01-11 12:00:00
1,3,03,2026-03-11 08:00:00
1,0,01,2026-02-13 04:00:00
0,0,01,2025-05-24 00:00:00
0,0,04,2025-05-24 04:00:00
2,0,05,2026-02-13 04:00:00
1,0,02,2025-05-24 12:00:00
0,0,04,2025-05-24 12:00:00
0,0,02,2025-05-24 20:00:00
0,0,01,2025-05-24 04:00:00
0,0,02,2025-05-24 08:00:00
0,0,04,2026-03-11 00:00:00
0,0,02,2026-02-13 16:00:00
2,0,03,2025-05-24 20:00:00
0,0,05,2025-05-24 20:00:00
0,0,02,2025-01-11 08:00:00
2,0,03,2025-05-24 00:00:00
0,0,05,2025-06-01 20:00:00
0,0,04,2025-06-01 08:00:00
0,0,01,2026-03-11 00:00:00
2,0,05,2025-01-11 08:00:00
0,0,04,2025-05-24 20:00:00
0,0,04,2026-03-11 04:00:00
0,0,01,2025-01-11 12:00:00
0,0,02,2025-01-11 20:00:00
0,0,02,2026-03-11 20:00:00
0,0,02,2025-05-24 00:00:00
0,0,04,2025-05-24 08:00:00
2,0,03,2025-01-11 04:00:00
2,2,03,2025-01-11 08:00:00
0,0,05,2026-02-13 00:00:00
0,0,02,2025-01-11 00:00:00
1,0,02,2026-02-13 04:00:00
0,0,01,2025-05-24 16:00:00
0,0,02,2025-05-24 04:00:00
2,0,05,2025-01-11 16:00:00
2,1,03,2026-02-13 04:00:00
0,0,01,2025-06-01 04:00:00
1,1,03,2025-06-01 12:00:00
1,0,05,2026-03-11 16:00:00
0,0,01,2025-01-11 00:00:00
1,2,03,2025-06-01 08:00:00
0,0,04,2026-02-13 00:00:00
1,0,05,2025-06-01 08:00:00
0,0,01,2026-03-11 20:00:00
2,0,03,2026-03-11 20:00:00
2,2,03,2026-02-13 08:00:00
2,2,03,2025-05-24 08:00:00
1,2,03,2025-05-24 12:00:00
1,1,03,2026-03-11 16:00:00
0,0,04,2025-01-11 04:00:00
0,0,05,2025-06-01 00:00:00
0,0,04,2025-01-11 12:00:00
1,0,05,2026-03-11 08:00:00
0,0,01,2026-03-11 16:00:00
0,0,04,2025-06-01 12:00:00
0,0,05,2025-01-11 00:00:00
1,0,05,2026-02-13 16:00:00
2,0,05,2025-05-24 08:00:00
1,1,01,2026-03-11 08:00:00
1,0,04,2026-03-11 08:00:00
0,0,02,2025-06-01 16:00:00
0,0,01,2025-05-24 20:00:00
1,0,02,2026-03-11 12:00:00
1,0,03,2025-06-01 16:00:00
1,0,01,2026-02-13 12:00:00
1,1,03,2025-01-11 12:00:00
0,0,01,2025-01-11 20:00:00
1,0,03,2025-05-24 16:00:00
1,0,01,2025-06-01 12:00:00
2,0,03,2026-02-13 20:00:00
0,0,04,2026-02-13 08:00:00
3,2,56,2026-02-13 16:00:00
0,0,60,2026-02-13 16:00:00
3,0,57,2025-05-24 16:00:00
1,0,60,2026-02-13 12:00:00
0,0,59,2026-03-11 20:00:00
0,0,58,2026-02-13 16:00:00
3,2,56,2025-05-24 08:00:00
3,3,56,2026-03-11 16:00:00
0,0,58,2025-01-11 08:00:00
3,2,56,2025-01-11 20:00:00
3,0,57,2025-06-01 16:00:00
3,1,56,2025-05-24 20:00:00
0,0,60,2025-01-11 12:00:00
0,0,59,2025-05-24 04:00:00
0,0,58,2025-06-01 20:00:00
0,0,58,2025-01-11 04:00:00
3,0,58,2025-05-24 12:00:00
0,0,60,2025-06-01 00:00:00
0,0,60,2026-03-11 16:00:00
3,0,58,2025-06-01 16:00:00
3,1,56,2026-02-13 00:00:00
1,1,59,2026-03-11 12:00:00
1,0,60,2026-03-11 12:00:00
0,0,58,2025-05-24 00:00:00
3,2,56,2026-03-11 20:00:00
3,3,56,2025-06-01 20:00:00
3,2,56,2026-02-13 08:00:00
2,0,60,2025-05-24 08:00:00
3,0,56,2025-01-11 04:00:00
0,0,59,2025-06-01 00:00:00
0,0,59,2025-05-24 12:00:00
0,0,60,2025-01-11 20:00:00
0,0,59,2025-06-01 16:00:00
3,3,56,2025-05-24 16:00:00
0,0,58,2026-02-13 20:00:00
0,0,58,2025-01-11 00:00:00
0,0,57,2025-05-24 00:00:00
0,0,58,2026-02-13 08:00:00
3,0,57,2026-02-13 08:00:00
0,0,59,2026-02-13 04:00:00
3,0,57,2025-05-24 12:00:00
0,0,59,2025-01-11 04:00:00
3,0,57,2025-01-11 08:00:00
0,0,58,2026-02-13 00:00:00
3,0,57,2026-03-11 08:00:00
0,0,59,2025-01-11 12:00:00
1,1,59,2026-03-11 08:00:00
0,0,58,2025-05-24 16:00:00
0,0,57,2026-02-13 20:00:00
0,0,60,2026-02-13 20:00:00
0,0,57,2025-01-11 00:00:00
0,0,57,2026-03-11 20:00:00
3,3,56,2025-06-01 12:00:00
0,0,59,2025-06-01 04:00:00
0,0,60,2025-06-01 04:00:00
0,0,59,2025-01-11 08:00:00
3,0,58,2026-03-11 08:00:00
0,1,59,2026-02-13 12:00:00
0,0,60,2025-05-24 16:00:00
0,0,59,2025-06-01 08:00:00
0,0,57,2026-03-11 00:00:00
0,0,59,2025-05-24 08:00:00
3,0,56,2025-06-01 00:00:00
0,0,57,2025-01-11 04:00:00
0,0,59,2026-03-11 16:00:00
3,2,56,2025-01-11 08:00:00
0,0,60,2025-01-11 08:00:00
0,0,57,2026-03-11 04:00:00
0,0,60,2026-03-11 04:00:00
3,2,56,2025-01-11 12:00:00
3,3,56,2026-03-11 12:00:00
3,0,57,2025-01-11 12:00:00
0,0,59,2025-05-24 16:00:00
3,0,57,2025-06-01 08:00:00
0,0,57,2025-01-11 16:00:00
0,1,59,2026-02-13 08:00:00
0,0,58,2025-06-01 04:00:00
3,3,56,2025-05-24 12:00:00
0,0,58,2025-01-11 20:00:00
0,0,60,2025-05-24 20:00:00
3,0,58,2026-02-13 12:00:00
3,0,57,2026-02-13 12:00:00
1,0,60,2025-06-01 08:00:00
0,0,60,2025-05-24 04:00:00
3,1,56,2026-03-11 00:00:00
0,0,59,2025-01-11 00:00:00
3,1,56,2025-05-24 00:00:00
0,0,60,2025-01-11 16:00:00
0,0,60,2025-05-24 00:00:00
0,0,57,2025-06-01 20:00:00
0,0,59,2025-06-01 20:00:00
0,0,60,2026-02-13 08:00:00
3,0,57,2025-05-24 08:00:00
3,1,56,2025-06-01 04:00:00
0,0,59,2026-03-11 04:00:00
0,0,58,2025-05-24 20:00:00
3,0,56,2026-02-13 04:00:00
0,0,58,2025-01-11 12:00:00
3,3,56,2026-03-11 08:00:00
0,0,60,2025-01-11 00:00:00
0,0,59,2025-05-24 00:00:00
0,0,60,2025-06-01 16:00:00
3,0,58,2026-03-11 12:00:00
3,1,56,2025-05-24 04:00:00
0,0,57,2025-05-24 04:00:00
0,0,60,2026-03-11 20:00:00
3,0,57,2025-06-01 12:00:00
0,0,58,2025-06-01 00:00:00
3,0,58,2026-03-11 16:00:00
0,0,57,2025-05-24 20:00:00
0,0,60,2026-02-13 00:00:00
0,0,60,2026-03-11 00:00:00
3,2,56,2025-01-11 16:00:00
0,0,59,2026-02-13 16:00:00
1,0,60,2025-06-01 12:00:00
0,0,57,2025-06-01 00:00:00
0,0,59,2025-01-11 20:00:00
0,0,59,2025-05-24 20:00:00
3,0,57,2026-03-11 12:00:00
0,0,58,2026-03-11 00:00:00
0,0,59,2026-03-11 00:00:00
3,1,56,2025-01-11 00:00:00
0,0,59,2025-01-11 16:00:00
0,0,57,2026-02-13 04:00:00
0,0,60,2025-06-01 20:00:00
0,0,60,2026-02-13 04:00:00
3,0,58,2025-06-01 12:00:00
3,0,57,2026-02-13 16:00:00
1,0,60,2025-05-24 12:00:00
0,0,58,2026-03-11 04:00:00
3,3,56,2025-06-01 16:00:00
3,1,56,2026-03-11 04:00:00
0,0,57,2026-02-13 00:00:00
1,0,60,2026-03-11 08:00:00
3,2,56,2025-06-01 08:00:00
0,0,58,2025-05-24 04:00:00
0,0,58,2026-02-13 04:00:00
3,0,58,2025-05-24 08:00:00
0,0,57,2025-01-11 20:00:00
0,0,59,2026-02-13 00:00:00
1,0,59,2025-06-01 12:00:00
0,0,57,2025-06-01 04:00:00
3,0,57,2026-03-11 16:00:00
0,0,60,2025-01-11 04:00:00
3,3,56,2026-02-13 12:00:00
3,0,58,2025-06-01 08:00:00
3,2,56,2026-02-13 20:00:00
0,0,59,2026-02-13 20:00:00
0,0,58,2025-01-11 16:00:00
0,0,58,2026-03-11 20:00:00
4,4,32,2026-03-11 16:00:00
2,4,33,2025-06-01 16:00:00
4,4,32,2025-06-01 16:00:00
4,4,32,2026-03-11 04:00:00
2,3,33,2025-05-24 20:00:00
2,3,33,2025-01-11 12:00:00
0,0,31,2025-06-01 20:00:00
0,0,31,2026-02-13 16:00:00
0,0,34,2026-02-13 16:00:00
0,0,34,2025-01-11 04:00:00
3,0,31,2025-06-01 08:00:00
2,0,35,2026-02-13 20:00:00
0,0,31,2025-05-24 00:00:00
0,0,34,2025-05-24 00:00:00
0,0,34,2026-02-13 04:00:00
2,0,35,2026-03-11 16:00:00
4,4,32,2026-03-11 12:00:00
2,0,35,2025-05-24 16:00:00
2,2,33,2026-03-11 20:00:00
0,0,31,2025-01-11 16:00:00
1,4,33,2025-06-01 12:00:00
4,4,32,2026-02-13 16:00:00
1,1,31,2025-06-01 12:00:00
1,0,34,2025-05-24 08:00:00
2,3,33,2025-06-01 04:00:00
1,3,33,2025-05-24 12:00:00
2,0,35,2025-06-01 00:00:00
2,0,35,2026-03-11 04:00:00
4,4,32,2026-03-11 08:00:00
1,2,34,2026-02-13 12:00:00
4,1,32,2026-03-11 00:00:00
0,0,31,2026-02-13 20:00:00
2,0,33,2025-05-24 00:00:00
2,3,33,2026-02-13 08:00:00
1,0,34,2025-05-24 12:00:00
1,2,34,2026-03-11 16:00:00
0,0,31,2025-01-11 20:00:00
0,0,34,2025-05-24 20:00:00
0,0,34,2025-01-11 12:00:00
1,1,34,2026-03-11 08:00:00
2,1,35,2026-02-13 12:00:00
3,0,31,2025-05-24 16:00:00
1,0,31,2026-02-13 12:00:00
0,0,34,2025-05-24 04:00:00
2,0,35,2026-03-11 00:00:00
1,4,33,2026-03-11 16:00:00
3,0,31,2025-05-24 12:00:00
2,2,33,2025-01-11 08:00:00
2,0,35,2025-01-11 08:00:00
2,2,33,2026-03-11 04:00:00
0,0,34,2025-06-01 16:00:00
0,0,34,2026-03-11 04:00:00
1,4,33,2026-03-11 08:00:00
1,0,31,2026-03-11 12:00:00
2,4,33,2025-05-24 16:00:00
4,2,32,2025-05-24 00:00:00
2,2,33,2026-02-13 04:00:00
4,4,32,2025-06-01 20:00:00
2,0,35,2026-02-13 04:00:00
2,1,35,2025-05-24 08:00:00
4,4,32,2025-05-24 12:00:00
0,0,31,2025-06-01 00:00:00
4,3,32,2025-01-11 08:00:00
0,0,34,2025-05-24 16:00:00
4,4,32,2025-06-01 08:00:00
4,1,32,2025-01-11 00:00:00
2,0,35,2025-05-24 00:00:00
0,1,34,2026-03-11 20:00:00
2,0,35,2025-06-01 20:00:00
2,4,33,2026-02-13 16:00:00
2,0,31,2025-05-24 08:00:00
4,4,32,2025-06-01 04:00:00
0,0,31,2026-03-11 04:00:00
4,0,32,2026-02-13 00:00:00
4,4,32,2025-01-11 12:00:00
1,4,33,2026-02-13 12:00:00
1,0,34,2025-06-01 08:00:00
4,4,32,2025-01-11 16:00:00
2,0,35,2025-01-11 16:00:00
0,0,31,2026-03-11 20:00:00
0,0,34,2025-01-11 16:00:00
2,0,35,2026-02-13 08:00:00
0,0,31,2025-06-01 04:00:00
3,0,31,2026-03-11 16:00:00
2,0,35,2025-06-01 16:00:00
2,0,35,2025-05-24 20:00:00
2,0,35,2026-02-13 00:00:00
4,4,32,2026-02-13 12:00:00
2,0,33,2025-05-24 04:00:00
2,0,31,2026-02-13 08:00:00
1,0,34,2025-06-01 12:00:00
4,3,32,2025-06-01 00:00:00
1,4,33,2026-03-11 12:00:00
2,0,35,2025-01-11 12:00:00
0,0,34,2026-02-13 20:00:00
0,0,34,2026-03-11 00:00:00
0,0,34,2025-01-11 00:00:00
4,4,32,2026-02-13 04:00:00
2,1,35,2026-02-13 16:00:00
2,3,33,2025-05-24 08:00:00
4,2,32,2025-01-11 04:00:00
2,0,35,2025-01-11 04:00:00
0,0,34,2025-01-11 08:00:00
0,0,34,2025-01-11 20:00:00
3,0,31,2025-06-01 16:00:00
0,0,31,2025-05-24 20:00:00
2,0,35,2025-05-24 04:00:00
2,0,35,2025-01-11 00:00:00
0,0,34,2025-06-01 20:00:00
4,4,32,2025-06-01 12:00:00
2,0,35,2025-06-01 12:00:00
2,0,33,2026-02-13 00:00:00
2,1,35,2026-03-11 08:00:00
2,0,31,2025-05-24 04:00:00
1,1,34,2026-02-13 08:00:00
1,0,34,2026-03-11 12:00:00
4,4,32,2025-05-24 16:00:00
4,4,32,2025-05-24 08:00:00
0,0,34,2025-06-01 00:00:00
0,0,31,2026-02-13 00:00:00
1,0,31,2026-03-11 08:00:00
2,4,33,2025-06-01 08:00:00
2,0,35,2025-06-01 08:00:00
0,0,31,2026-02-13 04:00:00
2,1,33,2025-01-11 04:00:00
2,0,35,2025-06-01 04:00:00
0,0,31,2025-01-11 04:00:00
0,0,34,2025-06-01 04:00:00
2,0,35,2025-01-11 20:00:00
0,0,34,2026-02-13 00:00:00
2,0,35,2026-03-11 12:00:00
2,0,31,2025-01-11 12:00:00
2,3,33,2026-02-13 20:00:00
2,0,33,2026-03-11 00:00:00
0,0,31,2026-03-11 00:00:00
0,0,31,2025-01-11 00:00:00
2,3,33,2025-06-01 20:00:00
4,4,32,2026-02-13 08:00:00
2,2,33,2025-06-01 00:00:00
2,0,35,2025-05-24 12:00:00
2,1,33,2025-01-11 20:00:00
4,3,32,2025-01-11 20:00:00
2,0,31,2025-01-11 08:00:00
4,4,32,2025-05-24 20:00:00
4,2,32,2025-05-24 04:00:00
4,4,32,2026-02-13 20:00:00
2,0,33,2025-01-11 00:00:00
2,3,33,2025-01-11 16:00:00
4,4,32,2026-03-11 20:00:00
2,0,35,2026-03-11 20:00:00
0,0,51,2026-02-13 20:00:00
0,0,52,2026-02-13 12:00:00
0,0,53,2025-06-01 04:00:00
0,0,55,2025-06-01 16:00:00
0,0,52,2026-03-11 12:00:00
0,0,53,2026-03-11 08:00:00
0,0,54,2025-06-01 12:00:00
0,0,55,2025-01-11 00:00:00
0,0,51,2025-01-11 00:00:00
0,0,54,2025-01-11 00:00:00
0,0,51,2026-03-11 20:00:00
0,0,55,2026-02-13 00:00:00
0,0,53,2026-03-11 16:00:00
0,0,55,2025-06-01 12:00:00
0,0,55,2026-03-11 04:00:00
0,0,52,2025-06-01 12:00:00
0,0,52,2025-05-24 00:00:00
0,0,54,2025-06-01 04:00:00
0,0,55,2025-01-11 12:00:00
0,0,52,2026-03-11 00:00:00
0,0,52,2026-02-13 20:00:00
0,0,53,2025-06-01 00:00:00
0,0,53,2025-05-24 12:00:00
0,0,51,2026-02-13 04:00:00
0,0,52,2025-01-11 20:00:00
0,0,53,2026-03-11 12:00:00
0,0,52,2025-01-11 08:00:00
0,0,54,2026-03-11 04:00:00
0,0,51,2025-01-11 16:00:00
0,0,52,2025-05-24 04:00:00
0,0,54,2026-03-11 20:00:00
0,0,53,2025-06-01 12:00:00
0,0,55,2026-03-11 00:00:00
0,0,51,2025-06-01 16:00:00
0,0,54,2025-06-01 08:00:00
0,0,55,2025-05-24 00:00:00
0,0,55,2025-05-24 04:00:00
0,0,53,2026-02-13 20:00:00
0,0,51,2025-06-01 20:00:00
0,0,55,2025-05-24 16:00:00
0,0,54,2026-02-13 20:00:00
0,0,52,2026-02-13 08:00:00
0,0,53,2026-02-13 12:00:00
0,0,55,2025-06-01 20:00:00
0,0,55,2025-05-24 20:00:00
0,0,51,2025-06-01 04:00:00
0,0,52,2025-06-01 20:00:00
0,0,54,2025-05-24 20:00:00
0,0,55,2025-06-01 00:00:00
0,0,53,2025-01-11 04:00:00
0,0,55,2026-03-11 08:00:00
0,0,51,2025-06-01 08:00:00
0,0,52,2025-06-01 08:00:00
0,0,51,2026-03-11 04:00:00
0,0,55,2025-01-11 04:00:00
0,0,54,2025-05-24 08:00:00
0,0,53,2025-05-24 04:00:00
0,0,52,2025-05-24 20:00:00
0,0,54,2025-01-11 12:00:00
0,0,51,2026-02-13 00:00:00
0,0,53,2025-05-24 08:00:00
0,0,55,2026-02-13 20:00:00
0,0,54,2026-02-13 08:00:00
0,0,53,2026-03-11 04:00:00
0,0,51,2025-01-11 20:00:00
0,0,53,2025-06-01 08:00:00
0,0,51,2026-03-11 16:00:00
0,0,53,2026-03-11 20:00:00
0,0,54,2025-06-01 00:00:00
0,0,54,2025-05-24 12:00:00
0,0,51,2026-03-11 12:00:00
0,0,52,2025-06-01 16:00:00
0,0,53,2025-06-01 16:00:00
0,0,53,2026-02-13 00:00:00
0,0,55,2025-01-11 08:00:00
0,0,54,2026-03-11 16:00:00
0,0,51,2025-05-24 00:00:00
0,0,51,2025-05-24 04:00:00
0,0,52,2025-06-01 04:00:00
0,0,53,2026-02-13 04:00:00
0,0,52,2025-06-01 00:00:00
0,0,52,2026-02-13 00:00:00
0,0,51,2026-02-13 08:00:00
0,0,53,2025-01-11 20:00:00
0,0,54,2026-03-11 08:00:00
0,0,54,2025-01-11 20:00:00
0,0,51,2025-05-24 12:00:00
0,0,52,2025-05-24 12:00:00
0,0,54,2026-03-11 00:00:00
0,0,55,2026-02-13 12:00:00
0,0,54,2025-06-01 16:00:00
0,0,55,2025-06-01 08:00:00
0,0,55,2025-01-11 16:00:00
0,0,51,2025-05-24 20:00:00
0,0,54,2025-06-01 20:00:00
0,0,53,2025-06-01 20:00:00
0,0,55,2025-05-24 12:00:00
0,0,51,2026-02-13 12:00:00
0,0,54,2026-02-13 12:00:00
0,0,51,2026-03-11 08:00:00
0,0,53,2025-05-24 16:00:00
0,0,54,2025-01-11 08:00:00
0,0,54,2025-01-11 16:00:00
0,0,54,2025-05-24 00:00:00
0,0,54,2025-05-24 04:00:00
0,0,51,2025-06-01 00:00:00
0,0,55,2025-01-11 20:00:00
0,0,51,2025-01-11 08:00:00
0,0,51,2025-06-01 12:00:00
0,0,51,2025-01-11 04:00:00
0,0,53,2025-05-24 00:00:00
0,0,53,2026-02-13 16:00:00
0,0,51,2026-03-11 00:00:00
0,0,55,2026-02-13 08:00:00
0,0,55,2026-03-11 12:00:00
0,0,54,2026-03-11 12:00:00
0,0,52,2026-03-11 08:00:00
0,0,52,2025-01-11 04:00:00
0,0,52,2025-05-24 08:00:00
0,0,55,2026-02-13 16:00:00
0,0,55,2026-03-11 16:00:00
0,0,52,2026-03-11 16:00:00
0,0,51,2025-05-24 16:00:00
0,0,52,2025-05-24 16:00:00
0,0,55,2026-02-13 04:00:00
0,0,54,2026-02-13 04:00:00
0,0,53,2025-01-11 12:00:00
0,0,55,2025-05-24 08:00:00
0,0,51,2026-02-13 16:00:00
0,0,53,2026-03-11 00:00:00
0,0,53,2025-01-11 16:00:00
0,0,54,2026-02-13 00:00:00
0,0,54,2025-05-24 16:00:00
0,0,52,2025-01-11 00:00:00
0,0,54,2025-01-11 04:00:00
0,0,52,2025-01-11 16:00:00
0,0,52,2026-02-13 16:00:00
0,0,54,2026-02-13 16:00:00
0,0,55,2026-03-11 20:00:00
0,0,52,2026-03-11 20:00:00
0,0,52,2025-01-11 12:00:00
0,0,53,2026-02-13 08:00:00
0,0,53,2025-01-11 08:00:00
0,0,52,2026-02-13 04:00:00
0,0,53,2025-05-24 20:00:00
0,0,52,2026-03-11 04:00:00
0,0,51,2025-05-24 08:00:00
0,0,55,2025-06-01 04:00:00
0,0,53,2025-01-11 00:00:00
0,0,51,2025-01-11 12:00:00
0,0,67,2025-05-24 12:00:00
0,0,68,2026-02-13 00:00:00
0,0,70,2026-02-13 12:00:00
3,0,66,2026-02-13 12:00:00
0,1,69,2025-06-01 08:00:00
3,0,70,2025-06-01 12:00:00
0,0,69,2025-06-01 00:00:00
0,0,68,2025-06-01 04:00:00
0,0,68,2025-05-24 12:00:00
0,0,68,2025-01-11 08:00:00
3,0,66,2025-06-01 16:00:00
0,0,66,2025-05-24 20:00:00
0,0,66,2026-02-13 00:00:00
0,0,67,2026-02-13 00:00:00
3,0,70,2025-06-01 08:00:00
0,0,66,2026-03-11 00:00:00
0,0,67,2025-05-24 00:00:00
0,0,66,2026-02-13 08:00:00
0,0,70,2026-02-13 00:00:00
0,0,66,2025-01-11 12:00:00
3,0,66,2026-03-11 08:00:00
1,0,69,2026-02-13 12:00:00
0,0,68,2025-05-24 04:00:00
0,0,67,2025-01-11 00:00:00
0,0,68,2025-01-11 00:00:00
0,0,70,2025-01-11 16:00:00
0,0,70,2026-02-13 08:00:00
0,0,68,2025-06-01 20:00:00
0,0,66,2026-02-13 16:00:00
1,0,69,2025-06-01 12:00:00
0,0,68,2025-06-01 12:00:00
0,0,69,2025-05-24 08:00:00
3,0,70,2025-05-24 12:00:00
1,0,69,2026-03-11 08:00:00
0,0,67,2026-03-11 08:00:00
0,0,67,2025-05-24 16:00:00
0,0,66,2025-01-11 00:00:00
0,0,68,2025-01-11 16:00:00
0,0,69,2025-06-01 20:00:00
0,0,68,2026-02-13 08:00:00
0,0,70,2025-06-01 04:00:00
0,0,69,2025-01-11 04:00:00
0,0,69,2026-02-13 00:00:00
0,0,68,2025-05-24 20:00:00
0,0,67,2025-01-11 12:00:00
0,0,70,2025-05-24 16:00:00
0,0,66,2025-01-11 16:00:00
0,0,69,2025-01-11 16:00:00
0,0,69,2026-03-11 20:00:00
0,0,70,2026-02-13 16:00:00
0,0,69,2026-02-13 16:00:00
0,0,68,2026-02-13 16:00:00
0,0,67,2025-01-11 04:00:00
0,0,67,2025-06-01 04:00:00
0,0,67,2025-01-11 08:00:00
0,0,68,2026-03-11 04:00:00
0,0,70,2025-05-24 20:00:00
0,0,68,2026-03-11 08:00:00
0,0,67,2025-05-24 04:00:00
0,0,68,2026-03-11 00:00:00
0,0,67,2026-02-13 08:00:00
0,0,70,2025-06-01 00:00:00
3,0,66,2026-03-11 16:00:00
0,0,70,2025-01-11 08:00:00
0,0,69,2025-01-11 08:00:00
3,0,66,2026-03-11 12:00:00
0,0,68,2025-01-11 12:00:00
0,0,68,2026-02-13 12:00:00
0,0,66,2025-05-24 04:00:00
0,0,70,2026-02-13 20:00:00
0,0,69,2025-01-11 00:00:00
0,0,70,2025-06-01 20:00:00
3,0,66,2025-06-01 12:00:00
0,0,67,2026-02-13 16:00:00
0,0,70,2025-06-01 16:00:00
0,0,68,2025-06-01 16:00:00
0,0,67,2026-03-11 12:00:00
0,0,67,2026-02-13 12:00:00
0,0,67,2025-06-01 08:00:00
0,0,70,2026-03-11 00:00:00
0,0,69,2026-02-13 04:00:00
0,0,67,2025-06-01 12:00:00
0,0,66,2025-01-11 04:00:00
0,0,69,2025-06-01 04:00:00
0,0,69,2026-03-11 16:00:00
0,0,68,2025-06-01 00:00:00
0,0,66,2026-03-11 04:00:00
0,0,70,2025-01-11 12:00:00
0,0,66,2026-02-13 20:00:00
0,0,70,2025-01-11 00:00:00
0,0,68,2025-05-24 00:00:00
0,0,67,2026-02-13 04:00:00
0,0,66,2025-06-01 00:00:00
0,0,69,2025-05-24 04:00:00
0,0,69,2026-03-11 00:00:00
3,0,66,2025-05-24 12:00:00
0,0,66,2025-05-24 16:00:00
0,0,69,2025-05-24 16:00:00
0,0,68,2025-05-24 16:00:00
0,0,68,2026-03-11 20:00:00
0,0,70,2025-01-11 04:00:00
1,0,69,2025-05-24 12:00:00
0,0,66,2025-01-11 20:00:00
0,0,69,2025-05-24 20:00:00
1,0,69,2026-03-11 12:00:00
0,0,69,2026-02-13 20:00:00
0,0,67,2026-02-13 20:00:00
0,0,68,2026-02-13 20:00:00
0,0,66,2025-05-24 00:00:00
0,0,67,2025-01-11 16:00:00
0,0,67,2026-03-11 20:00:00
0,0,66,2025-06-01 04:00:00
0,0,67,2025-06-01 00:00:00
0,0,67,2025-01-11 20:00:00
0,0,68,2025-01-11 20:00:00
0,0,70,2026-03-11 04:00:00
0,0,69,2026-03-11 04:00:00
0,0,67,2025-06-01 16:00:00
0,0,67,2025-05-24 20:00:00
3,0,70,2026-03-11 08:00:00
0,0,68,2026-03-11 12:00:00
3,0,66,2025-06-01 08:00:00
0,0,70,2025-05-24 04:00:00
0,0,69,2026-02-13 08:00:00
0,0,67,2025-05-24 08:00:00
0,0,70,2026-03-11 16:00:00
0,0,68,2025-01-11 04:00:00
0,0,70,2025-01-11 20:00:00
0,0,69,2025-01-11 20:00:00
0,0,67,2026-03-11 04:00:00
3,0,70,2026-03-11 12:00:00
0,0,68,2025-06-01 08:00:00
0,0,70,2025-05-24 00:00:00
0,0,66,2025-06-01 20:00:00
0,0,67,2026-03-11 16:00:00
0,0,68,2026-03-11 16:00:00
0,0,66,2025-01-11 08:00:00
0,0,67,2026-03-11 00:00:00
0,0,66,2026-03-11 20:00:00
0,0,69,2025-05-24 00:00:00
0,0,66,2026-02-13 04:00:00
0,0,70,2025-05-24 08:00:00
3,0,66,2025-05-24 08:00:00
0,0,68,2025-05-24 08:00:00
0,0,69,2025-06-01 16:00:00
0,0,69,2025-01-11 12:00:00
0,0,70,2026-03-11 20:00:00
0,0,70,2026-02-13 04:00:00
0,0,67,2025-06-01 20:00:00
0,0,68,2026-02-13 04:00:00
2,0,21,2025-06-01 00:00:00
2,0,21,2025-05-24 12:00:00
2,0,25,2026-03-11 04:00:00
2,0,24,2026-03-11 04:00:00
2,0,22,2025-06-01 08:00:00
0,0,23,2026-02-13 20:00:00
2,0,22,2026-03-11 00:00:00
2,0,22,2025-01-11 00:00:00
2,0,22,2025-05-24 00:00:00
0,0,23,2025-06-01 20:00:00
2,0,24,2026-02-13 08:00:00
2,0,21,2025-05-24 08:00:00
2,0,21,2025-01-11 04:00:00
2,0,24,2025-01-11 08:00:00
0,0,23,2025-06-01 16:00:00
2,0,21,2025-06-01 16:00:00
0,0,23,2025-05-24 20:00:00
0,0,23,2026-03-11 00:00:00
2,0,23,2026-02-13 08:00:00
2,0,22,2026-02-13 08:00:00
4,0,24,2025-05-24 12:00:00
2,0,22,2025-01-11 08:00:00
2,0,22,2025-01-11 12:00:00
1,0,22,2026-03-11 08:00:00
1,0,23,2026-02-13 12:00:00
2,0,23,2025-06-01 08:00:00
2,0,24,2025-06-01 08:00:00
0,0,23,2025-01-11 00:00:00
1,0,22,2025-06-01 12:00:00
2,0,21,2026-02-13 16:00:00
2,0,22,2025-06-01 16:00:00
1,0,21,2026-03-11 08:00:00
4,1,24,2026-03-11 12:00:00
0,0,01,2025-02-27 20:00:00
0,0,02,2025-09-22 08:00:00
1,1,03,2025-04-15 20:00:00
0,0,02,2025-03-12 04:00:00
0,0,02,2025-03-21 20:00:00
0,0,04,2025-03-12 04:00:00
2,0,05,2025-03-12 04:00:00
0,0,04,2025-02-27 16:00:00
1,2,03,2025-03-12 08:00:00
1,0,01,2025-09-22 12:00:00
1,0,02,2025-03-21 12:00:00
0,0,02,2025-03-12 16:00:00
1,0,02,2025-03-12 08:00:00
1,0,04,2025-03-12 12:00:00
0,0,01,2025-09-22 08:00:00
2,1,03,2025-09-22 04:00:00
1,0,05,2025-03-12 12:00:00
0,0,01,2025-04-15 04:00:00
0,0,02,2025-04-15 04:00:00
0,0,05,2025-02-27 00:00:00
1,0,05,2025-03-21 16:00:00
0,0,04,2025-03-21 04:00:00
1,0,01,2025-02-27 08:00:00
1,1,03,2025-03-21 12:00:00
1,0,05,2025-04-15 16:00:00
1,0,05,2025-09-22 08:00:00
0,0,04,2025-03-12 16:00:00
1,0,04,2025-04-15 12:00:00
0,0,01,2025-03-12 20:00:00
1,0,01,2025-03-12 08:00:00
1,0,04,2025-03-12 08:00:00
2,1,03,2025-03-12 04:00:00
1,1,03,2025-09-22 16:00:00
0,0,04,2025-03-12 00:00:00
0,0,02,2025-02-27 08:00:00
2,0,03,2025-03-12 00:00:00
2,0,03,2025-09-22 20:00:00
0,0,02,2025-04-15 00:00:00
0,0,04,2025-04-15 00:00:00
1,0,04,2025-02-27 12:00:00
0,0,04,2025-03-21 08:00:00
0,0,05,2025-03-21 00:00:00
1,0,05,2025-03-21 08:00:00
0,1,01,2025-03-12 04:00:00
0,0,04,2025-09-22 00:00:00
0,0,01,2025-09-22 20:00:00
1,0,05,2025-03-12 08:00:00
0,0,02,2025-03-21 16:00:00
0,0,04,2025-09-22 08:00:00
2,0,03,2025-03-12 20:00:00
0,0,02,2025-04-15 20:00:00
0,0,02,2025-03-21 00:00:00
0,0,04,2025-03-21 16:00:00
0,0,01,2025-02-27 00:00:00
1,0,05,2025-02-27 08:00:00
1,0,05,2025-02-27 12:00:00
0,0,04,2025-09-22 20:00:00
0,0,04,2025-09-22 12:00:00
0,0,04,2025-02-27 04:00:00
1,0,05,2025-04-15 12:00:00
0,0,04,2025-02-27 20:00:00
2,0,05,2025-09-22 04:00:00
0,0,01,2025-03-21 20:00:00
0,0,01,2025-03-21 00:00:00
2,0,03,2025-02-27 04:00:00
0,0,01,2025-03-21 16:00:00
1,0,02,2025-02-27 12:00:00
1,0,02,2025-04-15 08:00:00
2,2,03,2025-04-15 04:00:00
2,0,05,2025-03-21 04:00:00
0,0,05,2025-03-12 00:00:00
1,0,05,2025-03-21 12:00:00
1,0,04,2025-03-21 12:00:00
1,0,05,2025-09-22 12:00:00
0,0,05,2025-09-22 20:00:00
0,0,01,2025-04-15 00:00:00
1,0,03,2025-03-12 16:00:00
1,0,05,2025-03-12 16:00:00
0,0,01,2025-02-27 04:00:00
1,1,03,2025-04-15 12:00:00
1,1,03,2025-03-21 16:00:00
0,0,05,2025-03-12 20:00:00
0,0,01,2025-02-27 16:00:00
0,0,05,2025-02-27 20:00:00
1,1,01,2025-04-15 08:00:00
0,0,02,2025-03-21 08:00:00
2,0,05,2025-04-15 04:00:00
0,0,01,2025-04-15 20:00:00
0,0,01,2025-03-21 04:00:00
2,0,05,2025-02-27 04:00:00
3,0,57,2025-03-12 08:00:00
3,1,56,2025-03-12 00:00:00
0,1,59,2025-09-22 12:00:00
3,3,56,2025-02-27 20:00:00
0,0,57,2025-04-15 04:00:00
0,0,60,2025-04-15 04:00:00
0,0,60,2025-04-15 20:00:00
3,0,57,2025-02-27 16:00:00
3,0,58,2025-03-12 16:00:00
0,0,60,2025-03-21 20:00:00
0,0,57,2025-03-21 00:00:00
3,1,56,2025-03-21 04:00:00
1,2,59,2025-04-15 12:00:00
3,3,56,2025-03-12 12:00:00
0,0,59,2025-03-12 20:00:00
3,3,56,2025-02-27 12:00:00
1,2,59,2025-03-12 08:00:00
0,0,59,2025-03-12 00:00:00
0,0,60,2025-09-22 08:00:00
3,4,56,2025-09-22 12:00:00
1,0,60,2025-04-15 08:00:00
1,0,60,2025-09-22 12:00:00
1,0,60,2025-02-27 08:00:00
0,0,58,2025-03-21 08:00:00
3,3,56,2025-03-21 08:00:00
3,0,57,2025-03-21 08:00:00
3,2,56,2025-04-15 20:00:00
0,0,59,2025-02-27 00:00:00
0,0,59,2025-03-12 04:00:00
3,0,57,2025-09-22 16:00:00
0,0,58,2025-03-12 00:00:00
3,3,56,2025-03-12 16:00:00
3,0,57,2025-03-12 16:00:00
0,0,57,2025-03-21 04:00:00
0,2,59,2025-03-21 08:00:00
0,0,59,2025-04-15 20:00:00
0,0,59,2025-02-27 04:00:00
0,2,59,2025-09-22 08:00:00
0,0,60,2025-02-27 20:00:00
0,0,58,2025-03-21 00:00:00
1,0,60,2025-04-15 12:00:00
0,0,58,2025-04-15 20:00:00
0,0,57,2025-02-27 00:00:00
0,0,57,2025-03-12 20:00:00
3,2,56,2025-03-12 04:00:00
0,0,60,2025-02-27 16:00:00
0,0,58,2025-09-22 16:00:00
3,3,56,2025-04-15 16:00:00
0,0,60,2025-09-22 20:00:00
0,0,58,2025-02-27 20:00:00
0,0,57,2025-03-21 20:00:00
0,0,59,2025-03-21 00:00:00
0,0,60,2025-02-27 00:00:00
0,0,59,2025-09-22 16:00:00
3,0,58,2025-03-12 08:00:00
3,3,56,2025-09-22 08:00:00
0,0,59,2025-04-15 16:00:00
0,0,58,2025-03-21 20:00:00
0,0,59,2025-03-21 20:00:00
3,3,56,2025-04-15 12:00:00
3,0,57,2025-04-15 12:00:00
0,0,58,2025-09-22 00:00:00
3,3,56,2025-03-21 16:00:00
0,0,57,2025-04-15 20:00:00
3,0,57,2025-03-21 16:00:00
0,0,60,2025-03-12 20:00:00
0,0,58,2025-03-12 04:00:00
0,0,60,2025-02-27 04:00:00
3,0,58,2025-09-22 08:00:00
0,0,58,2025-09-22 20:00:00
0,0,60,2025-03-21 00:00:00
0,0,59,2025-04-15 04:00:00
3,0,58,2025-04-15 12:00:00
0,0,58,2025-09-22 04:00:00
3,3,56,2025-09-22 16:00:00
3,0,58,2025-09-22 12:00:00
3,0,57,2025-04-15 08:00:00
0,0,59,2025-09-22 00:00:00
0,0,60,2025-09-22 04:00:00
0,0,60,2025-03-12 04:00:00
3,3,56,2025-03-12 08:00:00
3,0,58,2025-03-21 12:00:00
0,0,59,2025-03-12 16:00:00
0,0,60,2025-03-12 16:00:00
3,2,56,2025-04-15 04:00:00
3,2,56,2025-09-22 04:00:00
0,0,60,2025-09-22 16:00:00
0,0,60,2025-04-15 00:00:00
3,0,58,2025-04-15 16:00:00
3,2,56,2025-02-27 08:00:00
3,0,58,2025-03-12 12:00:00
3,1,56,2025-02-27 00:00:00
0,0,60,2025-03-21 16:00:00
3,1,56,2025-02-27 04:00:00
3,3,56,2025-02-27 16:00:00
0,0,59,2025-03-21 12:00:00
3,3,56,2025-09-22 20:00:00
3,1,56,2025-09-22 00:00:00
0,0,57,2025-09-22 04:00:00
1,0,59,2025-03-12 12:00:00
0,0,59,2025-09-22 04:00:00
0,0,58,2025-03-21 16:00:00
3,0,58,2025-02-27 12:00:00
0,0,58,2025-02-27 16:00:00
0,0,57,2025-02-27 04:00:00
3,3,56,2025-03-21 12:00:00
0,0,60,2025-04-15 16:00:00
0,0,57,2025-09-22 20:00:00
1,1,59,2025-04-15 08:00:00
3,2,56,2025-03-21 20:00:00
3,0,57,2025-02-27 08:00:00
0,1,59,2025-02-27 08:00:00
0,0,59,2025-02-27 16:00:00
0,0,57,2025-04-15 00:00:00
3,0,57,2025-03-21 12:00:00
1,0,60,2025-03-21 12:00:00
3,1,56,2025-03-21 00:00:00
0,0,58,2025-04-15 04:00:00
0,0,59,2025-03-21 04:00:00
0,0,60,2025-03-21 04:00:00
3,0,57,2025-03-12 12:00:00
0,0,60,2025-09-22 00:00:00
0,0,58,2025-03-12 20:00:00
3,0,57,2025-03-12 04:00:00
3,1,56,2025-04-15 00:00:00
1,0,60,2025-03-12 08:00:00
0,0,57,2025-03-12 00:00:00
3,0,57,2025-09-22 08:00:00
3,3,56,2025-04-15 08:00:00
3,0,57,2025-09-22 12:00:00
0,0,59,2025-09-22 20:00:00
0,0,57,2025-02-27 20:00:00
0,0,59,2025-02-27 20:00:00
0,0,58,2025-02-27 08:00:00
0,0,58,2025-03-21 04:00:00
1,0,60,2025-03-12 12:00:00
1,0,60,2025-03-21 08:00:00
3,3,56,2025-03-12 20:00:00
0,0,59,2025-03-21 16:00:00
1,1,59,2025-02-27 12:00:00
1,0,60,2025-02-27 12:00:00
0,0,58,2025-02-27 04:00:00
0,0,58,2025-04-15 00:00:00
0,0,59,2025-04-15 00:00:00
0,0,60,2025-03-12 00:00:00
3,0,57,2025-04-15 16:00:00
3,1,58,2025-04-15 08:00:00
0,0,57,2025-09-22 00:00:00
0,0,58,2025-02-27 00:00:00
3,0,57,2025-02-27 12:00:00
4,4,32,2025-03-21 12:00:00
2,3,33,2025-09-22 08:00:00
1,1,34,2025-04-15 08:00:00
4,0,32,2025-03-21 00:00:00
1,3,33,2025-03-12 12:00:00
2,0,33,2025-09-22 00:00:00
1,0,31,2025-03-12 12:00:00
4,4,32,2025-02-27 12:00:00
4,4,32,2025-09-22 16:00:00
3,0,31,2025-04-15 16:00:00
1,0,31,2025-04-15 08:00:00
2,0,35,2025-03-21 00:00:00
4,4,32,2025-04-15 12:00:00
1,0,31,2025-04-15 12:00:00
1,0,34,2025-02-27 08:00:00
1,1,35,2025-03-12 12:00:00
0,0,34,2025-03-12 20:00:00
1,3,33,2025-02-27 16:00:00
2,1,35,2025-09-22 12:00:00
0,0,31,2025-03-21 20:00:00
2,2,33,2025-03-21 04:00:00
2,0,35,2025-03-21 04:00:00
4,0,32,2025-09-22 00:00:00
0,0,31,2025-09-22 00:00:00
2,0,35,2025-04-15 20:00:00
1,0,34,2025-02-27 12:00:00
2,0,33,2025-04-15 00:00:00
1,0,34,2025-03-12 08:00:00
2,1,35,2025-03-21 12:00:00
2,0,35,2025-02-27 20:00:00
2,0,33,2025-03-21 00:00:00
2,0,35,2025-09-22 04:00:00
1,0,31,2025-03-21 16:00:00
2,0,31,2025-03-12 04:00:00
0,0,31,2025-04-15 00:00:00
1,3,33,2025-04-15 16:00:00
1,3,33,2025-03-12 16:00:00
4,4,32,2025-02-27 08:00:00
4,4,32,2025-03-21 04:00:00
2,2,33,2025-02-27 04:00:00
4,4,32,2025-02-27 16:00:00
0,0,34,2025-02-27 16:00:00
0,0,34,2025-04-15 00:00:00
1,0,31,2025-02-27 08:00:00
1,0,34,2025-03-21 08:00:00
2,0,35,2025-02-27 16:00:00
2,1,35,2025-04-15 16:00:00
2,2,33,2025-02-27 20:00:00
2,2,33,2025-04-15 04:00:00
2,1,35,2025-02-27 08:00:00
4,4,32,2025-03-21 08:00:00
4,4,32,2025-03-12 20:00:00
2,0,35,2025-03-21 16:00:00
1,0,34,2025-03-21 16:00:00
2,2,33,2025-03-12 04:00:00
0,0,31,2025-02-27 04:00:00
1,3,33,2025-03-12 08:00:00
1,0,31,2025-03-12 08:00:00
4,0,31,2025-03-21 12:00:00
4,4,32,2025-09-22 04:00:00
1,0,31,2025-03-21 08:00:00
1,3,33,2025-03-21 16:00:00
1,3,33,2025-02-27 12:00:00
2,1,33,2025-09-22 20:00:00
4,4,32,2025-04-15 04:00:00
0,0,31,2025-03-21 04:00:00
0,0,31,2025-09-22 04:00:00
4,0,32,2025-02-27 00:00:00
4,4,32,2025-04-15 20:00:00
1,0,31,2025-02-27 12:00:00
0,0,34,2025-09-22 16:00:00
1,0,34,2025-03-21 12:00:00
3,0,31,2025-09-22 08:00:00
1,0,34,2025-03-12 16:00:00
2,3,33,2025-09-22 04:00:00
2,3,33,2025-09-22 16:00:00
2,0,35,2025-04-15 00:00:00
0,0,31,2025-03-12 00:00:00
4,4,32,2025-09-22 08:00:00
1,3,33,2025-09-22 12:00:00
0,0,31,2025-09-22 20:00:00
2,0,35,2025-09-22 00:00:00
1,0,34,2025-03-12 12:00:00
0,0,31,2025-04-15 20:00:00
0,0,34,2025-02-27 00:00:00
0,0,34,2025-03-12 04:00:00
2,0,33,2025-03-12 00:00:00
2,0,35,2025-03-12 00:00:00
0,0,34,2025-03-12 00:00:00
4,4,32,2025-04-15 16:00:00
3,0,31,2025-09-22 12:00:00
1,0,34,2025-09-22 12:00:00
0,0,34,2025-09-22 20:00:00
0,0,34,2025-02-27 20:00:00
2,0,31,2025-04-15 04:00:00
4,4,32,2025-03-12 12:00:00
2,0,33,2025-02-27 00:00:00
4,4,32,2025-03-21 16:00:00
2,0,35,2025-03-12 20:00:00
1,0,34,2025-04-15 16:00:00
4,4,32,2025-04-15 08:00:00
4,3,32,2025-09-22 20:00:00
0,0,31,2025-02-27 20:00:00
0,0,34,2025-03-21 20:00:00
1,3,33,2025-04-15 12:00:00
0,0,34,2025-09-22 04:00:00
2,2,33,2025-03-12 20:00:00
2,0,35,2025-02-27 04:00:00
2,0,35,2025-03-12 08:00:00
4,4,32,2025-09-22 12:00:00
4,4,32,2025-02-27 20:00:00
4,4,32,2025-03-12 16:00:00
0,0,34,2025-03-21 04:00:00
2,1,33,2025-04-15 20:00:00
0,0,31,2025-02-27 00:00:00
4,4,32,2025-03-12 04:00:00
4,4,32,2025-02-27 04:00:00
0,0,34,2025-02-27 04:00:00
3,0,31,2025-09-22 16:00:00
4,1,32,2025-04-15 00:00:00
1,3,33,2025-03-21 12:00:00
1,0,34,2025-09-22 08:00:00
2,0,35,2025-04-15 08:00:00
2,0,35,2025-09-22 20:00:00
2,1,35,2025-03-12 16:00:00
2,0,35,2025-03-21 20:00:00
3,0,31,2025-03-12 16:00:00
0,0,34,2025-03-21 00:00:00
0,0,34,2025-04-15 04:00:00
2,3,33,2025-02-27 08:00:00
1,0,35,2025-04-15 12:00:00
2,3,33,2025-03-21 08:00:00
2,1,35,2025-03-21 08:00:00
0,0,34,2025-09-22 00:00:00
2,0,35,2025-02-27 00:00:00
0,0,31,2025-03-12 20:00:00
0,0,34,2025-04-15 20:00:00
2,0,35,2025-02-27 12:00:00
3,0,31,2025-02-27 16:00:00
2,0,35,2025-09-22 16:00:00
4,4,32,2025-03-12 08:00:00
4,1,32,2025-03-12 00:00:00
2,0,35,2025-09-22 08:00:00
1,3,33,2025-04-15 08:00:00
2,1,33,2025-03-21 20:00:00
4,4,32,2025-03-21 20:00:00
0,0,31,2025-03-21 00:00:00
2,0,35,2025-04-15 04:00:00
1,0,34,2025-04-15 12:00:00
2,0,35,2025-03-12 04:00:00
0,0,55,2025-09-22 04:00:00
0,0,54,2025-03-21 04:00:00
0,0,53,2025-03-12 12:00:00
0,0,53,2025-03-21 08:00:00
0,0,54,2025-04-15 16:00:00
0,0,52,2025-03-12 20:00:00
0,0,55,2025-02-27 00:00:00
0,0,55,2025-02-27 12:00:00
0,0,54,2025-03-21 00:00:00
0,0,55,2025-04-15 08:00:00
0,0,55,2025-09-22 16:00:00
0,0,51,2025-04-15 20:00:00
0,0,52,2025-04-15 16:00:00
0,0,52,2025-09-22 08:00:00
0,0,55,2025-02-27 16:00:00
0,0,54,2025-03-21 08:00:00
0,0,55,2025-04-15 04:00:00
0,0,51,2025-04-15 04:00:00
0,0,55,2025-09-22 00:00:00
0,0,52,2025-04-15 12:00:00
0,0,54,2025-04-15 12:00:00
0,0,55,2025-03-21 04:00:00
0,0,54,2025-03-12 04:00:00
0,0,51,2025-09-22 16:00:00
0,0,54,2025-03-21 12:00:00
0,0,51,2025-03-12 20:00:00
0,0,53,2025-09-22 16:00:00
0,0,55,2025-03-12 16:00:00
0,0,52,2025-02-27 00:00:00
0,0,51,2025-03-21 16:00:00
0,0,51,2025-04-15 00:00:00
0,0,53,2025-09-22 00:00:00
0,0,55,2025-02-27 20:00:00
0,0,55,2025-04-15 20:00:00
0,0,55,2025-03-12 12:00:00
0,0,54,2025-03-12 08:00:00
0,0,54,2025-02-27 00:00:00
0,0,54,2025-02-27 12:00:00
0,0,51,2025-04-15 08:00:00
0,0,55,2025-09-22 20:00:00
0,0,53,2025-04-15 04:00:00
0,0,52,2025-04-15 00:00:00
0,0,53,2025-03-12 20:00:00
0,0,51,2025-03-21 12:00:00
0,0,53,2025-02-27 16:00:00
0,0,54,2025-03-12 16:00:00
0,0,55,2025-02-27 04:00:00
0,0,51,2025-02-27 08:00:00
0,0,52,2025-03-21 20:00:00
0,0,54,2025-03-21 20:00:00
0,0,55,2025-03-21 00:00:00
0,0,51,2025-09-22 00:00:00
0,0,52,2025-09-22 04:00:00
0,0,52,2025-03-12 00:00:00
0,0,55,2025-09-22 12:00:00
0,0,53,2025-03-12 04:00:00
0,0,54,2025-02-27 16:00:00
0,0,52,2025-03-12 16:00:00
0,0,53,2025-04-15 00:00:00
0,0,55,2025-02-27 08:00:00
0,1,53,2025-09-22 08:00:00
0,0,52,2025-02-27 12:00:00
0,0,51,2025-03-12 00:00:00
0,0,52,2025-09-22 20:00:00
0,0,54,2025-03-12 00:00:00
0,0,53,2025-04-15 12:00:00
0,0,54,2025-04-15 20:00:00
0,0,53,2025-02-27 12:00:00
0,0,52,2025-03-12 12:00:00
0,0,55,2025-03-21 08:00:00
0,0,51,2025-03-21 00:00:00
0,0,52,2025-04-15 08:00:00
0,0,51,2025-03-12 04:00:00
0,0,53,2025-03-21 00:00:00
0,0,55,2025-04-15 00:00:00
0,0,53,2025-04-15 20:00:00
0,0,53,2025-03-21 16:00:00
0,0,51,2025-04-15 16:00:00
0,0,52,2025-04-15 20:00:00
0,0,55,2025-03-12 20:00:00
0,0,52,2025-03-21 08:00:00
0,0,51,2025-02-27 04:00:00
0,0,52,2025-02-27 04:00:00
0,0,54,2025-02-27 08:00:00
0,0,53,2025-04-15 16:00:00
0,0,54,2025-09-22 00:00:00
0,0,55,2025-03-12 00:00:00
0,0,55,2025-03-12 04:00:00
0,0,52,2025-03-21 04:00:00
0,0,52,2025-02-27 20:00:00
0,0,51,2025-03-12 12:00:00
0,0,51,2025-03-21 08:00:00
0,0,52,2025-02-27 16:00:00
0,0,51,2025-03-12 16:00:00
0,0,53,2025-03-21 12:00:00
0,0,52,2025-04-15 04:00:00
0,0,53,2025-09-22 12:00:00
0,0,53,2025-09-22 20:00:00
0,0,52,2025-03-21 00:00:00
0,0,53,2025-03-12 16:00:00
0,0,53,2025-03-21 20:00:00
0,0,55,2025-04-15 12:00:00
0,0,51,2025-03-21 04:00:00
0,0,51,2025-09-22 20:00:00
0,0,55,2025-03-21 16:00:00
0,0,52,2025-09-22 12:00:00
0,0,51,2025-02-27 16:00:00
0,0,52,2025-02-27 08:00:00
0,0,51,2025-02-27 12:00:00
0,0,51,2025-09-22 04:00:00
0,0,54,2025-09-22 04:00:00
0,0,54,2025-02-27 20:00:00
0,0,55,2025-04-15 16:00:00
0,0,52,2025-03-12 08:00:00
0,0,54,2025-02-27 04:00:00
0,0,53,2025-02-27 20:00:00
0,0,52,2025-03-12 04:00:00
0,0,53,2025-02-27 08:00:00
0,0,54,2025-09-22 12:00:00
0,0,55,2025-09-22 08:00:00
0,0,51,2025-09-22 08:00:00
0,0,53,2025-02-27 04:00:00
0,0,53,2025-03-12 00:00:00
0,0,52,2025-03-21 16:00:00
0,0,52,2025-09-22 16:00:00
0,0,53,2025-09-22 04:00:00
0,0,55,2025-03-21 12:00:00
0,0,54,2025-03-12 20:00:00
0,0,51,2025-02-27 00:00:00
0,0,54,2025-03-21 16:00:00
0,0,53,2025-03-21 04:00:00
0,0,55,2025-03-12 08:00:00
0,0,54,2025-03-12 12:00:00
0,0,51,2025-03-21 20:00:00
0,0,53,2025-04-15 08:00:00
0,0,53,2025-02-27 00:00:00
0,0,52,2025-03-21 12:00:00
0,0,54,2025-09-22 08:00:00
0,0,53,2025-03-12 08:00:00
0,0,55,2025-03-21 20:00:00
0,0,54,2025-04-15 04:00:00
0,0,52,2025-09-22 00:00:00
0,0,51,2025-04-15 12:00:00
0,0,54,2025-04-15 08:00:00
0,0,54,2025-09-22 20:00:00
0,0,54,2025-09-22 16:00:00
0,0,51,2025-09-22 12:00:00
0,0,54,2025-04-15 00:00:00
0,0,51,2025-02-27 20:00:00
0,0,51,2025-03-12 08:00:00
0,0,68,2025-04-15 00:00:00
0,0,67,2025-02-27 20:00:00
0,0,70,2025-04-15 04:00:00
0,0,68,2025-04-15 04:00:00
1,0,67,2025-03-12 12:00:00
0,0,69,2025-04-15 20:00:00
0,0,67,2025-03-21 16:00:00
0,0,68,2025-04-15 20:00:00
0,0,66,2025-02-27 16:00:00
0,0,68,2025-09-22 16:00:00
3,0,70,2025-03-12 08:00:00
0,0,70,2025-09-22 08:00:00
3,0,66,2025-09-22 08:00:00
3,0,66,2025-09-22 12:00:00
0,0,66,2025-03-21 00:00:00
0,0,69,2025-03-21 04:00:00
0,0,67,2025-03-12 08:00:00
0,0,66,2025-09-22 20:00:00
0,0,70,2025-03-21 20:00:00
0,0,67,2025-03-21 00:00:00
0,0,68,2025-04-15 12:00:00
0,0,70,2025-09-22 04:00:00
0,0,68,2025-02-27 00:00:00
3,0,66,2025-02-27 12:00:00
0,0,66,2025-04-15 00:00:00
0,0,68,2025-03-21 12:00:00
3,0,70,2025-04-15 08:00:00
3,0,66,2025-04-15 08:00:00
3,0,66,2025-03-12 16:00:00
0,0,69,2025-03-12 16:00:00
0,0,68,2025-03-12 16:00:00
3,0,70,2025-04-15 12:00:00
0,0,66,2025-03-21 08:00:00
0,0,67,2025-02-27 00:00:00
0,0,67,2025-03-12 04:00:00
1,0,69,2025-03-12 08:00:00
3,0,66,2025-03-21 12:00:00
0,0,67,2025-09-22 08:00:00
0,0,67,2025-09-22 12:00:00
0,0,67,2025-09-22 20:00:00
0,0,66,2025-04-15 04:00:00
0,0,70,2025-03-21 16:00:00
0,0,69,2025-03-12 20:00:00
0,0,69,2025-03-21 16:00:00
0,0,68,2025-03-12 04:00:00
0,0,68,2025-02-27 04:00:00
0,0,68,2025-03-12 08:00:00
3,0,70,2025-09-22 12:00:00
1,0,69,2025-04-15 08:00:00
0,0,70,2025-03-12 16:00:00
0,0,66,2025-02-27 08:00:00
3,0,66,2025-03-12 12:00:00
0,0,69,2025-09-22 00:00:00
0,0,67,2025-09-22 00:00:00
0,0,68,2025-09-22 00:00:00
0,0,70,2025-03-12 04:00:00
0,0,70,2025-04-15 16:00:00
0,0,67,2025-04-15 16:00:00
0,0,68,2025-09-22 08:00:00
0,0,69,2025-03-21 00:00:00
1,0,69,2025-04-15 12:00:00
0,0,66,2025-03-12 20:00:00
0,0,70,2025-02-27 04:00:00
0,0,69,2025-02-27 16:00:00
0,0,68,2025-02-27 16:00:00
0,0,67,2025-04-15 00:00:00
0,0,67,2025-03-12 00:00:00
0,0,68,2025-04-15 16:00:00
0,0,69,2025-09-22 12:00:00
0,0,69,2025-09-22 20:00:00
0,0,66,2025-02-27 20:00:00
0,0,68,2025-03-21 20:00:00
0,0,70,2025-02-27 08:00:00
0,0,67,2025-04-15 12:00:00
0,0,70,2025-03-21 08:00:00
1,1,69,2025-03-12 12:00:00
0,0,67,2025-03-21 08:00:00
0,0,67,2025-04-15 20:00:00
0,0,69,2025-03-12 04:00:00
0,0,68,2025-03-12 00:00:00
0,0,67,2025-04-15 08:00:00
0,0,69,2025-02-27 20:00:00
0,0,68,2025-03-21 04:00:00
0,0,66,2025-09-22 04:00:00
0,0,69,2025-03-21 08:00:00
0,0,70,2025-02-27 00:00:00
0,0,70,2025-03-12 20:00:00
0,0,69,2025-02-27 00:00:00
0,0,66,2025-03-12 04:00:00
0,0,67,2025-02-27 04:00:00
0,0,66,2025-09-22 16:00:00
0,0,69,2025-09-22 08:00:00
0,0,68,2025-09-22 12:00:00
0,0,69,2025-02-27 08:00:00
0,0,68,2025-03-21 08:00:00
0,0,67,2025-03-12 20:00:00
0,0,68,2025-03-12 20:00:00
3,0,70,2025-02-27 12:00:00
0,0,70,2025-04-15 00:00:00
3,0,66,2025-03-12 08:00:00
0,0,66,2025-03-12 00:00:00
0,0,68,2025-04-15 08:00:00
0,0,68,2025-09-22 20:00:00
0,0,70,2025-02-27 20:00:00
0,0,66,2025-03-21 20:00:00
0,0,68,2025-03-21 00:00:00
3,0,66,2025-04-15 12:00:00
0,0,69,2025-09-22 04:00:00
0,0,68,2025-09-22 04:00:00
0,0,66,2025-04-15 20:00:00
0,0,70,2025-09-22 16:00:00
3,0,66,2025-04-15 16:00:00
0,0,67,2025-03-21 20:00:00
0,0,67,2025-09-22 04:00:00
0,0,66,2025-02-27 00:00:00
0,0,66,2025-03-21 16:00:00
0,0,68,2025-03-21 16:00:00
1,1,69,2025-02-27 12:00:00
0,0,67,2025-02-27 16:00:00
0,0,69,2025-04-15 00:00:00
0,0,70,2025-03-12 00:00:00
0,0,69,2025-03-12 00:00:00
0,0,69,2025-03-21 20:00:00
0,0,67,2025-03-12 16:00:00
0,0,67,2025-04-15 04:00:00
0,0,66,2025-03-21 04:00:00
0,0,70,2025-09-22 00:00:00
1,0,68,2025-03-12 12:00:00
0,0,67,2025-02-27 12:00:00
0,0,69,2025-02-27 04:00:00
0,0,69,2025-09-22 16:00:00
0,0,67,2025-09-22 16:00:00
0,0,67,2025-03-21 12:00:00
0,0,70,2025-09-22 20:00:00
0,0,68,2025-02-27 20:00:00
0,0,70,2025-03-21 00:00:00
0,0,68,2025-02-27 08:00:00
0,0,70,2025-04-15 20:00:00
0,0,68,2025-02-27 12:00:00
3,0,70,2025-03-21 12:00:00
0,0,69,2025-04-15 16:00:00
0,0,69,2025-04-15 04:00:00
0,0,70,2025-03-21 04:00:00
0,0,67,2025-03-21 04:00:00
3,0,70,2025-03-12 12:00:00
0,0,66,2025-09-22 00:00:00
1,0,69,2025-03-21 12:00:00
0,0,67,2025-02-27 08:00:00
0,0,70,2025-02-27 16:00:00
0,0,66,2025-02-27 04:00:00
1,0,23,2025-03-12 08:00:00
2,0,24,2025-03-12 00:00:00
2,0,21,2025-09-22 08:00:00
1,0,23,2025-03-12 16:00:00
2,0,22,2025-03-21 20:00:00
2,0,25,2025-02-27 08:00:00
4,0,25,2025-03-12 12:00:00
4,0,24,2025-03-21 08:00:00
0,0,25,2025-03-12 20:00:00
0,0,23,2025-02-27 16:00:00
4,1,24,2025-02-27 16:00:00
4,1,24,2025-04-15 08:00:00
0,0,25,2025-02-27 20:00:00
2,0,21,2025-02-27 20:00:00
1,0,23,2025-04-15 12:00:00
2,0,21,2025-02-27 08:00:00
2,0,25,2025-03-21 08:00:00
2,0,22,2025-02-27 04:00:00
2,0,25,2025-03-12 08:00:00
4,0,22,2025-03-21 12:00:00
2,0,22,2025-09-22 08:00:00
4,0,24,2025-04-15 16:00:00
2,0,22,2025-03-21 00:00:00
0,0,23,2025-03-21 04:00:00
4,1,24,2025-04-15 12:00:00
1,0,21,2025-03-12 12:00:00
2,0,21,2025-03-21 08:00:00
0,0,23,2025-04-15 20:00:00
1,0,23,2025-09-22 12:00:00
4,0,22,2025-09-22 12:00:00
1,0,25,2025-04-15 08:00:00
3,0,25,2025-03-12 16:00:00
2,0,23,2025-02-27 08:00:00
0,0,04,2025-11-24 04:00:00
0,0,04,2025-08-13 00:00:00
0,0,05,2025-11-05 20:00:00
1,0,03,2025-11-24 16:00:00
0,0,04,2025-11-24 12:00:00
1,1,02,2025-05-06 12:00:00
0,0,01,2026-03-18 20:00:00
2,0,05,2025-11-24 04:00:00
0,0,05,2025-05-06 00:00:00
0,0,01,2026-03-18 04:00:00
2,0,03,2026-03-18 20:00:00
0,0,01,2025-08-13 20:00:00
1,0,01,2025-11-05 08:00:00
0,0,04,2025-08-13 04:00:00
0,0,04,2025-11-05 08:00:00
0,0,01,2025-05-06 16:00:00
2,0,03,2025-08-13 00:00:00
1,0,04,2025-05-06 12:00:00
0,0,04,2026-03-18 20:00:00
0,0,04,2025-08-13 16:00:00
2,0,03,2026-03-18 00:00:00
0,0,01,2025-11-24 00:00:00
0,0,01,2025-11-24 08:00:00
1,1,03,2025-05-06 12:00:00
0,0,04,2025-11-05 00:00:00
1,0,01,2025-05-06 08:00:00
2,0,05,2025-08-13 04:00:00
0,0,01,2025-08-13 16:00:00
1,0,04,2025-08-13 08:00:00
1,0,05,2025-08-13 12:00:00
2,0,03,2025-11-05 20:00:00
2,0,03,2025-11-05 00:00:00
0,0,05,2025-11-24 20:00:00
1,0,05,2025-11-24 12:00:00
0,0,04,2025-11-24 08:00:00
1,0,05,2025-08-13 08:00:00
1,2,03,2025-05-06 08:00:00
0,0,01,2026-03-18 00:00:00
1,1,03,2025-11-05 12:00:00
0,0,02,2025-05-06 00:00:00
0,0,02,2026-03-18 16:00:00
0,0,01,2025-11-05 16:00:00
2,0,05,2025-05-06 04:00:00
1,0,05,2025-11-05 16:00:00
0,0,02,2025-11-05 08:00:00
0,0,04,2025-05-06 20:00:00
0,0,02,2025-05-06 16:00:00
0,0,05,2025-05-06 20:00:00
1,2,03,2026-03-18 12:00:00
1,0,05,2025-11-05 12:00:00
1,2,03,2025-08-13 16:00:00
1,1,02,2025-05-06 08:00:00
1,0,02,2025-08-13 12:00:00
1,1,03,2025-11-24 12:00:00
1,0,05,2025-05-06 16:00:00
0,0,02,2026-03-18 04:00:00
0,0,02,2025-11-05 16:00:00
1,2,03,2026-03-18 04:00:00
0,0,02,2025-08-13 04:00:00
1,0,05,2026-03-18 12:00:00
0,0,01,2025-11-05 00:00:00
1,0,02,2025-11-05 12:00:00
1,0,02,2025-08-13 08:00:00
0,0,02,2025-08-13 16:00:00
0,0,04,2026-03-18 04:00:00
0,0,01,2025-11-24 04:00:00
1,0,03,2025-11-05 16:00:00
0,0,02,2025-11-24 20:00:00
0,0,04,2025-11-24 20:00:00
0,0,01,2025-05-06 04:00:00
0,0,02,2025-08-13 00:00:00
2,0,03,2025-05-06 20:00:00
1,1,03,2025-08-13 12:00:00
0,0,04,2025-05-06 04:00:00
0,0,04,2025-05-06 16:00:00
0,0,01,2026-03-18 16:00:00
0,0,02,2026-03-18 20:00:00
1,0,01,2025-08-13 08:00:00
0,0,05,2025-11-24 00:00:00
2,0,05,2025-11-05 04:00:00
0,0,02,2025-11-05 04:00:00
0,0,05,2025-11-05 00:00:00
2,2,03,2025-08-13 04:00:00
1,1,02,2026-03-18 08:00:00
2,0,03,2025-05-06 00:00:00
1,2,03,2025-11-24 08:00:00
0,0,04,2025-11-24 00:00:00
1,0,03,2025-08-13 20:00:00
2,0,05,2026-03-18 04:00:00
0,0,02,2025-11-05 20:00:00
0,0,04,2026-03-18 00:00:00
1,0,05,2025-05-06 12:00:00
0,0,05,2025-08-13 00:00:00
0,0,60,2025-08-13 16:00:00
0,0,60,2025-05-06 04:00:00
0,0,60,2025-11-24 00:00:00
3,1,56,2025-11-05 04:00:00
3,3,56,2025-05-06 08:00:00
3,3,56,2025-08-13 12:00:00
3,3,56,2025-11-05 12:00:00
3,0,57,2025-05-06 12:00:00
1,0,60,2025-11-05 12:00:00
3,0,58,2025-08-13 16:00:00
0,0,60,2025-08-13 04:00:00
0,0,59,2025-05-06 00:00:00
0,0,58,2025-11-24 00:00:00
3,0,57,2026-03-18 16:00:00
1,0,60,2025-05-06 08:00:00
3,0,58,2025-11-05 08:00:00
0,0,58,2025-11-05 20:00:00
1,0,60,2025-05-06 12:00:00
0,0,60,2025-08-13 00:00:00
0,0,58,2025-11-24 16:00:00
0,0,57,2025-11-24 20:00:00
3,3,56,2025-05-06 16:00:00
0,0,58,2025-05-06 04:00:00
0,0,57,2025-05-06 04:00:00
0,0,58,2025-11-05 16:00:00
0,0,59,2025-11-05 04:00:00
3,0,57,2025-08-13 12:00:00
3,3,56,2026-03-18 12:00:00
0,0,59,2026-03-18 12:00:00
1,0,60,2025-11-05 08:00:00
0,0,58,2025-08-13 00:00:00
3,0,57,2025-08-13 16:00:00
3,2,56,2025-11-24 16:00:00
3,2,56,2025-11-24 04:00:00
0,0,57,2025-05-06 00:00:00
0,0,60,2025-05-06 00:00:00
0,0,58,2025-11-24 08:00:00
0,0,57,2025-08-13 20:00:00
0,0,58,2026-03-18 20:00:00
0,0,57,2026-03-18 20:00:00
3,0,58,2026-03-18 12:00:00
0,2,59,2025-11-05 08:00:00
1,0,60,2026-03-18 12:00:00
3,3,56,2026-03-18 08:00:00
3,1,56,2025-08-13 04:00:00
0,0,58,2025-11-24 20:00:00
0,0,59,2025-11-24 20:00:00
0,0,60,2026-03-18 00:00:00
3,2,56,2025-11-24 08:00:00
3,0,57,2025-11-24 12:00:00
3,3,56,2025-08-13 20:00:00
3,1,56,2026-03-18 04:00:00
0,0,60,2026-03-18 04:00:00
0,0,60,2026-03-18 20:00:00
0,0,60,2025-11-05 04:00:00
0,0,59,2025-05-06 20:00:00
3,3,56,2025-11-05 08:00:00
3,0,57,2025-11-05 08:00:00
3,3,56,2025-05-06 12:00:00
1,1,59,2025-05-06 12:00:00
0,0,58,2025-08-13 04:00:00
3,0,57,2025-08-13 04:00:00
0,0,58,2026-03-18 16:00:00
3,0,57,2025-08-13 08:00:00
0,0,57,2025-11-05 04:00:00
1,0,60,2025-08-13 08:00:00
3,0,58,2025-05-06 08:00:00
3,0,57,2025-05-06 08:00:00
0,0,58,2025-05-06 20:00:00
0,0,59,2025-11-24 16:00:00
0,0,60,2025-11-24 04:00:00
3,3,56,2025-11-24 12:00:00
0,0,60,2025-05-06 16:00:00
0,0,60,2025-11-24 08:00:00
0,0,59,2025-05-06 04:00:00
0,0,60,2026-03-18 16:00:00
3,3,56,2025-11-05 16:00:00
0,0,59,2025-11-05 16:00:00
0,0,60,2025-05-06 20:00:00
0,0,59,2025-08-13 00:00:00
3,0,57,2025-11-24 16:00:00
3,0,57,2026-03-18 08:00:00
0,0,57,2025-11-05 00:00:00
0,0,59,2025-11-05 00:00:00
1,0,60,2026-03-18 08:00:00
0,0,59,2025-11-24 04:00:00
0,1,59,2025-11-24 08:00:00
3,3,56,2025-08-13 08:00:00
3,0,58,2025-08-13 12:00:00
3,3,56,2025-08-13 16:00:00
3,0,58,2026-03-18 08:00:00
0,0,60,2025-11-05 00:00:00
3,0,57,2025-11-24 08:00:00
0,0,58,2026-03-18 04:00:00
0,0,57,2026-03-18 04:00:00
3,0,57,2025-11-05 16:00:00
1,0,59,2025-08-13 12:00:00
3,2,56,2025-08-13 00:00:00
1,1,59,2025-11-05 12:00:00
0,0,58,2025-11-05 00:00:00
0,0,59,2025-08-13 04:00:00
0,0,57,2025-11-24 04:00:00
0,0,58,2025-08-13 20:00:00
3,3,56,2026-03-18 16:00:00
1,0,60,2025-08-13 12:00:00
3,0,57,2026-03-18 12:00:00
3,0,58,2025-05-06 12:00:00
3,0,57,2025-11-05 12:00:00
3,1,56,2025-11-05 00:00:00
3,1,56,2026-03-18 00:00:00
0,0,60,2025-11-24 20:00:00
0,0,59,2025-05-06 16:00:00
0,0,57,2025-11-24 00:00:00
0,0,59,2025-08-13 20:00:00
0,0,57,2025-05-06 20:00:00
0,0,57,2025-11-05 20:00:00
0,0,58,2025-05-06 00:00:00
0,0,58,2025-11-24 12:00:00
3,0,57,2025-05-06 16:00:00
0,0,60,2025-11-24 12:00:00
3,2,56,2025-05-06 04:00:00
0,0,60,2025-08-13 20:00:00
0,0,58,2025-11-05 04:00:00
3,2,56,2026-03-18 20:00:00
0,0,60,2025-11-05 16:00:00
0,0,60,2025-11-24 16:00:00
0,0,58,2026-03-18 00:00:00
3,2,56,2025-11-24 20:00:00
0,0,57,2026-03-18 00:00:00
0,0,59,2026-03-18 00:00:00
0,1,59,2025-05-06 08:00:00
3,0,58,2025-11-05 12:00:00
3,0,56,2025-11-24 00:00:00
0,0,59,2025-11-24 00:00:00
0,0,59,2026-03-18 16:00:00
0,0,59,2026-03-18 04:00:00
3,3,56,2025-05-06 20:00:00
0,0,57,2025-08-13 00:00:00
0,0,59,2025-08-13 16:00:00
0,2,59,2026-03-18 08:00:00
0,0,58,2025-11-24 04:00:00
3,1,56,2025-05-06 00:00:00
3,0,58,2025-05-06 16:00:00
3,0,58,2025-08-13 08:00:00
1,1,59,2025-08-13 08:00:00
3,2,56,2025-11-05 20:00:00
0,1,59,2025-11-24 12:00:00
0,0,59,2026-03-18 20:00:00
0,0,59,2025-11-05 20:00:00
0,0,60,2025-11-05 20:00:00
0,0,34,2025-11-24 16:00:00
0,0,34,2026-03-18 00:00:00
2,0,35,2025-11-24 08:00:00
1,0,34,2025-11-24 12:00:00
3,0,31,2026-03-18 16:00:00
0,0,31,2026-03-18 04:00:00
1,0,34,2025-05-06 08:00:00
1,0,31,2026-03-18 12:00:00
4,1,32,2025-08-13 00:00:00
4,4,32,2025-08-13 04:00:00
2,0,31,2025-08-13 04:00:00
4,1,32,2025-05-06 00:00:00
1,4,33,2025-05-06 16:00:00
1,3,33,2025-11-24 12:00:00
4,4,32,2025-11-24 12:00:00
2,1,35,2025-05-06 16:00:00
4,0,32,2025-11-24 00:00:00
2,2,33,2025-11-05 04:00:00
2,1,35,2025-11-05 12:00:00
4,1,31,2025-11-05 12:00:00
4,4,32,2025-08-13 16:00:00
4,4,32,2026-03-18 08:00:00
0,0,31,2025-11-05 00:00:00
2,2,33,2025-11-24 04:00:00
0,0,34,2025-11-24 04:00:00
2,0,35,2026-03-18 00:00:00
1,0,34,2025-05-06 16:00:00
4,4,32,2025-05-06 04:00:00
3,0,31,2025-11-05 16:00:00
4,0,31,2025-08-13 12:00:00
4,4,32,2025-05-06 12:00:00
4,4,32,2025-11-24 08:00:00
0,0,34,2025-11-24 08:00:00
2,2,33,2026-03-18 20:00:00
4,4,32,2025-11-05 16:00:00
3,0,31,2025-08-13 08:00:00
0,0,31,2025-11-05 04:00:00
4,4,32,2025-05-06 08:00:00
4,4,32,2025-05-06 20:00:00
4,4,32,2025-11-05 12:00:00
1,3,33,2026-03-18 08:00:00
2,1,35,2026-03-18 08:00:00
2,0,35,2025-11-05 00:00:00
1,0,31,2026-03-18 08:00:00
4,4,32,2025-11-24 04:00:00
4,4,32,2026-03-18 20:00:00
0,0,34,2026-03-18 04:00:00
1,4,33,2025-11-05 12:00:00
1,0,34,2025-11-05 12:00:00
1,4,33,2025-08-13 16:00:00
2,1,35,2025-08-13 16:00:00
1,0,34,2025-08-13 16:00:00
2,3,33,2025-11-24 16:00:00
2,0,33,2025-11-05 00:00:00
4,0,32,2025-11-05 00:00:00
2,0,33,2025-05-06 00:00:00
3,0,31,2025-05-06 16:00:00
2,3,33,2025-05-06 04:00:00
1,4,33,2025-08-13 12:00:00
4,4,32,2025-08-13 12:00:00
2,0,35,2025-11-05 08:00:00
4,4,32,2025-11-24 16:00:00
2,0,35,2025-11-24 04:00:00
0,0,34,2025-05-06 00:00:00
4,4,32,2025-05-06 16:00:00
2,0,35,2025-11-24 12:00:00
0,0,31,2025-08-13 20:00:00
0,0,34,2025-08-13 20:00:00
4,4,32,2026-03-18 16:00:00
2,2,33,2026-03-18 04:00:00
2,1,35,2025-08-13 08:00:00
2,0,35,2026-03-18 20:00:00
2,0,35,2025-11-05 04:00:00
1,4,33,2025-05-06 08:00:00
1,4,33,2025-05-06 12:00:00
2,0,35,2025-08-13 00:00:00
0,0,31,2025-05-06 00:00:00
2,0,33,2025-11-24 00:00:00
0,0,34,2025-11-24 00:00:00
2,0,35,2026-03-18 16:00:00
4,4,32,2025-11-05 04:00:00
0,0,34,2025-08-13 00:00:00
0,0,34,2025-11-05 20:00:00
2,0,35,2025-05-06 00:00:00
3,0,31,2025-11-24 12:00:00
2,3,33,2025-08-13 08:00:00
1,4,33,2025-11-05 16:00:00
0,0,34,2025-11-05 16:00:00
2,0,35,2025-08-13 12:00:00
1,4,33,2025-11-05 08:00:00
1,0,31,2025-11-05 08:00:00
1,0,34,2025-11-05 08:00:00
1,1,35,2025-05-06 12:00:00
0,0,31,2025-08-13 00:00:00
0,0,31,2025-11-24 20:00:00
0,0,31,2026-03-18 00:00:00
0,0,31,2025-11-24 00:00:00
2,0,35,2025-11-05 16:00:00
2,2,33,2025-08-13 04:00:00
2,0,35,2025-08-13 04:00:00
4,1,32,2026-03-18 00:00:00
2,3,33,2025-11-24 08:00:00
0,0,31,2026-03-18 20:00:00
0,0,34,2025-05-06 20:00:00
1,4,33,2026-03-18 12:00:00
4,4,32,2026-03-18 12:00:00
1,0,34,2026-03-18 08:00:00
2,3,33,2025-08-13 20:00:00
1,0,34,2025-08-13 08:00:00
1,0,34,2025-08-13 12:00:00
1,1,34,2026-03-18 12:00:00
2,0,33,2025-08-13 00:00:00
2,2,33,2025-11-05 20:00:00
0,0,34,2025-08-13 04:00:00
0,0,34,2025-11-24 20:00:00
4,4,32,2025-08-13 20:00:00
0,0,34,2025-05-06 04:00:00
4,4,32,2026-03-18 04:00:00
2,0,35,2026-03-18 04:00:00
0,0,34,2025-11-05 04:00:00
2,3,33,2025-05-06 20:00:00
2,0,35,2025-05-06 20:00:00
0,0,31,2025-05-06 20:00:00
2,1,35,2026-03-18 12:00:00
1,0,31,2025-05-06 12:00:00
3,0,31,2025-08-13 16:00:00
2,0,35,2025-11-24 16:00:00
0,0,34,2025-11-05 00:00:00
0,0,31,2025-11-24 04:00:00
3,0,31,2025-11-24 08:00:00
2,0,35,2025-08-13 20:00:00
0,0,31,2025-05-06 04:00:00
1,3,33,2026-03-18 16:00:00
0,1,34,2026-03-18 16:00:00
4,4,32,2025-11-05 20:00:00
0,0,31,2025-11-05 20:00:00
1,0,34,2025-05-06 12:00:00
0,0,31,2025-11-24 16:00:00
2,1,33,2025-11-24 20:00:00
2,0,33,2026-03-18 00:00:00
4,3,32,2025-11-24 20:00:00
2,0,35,2025-11-24 20:00:00
2,0,35,2025-05-06 04:00:00
2,0,35,2025-11-24 00:00:00
4,4,32,2025-08-13 08:00:00
0,1,34,2026-03-18 20:00:00
2,1,35,2025-05-06 08:00:00
1,0,31,2025-05-06 08:00:00
4,4,32,2025-11-05 08:00:00
2,0,35,2025-11-05 20:00:00
0,0,55,2026-03-18 04:00:00
0,0,51,2025-08-13 16:00:00
0,0,55,2025-08-13 12:00:00
0,0,51,2025-11-24 08:00:00
0,0,52,2025-11-24 08:00:00
0,0,51,2026-03-18 16:00:00
0,0,52,2025-11-05 12:00:00
0,0,53,2026-03-18 16:00:00
0,0,53,2025-11-05 04:00:00
0,0,51,2025-08-13 08:00:00
0,0,55,2025-11-24 20:00:00
0,0,52,2025-11-24 20:00:00
0,0,53,2025-05-06 12:00:00
0,0,53,2025-08-13 16:00:00
0,0,54,2025-08-13 16:00:00
0,0,55,2026-03-18 12:00:00
0,0,51,2025-05-06 16:00:00
0,0,52,2026-03-18 20:00:00
0,0,51,2025-08-13 00:00:00
0,0,51,2025-11-24 12:00:00
0,0,51,2025-05-06 08:00:00
0,0,54,2025-05-06 00:00:00
0,1,51,2025-08-13 12:00:00
0,0,51,2025-08-13 20:00:00
0,0,54,2025-11-05 12:00:00
0,0,55,2025-08-13 08:00:00
0,0,54,2025-11-24 00:00:00
0,0,52,2025-08-13 04:00:00
0,0,54,2026-03-18 12:00:00
0,0,54,2025-08-13 12:00:00
0,0,54,2026-03-18 08:00:00
0,0,54,2025-11-05 00:00:00
0,0,52,2025-08-13 08:00:00
0,0,53,2026-03-18 12:00:00
0,0,52,2026-03-18 00:00:00
0,0,52,2025-08-13 16:00:00
0,0,54,2025-08-13 04:00:00
0,0,54,2025-11-05 08:00:00
0,0,52,2025-08-13 12:00:00
0,0,52,2026-03-18 12:00:00
0,0,54,2025-05-06 16:00:00
0,0,51,2025-11-05 20:00:00
0,0,53,2025-05-06 16:00:00
0,0,52,2026-03-18 08:00:00
0,0,51,2025-11-05 12:00:00
0,0,55,2025-08-13 00:00:00
0,0,55,2025-05-06 20:00:00
0,0,52,2025-05-06 20:00:00
0,0,54,2026-03-18 00:00:00
0,0,54,2025-05-06 04:00:00
0,0,52,2025-05-06 16:00:00
0,0,55,2025-11-05 20:00:00
0,0,54,2025-11-05 04:00:00
0,0,51,2025-11-05 16:00:00
0,0,52,2025-11-05 00:00:00
0,0,51,2025-05-06 12:00:00
0,0,54,2025-11-24 20:00:00
0,0,55,2025-05-06 16:00:00
0,0,55,2025-11-24 08:00:00
0,0,54,2025-11-05 20:00:00
0,0,55,2025-08-13 20:00:00
0,0,55,2025-11-05 16:00:00
0,0,53,2025-11-24 00:00:00
0,0,52,2025-08-13 00:00:00
0,1,53,2025-08-13 12:00:00
0,0,52,2025-05-06 12:00:00
0,0,55,2026-03-18 00:00:00
0,0,51,2026-03-18 00:00:00
0,0,52,2025-05-06 00:00:00
0,0,55,2025-11-05 04:00:00
0,0,53,2025-05-06 00:00:00
0,0,53,2025-11-24 20:00:00
0,0,53,2025-11-24 12:00:00
0,0,54,2025-08-13 20:00:00
0,0,51,2026-03-18 08:00:00
0,0,52,2025-11-24 04:00:00
0,0,53,2025-05-06 20:00:00
0,0,54,2025-08-13 00:00:00
0,0,51,2025-11-24 00:00:00
0,0,55,2025-05-06 04:00:00
0,0,51,2025-05-06 00:00:00
0,0,51,2025-08-13 04:00:00
0,0,51,2026-03-18 12:00:00
0,0,54,2025-11-24 08:00:00
0,0,52,2025-11-05 20:00:00
0,0,53,2026-03-18 00:00:00
0,0,55,2026-03-18 08:00:00
0,0,53,2026-03-18 04:00:00
0,0,54,2025-11-24 04:00:00
0,0,53,2025-11-05 08:00:00
0,0,52,2025-05-06 08:00:00
0,0,55,2025-08-13 16:00:00
0,0,51,2025-05-06 04:00:00
0,0,51,2025-11-24 16:00:00
0,0,51,2025-11-05 00:00:00
0,0,53,2025-11-05 16:00:00
0,0,54,2025-08-13 08:00:00
0,0,55,2025-11-24 12:00:00
0,0,55,2025-05-06 12:00:00
0,0,55,2025-11-24 00:00:00
0,0,54,2025-05-06 20:00:00
0,0,51,2025-11-24 20:00:00
0,0,55,2025-05-06 00:00:00
0,0,55,2025-11-05 08:00:00
0,0,52,2025-05-06 04:00:00
0,0,52,2026-03-18 16:00:00
0,0,52,2025-11-05 04:00:00
0,0,53,2025-11-24 04:00:00
0,0,53,2025-11-24 08:00:00
0,0,53,2025-05-06 04:00:00
0,0,53,2025-08-13 20:00:00
0,0,54,2025-11-24 16:00:00
0,0,51,2025-11-24 04:00:00
0,0,53,2025-05-06 08:00:00
0,0,52,2025-11-24 12:00:00
0,0,53,2025-08-13 00:00:00
0,0,55,2025-05-06 08:00:00
0,0,51,2026-03-18 04:00:00
0,0,53,2025-08-13 04:00:00
0,0,55,2026-03-18 16:00:00
0,0,52,2025-11-05 16:00:00
0,0,54,2025-11-24 12:00:00
0,0,51,2025-05-06 20:00:00
0,0,52,2025-11-24 00:00:00
0,0,53,2026-03-18 08:00:00
0,0,51,2025-11-05 08:00:00
0,0,51,2025-11-05 04:00:00
0,0,51,2026-03-18 20:00:00
0,0,54,2026-03-18 20:00:00
0,0,55,2025-11-05 00:00:00
0,0,53,2025-08-13 08:00:00
0,0,53,2025-11-05 20:00:00
0,0,52,2026-03-18 04:00:00
0,0,54,2025-05-06 08:00:00
0,0,54,2026-03-18 04:00:00
0,0,53,2025-11-24 16:00:00
0,0,55,2025-08-13 04:00:00
0,0,54,2026-03-18 16:00:00
0,0,54,2025-11-05 16:00:00
0,0,52,2025-11-24 16:00:00
0,0,53,2025-11-05 00:00:00
0,0,52,2025-11-05 08:00:00
0,0,55,2026-03-18 20:00:00
0,0,52,2025-08-13 20:00:00
0,0,55,2025-11-24 16:00:00
0,0,55,2025-11-05 12:00:00
0,0,55,2025-11-24 04:00:00
0,0,53,2026-03-18 20:00:00
0,0,54,2025-05-06 12:00:00
0,0,53,2025-11-05 12:00:00
3,0,66,2025-08-13 16:00:00
0,0,67,2025-05-06 00:00:00
0,0,70,2025-11-24 08:00:00
3,0,66,2025-11-24 12:00:00
0,0,69,2025-11-24 12:00:00
0,0,66,2025-11-24 00:00:00
0,0,67,2026-03-18 16:00:00
0,0,70,2026-03-18 20:00:00
0,0,68,2026-03-18 04:00:00
0,0,68,2025-11-05 08:00:00
3,0,70,2025-11-05 12:00:00
3,0,70,2025-08-13 16:00:00
0,0,70,2026-03-18 08:00:00
0,0,69,2025-11-24 08:00:00
0,0,67,2025-08-13 20:00:00
0,0,66,2025-11-05 16:00:00
3,0,70,2025-05-06 08:00:00
3,0,66,2026-03-18 12:00:00
0,0,69,2025-11-05 20:00:00
0,0,67,2025-05-06 12:00:00
1,1,69,2026-03-18 08:00:00
0,0,69,2025-11-05 00:00:00
0,0,68,2026-03-18 08:00:00
0,0,68,2025-08-13 04:00:00
0,0,66,2025-11-24 04:00:00
0,0,68,2025-11-24 04:00:00
0,0,68,2025-11-24 20:00:00
0,0,70,2025-11-05 04:00:00
3,0,66,2025-08-13 08:00:00
0,0,67,2026-03-18 04:00:00
3,0,67,2025-08-13 12:00:00
1,0,69,2026-03-18 12:00:00
0,0,68,2025-08-13 16:00:00
0,0,66,2025-11-05 00:00:00
0,0,69,2025-11-24 16:00:00
0,0,67,2025-08-13 04:00:00
0,0,69,2025-05-06 00:00:00
0,0,69,2026-03-18 00:00:00
1,0,69,2025-08-13 08:00:00
0,0,67,2026-03-18 20:00:00
3,0,66,2025-05-06 08:00:00
0,0,67,2025-11-05 08:00:00
0,0,70,2026-03-18 00:00:00
0,0,67,2025-05-06 04:00:00
0,0,70,2026-03-18 04:00:00
0,0,69,2025-11-05 16:00:00
0,0,66,2025-11-05 20:00:00
3,0,66,2026-03-18 08:00:00
3,0,66,2025-05-06 16:00:00
0,0,69,2026-03-18 04:00:00
0,0,69,2025-11-05 04:00:00
0,0,70,2025-05-06 20:00:00
0,0,68,2025-11-05 12:00:00
0,0,70,2025-11-05 00:00:00
0,0,70,2025-05-06 00:00:00
0,0,68,2025-05-06 16:00:00
0,0,70,2025-08-13 20:00:00
0,0,70,2025-11-24 00:00:00
0,0,66,2026-03-18 20:00:00
0,0,67,2025-05-06 08:00:00
0,0,68,2025-05-06 20:00:00
0,0,67,2025-08-13 16:00:00
0,0,66,2026-03-18 00:00:00
0,0,67,2025-11-24 12:00:00
0,0,69,2025-05-06 04:00:00
0,0,69,2025-11-24 00:00:00
0,0,66,2026-03-18 16:00:00
3,0,70,2025-08-13 12:00:00
3,0,66,2025-08-13 12:00:00
0,0,67,2026-03-18 12:00:00
1,0,69,2025-05-06 12:00:00
0,0,69,2025-08-13 04:00:00
0,0,70,2025-11-24 04:00:00
0,0,67,2025-11-24 04:00:00
0,0,70,2025-11-24 12:00:00
0,0,68,2025-11-24 12:00:00
0,0,66,2025-08-13 20:00:00
0,0,67,2025-11-24 00:00:00
0,0,69,2026-03-18 16:00:00
3,0,70,2025-08-13 08:00:00
0,0,67,2025-08-13 08:00:00
0,0,68,2025-08-13 08:00:00
0,0,68,2026-03-18 20:00:00
1,0,69,2025-08-13 12:00:00
0,0,67,2025-05-06 20:00:00
3,0,66,2025-05-06 12:00:00
0,0,66,2025-08-13 00:00:00
0,0,68,2025-08-13 00:00:00
0,0,66,2025-11-24 16:00:00
0,0,67,2026-03-18 08:00:00
0,0,66,2025-11-24 20:00:00
0,0,67,2025-05-06 16:00:00
0,0,66,2025-05-06 04:00:00
0,0,68,2025-05-06 08:00:00
0,0,66,2025-05-06 20:00:00
0,0,70,2025-11-05 08:00:00
0,0,70,2025-11-05 20:00:00
0,0,70,2025-11-24 16:00:00
0,0,67,2025-11-24 16:00:00
0,0,68,2025-11-05 00:00:00
0,0,68,2026-03-18 00:00:00
0,0,69,2025-05-06 16:00:00
1,1,69,2025-05-06 08:00:00
3,0,70,2026-03-18 12:00:00
0,0,70,2025-08-13 00:00:00
0,0,69,2025-08-13 16:00:00
0,0,67,2025-11-05 00:00:00
0,0,68,2025-05-06 00:00:00
0,0,66,2025-11-24 08:00:00
0,0,70,2025-05-06 04:00:00
0,0,66,2026-03-18 04:00:00
0,0,67,2025-11-05 04:00:00
0,0,69,2025-05-06 20:00:00
3,0,66,2025-11-05 08:00:00
0,0,69,2025-11-24 04:00:00
0,0,70,2025-11-24 20:00:00
0,0,66,2025-05-06 00:00:00
0,0,69,2025-08-13 00:00:00
0,0,67,2025-11-05 12:00:00
0,0,70,2025-08-13 04:00:00
0,0,69,2025-11-24 20:00:00
0,0,67,2025-11-24 20:00:00
3,0,70,2025-05-06 16:00:00
0,0,68,2025-05-06 04:00:00
0,0,67,2025-11-05 16:00:00
0,0,68,2025-11-05 04:00:00
0,0,68,2026-03-18 12:00:00
0,0,67,2025-11-05 20:00:00
0,0,68,2025-11-24 16:00:00
0,0,67,2026-03-18 00:00:00
0,0,68,2025-11-24 08:00:00
0,0,68,2026-03-18 16:00:00
0,0,66,2025-11-05 04:00:00
1,0,68,2025-08-13 12:00:00
1,0,69,2025-11-05 08:00:00
3,0,70,2025-05-06 12:00:00
3,0,66,2025-11-05 12:00:00
1,0,69,2025-11-05 12:00:00
0,0,68,2025-11-05 20:00:00
0,0,66,2025-08-13 04:00:00
0,0,67,2025-11-24 08:00:00
0,0,69,2025-08-13 20:00:00
0,0,68,2025-08-13 20:00:00
0,0,68,2025-11-24 00:00:00
0,0,70,2026-03-18 16:00:00
0,0,70,2025-11-05 16:00:00
0,0,69,2026-03-18 20:00:00
0,0,68,2025-11-05 16:00:00
0,0,67,2025-08-13 00:00:00
0,0,68,2025-05-06 12:00:00
4,0,24,2026-03-18 08:00:00
2,0,24,2025-08-13 04:00:00
2,0,21,2025-11-24 20:00:00
2,0,22,2025-11-24 00:00:00
2,0,24,2025-05-06 04:00:00
1,0,22,2026-03-18 16:00:00
2,0,25,2025-11-05 08:00:00
0,0,23,2025-08-13 00:00:00
2,0,22,2025-11-05 20:00:00
3,1,24,2025-08-13 20:00:00
2,0,25,2025-08-13 08:00:00
2,0,21,2025-08-13 00:00:00
2,0,22,2026-03-18 04:00:00
4,0,22,2025-11-05 16:00:00
1,0,23,2025-08-13 12:00:00
4,0,22,2025-08-13 12:00:00
0,0,25,2025-08-13 00:00:00
2,1,24,2025-11-05 20:00:00
2,0,22,2025-11-24 16:00:00
2,0,22,2025-11-05 00:00:00
1,0,21,2026-03-18 08:00:00
2,0,21,2025-08-13 04:00:00
0,0,02,2025-09-10 00:00:00
0,0,02,2026-01-19 08:00:00
1,0,05,2025-01-15 12:00:00
0,0,01,2026-01-19 16:00:00
0,0,04,2026-01-19 20:00:00
1,0,04,2025-09-03 12:00:00
0,0,04,2026-02-07 20:00:00
1,1,03,2025-02-24 12:00:00
0,0,04,2025-09-03 08:00:00
0,0,01,2026-02-07 16:00:00
0,0,02,2025-03-04 20:00:00
1,0,03,2025-09-10 20:00:00
2,0,03,2026-02-27 20:00:00
0,0,05,2026-01-19 04:00:00
0,0,02,2025-11-18 12:00:00
2,1,03,2026-02-07 08:00:00
0,0,04,2026-02-07 00:00:00
0,0,02,2025-09-10 20:00:00
1,0,05,2025-09-10 08:00:00
0,0,01,2025-03-04 16:00:00
1,0,05,2025-03-04 16:00:00
2,2,03,2025-09-03 04:00:00
0,0,01,2025-09-03 04:00:00
2,0,05,2026-02-07 04:00:00
0,0,01,2025-01-15 04:00:00
0,0,01,2025-11-18 04:00:00
0,1,02,2026-02-27 16:00:00
1,0,02,2026-02-07 12:00:00
1,0,01,2025-01-15 12:00:00
0,0,01,2025-11-18 16:00:00
2,0,03,2025-11-18 00:00:00
2,0,03,2026-02-07 00:00:00
0,0,01,2025-09-10 16:00:00
0,0,05,2025-11-18 20:00:00
0,0,04,2026-02-07 12:00:00
0,2,03,2026-02-27 04:00:00
2,0,03,2025-07-19 20:00:00
1,0,01,2025-11-18 12:00:00
0,0,01,2025-01-15 00:00:00
2,1,03,2025-02-24 04:00:00
0,0,01,2025-09-03 00:00:00
0,0,04,2025-09-10 20:00:00
0,0,05,2025-11-18 00:00:00
1,0,01,2025-01-15 08:00:00
0,0,02,2026-02-07 04:00:00
0,0,05,2026-02-27 00:00:00
0,0,02,2026-02-07 20:00:00
2,0,03,2025-09-10 00:00:00
0,0,04,2025-01-15 04:00:00
0,0,04,2026-02-27 16:00:00
0,0,02,2026-02-27 04:00:00
2,2,03,2025-07-19 08:00:00
0,0,03,2025-11-18 20:00:00
1,0,05,2025-03-04 12:00:00
0,0,01,2025-02-24 00:00:00
0,0,02,2025-07-19 04:00:00
1,2,03,2025-03-04 04:00:00
0,0,04,2025-07-19 04:00:00
0,0,01,2025-03-04 04:00:00
0,0,01,2026-02-07 00:00:00
0,0,01,2025-07-19 12:00:00
0,0,05,2026-01-19 00:00:00
0,0,01,2025-02-24 16:00:00
0,0,01,2026-02-07 08:00:00
0,0,02,2025-02-24 16:00:00
0,0,02,2026-02-07 08:00:00
1,2,03,2025-07-19 12:00:00
0,0,01,2025-03-04 00:00:00
0,0,04,2025-02-24 04:00:00
0,0,02,2025-01-15 08:00:00
0,0,04,2025-09-03 16:00:00
0,0,01,2026-01-19 20:00:00
0,0,01,2025-11-18 00:00:00
0,0,02,2025-01-15 04:00:00
0,1,02,2025-03-04 08:00:00
0,0,05,2025-09-10 00:00:00
1,0,01,2025-09-03 08:00:00
0,0,02,2025-01-15 20:00:00
0,0,01,2025-07-19 04:00:00
0,0,02,2025-01-15 16:00:00
0,0,04,2025-01-15 16:00:00
0,0,04,2025-07-19 20:00:00
0,0,02,2025-03-04 04:00:00
0,0,04,2025-03-04 12:00:00
0,0,04,2025-02-24 16:00:00
0,0,05,2025-01-15 00:00:00
0,0,01,2025-02-24 04:00:00
1,0,03,2026-01-19 16:00:00
1,1,03,2025-09-03 12:00:00
0,0,02,2026-02-27 20:00:00
0,0,05,2025-09-03 00:00:00
0,1,02,2025-09-03 04:00:00
0,0,02,2025-09-03 16:00:00
0,0,04,2026-02-27 08:00:00
0,0,04,2025-02-24 20:00:00
1,3,03,2025-11-18 08:00:00
1,0,02,2025-09-10 12:00:00
1,0,04,2025-09-10 12:00:00
2,1,03,2025-01-15 04:00:00
0,0,02,2026-02-07 16:00:00
1,0,05,2025-09-03 08:00:00
0,0,01,2025-01-15 16:00:00
0,0,01,2025-07-19 20:00:00
0,0,04,2025-09-03 20:00:00
0,0,05,2025-03-04 00:00:00
0,0,04,2026-02-07 08:00:00
0,0,05,2026-01-19 20:00:00
1,0,03,2025-01-15 20:00:00
0,0,05,2025-01-15 20:00:00
0,0,05,2025-03-04 20:00:00
1,1,03,2026-02-27 12:00:00
0,0,02,2026-01-19 20:00:00
1,0,02,2025-09-03 12:00:00
0,0,02,2025-11-18 04:00:00
0,0,04,2025-03-04 08:00:00
0,0,01,2026-02-27 04:00:00
0,0,05,2026-02-27 04:00:00
1,1,03,2026-01-19 12:00:00
1,0,05,2025-03-04 04:00:00
0,0,04,2025-03-04 04:00:00
1,0,05,2025-02-24 16:00:00
1,0,02,2025-01-15 12:00:00
1,0,05,2025-07-19 12:00:00
0,0,01,2025-02-24 08:00:00
0,0,02,2025-02-24 08:00:00
1,0,05,2026-02-27 12:00:00
2,0,03,2025-09-03 00:00:00
0,0,04,2026-02-07 04:00:00
0,0,04,2025-09-03 04:00:00
1,0,05,2025-01-15 16:00:00
1,2,03,2025-02-24 08:00:00
2,1,03,2026-02-07 04:00:00
1,0,05,2025-02-24 08:00:00
0,0,01,2026-02-27 16:00:00
0,0,01,2026-02-07 20:00:00
1,1,03,2026-02-07 12:00:00
0,0,04,2025-09-10 16:00:00
2,0,03,2025-02-24 20:00:00
1,2,03,2026-02-27 08:00:00
1,0,04,2026-02-27 12:00:00
1,0,05,2026-02-27 08:00:00
0,0,01,2025-01-15 20:00:00
1,0,05,2026-01-19 12:00:00
0,0,01,2025-09-03 20:00:00
0,0,02,2025-01-15 00:00:00
1,0,02,2025-09-10 08:00:00
0,0,03,2026-01-19 20:00:00
0,0,04,2025-01-15 12:00:00
0,0,01,2025-09-10 20:00:00
0,0,02,2025-09-03 00:00:00
0,0,04,2025-03-04 00:00:00
1,0,05,2025-09-10 12:00:00
1,1,03,2025-03-04 16:00:00
0,0,04,2025-03-04 16:00:00
1,1,03,2026-02-27 16:00:00
1,1,03,2025-09-10 16:00:00
1,0,01,2025-09-03 12:00:00
2,0,05,2025-07-19 08:00:00
1,1,03,2025-07-19 16:00:00
1,0,03,2025-11-18 12:00:00
0,0,04,2026-01-19 12:00:00
0,0,02,2025-09-10 04:00:00
0,0,05,2025-09-10 20:00:00
0,0,02,2025-02-24 12:00:00
0,0,02,2026-01-19 04:00:00
0,0,04,2026-01-19 04:00:00
2,0,03,2025-01-15 00:00:00
0,0,01,2025-09-10 00:00:00
1,0,01,2026-02-27 08:00:00
0,0,01,2026-01-19 00:00:00
0,0,02,2026-01-19 00:00:00
0,0,04,2026-01-19 00:00:00
0,0,04,2025-11-18 20:00:00
3,3,56,2025-11-18 08:00:00
0,0,59,2026-02-07 12:00:00
0,0,59,2025-09-10 00:00:00
0,0,59,2025-09-03 20:00:00
0,0,59,2025-01-15 08:00:00
0,0,57,2025-01-15 04:00:00
3,0,57,2025-03-04 12:00:00
3,0,57,2026-01-19 12:00:00
3,2,56,2025-03-04 04:00:00
0,0,59,2025-03-04 20:00:00
3,4,56,2025-09-10 12:00:00
3,3,56,2025-03-04 16:00:00
0,0,58,2025-11-18 00:00:00
3,3,56,2025-03-04 08:00:00
1,0,60,2025-03-04 08:00:00
0,0,58,2026-02-07 16:00:00
0,0,57,2025-07-19 00:00:00
0,0,59,2025-11-18 20:00:00
1,0,60,2025-11-18 12:00:00
0,0,57,2025-02-24 20:00:00
3,0,58,2025-09-03 08:00:00
0,1,59,2025-03-04 12:00:00
3,0,57,2025-02-24 16:00:00
0,0,60,2025-02-24 04:00:00
3,3,56,2026-02-27 12:00:00
3,0,57,2025-09-10 12:00:00
1,1,59,2025-09-10 12:00:00
0,0,59,2026-01-19 16:00:00
3,3,56,2025-01-15 12:00:00
3,3,56,2026-02-27 16:00:00
3,0,57,2026-02-27 16:00:00
0,0,57,2025-09-03 04:00:00
0,0,57,2025-01-15 16:00:00
0,0,60,2026-02-07 04:00:00
3,0,56,2025-09-10 00:00:00
0,0,60,2025-09-10 00:00:00
3,0,58,2025-07-19 08:00:00
3,0,58,2025-11-18 12:00:00
0,0,60,2026-02-27 04:00:00
0,0,60,2026-02-27 08:00:00
3,1,56,2025-03-04 00:00:00
3,0,57,2025-09-10 08:00:00
3,0,57,2025-01-15 12:00:00
3,0,57,2025-09-03 12:00:00
0,1,59,2025-01-15 12:00:00
0,0,59,2025-11-18 16:00:00
0,0,60,2025-09-03 04:00:00
0,0,58,2025-02-24 00:00:00
3,2,56,2026-01-19 08:00:00
0,0,59,2025-01-15 16:00:00
0,0,60,2026-02-07 16:00:00
0,1,58,2025-02-24 08:00:00
3,0,56,2026-02-07 04:00:00
0,0,58,2025-11-18 08:00:00
3,0,56,2026-02-07 00:00:00
3,3,56,2025-09-03 16:00:00
0,0,59,2025-09-03 16:00:00
3,3,56,2025-01-15 08:00:00
3,3,56,2025-11-18 12:00:00
0,0,58,2025-07-19 20:00:00
0,0,59,2026-01-19 12:00:00
3,0,56,2026-01-19 00:00:00
0,0,60,2025-03-04 00:00:00
0,0,58,2025-01-15 00:00:00
0,0,60,2025-07-19 12:00:00
0,0,58,2025-03-04 20:00:00
0,0,57,2025-01-15 20:00:00
0,0,59,2025-01-15 20:00:00
0,0,58,2025-09-10 04:00:00
3,3,56,2026-01-19 16:00:00
3,3,56,2025-11-18 16:00:00
0,0,60,2026-02-27 16:00:00
0,0,58,2026-02-07 04:00:00
0,0,57,2025-09-10 00:00:00
0,0,57,2025-09-03 20:00:00
0,1,59,2025-02-24 12:00:00
0,0,58,2025-07-19 16:00:00
0,0,59,2025-11-18 12:00:00
0,0,60,2025-11-18 20:00:00
0,0,58,2025-09-10 20:00:00
0,0,57,2025-01-15 00:00:00
3,0,57,2025-07-19 12:00:00
0,0,59,2025-02-24 04:00:00
0,0,60,2025-01-15 00:00:00
3,2,56,2025-03-04 20:00:00
3,0,58,2026-02-27 12:00:00
0,0,60,2026-01-19 16:00:00
3,0,57,2025-03-04 08:00:00
0,1,59,2025-03-04 08:00:00
1,0,60,2025-01-15 12:00:00
0,0,57,2025-02-24 00:00:00
0,0,60,2026-01-19 08:00:00
0,0,58,2025-07-19 04:00:00
3,0,58,2026-02-07 12:00:00
0,0,58,2025-11-18 20:00:00
0,0,58,2025-02-24 20:00:00
0,0,60,2025-02-24 20:00:00
0,0,58,2025-01-15 04:00:00
3,2,56,2026-02-27 20:00:00
3,0,56,2025-01-15 00:00:00
0,0,59,2026-01-19 20:00:00
3,0,58,2025-09-10 08:00:00
3,0,57,2026-02-27 12:00:00
0,0,60,2025-11-18 04:00:00
3,2,56,2026-02-07 20:00:00
0,0,57,2025-11-18 00:00:00
1,0,60,2025-09-03 12:00:00
0,0,60,2025-11-18 16:00:00
0,0,59,2026-02-07 16:00:00
0,0,58,2026-02-27 00:00:00
3,2,56,2025-07-19 00:00:00
1,0,60,2026-02-07 12:00:00
0,0,60,2025-09-03 16:00:00
0,0,60,2025-07-19 16:00:00
3,0,56,2026-02-27 04:00:00
3,0,58,2025-03-04 12:00:00
1,0,60,2025-09-03 08:00:00
0,0,60,2025-09-10 20:00:00
0,0,58,2026-02-27 20:00:00
0,0,58,2026-01-19 04:00:00
0,0,59,2026-02-27 20:00:00
3,0,56,2026-02-07 08:00:00
3,4,56,2025-09-10 16:00:00
0,0,59,2026-02-07 20:00:00
0,0,58,2025-01-15 16:00:00
3,3,56,2025-01-15 16:00:00
0,0,57,2026-02-07 00:00:00
3,3,56,2025-09-03 20:00:00
0,0,59,2025-07-19 16:00:00
1,0,60,2025-03-04 12:00:00
0,0,58,2025-03-04 00:00:00
0,0,59,2026-01-19 00:00:00
0,0,60,2026-02-07 08:00:00
0,0,60,2025-01-15 20:00:00
3,0,57,2025-09-10 04:00:00
0,0,59,2025-03-04 16:00:00
0,0,58,2026-02-27 16:00:00
3,3,56,2025-09-03 12:00:00
1,0,59,2025-09-03 12:00:00
0,0,59,2025-09-10 16:00:00
3,0,56,2025-09-03 00:00:00
3,2,56,2026-02-07 16:00:00
3,0,57,2026-02-07 12:00:00
3,0,57,2025-11-18 08:00:00
3,3,56,2025-07-19 16:00:00
3,0,57,2025-11-18 12:00:00
0,0,57,2025-11-18 20:00:00
0,0,58,2026-02-27 08:00:00
0,0,57,2025-07-19 20:00:00
0,0,59,2025-09-10 20:00:00
0,0,59,2026-01-19 04:00:00
0,0,57,2025-03-04 20:00:00
0,0,58,2025-11-18 04:00:00
0,0,59,2025-09-10 04:00:00
0,0,58,2025-03-04 08:00:00
0,0,57,2026-02-07 20:00:00
3,0,57,2025-11-18 16:00:00
0,0,59,2025-11-18 00:00:00
0,0,59,2025-09-03 00:00:00
0,0,60,2025-09-03 00:00:00
3,3,56,2025-02-24 08:00:00
0,0,57,2026-02-07 04:00:00
3,1,56,2026-02-07 12:00:00
1,2,59,2025-09-03 08:00:00
0,0,59,2025-07-19 20:00:00
0,0,58,2026-01-19 00:00:00
0,0,58,2026-02-07 08:00:00
0,0,59,2025-03-04 00:00:00
0,0,60,2026-01-19 00:00:00
0,0,58,2026-01-19 20:00:00
0,0,57,2026-01-19 20:00:00
3,0,58,2025-09-10 12:00:00
0,0,59,2025-11-18 04:00:00
1,0,60,2025-09-10 12:00:00
0,0,58,2026-01-19 16:00:00
0,0,60,2025-03-04 16:00:00
3,0,56,2025-11-18 00:00:00
0,0,57,2025-09-03 00:00:00
0,0,57,2025-07-19 04:00:00
0,0,59,2026-02-27 00:00:00
0,0,60,2025-07-19 04:00:00
0,0,60,2026-02-07 00:00:00
1,0,60,2025-02-24 12:00:00
0,0,60,2025-09-03 20:00:00
1,0,60,2025-07-19 08:00:00
3,2,56,2025-11-18 20:00:00
0,2,59,2026-02-27 08:00:00
3,3,56,2026-01-19 12:00:00
0,0,57,2026-01-19 04:00:00
0,0,60,2026-01-19 04:00:00
0,0,60,2025-02-24 16:00:00
3,0,58,2025-07-19 12:00:00
3,2,56,2025-02-24 04:00:00
0,0,59,2025-07-19 12:00:00
0,0,58,2025-01-15 20:00:00
0,0,60,2025-03-04 20:00:00
1,0,60,2025-09-10 08:00:00
3,0,56,2026-02-27 00:00:00
0,0,58,2026-02-07 00:00:00
0,0,58,2026-01-19 12:00:00
3,3,56,2025-03-04 12:00:00
0,0,57,2026-02-27 20:00:00
0,0,59,2025-03-04 04:00:00
0,0,57,2025-03-04 00:00:00
0,0,60,2026-01-19 20:00:00
0,0,57,2025-11-18 04:00:00
0,0,59,2026-02-27 16:00:00
0,0,58,2025-09-03 00:00:00
0,0,58,2025-09-03 04:00:00
0,0,59,2025-02-24 00:00:00
0,0,60,2025-02-24 00:00:00
0,0,59,2025-07-19 00:00:00
0,0,60,2025-02-24 08:00:00
0,0,60,2025-11-18 08:00:00
3,3,56,2025-02-24 12:00:00
0,0,59,2025-07-19 08:00:00
3,0,57,2025-01-15 08:00:00
0,0,57,2025-09-10 20:00:00
0,0,58,2025-03-04 04:00:00
3,0,57,2026-02-07 08:00:00
0,0,58,2025-02-24 04:00:00
0,0,59,2025-01-15 00:00:00
3,3,56,2025-09-10 08:00:00
3,2,56,2025-11-18 04:00:00
0,0,58,2026-02-07 20:00:00
0,0,60,2026-02-07 20:00:00
3,0,57,2026-02-07 16:00:00
3,0,57,2025-02-24 08:00:00
0,0,58,2025-09-10 00:00:00
0,0,59,2026-02-07 00:00:00
3,0,57,2025-02-24 12:00:00
0,0,58,2025-01-15 08:00:00
3,3,56,2025-02-24 20:00:00
0,0,58,2026-02-27 04:00:00
3,1,56,2025-01-15 04:00:00
0,0,57,2026-02-27 04:00:00
0,0,60,2025-01-15 04:00:00
3,3,56,2025-09-03 08:00:00
0,0,60,2025-03-04 04:00:00
0,0,60,2026-02-27 20:00:00
0,0,58,2025-02-24 16:00:00
3,3,56,2025-02-24 16:00:00
0,0,59,2025-02-24 16:00:00
0,0,59,2026-02-07 08:00:00
0,0,57,2025-02-24 04:00:00
0,2,59,2025-09-10 08:00:00
3,0,57,2025-03-04 16:00:00
3,0,58,2025-09-03 12:00:00
3,0,58,2025-09-10 16:00:00
0,0,58,2025-11-18 16:00:00
0,0,59,2025-09-03 04:00:00
0,0,58,2025-07-19 00:00:00
0,0,57,2026-02-27 00:00:00
0,0,60,2026-02-27 00:00:00
0,0,58,2025-09-03 20:00:00
3,3,56,2025-07-19 08:00:00
3,0,57,2025-09-03 16:00:00
3,0,57,2025-07-19 08:00:00
0,0,59,2025-02-24 20:00:00
0,0,59,2026-02-27 04:00:00
3,3,56,2025-09-10 20:00:00
3,2,56,2025-07-19 20:00:00
3,0,57,2025-09-03 08:00:00
0,0,57,2025-03-04 04:00:00
3,2,56,2026-01-19 20:00:00
3,3,56,2025-07-19 12:00:00
3,2,56,2025-09-10 04:00:00
0,0,57,2026-01-19 16:00:00
3,0,58,2025-01-15 12:00:00
3,0,57,2025-09-10 16:00:00
0,0,60,2025-09-10 16:00:00
3,1,56,2025-02-24 00:00:00
3,0,57,2026-01-19 08:00:00
0,0,59,2026-01-19 08:00:00
3,1,56,2025-07-19 04:00:00
0,0,59,2026-02-07 04:00:00
0,1,59,2025-11-18 08:00:00
3,0,58,2025-02-24 12:00:00
0,0,58,2025-09-03 16:00:00
3,0,57,2025-07-19 16:00:00
1,0,60,2025-01-15 08:00:00
3,2,56,2026-02-27 08:00:00
3,0,57,2026-02-27 08:00:00
0,0,59,2025-01-15 04:00:00
0,0,60,2026-01-19 12:00:00
0,0,60,2025-07-19 20:00:00
3,1,56,2026-01-19 04:00:00
0,0,57,2026-01-19 00:00:00
3,2,56,2025-01-15 20:00:00
1,0,59,2026-02-27 12:00:00
1,0,60,2026-02-27 12:00:00
3,0,58,2025-03-04 16:00:00
0,0,60,2025-09-10 04:00:00
0,0,60,2025-11-18 00:00:00
3,1,56,2025-09-03 04:00:00
0,0,58,2026-01-19 08:00:00
0,0,60,2025-01-15 16:00:00
0,1,59,2025-02-24 08:00:00
0,0,59,2025-07-19 04:00:00
0,0,60,2025-07-19 00:00:00
0,0,34,2025-09-10 00:00:00
2,0,35,2025-09-03 20:00:00
2,4,33,2025-07-19 16:00:00
2,2,33,2025-09-10 20:00:00
1,0,34,2025-03-04 12:00:00
0,0,34,2025-03-04 04:00:00
2,3,33,2026-02-07 08:00:00
3,0,31,2025-02-24 16:00:00
0,0,31,2026-01-19 00:00:00
1,0,31,2025-09-10 08:00:00
4,4,32,2025-09-10 04:00:00
2,0,33,2025-11-18 00:00:00
4,4,32,2025-09-10 16:00:00
2,2,33,2025-09-03 04:00:00
0,0,31,2025-09-03 00:00:00
2,0,35,2025-01-15 16:00:00
1,0,34,2025-02-24 08:00:00
2,0,33,2026-02-07 00:00:00
3,0,31,2025-11-18 12:00:00
0,1,34,2025-07-19 16:00:00
2,0,35,2025-01-15 04:00:00
1,0,34,2026-02-27 08:00:00
4,4,32,2026-01-19 12:00:00
2,0,35,2025-07-19 20:00:00
1,0,31,2025-09-03 08:00:00
0,0,31,2025-09-10 20:00:00
0,0,34,2025-09-10 20:00:00
2,0,35,2025-03-04 04:00:00
0,0,31,2026-01-19 04:00:00
4,0,32,2025-01-15 00:00:00
2,0,35,2025-11-18 04:00:00
4,0,31,2025-09-10 12:00:00
1,0,31,2025-01-15 12:00:00
1,0,34,2025-01-15 12:00:00
4,1,32,2025-09-03 00:00:00
2,0,35,2026-02-27 00:00:00
0,0,34,2026-02-27 00:00:00
4,4,32,2025-11-18 08:00:00
0,0,31,2025-09-10 00:00:00
2,2,33,2025-09-03 20:00:00
2,0,35,2025-07-19 08:00:00
3,0,31,2025-09-03 16:00:00
0,0,34,2025-11-18 20:00:00
2,2,33,2025-01-15 04:00:00
1,4,33,2025-03-04 12:00:00
0,0,31,2025-07-19 20:00:00
4,4,32,2025-03-04 04:00:00
2,0,35,2026-01-19 04:00:00
0,0,34,2026-01-19 04:00:00
2,1,35,2026-02-07 08:00:00
2,0,35,2026-01-19 16:00:00
4,4,32,2025-03-04 08:00:00
2,0,35,2025-09-10 16:00:00
2,0,35,2025-11-18 00:00:00
0,0,31,2025-11-18 00:00:00
0,1,34,2026-02-07 20:00:00
4,4,32,2025-09-03 04:00:00
2,3,33,2025-02-24 08:00:00
2,0,33,2026-02-07 04:00:00
4,4,32,2026-02-07 12:00:00
1,3,33,2025-02-24 12:00:00
4,4,32,2025-07-19 08:00:00
2,0,31,2025-07-19 08:00:00
1,4,33,2025-11-18 12:00:00
2,0,35,2025-09-10 20:00:00
1,0,31,2025-03-04 12:00:00
4,3,32,2026-01-19 04:00:00
4,4,32,2025-02-24 16:00:00
4,3,32,2026-01-19 20:00:00
0,0,31,2025-02-24 04:00:00
1,1,34,2025-03-04 08:00:00
2,0,33,2025-09-03 00:00:00
2,1,33,2025-07-19 00:00:00
2,4,33,2025-11-18 08:00:00
2,1,35,2026-02-07 12:00:00
4,4,32,2025-02-24 12:00:00
2,1,35,2025-09-03 16:00:00
2,0,35,2025-02-24 20:00:00
0,0,34,2025-01-15 04:00:00
2,0,35,2026-02-27 20:00:00
0,1,33,2026-01-19 00:00:00
4,0,32,2026-01-19 00:00:00
0,0,34,2025-02-24 16:00:00
4,3,32,2025-01-15 20:00:00
1,4,33,2025-09-10 12:00:00
2,1,35,2025-09-10 12:00:00
2,4,33,2026-02-27 16:00:00
4,4,32,2026-02-07 20:00:00
2,1,35,2025-11-18 16:00:00
1,2,33,2025-01-15 16:00:00
2,0,35,2025-02-24 00:00:00
0,1,34,2026-01-19 08:00:00
2,0,35,2025-07-19 04:00:00
1,0,31,2025-02-24 08:00:00
2,0,35,2025-09-10 00:00:00
0,0,31,2026-02-07 00:00:00
0,0,31,2025-09-03 20:00:00
1,0,34,2025-02-24 12:00:00
1,0,34,2025-07-19 08:00:00
1,3,33,2025-09-03 08:00:00
4,4,32,2025-03-04 12:00:00
0,0,34,2025-07-19 20:00:00
0,0,31,2025-03-04 00:00:00
4,4,32,2025-02-24 04:00:00
0,0,31,2026-01-19 20:00:00
0,0,34,2026-01-19 20:00:00
1,4,33,2026-02-27 12:00:00
1,4,33,2025-03-04 16:00:00
0,0,31,2026-01-19 16:00:00
1,4,33,2025-03-04 08:00:00
1,4,33,2025-11-18 16:00:00
4,1,32,2025-11-18 00:00:00
2,1,35,2025-09-03 12:00:00
1,0,31,2025-03-04 08:00:00
1,0,34,2025-09-03 12:00:00
0,0,34,2025-11-18 00:00:00
1,0,31,2026-02-07 12:00:00
1,0,31,2025-11-18 08:00:00
1,3,33,2025-09-03 16:00:00
0,0,34,2025-09-03 20:00:00
0,0,31,2025-02-24 20:00:00
0,0,31,2026-02-27 20:00:00
4,1,32,2025-03-04 00:00:00
3,0,31,2025-07-19 12:00:00
0,0,31,2025-01-15 20:00:00
2,3,33,2026-01-19 16:00:00
4,4,32,2025-11-18 16:00:00
2,0,35,2025-03-04 08:00:00
1,1,34,2025-09-10 16:00:00
2,0,35,2025-09-03 04:00:00
0,0,31,2025-02-24 00:00:00
0,0,31,2026-02-07 16:00:00
2,0,35,2025-07-19 00:00:00
0,0,31,2026-02-27 00:00:00
1,1,34,2026-02-07 12:00:00
1,0,34,2025-11-18 08:00:00
4,4,32,2025-09-03 16:00:00
4,4,32,2025-11-18 20:00:00
1,0,34,2025-11-18 12:00:00
0,0,31,2026-02-27 04:00:00
4,4,32,2025-09-10 20:00:00
1,0,35,2025-03-04 12:00:00
2,0,35,2025-09-03 08:00:00
2,0,35,2026-01-19 00:00:00
2,4,33,2025-07-19 12:00:00
2,0,35,2026-01-19 20:00:00
0,0,34,2025-02-24 04:00:00
2,0,33,2025-01-15 20:00:00
2,0,35,2025-03-04 20:00:00
1,0,31,2026-02-27 12:00:00
1,0,34,2025-09-10 12:00:00
1,3,33,2025-01-15 12:00:00
4,4,32,2025-01-15 12:00:00
2,0,35,2025-01-15 12:00:00
2,0,35,2026-02-27 16:00:00
2,4,33,2026-02-07 16:00:00
0,0,34,2025-02-24 00:00:00
4,4,32,2025-02-24 08:00:00
4,1,32,2026-02-27 00:00:00
4,2,32,2025-07-19 00:00:00
0,0,34,2025-07-19 00:00:00
2,0,33,2025-09-10 00:00:00
4,4,32,2025-01-15 08:00:00
2,1,35,2025-01-15 08:00:00
2,0,35,2026-02-27 04:00:00
3,0,31,2026-01-19 12:00:00
2,2,33,2026-01-19 04:00:00
4,4,32,2025-03-04 20:00:00
0,0,34,2025-03-04 20:00:00
1,0,34,2025-03-04 16:00:00
2,3,33,2026-02-07 20:00:00
1,4,33,2025-09-10 16:00:00
4,4,32,2026-02-27 16:00:00
4,4,32,2025-09-03 12:00:00
3,1,31,2026-02-27 16:00:00
0,0,31,2026-02-07 20:00:00
2,1,35,2025-02-24 12:00:00
3,0,31,2025-02-24 12:00:00
1,3,33,2025-01-15 08:00:00
2,2,33,2025-11-18 20:00:00
0,0,31,2025-11-18 20:00:00
4,4,32,2025-01-15 04:00:00
0,0,31,2025-01-15 04:00:00
0,0,34,2026-02-27 04:00:00
4,4,32,2026-02-27 20:00:00
0,0,31,2025-03-04 04:00:00
0,0,34,2026-02-27 20:00:00
0,0,34,2026-01-19 00:00:00
4,4,32,2025-09-10 08:00:00
4,4,32,2026-02-27 12:00:00
0,0,34,2025-09-03 04:00:00
2,0,35,2026-02-07 16:00:00
0,0,31,2025-01-15 16:00:00
4,2,32,2026-02-07 04:00:00
4,3,32,2025-09-03 20:00:00
2,3,33,2025-03-04 04:00:00
2,0,35,2025-03-04 00:00:00
2,0,33,2025-01-15 00:00:00
0,0,34,2025-01-15 00:00:00
2,1,35,2025-09-10 08:00:00
2,2,33,2025-11-18 04:00:00
4,4,32,2025-09-10 12:00:00
4,4,32,2025-11-18 04:00:00
1,3,33,2025-09-03 12:00:00
2,0,31,2025-09-03 04:00:00
2,0,31,2025-07-19 04:00:00
0,0,34,2026-02-07 04:00:00
4,2,32,2026-02-07 00:00:00
2,0,35,2026-02-07 00:00:00
0,0,34,2025-02-24 20:00:00
1,3,33,2026-01-19 12:00:00
4,4,32,2026-02-07 08:00:00
0,0,34,2025-03-04 00:00:00
2,2,33,2025-02-24 04:00:00
2,4,33,2025-09-10 08:00:00
4,4,32,2026-01-19 16:00:00
2,0,31,2025-09-10 04:00:00
4,0,31,2025-09-03 12:00:00
3,0,31,2025-11-18 16:00:00
4,4,32,2026-01-19 08:00:00
4,2,32,2025-07-19 04:00:00
2,0,35,2026-02-07 04:00:00
2,3,33,2025-07-19 08:00:00
0,0,34,2025-09-03 16:00:00
4,4,32,2025-07-19 16:00:00
2,0,35,2025-07-19 16:00:00
2,0,35,2025-11-18 12:00:00
2,1,33,2025-02-24 20:00:00
2,2,33,2026-02-27 04:00:00
2,3,33,2026-02-27 08:00:00
4,4,32,2026-02-27 04:00:00
2,3,33,2025-07-19 20:00:00
0,0,34,2026-01-19 12:00:00
1,2,33,2025-02-24 16:00:00
2,0,31,2026-02-07 08:00:00
0,0,33,2026-01-19 20:00:00
0,0,31,2025-03-04 20:00:00
2,3,33,2025-09-10 04:00:00
4,4,32,2025-03-04 16:00:00
3,0,31,2025-03-04 16:00:00
0,0,34,2026-01-19 16:00:00
4,4,32,2026-02-07 16:00:00
2,0,35,2026-01-19 08:00:00
2,0,35,2025-02-24 08:00:00
1,0,34,2025-01-15 08:00:00
4,4,32,2025-09-03 08:00:00
2,1,35,2026-01-19 12:00:00
1,0,34,2025-09-03 08:00:00
2,0,33,2025-03-04 00:00:00
2,1,35,2025-07-19 12:00:00
0,0,31,2025-01-15 00:00:00
2,0,35,2025-01-15 20:00:00
1,0,34,2025-09-10 08:00:00
2,1,35,2026-02-27 12:00:00
2,0,35,2026-02-07 20:00:00
0,0,34,2025-11-18 16:00:00
0,0,31,2026-01-19 08:00:00
2,2,33,2025-07-19 04:00:00
0,0,31,2026-02-07 04:00:00
4,1,32,2025-09-10 00:00:00
0,0,34,2026-02-07 00:00:00
4,4,32,2025-11-18 12:00:00
2,0,35,2025-11-18 20:00:00
1,0,31,2025-01-15 08:00:00
3,0,31,2025-07-19 16:00:00
4,3,32,2025-02-24 20:00:00
0,0,34,2026-02-07 08:00:00
4,4,32,2025-07-19 12:00:00
2,0,35,2025-02-24 04:00:00
1,1,34,2025-07-19 12:00:00
2,2,33,2025-03-04 20:00:00
1,1,34,2026-02-27 12:00:00
2,0,35,2025-03-04 16:00:00
4,4,32,2025-01-15 16:00:00
0,0,34,2026-02-07 16:00:00
0,0,31,2025-07-19 00:00:00
0,0,34,2025-07-19 04:00:00
2,4,33,2026-02-07 12:00:00
2,1,35,2025-11-18 08:00:00
4,4,32,2026-02-27 08:00:00
2,1,35,2026-02-27 08:00:00
2,0,31,2026-02-27 08:00:00
4,4,32,2025-07-19 20:00:00
2,3,33,2026-02-27 20:00:00
2,0,35,2025-02-24 16:00:00
2,0,35,2025-01-15 00:00:00
0,0,34,2025-01-15 20:00:00
0,0,31,2025-11-18 04:00:00
0,0,34,2025-11-18 04:00:00
2,0,35,2025-09-10 04:00:00
0,0,34,2025-09-10 04:00:00
3,0,31,2025-09-10 16:00:00
0,1,34,2026-02-27 16:00:00
2,0,35,2025-09-03 00:00:00
0,0,34,2025-09-03 00:00:00
2,0,33,2025-02-24 00:00:00
2,3,33,2026-01-19 08:00:00
4,0,32,2025-02-24 00:00:00
0,0,34,2025-01-15 16:00:00
2,0,33,2026-02-27 00:00:00
0,0,55,2026-02-07 08:00:00
0,0,51,2026-02-07 08:00:00
0,0,52,2025-01-15 04:00:00
0,0,53,2025-11-18 20:00:00
0,0,52,2025-11-18 04:00:00
0,0,55,2026-02-27 08:00:00
0,0,53,2026-02-27 04:00:00
0,0,55,2025-07-19 12:00:00
0,0,55,2025-11-18 20:00:00
0,0,52,2025-11-18 20:00:00
0,0,53,2025-07-19 12:00:00
0,0,52,2025-01-15 12:00:00
0,0,52,2025-09-03 12:00:00
0,0,53,2025-09-10 08:00:00
0,0,52,2025-09-03 00:00:00
0,0,53,2025-09-10 12:00:00
0,0,53,2025-01-15 12:00:00
0,0,51,2025-09-10 04:00:00
0,0,52,2026-01-19 12:00:00
0,0,54,2025-01-15 08:00:00
0,0,54,2026-02-07 20:00:00
0,0,51,2025-02-24 00:00:00
0,0,53,2026-01-19 00:00:00
0,0,51,2025-01-15 12:00:00
0,0,52,2026-01-19 20:00:00
0,0,54,2025-09-10 00:00:00
0,0,52,2026-02-07 04:00:00
0,0,52,2025-09-10 16:00:00
0,0,52,2025-07-19 08:00:00
0,0,53,2025-11-18 16:00:00
0,0,55,2025-11-18 12:00:00
0,0,51,2025-01-15 20:00:00
0,0,52,2025-09-10 08:00:00
0,0,53,2025-09-03 04:00:00
0,0,51,2026-02-07 00:00:00
0,0,51,2025-07-19 20:00:00
0,0,53,2025-02-24 12:00:00
0,0,54,2025-11-18 04:00:00
0,0,55,2025-07-19 04:00:00
0,0,55,2025-03-04 04:00:00
0,0,53,2025-07-19 20:00:00
0,0,52,2026-01-19 16:00:00
0,0,54,2025-11-18 20:00:00
0,0,52,2025-03-04 16:00:00
0,0,53,2026-02-07 08:00:00
0,0,51,2026-01-19 20:00:00
0,0,54,2025-03-04 00:00:00
0,0,55,2025-03-04 20:00:00
0,0,53,2025-03-04 08:00:00
0,0,53,2026-02-27 16:00:00
0,0,53,2026-02-07 20:00:00
0,0,55,2025-07-19 00:00:00
0,0,54,2025-02-24 20:00:00
0,0,54,2025-01-15 20:00:00
0,0,54,2025-09-10 08:00:00
0,0,55,2025-11-18 00:00:00
0,0,52,2026-01-19 00:00:00
0,0,52,2026-01-19 04:00:00
0,0,54,2026-01-19 04:00:00
0,0,54,2026-01-19 12:00:00
0,0,53,2026-02-07 12:00:00
0,0,53,2025-11-18 08:00:00
0,0,55,2025-01-15 00:00:00
0,0,54,2025-01-15 00:00:00
0,0,51,2025-07-19 16:00:00
0,0,55,2026-02-27 20:00:00
0,0,51,2026-02-27 20:00:00
0,0,52,2026-02-27 20:00:00
0,0,54,2025-03-04 04:00:00
0,0,54,2025-07-19 12:00:00
0,0,52,2025-09-10 12:00:00
0,0,55,2025-07-19 08:00:00
0,0,54,2025-02-24 04:00:00
0,0,53,2025-09-03 12:00:00
0,0,55,2025-01-15 20:00:00
0,0,51,2025-09-10 08:00:00
0,0,52,2025-07-19 00:00:00
0,0,55,2025-02-24 08:00:00
0,0,53,2026-02-07 16:00:00
0,0,55,2026-01-19 00:00:00
0,0,55,2025-09-03 20:00:00
0,0,53,2025-09-10 00:00:00
0,0,51,2025-09-03 08:00:00
0,0,53,2025-09-03 16:00:00
0,0,55,2025-11-18 04:00:00
0,0,51,2025-11-18 04:00:00
0,0,54,2025-02-24 00:00:00
0,0,53,2025-09-10 20:00:00
0,0,55,2026-01-19 16:00:00
0,0,51,2026-01-19 16:00:00
0,0,52,2026-02-07 12:00:00
0,0,54,2025-01-15 12:00:00
0,0,55,2025-02-24 16:00:00
0,0,51,2026-02-27 12:00:00
0,0,52,2025-09-03 20:00:00
0,0,51,2025-01-15 04:00:00
0,0,52,2025-07-19 20:00:00
0,0,54,2025-01-15 04:00:00
0,0,55,2025-11-18 16:00:00
0,0,52,2025-01-15 00:00:00
0,0,55,2026-02-07 20:00:00
0,0,51,2025-01-15 08:00:00
0,0,52,2025-07-19 04:00:00
0,0,53,2025-03-04 04:00:00
0,0,55,2025-11-18 08:00:00
0,0,51,2025-09-10 20:00:00
0,0,52,2025-09-10 00:00:00
0,0,53,2025-01-15 20:00:00
0,0,54,2025-09-10 12:00:00
0,0,54,2025-09-03 00:00:00
0,0,51,2025-02-24 04:00:00
0,0,51,2025-03-04 20:00:00
0,0,52,2025-03-04 20:00:00
0,0,54,2026-02-07 16:00:00
0,1,51,2025-03-04 12:00:00
0,0,54,2026-02-27 12:00:00
0,0,54,2025-09-03 20:00:00
0,0,54,2025-07-19 20:00:00
0,0,53,2025-07-19 16:00:00
0,0,52,2026-02-07 20:00:00
0,0,53,2025-09-03 08:00:00
0,0,52,2025-09-03 04:00:00
0,0,53,2025-01-15 00:00:00
0,0,53,2026-01-19 16:00:00
0,0,55,2026-02-07 16:00:00
0,0,51,2025-03-04 08:00:00
0,0,52,2026-02-07 16:00:00
0,0,51,2025-07-19 00:00:00
0,0,52,2025-01-15 20:00:00
0,0,54,2025-01-15 16:00:00
0,0,52,2025-11-18 00:00:00
0,0,53,2025-07-19 04:00:00
0,0,53,2026-02-07 00:00:00
0,0,51,2026-02-27 00:00:00
0,0,52,2025-09-03 16:00:00
0,0,53,2025-01-15 04:00:00
0,1,53,2025-03-04 12:00:00
0,0,51,2025-11-18 20:00:00
0,0,53,2026-01-19 04:00:00
0,0,55,2025-03-04 16:00:00
0,0,54,2025-03-04 16:00:00
0,0,55,2025-09-10 00:00:00
0,0,53,2025-03-04 20:00:00
0,0,53,2026-02-27 12:00:00
0,0,54,2025-02-24 16:00:00
0,0,55,2026-02-27 12:00:00
0,0,51,2026-01-19 04:00:00
0,0,53,2026-02-07 04:00:00
0,0,54,2025-09-10 04:00:00
0,0,54,2025-11-18 00:00:00
0,0,55,2025-09-03 08:00:00
0,0,55,2025-02-24 00:00:00
0,0,52,2025-03-04 04:00:00
0,0,51,2025-09-03 04:00:00
0,0,53,2025-02-24 16:00:00
0,0,51,2025-11-18 08:00:00
0,0,54,2025-09-10 20:00:00
0,0,52,2025-02-24 04:00:00
0,0,54,2025-02-24 12:00:00
0,0,51,2025-02-24 20:00:00
0,0,51,2025-02-24 08:00:00
0,0,53,2025-02-24 00:00:00
0,0,53,2025-07-19 00:00:00
0,0,54,2025-09-03 08:00:00
0,0,55,2025-09-03 16:00:00
0,0,53,2026-01-19 12:00:00
0,0,51,2026-02-07 12:00:00
0,0,55,2025-03-04 00:00:00
0,0,52,2025-03-04 00:00:00
0,0,55,2025-02-24 20:00:00
0,0,51,2025-02-24 16:00:00
0,0,51,2026-02-27 04:00:00
0,0,53,2025-09-03 00:00:00
0,0,54,2025-11-18 12:00:00
0,0,51,2025-01-15 16:00:00
0,0,53,2025-01-15 16:00:00
0,0,53,2025-02-24 08:00:00
0,0,55,2026-02-27 00:00:00
0,0,51,2025-01-15 00:00:00
0,0,52,2026-02-27 08:00:00
0,0,54,2025-07-19 16:00:00
0,0,54,2026-01-19 16:00:00
0,0,55,2026-02-07 12:00:00
0,0,55,2025-01-15 12:00:00
0,0,53,2025-03-04 16:00:00
0,0,52,2025-03-04 08:00:00
0,0,55,2025-01-15 16:00:00
0,0,55,2025-03-04 12:00:00
0,0,51,2026-02-27 16:00:00
0,0,53,2025-11-18 12:00:00
0,0,54,2026-02-27 16:00:00
0,0,54,2026-02-27 08:00:00
0,0,54,2025-07-19 04:00:00
0,0,53,2026-02-27 20:00:00
0,0,55,2026-01-19 20:00:00
0,0,54,2026-01-19 20:00:00
0,0,54,2026-02-07 04:00:00
0,0,55,2025-02-24 04:00:00
0,0,52,2025-02-24 20:00:00
0,0,55,2026-01-19 12:00:00
0,0,55,2025-09-10 04:00:00
0,0,52,2026-02-27 12:00:00
0,0,53,2026-02-27 00:00:00
0,0,54,2026-01-19 00:00:00
0,0,54,2026-02-07 00:00:00
0,0,54,2026-02-07 08:00:00
0,0,52,2025-09-03 08:00:00
0,0,53,2025-09-03 20:00:00
0,0,52,2026-02-27 00:00:00
0,0,52,2025-11-18 16:00:00
0,0,54,2025-11-18 16:00:00
0,0,55,2025-01-15 08:00:00
0,0,51,2026-02-27 08:00:00
0,0,52,2025-07-19 16:00:00
0,0,55,2025-09-03 04:00:00
0,0,52,2025-11-18 08:00:00
0,0,53,2025-02-24 04:00:00
0,0,54,2026-02-07 12:00:00
0,0,54,2025-11-18 08:00:00
0,0,55,2025-09-10 20:00:00
0,0,51,2025-09-03 00:00:00
0,0,51,2025-02-24 12:00:00
0,0,51,2025-03-04 00:00:00
0,0,52,2025-02-24 12:00:00
0,0,53,2025-09-10 16:00:00
0,0,53,2025-11-18 00:00:00
0,0,52,2025-01-15 16:00:00
0,0,52,2025-03-04 12:00:00
0,0,53,2026-01-19 08:00:00
0,0,52,2025-09-10 04:00:00
0,0,55,2026-02-07 00:00:00
0,0,51,2025-09-03 16:00:00
0,0,51,2025-11-18 16:00:00
0,0,52,2026-02-27 16:00:00
0,0,51,2026-02-07 20:00:00
0,0,53,2025-02-24 20:00:00
0,0,51,2025-07-19 04:00:00
0,0,53,2026-02-27 08:00:00
0,0,51,2025-03-04 04:00:00
0,0,52,2025-07-19 12:00:00
0,0,54,2026-02-27 20:00:00
0,0,54,2025-09-03 04:00:00
0,0,51,2025-09-03 12:00:00
0,0,51,2025-09-10 12:00:00
0,0,54,2025-07-19 08:00:00
0,0,53,2025-09-10 04:00:00
0,0,55,2026-02-27 04:00:00
0,0,52,2025-02-24 16:00:00
0,0,54,2026-02-27 04:00:00
0,0,55,2026-01-19 08:00:00
0,0,54,2025-02-24 08:00:00
0,0,54,2025-03-04 12:00:00
0,0,54,2026-01-19 08:00:00
0,0,51,2026-01-19 12:00:00
0,0,52,2026-02-07 08:00:00
0,0,55,2025-01-15 04:00:00
0,0,55,2025-07-19 20:00:00
0,0,53,2025-07-19 08:00:00
0,0,52,2025-01-15 08:00:00
0,0,53,2026-01-19 20:00:00
0,0,55,2025-09-10 12:00:00
0,0,51,2025-09-10 00:00:00
0,0,55,2025-09-10 16:00:00
0,0,51,2026-02-07 04:00:00
0,0,51,2025-09-10 16:00:00
0,0,54,2025-09-10 16:00:00
0,0,55,2025-02-24 12:00:00
0,0,51,2026-02-07 16:00:00
0,0,54,2025-03-04 08:00:00
0,0,51,2025-11-18 12:00:00
0,0,52,2026-02-27 04:00:00
0,0,52,2025-11-18 12:00:00
0,0,52,2025-02-24 08:00:00
0,0,52,2026-01-19 08:00:00
0,0,52,2026-02-07 00:00:00
0,0,55,2026-02-27 16:00:00
0,0,53,2025-01-15 08:00:00
0,0,54,2026-02-27 00:00:00
0,0,54,2025-09-03 16:00:00
0,0,55,2025-07-19 16:00:00
0,0,52,2025-02-24 00:00:00
0,0,51,2025-07-19 12:00:00
0,0,51,2025-03-04 16:00:00
0,0,53,2025-03-04 00:00:00
0,0,55,2025-09-03 12:00:00
0,0,52,2025-09-10 20:00:00
0,0,54,2025-09-03 12:00:00
0,0,55,2026-02-07 04:00:00
0,0,55,2025-09-03 00:00:00
0,0,51,2025-07-19 08:00:00
0,0,53,2025-11-18 04:00:00
0,0,55,2025-03-04 08:00:00
0,0,54,2025-03-04 20:00:00
0,0,55,2025-09-10 08:00:00
0,0,54,2025-07-19 00:00:00
0,0,51,2026-01-19 08:00:00
0,0,55,2026-01-19 04:00:00
0,0,51,2026-01-19 00:00:00
0,0,51,2025-09-03 20:00:00
0,0,51,2025-11-18 00:00:00
0,0,67,2025-07-19 16:00:00
0,0,68,2025-07-19 16:00:00
0,0,69,2025-02-24 20:00:00
0,0,67,2026-02-27 08:00:00
0,0,68,2025-03-04 12:00:00
0,0,68,2026-01-19 12:00:00
0,0,66,2026-01-19 04:00:00
0,0,70,2026-02-07 08:00:00
0,0,70,2026-01-19 20:00:00
3,0,66,2025-07-19 12:00:00
0,0,67,2025-09-10 12:00:00
0,0,67,2025-03-04 08:00:00
0,0,67,2025-09-03 04:00:00
0,0,69,2026-02-07 16:00:00
0,0,67,2025-01-15 16:00:00
0,0,70,2025-07-19 00:00:00
0,0,66,2025-02-24 08:00:00
0,0,68,2025-07-19 00:00:00
0,0,69,2026-02-07 00:00:00
0,1,69,2025-02-24 12:00:00
0,0,67,2025-02-24 12:00:00
0,0,66,2026-01-19 12:00:00
0,0,69,2026-01-19 00:00:00
0,0,67,2026-01-19 00:00:00
0,0,67,2026-02-07 08:00:00
0,0,67,2026-01-19 20:00:00
0,0,68,2025-01-15 00:00:00
0,0,68,2025-07-19 12:00:00
0,0,68,2025-03-04 20:00:00
0,0,69,2025-11-18 04:00:00
3,0,66,2025-03-04 16:00:00
3,0,66,2025-09-10 16:00:00
0,0,66,2025-11-18 00:00:00
1,1,69,2025-01-15 12:00:00
0,0,67,2025-09-03 12:00:00
0,0,69,2025-01-15 16:00:00
0,0,70,2025-07-19 04:00:00
0,0,66,2026-02-27 00:00:00
0,0,66,2025-07-19 00:00:00
0,0,66,2025-07-19 04:00:00
3,0,66,2025-07-19 08:00:00
0,0,67,2025-09-03 20:00:00
0,0,70,2025-03-04 04:00:00
0,0,69,2026-02-27 20:00:00
1,0,69,2025-09-10 12:00:00
0,0,68,2025-11-18 04:00:00
0,0,69,2025-03-04 16:00:00
0,0,66,2025-09-03 04:00:00
0,0,66,2026-02-07 00:00:00
0,0,70,2025-09-03 16:00:00
0,1,68,2025-02-24 12:00:00
0,0,66,2025-02-24 20:00:00
1,0,69,2025-03-04 12:00:00
0,0,69,2026-01-19 12:00:00
0,0,70,2026-02-27 20:00:00
0,0,69,2025-03-04 04:00:00
3,0,70,2025-09-10 08:00:00
0,0,66,2025-11-18 04:00:00
0,0,67,2025-11-18 04:00:00
0,0,67,2025-03-04 16:00:00
0,0,67,2025-09-10 04:00:00
0,0,68,2025-09-10 04:00:00
0,0,70,2025-09-10 16:00:00
3,0,66,2025-01-15 12:00:00
0,0,69,2025-09-10 16:00:00
0,0,68,2025-03-04 08:00:00
0,0,67,2025-09-03 00:00:00
0,0,68,2026-02-07 16:00:00
0,0,70,2025-11-18 08:00:00
0,0,69,2025-09-03 20:00:00
0,0,69,2025-07-19 08:00:00
0,0,67,2025-11-18 20:00:00
0,0,66,2026-02-27 08:00:00
0,0,70,2026-01-19 12:00:00
0,0,68,2026-02-27 20:00:00
0,0,70,2025-02-24 04:00:00
0,0,66,2025-01-15 00:00:00
0,0,69,2025-01-15 00:00:00
0,0,67,2025-03-04 20:00:00
3,0,66,2026-02-27 12:00:00
3,0,66,2025-09-10 12:00:00
0,0,70,2025-09-10 04:00:00
0,0,66,2025-09-10 04:00:00
0,0,69,2026-02-07 20:00:00
0,0,67,2026-02-27 16:00:00
0,0,70,2025-02-24 00:00:00
0,0,69,2025-02-24 00:00:00
0,0,66,2025-11-18 08:00:00
0,0,66,2025-09-03 20:00:00
0,0,69,2025-01-15 08:00:00
0,0,69,2025-11-18 20:00:00
0,0,68,2025-02-24 20:00:00
0,0,66,2026-02-27 04:00:00
0,0,70,2025-09-10 20:00:00
0,0,67,2025-03-04 12:00:00
0,0,67,2025-09-10 20:00:00
0,0,69,2026-01-19 04:00:00
0,0,67,2025-03-04 04:00:00
0,0,67,2026-01-19 04:00:00
0,0,68,2026-01-19 00:00:00
0,0,70,2025-11-18 04:00:00
0,0,68,2026-01-19 16:00:00
0,0,70,2026-02-27 16:00:00
0,0,70,2026-02-27 00:00:00
0,0,69,2025-07-19 00:00:00
0,0,67,2025-07-19 00:00:00
0,0,67,2025-07-19 04:00:00
0,0,68,2026-02-27 00:00:00
0,0,67,2025-01-15 08:00:00
0,0,67,2025-02-24 20:00:00
0,0,68,2026-02-27 04:00:00
0,0,67,2026-02-27 20:00:00
0,0,67,2025-03-04 00:00:00
0,0,69,2025-07-19 12:00:00
1,0,69,2025-09-10 08:00:00
0,0,70,2025-03-04 16:00:00
3,0,70,2025-09-03 12:00:00
0,0,70,2025-11-18 00:00:00
0,0,67,2026-02-07 20:00:00
0,0,68,2025-09-10 16:00:00
0,0,70,2025-09-03 00:00:00
0,0,66,2025-09-03 00:00:00
0,0,69,2025-09-03 04:00:00
0,0,66,2025-02-24 00:00:00
0,0,67,2026-01-19 08:00:00
0,0,67,2026-02-07 16:00:00
0,0,68,2025-02-24 08:00:00
0,0,70,2025-09-10 00:00:00
0,0,67,2026-02-07 00:00:00
0,0,67,2025-11-18 08:00:00
0,0,68,2026-02-07 12:00:00
0,0,70,2025-09-03 20:00:00
0,0,67,2025-09-03 16:00:00
0,0,66,2025-01-15 04:00:00
0,0,70,2026-01-19 04:00:00
0,0,70,2025-03-04 00:00:00
0,0,68,2026-02-07 08:00:00
0,0,68,2025-09-10 08:00:00
0,0,68,2026-02-27 12:00:00
0,0,66,2025-03-04 08:00:00
0,0,69,2026-01-19 08:00:00
0,0,69,2025-02-24 08:00:00
0,0,70,2026-02-07 12:00:00
0,0,69,2025-09-10 00:00:00
0,0,67,2026-02-07 12:00:00
0,0,68,2026-02-07 00:00:00
0,0,68,2025-09-10 00:00:00
0,0,66,2025-09-03 16:00:00
0,0,68,2025-09-03 16:00:00
0,0,70,2025-07-19 16:00:00
0,0,67,2026-02-27 04:00:00
0,0,68,2025-01-15 04:00:00
0,0,69,2025-07-19 20:00:00
0,0,67,2026-01-19 12:00:00
0,0,68,2025-09-10 20:00:00
0,0,67,2025-02-24 16:00:00
0,0,70,2025-01-15 00:00:00
0,0,68,2025-03-04 16:00:00
0,0,66,2026-02-27 16:00:00
0,0,67,2025-01-15 12:00:00
0,0,67,2025-11-18 00:00:00
0,0,68,2026-02-27 16:00:00
0,0,68,2025-09-03 00:00:00
0,0,70,2026-02-07 16:00:00
0,0,66,2026-01-19 08:00:00
0,0,67,2026-02-27 00:00:00
0,0,67,2026-02-07 04:00:00
0,0,70,2025-02-24 12:00:00
0,0,68,2025-09-03 20:00:00
0,0,69,2025-11-18 12:00:00
0,0,68,2025-01-15 08:00:00
3,0,66,2025-03-04 12:00:00
0,0,66,2025-09-10 20:00:00
0,0,68,2026-01-19 04:00:00
0,0,70,2026-01-19 00:00:00
0,0,69,2025-03-04 00:00:00
3,0,70,2025-07-19 12:00:00
0,0,68,2026-01-19 20:00:00
0,0,66,2025-03-04 20:00:00
0,0,69,2025-01-15 20:00:00
0,0,68,2025-09-10 12:00:00
0,0,70,2026-01-19 16:00:00
0,0,69,2025-11-18 16:00:00
0,0,68,2025-11-18 00:00:00
0,0,70,2025-02-24 08:00:00
0,0,70,2026-02-07 04:00:00
0,0,70,2026-02-07 00:00:00
0,0,69,2025-11-18 08:00:00
0,0,70,2025-07-19 08:00:00
0,0,68,2025-07-19 08:00:00
3,0,66,2025-11-18 12:00:00
0,0,67,2025-11-18 12:00:00
0,0,67,2025-01-15 04:00:00
3,0,70,2025-03-04 12:00:00
3,0,66,2025-09-03 08:00:00
1,0,69,2025-09-03 08:00:00
0,0,70,2025-02-24 16:00:00
0,0,67,2025-02-24 04:00:00
0,0,70,2025-01-15 20:00:00
0,0,69,2025-03-04 20:00:00
0,0,68,2025-01-15 20:00:00
0,0,69,2025-09-10 04:00:00
0,0,70,2026-02-07 20:00:00
0,0,68,2025-01-15 12:00:00
0,0,69,2025-09-03 00:00:00
0,0,69,2026-02-07 12:00:00
3,0,66,2025-02-24 12:00:00
0,0,70,2025-11-18 20:00:00
0,0,66,2025-01-15 08:00:00
0,0,66,2025-07-19 16:00:00
0,0,66,2025-11-18 20:00:00
0,0,70,2026-02-27 08:00:00
0,0,69,2026-02-27 08:00:00
3,0,70,2025-09-03 08:00:00
0,0,70,2025-07-19 20:00:00
0,0,66,2025-02-24 16:00:00
0,0,69,2025-02-24 16:00:00
0,0,67,2025-01-15 00:00:00
0,0,66,2025-01-15 20:00:00
3,0,66,2025-09-10 08:00:00
0,0,67,2025-01-15 20:00:00
0,0,67,2025-09-10 08:00:00
3,0,70,2026-02-27 12:00:00
3,0,70,2025-09-10 12:00:00
3,0,66,2025-09-03 12:00:00
0,0,66,2025-11-18 16:00:00
0,0,68,2026-02-07 20:00:00
0,0,66,2025-01-15 16:00:00
0,0,68,2025-02-24 00:00:00
0,0,68,2026-01-19 08:00:00
0,0,68,2025-07-19 04:00:00
0,0,70,2025-01-15 08:00:00
0,0,66,2026-02-27 20:00:00
0,0,66,2026-01-19 00:00:00
0,0,69,2026-02-07 08:00:00
0,0,69,2026-01-19 20:00:00
0,0,67,2025-07-19 12:00:00
0,0,70,2025-11-18 16:00:00
1,0,69,2025-09-03 12:00:00
0,0,68,2025-09-03 12:00:00
0,0,70,2025-01-15 16:00:00
0,0,70,2026-01-19 08:00:00
0,0,66,2026-02-07 04:00:00
0,0,67,2025-07-19 08:00:00
0,0,70,2026-02-27 04:00:00
0,0,69,2026-02-27 04:00:00
0,0,66,2025-07-19 20:00:00
0,0,67,2025-07-19 20:00:00
0,0,66,2025-03-04 04:00:00
0,0,68,2025-03-04 00:00:00
0,0,66,2025-02-24 04:00:00
0,0,66,2026-01-19 20:00:00
0,0,70,2025-01-15 12:00:00
0,0,66,2026-02-07 20:00:00
0,0,67,2025-11-18 16:00:00
0,0,68,2025-11-18 16:00:00
0,0,68,2025-09-03 04:00:00
0,0,66,2026-02-07 16:00:00
0,0,69,2025-07-19 04:00:00
0,0,68,2026-02-07 04:00:00
3,0,66,2026-02-07 12:00:00
0,0,66,2025-09-10 00:00:00
0,0,69,2025-09-03 16:00:00
3,0,70,2025-11-18 12:00:00
0,0,69,2025-07-19 16:00:00
0,0,68,2025-11-18 20:00:00
0,0,70,2025-02-24 20:00:00
0,0,69,2025-01-15 04:00:00
0,0,69,2025-09-10 20:00:00
0,0,68,2025-03-04 04:00:00
0,0,69,2025-02-24 04:00:00
0,0,67,2026-02-27 12:00:00
0,0,69,2026-01-19 16:00:00
0,0,67,2026-01-19 16:00:00
0,0,70,2025-09-03 04:00:00
0,1,68,2025-01-15 16:00:00
0,0,69,2026-02-27 00:00:00
0,0,67,2025-02-24 08:00:00
0,0,67,2025-09-10 00:00:00
0,0,68,2025-11-18 08:00:00
0,0,68,2025-11-18 12:00:00
0,0,70,2025-01-15 04:00:00
0,0,68,2026-02-27 08:00:00
0,0,67,2025-09-03 08:00:00
0,0,68,2025-09-03 08:00:00
0,0,68,2025-07-19 20:00:00
0,0,66,2025-03-04 00:00:00
0,0,66,2026-02-07 08:00:00
0,0,68,2025-02-24 16:00:00
0,0,68,2025-02-24 04:00:00
0,0,70,2025-03-04 20:00:00
1,0,69,2026-02-27 12:00:00
0,0,66,2026-01-19 16:00:00
0,0,70,2025-03-04 08:00:00
0,0,69,2025-03-04 08:00:00
0,0,69,2026-02-27 16:00:00
0,0,69,2025-11-18 00:00:00
0,0,67,2025-09-10 16:00:00
0,0,67,2025-02-24 00:00:00
0,0,69,2026-02-07 04:00:00
2,0,21,2026-02-07 00:00:00
0,0,25,2025-09-03 16:00:00
2,0,25,2025-07-19 08:00:00
2,0,21,2025-09-03 16:00:00
2,1,24,2025-01-15 08:00:00
4,1,24,2025-11-18 12:00:00
2,0,24,2025-02-24 20:00:00
1,0,22,2025-03-04 12:00:00
2,0,23,2026-02-07 08:00:00
2,0,22,2026-01-19 00:00:00
0,0,25,2026-01-19 00:00:00
2,0,23,2025-07-19 12:00:00
2,0,21,2025-01-15 20:00:00
3,0,25,2025-03-04 16:00:00
2,0,22,2026-02-27 16:00:00
2,0,22,2026-02-07 20:00:00
1,0,21,2025-03-04 08:00:00
4,2,24,2026-02-27 16:00:00
2,0,24,2025-09-03 04:00:00
2,0,22,2025-02-24 00:00:00
1,0,21,2025-01-15 16:00:00
0,0,23,2025-07-19 00:00:00
2,0,24,2025-02-24 08:00:00
2,0,24,2026-02-07 04:00:00
4,1,24,2025-09-03 16:00:00
2,0,21,2025-01-15 04:00:00
3,0,25,2025-03-04 12:00:00
2,0,22,2026-01-19 04:00:00
2,0,21,2026-02-07 08:00:00
0,0,23,2025-11-18 04:00:00
1,0,22,2025-03-04 16:00:00
2,0,22,2026-01-19 16:00:00
4,0,22,2025-09-03 12:00:00
4,1,24,2025-09-03 12:00:00
2,0,24,2025-09-03 00:00:00
0,0,25,2026-01-19 08:00:00
0,0,23,2026-02-07 00:00:00
0,0,25,2025-09-10 00:00:00
0,0,23,2025-07-19 16:00:00
2,0,22,2025-01-15 08:00:00
3,0,25,2025-07-19 16:00:00
1,0,22,2026-01-19 12:00:00
3,0,25,2026-01-19 12:00:00
4,1,24,2025-03-04 12:00:00
2,0,22,2025-03-04 04:00:00
2,0,24,2025-03-04 00:00:00
0,0,23,2025-02-24 04:00:00
0,0,25,2025-01-15 00:00:00
2,0,21,2025-01-15 00:00:00
3,0,24,2026-01-19 20:00:00
2,0,25,2025-09-10 08:00:00
2,0,22,2025-11-18 00:00:00
1,0,22,2025-11-18 16:00:00
4,0,25,2025-09-03 12:00:00
2,0,21,2026-02-07 20:00:00
2,0,21,2025-11-18 00:00:00
2,0,22,2026-02-07 16:00:00
4,0,24,2025-01-15 16:00:00
2,0,24,2025-07-19 00:00:00
2,0,21,2025-09-10 00:00:00
1,0,23,2025-02-24 12:00:00
2,0,22,2025-09-03 20:00:00
2,0,22,2025-07-19 16:00:00
0,0,25,2025-11-18 20:00:00
2,0,22,2025-02-24 20:00:00
2,0,25,2026-02-27 08:00:00
2,0,24,2026-02-27 04:00:00
0,0,23,2026-01-19 00:00:00
2,0,22,2025-03-04 00:00:00
2,0,25,2025-07-19 12:00:00
3,0,24,2025-03-04 20:00:00
0,0,02,2025-07-14 16:00:00
0,0,02,2025-01-14 16:00:00
1,1,03,2025-01-14 12:00:00
1,0,02,2025-01-14 12:00:00
1,2,03,2025-01-14 08:00:00
0,0,01,2025-07-14 04:00:00
1,0,04,2025-07-01 12:00:00
1,0,05,2025-07-01 12:00:00
0,0,02,2025-07-14 00:00:00
0,0,05,2025-07-14 20:00:00
1,0,05,2025-07-14 08:00:00
0,0,04,2025-01-14 20:00:00
0,0,01,2025-07-01 16:00:00
0,0,02,2025-01-14 00:00:00
2,0,03,2025-07-01 20:00:00
0,0,01,2025-07-01 00:00:00
2,0,03,2025-07-14 20:00:00
2,0,03,2025-07-01 00:00:00
0,0,01,2025-07-14 20:00:00
0,0,02,2025-01-14 20:00:00
0,0,02,2025-07-01 16:00:00
1,0,05,2025-01-14 16:00:00
0,0,01,2025-07-01 20:00:00
1,2,03,2025-07-14 08:00:00
1,0,01,2025-07-14 12:00:00
0,0,02,2025-01-14 04:00:00
0,0,04,2025-01-14 12:00:00
0,0,02,2025-07-01 20:00:00
2,0,05,2025-07-14 04:00:00
1,0,01,2025-01-14 08:00:00
0,0,05,2025-07-01 20:00:00
1,0,01,2025-07-01 12:00:00
1,0,05,2025-07-01 16:00:00
1,0,05,2025-07-14 12:00:00
1,0,05,2025-07-01 08:00:00
0,0,01,2025-01-14 20:00:00
0,0,01,2025-07-14 00:00:00
0,0,01,2025-01-14 16:00:00
1,0,05,2025-07-14 16:00:00
0,0,05,2025-01-14 20:00:00
1,0,05,2025-01-14 04:00:00
1,0,02,2025-07-14 12:00:00
1,0,02,2025-07-01 08:00:00
1,1,03,2025-07-14 16:00:00
1,0,05,2025-01-14 12:00:00
0,0,05,2025-07-01 00:00:00
0,0,03,2025-01-14 20:00:00
1,1,03,2025-01-14 04:00:00
0,0,04,2025-01-14 00:00:00
0,0,04,2025-07-01 08:00:00
0,0,02,2025-07-01 04:00:00
0,0,58,2025-01-14 20:00:00
0,1,59,2025-07-01 08:00:00
0,0,60,2025-01-14 16:00:00
0,0,57,2025-07-14 04:00:00
3,0,58,2025-07-14 08:00:00
0,0,57,2025-07-01 00:00:00
0,1,59,2025-07-14 12:00:00
3,2,56,2025-01-14 20:00:00
3,0,57,2025-07-01 08:00:00
3,0,57,2025-07-01 16:00:00
0,0,60,2025-07-01 16:00:00
3,0,57,2025-01-14 16:00:00
0,0,58,2025-07-01 20:00:00
3,0,56,2025-01-14 00:00:00
0,0,59,2025-07-01 00:00:00
3,0,58,2025-07-01 12:00:00
3,3,56,2025-07-01 12:00:00
0,0,59,2025-01-14 00:00:00
3,0,58,2025-01-14 12:00:00
3,2,56,2025-01-14 12:00:00
0,0,59,2025-01-14 12:00:00
0,0,60,2025-07-01 00:00:00
3,3,56,2025-01-14 08:00:00
0,0,58,2025-07-01 04:00:00
0,0,57,2025-01-14 00:00:00
3,1,56,2025-01-14 04:00:00
3,3,56,2025-07-01 08:00:00
0,0,58,2025-01-14 08:00:00
3,3,56,2025-01-14 16:00:00
3,0,57,2025-07-01 04:00:00
0,0,59,2025-07-01 04:00:00
3,1,56,2025-07-01 00:00:00
0,0,60,2025-01-14 20:00:00
3,3,56,2025-07-01 16:00:00
0,0,60,2025-07-14 00:00:00
0,0,60,2025-01-14 08:00:00
0,0,58,2025-07-14 20:00:00
1,0,60,2025-01-14 12:00:00
1,0,60,2025-07-01 12:00:00
0,0,60,2025-07-14 16:00:00
3,3,56,2025-07-14 12:00:00
0,0,59,2025-07-01 16:00:00
3,0,57,2025-01-14 08:00:00
3,2,56,2025-07-14 04:00:00
0,0,59,2025-01-14 04:00:00
3,0,58,2025-07-01 16:00:00
0,0,60,2025-07-14 04:00:00
0,0,60,2025-07-01 20:00:00
0,0,57,2025-07-14 20:00:00
3,0,58,2025-07-14 12:00:00
0,0,58,2025-07-01 00:00:00
3,0,57,2025-07-14 12:00:00
0,0,59,2025-01-14 20:00:00
0,0,58,2025-01-14 16:00:00
0,0,58,2025-07-14 04:00:00
0,0,59,2025-07-14 04:00:00
0,0,60,2025-07-01 04:00:00
0,0,58,2025-01-14 00:00:00
0,0,58,2025-07-14 00:00:00
3,2,56,2025-07-14 00:00:00
0,0,57,2025-07-01 20:00:00
0,0,59,2025-07-01 20:00:00
0,2,59,2025-07-14 08:00:00
0,0,60,2025-01-14 04:00:00
0,0,58,2025-07-14 16:00:00
3,0,57,2025-07-14 16:00:00
3,3,56,2025-07-14 20:00:00
0,0,59,2025-07-14 20:00:00
0,0,58,2025-01-14 04:00:00
1,0,60,2025-07-01 08:00:00
0,1,59,2025-01-14 08:00:00
0,0,57,2025-07-14 00:00:00
3,0,57,2025-07-14 08:00:00
1,0,60,2025-07-14 12:00:00
3,0,57,2025-07-01 12:00:00
1,0,59,2025-07-01 12:00:00
3,1,56,2025-07-01 04:00:00
3,3,56,2025-07-14 16:00:00
1,0,60,2025-07-14 08:00:00
0,0,57,2025-01-14 20:00:00
3,0,58,2025-07-01 08:00:00
0,0,59,2025-01-14 16:00:00
0,0,59,2025-07-14 16:00:00
3,3,56,2025-07-14 08:00:00
0,0,57,2025-01-14 04:00:00
3,2,56,2025-07-01 20:00:00
0,0,59,2025-07-14 00:00:00
0,0,60,2025-01-14 00:00:00
0,0,60,2025-07-14 20:00:00
3,0,57,2025-01-14 12:00:00
0,0,34,2025-01-14 20:00:00
2,0,35,2025-07-01 16:00:00
2,0,35,2025-07-01 04:00:00
2,0,33,2025-01-14 00:00:00
1,0,34,2025-07-01 08:00:00
4,4,32,2025-07-01 12:00:00
2,2,35,2025-07-01 12:00:00
2,0,35,2025-01-14 16:00:00
0,0,31,2025-01-14 16:00:00
2,3,33,2025-07-14 04:00:00
0,0,31,2025-07-01 20:00:00
0,0,34,2025-07-01 20:00:00
2,2,33,2025-01-14 04:00:00
1,3,33,2025-07-14 08:00:00
2,0,35,2025-01-14 12:00:00
4,4,32,2025-07-14 12:00:00
4,1,32,2025-07-01 00:00:00
1,0,31,2025-07-14 08:00:00
1,3,33,2025-07-01 08:00:00
4,4,32,2025-07-01 16:00:00
3,0,31,2025-07-01 12:00:00
0,0,31,2025-07-01 04:00:00
2,1,33,2025-07-01 20:00:00
0,0,34,2025-01-14 00:00:00
0,0,31,2025-07-14 20:00:00
1,0,34,2025-07-14 08:00:00
2,0,35,2025-01-14 20:00:00
0,0,31,2025-01-14 20:00:00
3,0,31,2025-07-01 16:00:00
1,3,33,2025-07-01 12:00:00
1,0,34,2025-01-14 08:00:00
0,0,34,2025-07-14 04:00:00
4,0,32,2025-01-14 00:00:00
2,2,33,2025-07-14 20:00:00
1,4,33,2025-07-14 12:00:00
2,1,35,2025-07-14 12:00:00
4,3,32,2025-01-14 20:00:00
4,4,32,2025-07-14 20:00:00
0,0,31,2025-07-01 00:00:00
2,0,35,2025-07-01 08:00:00
4,4,32,2025-01-14 08:00:00
1,0,31,2025-01-14 08:00:00
2,0,33,2025-07-01 00:00:00
4,4,32,2025-01-14 12:00:00
1,0,34,2025-07-01 12:00:00
0,0,31,2025-07-14 00:00:00
1,2,33,2025-01-14 12:00:00
1,0,34,2025-01-14 12:00:00
0,0,31,2025-01-14 04:00:00
1,3,33,2025-07-01 16:00:00
0,0,34,2025-01-14 16:00:00
4,4,32,2025-07-14 04:00:00
2,0,35,2025-07-14 04:00:00
0,0,34,2025-07-01 04:00:00
4,4,32,2025-07-14 16:00:00
2,0,35,2025-07-14 00:00:00
0,0,34,2025-07-14 00:00:00
2,0,35,2025-07-14 20:00:00
0,0,34,2025-07-01 16:00:00
4,4,32,2025-07-01 04:00:00
4,0,32,2025-07-14 00:00:00
2,0,35,2025-01-14 00:00:00
2,0,35,2025-07-14 16:00:00
2,0,35,2025-07-14 08:00:00
3,0,31,2025-07-14 12:00:00
4,4,32,2025-01-14 04:00:00
0,0,34,2025-01-14 04:00:00
1,3,33,2025-01-14 08:00:00
2,2,33,2025-07-01 04:00:00
1,4,33,2025-07-14 16:00:00
0,0,31,2025-01-14 00:00:00
3,0,31,2025-07-14 16:00:00
4,4,32,2025-07-01 08:00:00
0,0,31,2025-07-14 04:00:00
0,0,34,2025-07-14 16:00:00
2,0,35,2025-07-01 00:00:00
3,0,31,2025-07-01 08:00:00
2,0,35,2025-01-14 08:00:00
0,0,34,2025-07-14 20:00:00
4,4,32,2025-07-14 08:00:00
4,4,32,2025-01-14 16:00:00
2,0,33,2025-07-14 00:00:00
4,3,32,2025-07-01 20:00:00
1,0,34,2025-07-14 12:00:00
0,1,33,2025-01-14 20:00:00
2,0,35,2025-01-14 04:00:00
1,2,33,2025-01-14 16:00:00
2,1,35,2025-07-01 20:00:00
1,0,31,2025-01-14 12:00:00
0,0,34,2025-07-01 00:00:00
0,0,54,2025-07-14 12:00:00
0,0,51,2025-07-14 08:00:00
0,0,54,2025-07-14 20:00:00
0,1,51,2025-01-14 12:00:00
0,0,52,2025-07-01 16:00:00
0,0,53,2025-07-14 00:00:00
0,0,54,2025-01-14 20:00:00
0,0,51,2025-01-14 00:00:00
0,0,51,2025-01-14 08:00:00
0,0,53,2025-07-01 12:00:00
0,0,53,2025-07-01 04:00:00
0,0,52,2025-07-01 00:00:00
0,0,54,2025-07-14 16:00:00
0,0,54,2025-07-01 12:00:00
0,0,53,2025-01-14 04:00:00
0,0,52,2025-07-14 08:00:00
0,0,51,2025-07-01 00:00:00
0,0,53,2025-07-14 12:00:00
0,0,53,2025-07-14 04:00:00
0,0,52,2025-01-14 16:00:00
0,0,54,2025-01-14 12:00:00
0,0,52,2025-01-14 04:00:00
0,0,52,2025-07-01 12:00:00
0,0,55,2025-07-14 12:00:00
0,0,51,2025-07-01 20:00:00
0,0,55,2025-07-14 20:00:00
0,0,54,2025-07-14 08:00:00
0,0,54,2025-07-01 00:00:00
0,0,55,2025-07-01 08:00:00
0,0,52,2025-07-01 08:00:00
0,0,51,2025-07-01 04:00:00
0,0,54,2025-01-14 16:00:00
0,0,55,2025-07-01 16:00:00
0,0,53,2025-07-14 16:00:00
0,0,53,2025-07-01 20:00:00
0,0,51,2025-07-01 12:00:00
0,0,54,2025-07-14 00:00:00
0,0,52,2025-07-01 20:00:00
0,0,52,2025-07-14 12:00:00
0,0,51,2025-01-14 20:00:00
0,0,53,2025-01-14 20:00:00
0,0,54,2025-01-14 00:00:00
0,0,55,2025-07-01 04:00:00
0,0,51,2025-01-14 16:00:00
0,0,55,2025-07-14 04:00:00
0,0,52,2025-07-14 00:00:00
0,0,55,2025-07-14 16:00:00
0,0,51,2025-07-14 04:00:00
0,0,54,2025-07-14 04:00:00
0,0,53,2025-07-01 16:00:00
0,0,54,2025-01-14 08:00:00
0,0,55,2025-01-14 12:00:00
0,0,55,2025-07-01 00:00:00
0,0,55,2025-07-14 00:00:00
0,0,53,2025-07-14 20:00:00
0,0,53,2025-01-14 12:00:00
0,0,51,2025-07-01 08:00:00
0,0,53,2025-01-14 08:00:00
0,0,54,2025-07-01 04:00:00
0,0,51,2025-07-14 12:00:00
0,0,53,2025-01-14 00:00:00
0,0,54,2025-01-14 04:00:00
0,0,55,2025-01-14 20:00:00
0,0,53,2025-07-01 08:00:00
0,0,52,2025-07-01 04:00:00
0,0,55,2025-07-14 08:00:00
0,0,52,2025-01-14 12:00:00
0,0,54,2025-07-01 16:00:00
0,0,51,2025-07-14 00:00:00
0,0,52,2025-07-14 04:00:00
0,0,52,2025-07-14 16:00:00
0,0,55,2025-07-01 20:00:00
0,0,54,2025-07-01 08:00:00
0,0,55,2025-01-14 00:00:00
0,0,52,2025-01-14 08:00:00
0,0,52,2025-07-14 20:00:00
0,0,55,2025-01-14 04:00:00
0,0,51,2025-07-14 16:00:00
0,0,53,2025-07-01 00:00:00
0,0,54,2025-07-01 20:00:00
0,0,52,2025-01-14 00:00:00
0,0,51,2025-07-14 20:00:00
0,0,55,2025-07-01 12:00:00
0,0,55,2025-01-14 08:00:00
0,0,53,2025-01-14 16:00:00
0,0,55,2025-01-14 16:00:00
0,0,51,2025-07-01 16:00:00
0,0,51,2025-01-14 04:00:00
0,0,53,2025-07-14 08:00:00
0,0,52,2025-01-14 20:00:00
0,0,70,2025-01-14 04:00:00
0,0,68,2025-07-01 16:00:00
0,0,68,2025-01-14 08:00:00
0,0,70,2025-07-14 04:00:00
0,0,66,2025-07-14 00:00:00
3,0,70,2025-07-14 12:00:00
0,0,68,2025-01-14 20:00:00
3,0,66,2025-07-01 08:00:00
0,0,68,2025-07-01 12:00:00
0,0,69,2025-01-14 16:00:00
0,0,70,2025-07-01 04:00:00
0,0,69,2025-07-14 04:00:00
0,0,69,2025-07-14 16:00:00
0,0,67,2025-01-14 00:00:00
0,0,68,2025-07-14 00:00:00
0,0,67,2025-01-14 12:00:00
0,0,68,2025-07-01 00:00:00
0,0,67,2025-01-14 20:00:00
0,0,67,2025-07-01 08:00:00
0,0,66,2025-01-14 16:00:00
0,0,67,2025-01-14 16:00:00
0,0,70,2025-07-14 16:00:00
0,0,70,2025-07-01 00:00:00
0,0,66,2025-07-01 00:00:00
1,0,69,2025-01-14 12:00:00
0,0,69,2025-07-01 04:00:00
0,0,70,2025-01-14 00:00:00
0,0,66,2025-01-14 20:00:00
3,0,70,2025-07-01 12:00:00
0,0,69,2025-07-14 00:00:00
0,0,70,2025-01-14 12:00:00
1,0,69,2025-07-14 12:00:00
0,0,66,2025-07-01 04:00:00
0,0,67,2025-07-01 04:00:00
0,0,68,2025-01-14 00:00:00
3,0,66,2025-01-14 12:00:00
0,0,70,2025-01-14 20:00:00
0,0,66,2025-01-14 04:00:00
0,0,69,2025-01-14 04:00:00
0,0,70,2025-01-14 16:00:00
0,0,68,2025-07-14 04:00:00
0,0,70,2025-07-14 00:00:00
0,0,66,2025-07-01 20:00:00
0,0,69,2025-07-01 20:00:00
0,0,67,2025-07-01 20:00:00
0,0,69,2025-07-01 00:00:00
0,0,70,2025-01-14 08:00:00
0,0,68,2025-07-14 08:00:00
0,0,69,2025-01-14 20:00:00
3,0,66,2025-07-01 16:00:00
0,0,68,2025-01-14 12:00:00
0,0,68,2025-07-14 12:00:00
0,0,66,2025-07-14 04:00:00
0,0,67,2025-07-14 04:00:00
0,0,66,2025-01-14 00:00:00
0,0,68,2025-07-14 16:00:00
0,0,69,2025-07-14 20:00:00
0,0,70,2025-07-14 08:00:00
3,0,66,2025-07-14 12:00:00
0,0,69,2025-07-14 08:00:00
0,0,68,2025-07-01 08:00:00
0,0,68,2025-07-01 20:00:00
0,0,66,2025-07-14 20:00:00
0,0,67,2025-07-14 12:00:00
0,0,68,2025-01-14 04:00:00
0,0,69,2025-07-01 16:00:00
0,0,67,2025-07-01 16:00:00
0,0,66,2025-01-14 08:00:00
3,0,66,2025-07-01 12:00:00
0,0,69,2025-01-14 08:00:00
0,0,67,2025-01-14 08:00:00
3,0,67,2025-07-01 12:00:00
0,0,67,2025-07-14 00:00:00
0,0,67,2025-07-14 20:00:00
1,0,69,2025-07-01 08:00:00
3,0,70,2025-07-01 16:00:00
0,0,68,2025-01-14 16:00:00
0,0,70,2025-07-01 20:00:00
0,0,66,2025-07-14 16:00:00
0,0,70,2025-07-14 20:00:00
0,0,68,2025-07-14 20:00:00
0,0,67,2025-07-01 00:00:00
3,0,70,2025-07-01 08:00:00
0,0,67,2025-01-14 04:00:00
1,0,69,2025-07-01 12:00:00
0,0,69,2025-01-14 00:00:00
0,0,67,2025-07-14 16:00:00
0,0,67,2025-07-14 08:00:00
0,0,68,2025-07-01 04:00:00
3,0,66,2025-07-14 08:00:00
1,0,23,2025-01-14 08:00:00
1,0,23,2025-07-01 12:00:00
3,0,25,2025-01-14 08:00:00
0,0,23,2025-01-14 16:00:00
2,0,21,2025-07-01 04:00:00
0,0,23,2025-07-14 00:00:00
1,0,23,2025-01-14 12:00:00
2,0,21,2025-01-14 16:00:00
4,1,24,2025-07-14 16:00:00
1,0,23,2025-07-14 12:00:00
0,0,23,2025-07-01 00:00:00
0,0,25,2025-01-14 04:00:00
4,0,22,2025-07-01 12:00:00
2,0,24,2025-07-01 04:00:00
2,0,22,2025-07-01 20:00:00
0,0,25,2025-07-01 20:00:00
3,0,25,2025-07-14 12:00:00
2,0,23,2025-07-01 08:00:00
2,0,22,2025-07-01 04:00:00
2,0,21,2025-07-14 04:00:00
0,0,36,2025-06-20 16:00:00
0,0,40,2025-06-20 16:00:00
0,0,39,2025-06-20 00:00:00
0,0,38,2025-02-09 08:00:00
0,0,39,2025-02-09 00:00:00
0,0,40,2025-03-11 00:00:00
0,0,36,2025-08-24 20:00:00
0,0,40,2025-07-25 12:00:00
0,0,37,2025-07-25 00:00:00
0,0,39,2025-07-25 00:00:00
0,0,36,2025-11-27 16:00:00
0,1,36,2025-05-15 08:00:00
0,0,38,2025-07-25 08:00:00
0,0,39,2025-08-24 00:00:00
0,0,40,2025-08-24 00:00:00
0,0,39,2025-05-15 04:00:00
0,0,37,2025-11-27 00:00:00
0,0,40,2025-12-18 16:00:00
0,0,38,2025-11-30 08:00:00
0,0,39,2025-06-23 00:00:00
0,0,38,2026-02-02 08:00:00
0,0,36,2025-12-18 20:00:00
0,0,37,2025-06-23 08:00:00
0,0,39,2025-12-18 00:00:00
0,0,37,2025-06-23 12:00:00
0,0,39,2025-04-02 04:00:00
0,0,37,2025-11-04 00:00:00
0,0,37,2026-04-14 20:00:00
0,0,37,2025-11-04 04:00:00
0,0,38,2025-11-04 20:00:00
0,0,39,2025-11-04 20:00:00
0,1,38,2025-01-23 08:00:00
1,1,38,2025-07-02 08:00:00
0,0,39,2025-12-25 08:00:00
0,0,40,2025-12-25 08:00:00
0,0,37,2026-04-14 00:00:00
0,0,39,2026-04-14 00:00:00
0,0,37,2025-04-02 00:00:00
0,0,37,2025-09-11 20:00:00
0,0,36,2025-12-25 16:00:00
0,0,37,2025-12-25 00:00:00
0,0,38,2025-10-16 20:00:00
0,0,36,2026-04-16 16:00:00
0,0,36,2025-07-10 20:00:00
0,0,40,2026-03-10 20:00:00
0,0,36,2026-04-16 00:00:00
0,0,37,2026-03-10 16:00:00
0,0,39,2026-03-10 16:00:00
0,0,40,2026-04-30 04:00:00
0,0,38,2026-04-30 16:00:00
0,0,36,2025-10-16 04:00:00
0,0,37,2025-07-10 16:00:00
0,0,36,2025-11-08 00:00:00
1,0,36,2026-04-16 12:00:00
0,0,37,2026-04-16 20:00:00
0,0,36,2026-04-16 20:00:00
0,0,39,2026-01-13 04:00:00
0,0,40,2026-03-24 20:00:00
0,0,40,2026-04-26 04:00:00
0,0,38,2025-09-07 04:00:00
0,0,36,2025-07-12 04:00:00
0,0,40,2025-07-12 20:00:00
0,0,36,2025-07-12 08:00:00
0,0,39,2026-01-13 16:00:00
0,1,38,2026-04-26 12:00:00
0,0,39,2025-11-14 16:00:00
0,1,39,2025-11-14 08:00:00
0,0,36,2025-06-27 08:00:00
0,0,38,2025-11-14 04:00:00
0,0,40,2025-11-14 04:00:00
0,0,37,2025-06-27 12:00:00
0,0,40,2026-01-10 04:00:00
0,0,39,2025-09-27 04:00:00
0,0,36,2025-12-14 20:00:00
0,0,39,2025-08-30 00:00:00
0,0,39,2025-12-14 00:00:00
0,0,36,2025-12-14 12:00:00
0,0,39,2025-12-14 12:00:00
0,0,37,2026-02-01 08:00:00
0,0,40,2025-10-21 08:00:00
0,0,38,2026-01-10 16:00:00
0,0,38,2025-09-27 08:00:00
0,0,36,2025-02-07 00:00:00
0,0,37,2026-02-01 12:00:00
1,0,40,2025-07-31 12:00:00
0,2,36,2025-08-06 08:00:00
0,0,39,2025-07-31 00:00:00
0,0,37,2025-06-01 00:00:00
0,0,36,2025-01-11 08:00:00
0,0,39,2025-01-11 20:00:00
0,0,37,2026-03-11 20:00:00
0,0,39,2025-05-24 00:00:00
0,0,37,2025-06-01 20:00:00
0,0,40,2025-06-01 20:00:00
0,0,39,2026-02-13 16:00:00
0,0,36,2025-09-22 20:00:00
0,0,39,2025-09-22 20:00:00
1,0,38,2025-04-15 12:00:00
0,0,38,2025-04-15 20:00:00
1,0,36,2025-02-27 12:00:00
1,0,37,2025-03-12 08:00:00
0,0,37,2025-03-21 12:00:00
0,0,39,2026-03-18 00:00:00
0,0,40,2026-03-18 00:00:00
0,0,38,2025-11-24 12:00:00
0,0,39,2025-11-24 00:00:00
0,0,40,2025-05-06 04:00:00
0,0,38,2026-03-18 04:00:00
0,0,39,2026-03-18 04:00:00
0,0,39,2025-05-06 20:00:00
0,0,36,2025-08-13 00:00:00
1,0,38,2026-03-18 08:00:00
0,0,37,2026-01-19 00:00:00
0,0,37,2026-01-19 20:00:00
0,0,40,2025-09-10 08:00:00
1,0,40,2025-09-10 12:00:00
0,1,38,2025-01-15 12:00:00
0,0,38,2025-11-18 16:00:00
0,0,39,2026-01-19 08:00:00
0,0,36,2025-07-19 04:00:00
0,0,40,2026-02-07 04:00:00
0,0,36,2025-09-10 00:00:00
0,0,37,2025-01-14 00:00:00
0,0,37,2025-07-14 16:00:00
0,0,39,2025-07-14 00:00:00
0,0,39,2025-07-14 16:00:00
0,0,77,2025-02-09 00:00:00
0,2,76,2025-02-09 00:00:00
1,0,77,2025-03-11 12:00:00
4,3,76,2025-08-12 00:00:00
1,1,77,2025-08-12 12:00:00
0,0,77,2025-02-09 04:00:00
4,3,76,2025-02-09 08:00:00
4,4,76,2025-06-20 08:00:00
4,4,76,2025-06-20 16:00:00
0,0,77,2025-03-11 16:00:00
0,0,77,2025-08-12 20:00:00
4,4,76,2025-08-12 20:00:00
1,1,77,2025-06-20 08:00:00
1,0,77,2025-06-20 12:00:00
4,4,76,2025-03-11 16:00:00
4,4,76,2025-03-11 08:00:00
0,0,77,2025-02-09 20:00:00
4,4,76,2025-02-09 12:00:00
0,0,77,2025-03-11 00:00:00
4,3,76,2025-08-12 04:00:00
4,4,76,2025-03-11 20:00:00
0,0,77,2025-02-09 12:00:00
0,0,77,2025-02-09 16:00:00
1,1,77,2025-03-11 08:00:00
0,0,77,2025-03-11 04:00:00
3,2,76,2025-02-09 04:00:00
0,1,77,2025-08-12 16:00:00
4,4,76,2025-03-11 12:00:00
3,4,76,2025-02-09 20:00:00
4,4,76,2025-08-12 16:00:00
0,0,77,2025-06-20 04:00:00
4,4,76,2025-06-20 20:00:00
4,4,76,2025-02-09 16:00:00
0,0,77,2025-06-20 20:00:00
4,4,76,2025-06-20 00:00:00
4,4,76,2025-06-20 12:00:00
4,4,76,2025-08-12 12:00:00
4,3,76,2025-06-20 04:00:00
4,3,76,2025-03-11 00:00:00
0,0,77,2025-08-12 00:00:00
0,0,77,2025-06-20 00:00:00
0,0,77,2025-06-20 16:00:00
0,0,77,2025-08-12 04:00:00
0,0,77,2025-03-11 20:00:00
1,0,77,2025-02-09 08:00:00
4,3,76,2025-03-11 04:00:00
1,0,77,2025-08-12 08:00:00
4,4,76,2025-08-12 08:00:00
3,0,63,2025-08-12 12:00:00
3,0,64,2025-03-11 12:00:00
3,0,65,2025-02-09 08:00:00
3,0,65,2025-02-09 12:00:00
3,0,62,2025-08-12 12:00:00
0,0,65,2025-02-09 00:00:00
0,0,61,2025-02-09 04:00:00
0,0,65,2025-08-12 20:00:00
3,0,64,2025-06-20 20:00:00
3,0,65,2025-06-20 08:00:00
0,0,63,2025-06-20 16:00:00
3,0,64,2025-06-20 08:00:00
0,0,65,2025-03-11 04:00:00
0,0,63,2025-08-12 20:00:00
3,0,64,2025-03-11 08:00:00
0,0,64,2025-03-11 00:00:00
3,0,62,2025-06-20 16:00:00
3,0,64,2025-02-09 12:00:00
3,0,64,2025-06-20 16:00:00
3,0,64,2025-06-20 12:00:00
0,0,61,2025-06-20 00:00:00
3,0,64,2025-08-12 00:00:00
0,0,62,2025-02-09 20:00:00
0,0,61,2025-03-11 08:00:00
0,0,65,2025-03-11 00:00:00
0,0,63,2025-03-11 20:00:00
0,0,61,2025-02-09 12:00:00
0,0,61,2025-08-12 08:00:00
1,0,61,2025-03-11 12:00:00
3,0,64,2025-02-09 08:00:00
0,0,64,2025-02-09 00:00:00
3,0,63,2025-03-11 16:00:00
0,0,62,2025-08-12 20:00:00
0,0,61,2025-03-11 00:00:00
0,0,63,2025-03-11 00:00:00
3,0,63,2025-08-12 16:00:00
3,0,63,2025-08-12 08:00:00
3,0,62,2025-06-20 12:00:00
0,0,62,2025-06-20 20:00:00
3,0,65,2025-03-11 12:00:00
0,0,61,2025-08-12 00:00:00
3,0,62,2025-06-20 08:00:00
0,0,61,2025-02-09 00:00:00
0,0,61,2025-08-12 20:00:00
3,0,65,2025-03-11 08:00:00
0,0,61,2025-08-12 04:00:00
0,0,61,2025-03-11 20:00:00
0,0,65,2025-03-11 20:00:00
3,0,65,2025-06-20 16:00:00
0,0,64,2025-06-20 00:00:00
0,0,63,2025-08-12 00:00:00
3,0,64,2025-02-09 04:00:00
0,0,61,2025-02-09 16:00:00
0,0,63,2025-02-09 16:00:00
3,0,64,2025-03-11 20:00:00
3,0,65,2025-08-12 08:00:00
3,0,62,2025-03-11 12:00:00
0,0,62,2025-06-20 00:00:00
0,0,63,2025-02-09 08:00:00
0,0,61,2025-06-20 08:00:00
0,0,65,2025-02-09 20:00:00
0,0,62,2025-03-11 04:00:00
0,0,63,2025-08-12 04:00:00
0,0,61,2025-08-12 16:00:00
0,0,62,2025-02-09 16:00:00
3,0,62,2025-08-12 08:00:00
1,0,61,2025-08-12 12:00:00
0,0,61,2025-02-09 20:00:00
0,0,63,2025-02-09 20:00:00
0,0,61,2025-03-11 16:00:00
3,0,64,2025-08-12 16:00:00
0,0,65,2025-06-20 00:00:00
0,0,63,2025-03-11 04:00:00
0,0,62,2025-03-11 00:00:00
3,0,65,2025-08-12 04:00:00
0,0,62,2025-03-11 20:00:00
3,0,63,2025-02-09 12:00:00
3,0,65,2025-06-20 12:00:00
3,0,63,2025-03-11 12:00:00
3,0,65,2025-08-12 12:00:00
0,0,61,2025-02-09 08:00:00
0,0,62,2025-02-09 00:00:00
0,0,61,2025-03-11 04:00:00
0,0,63,2025-02-09 04:00:00
3,0,64,2025-03-11 16:00:00
3,0,64,2025-08-12 20:00:00
0,0,61,2025-06-20 04:00:00
0,0,65,2025-06-20 04:00:00
3,0,65,2025-08-12 16:00:00
0,0,61,2025-06-20 16:00:00
3,0,64,2025-08-12 08:00:00
0,0,63,2025-06-20 20:00:00
3,0,64,2025-08-12 12:00:00
0,0,65,2025-06-20 20:00:00
3,0,62,2025-02-09 08:00:00
0,0,65,2025-08-12 00:00:00
0,0,62,2025-02-09 04:00:00
3,0,64,2025-06-20 04:00:00
3,0,64,2025-02-09 16:00:00
3,0,62,2025-02-09 12:00:00
0,0,61,2025-06-20 12:00:00
3,0,63,2025-06-20 12:00:00
0,0,61,2025-06-20 20:00:00
3,0,62,2025-03-11 16:00:00
3,0,62,2025-08-12 04:00:00
3,0,62,2025-08-12 16:00:00
0,0,62,2025-08-12 00:00:00
0,0,63,2025-02-09 00:00:00
0,0,64,2025-02-09 20:00:00
3,0,64,2025-03-11 04:00:00
0,0,65,2025-02-09 04:00:00
3,0,65,2025-03-11 16:00:00
0,0,63,2025-06-20 04:00:00
0,0,62,2025-06-20 04:00:00
3,0,64,2025-08-12 04:00:00
0,0,63,2025-06-20 00:00:00
3,0,63,2025-06-20 08:00:00
3,0,63,2025-03-11 08:00:00
3,0,62,2025-03-11 08:00:00
0,0,65,2025-02-09 16:00:00
0,0,50,2025-08-12 08:00:00
0,0,48,2025-03-11 12:00:00
0,0,49,2025-06-20 08:00:00
0,0,46,2025-02-09 04:00:00
0,0,47,2025-08-12 16:00:00
0,0,48,2025-08-12 16:00:00
0,0,50,2025-03-11 20:00:00
0,0,49,2025-06-20 00:00:00
0,0,48,2025-08-12 00:00:00
0,0,48,2025-02-09 00:00:00
0,0,46,2025-02-09 00:00:00
0,0,47,2025-08-12 20:00:00
0,0,48,2025-03-11 08:00:00
0,0,50,2025-03-11 00:00:00
0,0,48,2025-06-20 16:00:00
0,0,48,2025-06-20 20:00:00
0,0,49,2025-02-09 20:00:00
0,0,49,2025-03-11 04:00:00
0,0,48,2025-02-09 16:00:00
0,0,47,2025-08-12 08:00:00
0,0,48,2025-06-20 12:00:00
0,0,46,2025-06-20 08:00:00
0,0,46,2025-03-11 04:00:00
0,0,48,2025-08-12 12:00:00
0,0,46,2025-02-09 08:00:00
0,0,48,2025-03-11 04:00:00
0,0,48,2025-03-11 16:00:00
0,0,47,2025-08-12 04:00:00
0,0,49,2025-03-11 00:00:00
0,0,50,2025-08-12 16:00:00
0,0,47,2025-03-11 20:00:00
0,0,47,2025-03-11 12:00:00
0,0,50,2025-02-09 08:00:00
0,0,50,2025-02-09 00:00:00
0,0,49,2025-02-09 00:00:00
0,0,49,2025-03-11 16:00:00
0,0,50,2025-03-11 08:00:00
0,0,48,2025-08-12 20:00:00
0,0,46,2025-08-12 20:00:00
0,0,48,2025-08-12 04:00:00
0,0,46,2025-02-09 16:00:00
0,0,46,2025-08-12 16:00:00
0,0,46,2025-08-12 08:00:00
0,0,46,2025-06-20 16:00:00
0,0,50,2025-06-20 00:00:00
0,0,49,2025-02-09 08:00:00
0,0,47,2025-06-20 08:00:00
0,0,49,2025-08-12 20:00:00
0,0,50,2025-06-20 08:00:00
0,0,49,2025-03-11 08:00:00
0,0,49,2025-02-09 16:00:00
0,0,46,2025-03-11 20:00:00
0,0,48,2025-06-20 00:00:00
0,0,46,2025-06-20 20:00:00
0,0,49,2025-06-20 20:00:00
0,0,50,2025-08-12 00:00:00
0,0,48,2025-02-09 08:00:00
0,0,46,2025-08-12 00:00:00
0,0,48,2025-02-09 20:00:00
0,0,47,2025-03-11 08:00:00
0,0,50,2025-08-12 04:00:00
0,0,50,2025-06-20 16:00:00
0,0,47,2025-02-09 12:00:00
0,0,49,2025-08-12 08:00:00
0,0,50,2025-06-20 20:00:00
0,0,47,2025-06-20 20:00:00
0,0,47,2025-08-12 00:00:00
0,0,50,2025-02-09 04:00:00
0,0,47,2025-03-11 16:00:00
0,0,46,2025-08-12 04:00:00
0,0,46,2025-06-20 04:00:00
0,0,46,2025-06-20 12:00:00
0,1,46,2025-03-11 12:00:00
0,0,50,2025-02-09 20:00:00
0,0,47,2025-02-09 20:00:00
0,0,48,2025-03-11 00:00:00
0,0,50,2025-02-09 12:00:00
0,0,48,2025-02-09 12:00:00
0,0,48,2025-08-12 08:00:00
0,0,49,2025-06-20 16:00:00
0,0,50,2025-06-20 12:00:00
0,0,47,2025-08-12 12:00:00
0,0,49,2025-03-11 12:00:00
0,0,47,2025-02-09 08:00:00
0,0,47,2025-02-09 04:00:00
0,0,48,2025-02-09 04:00:00
0,0,47,2025-06-20 04:00:00
0,0,49,2025-03-11 20:00:00
0,0,47,2025-06-20 00:00:00
0,0,50,2025-03-11 04:00:00
0,0,50,2025-03-11 16:00:00
0,0,47,2025-03-11 04:00:00
0,0,50,2025-02-09 16:00:00
0,0,48,2025-03-11 20:00:00
0,0,47,2025-06-20 16:00:00
0,0,49,2025-08-12 00:00:00
0,0,47,2025-02-09 00:00:00
0,0,46,2025-02-09 20:00:00
0,0,49,2025-02-09 04:00:00
0,0,47,2025-03-11 00:00:00
1,0,46,2025-08-12 12:00:00
0,0,48,2025-06-20 08:00:00
0,0,46,2025-03-11 16:00:00
0,0,48,2025-06-20 04:00:00
0,0,46,2025-02-09 12:00:00
0,0,49,2025-02-09 12:00:00
0,0,47,2025-06-20 12:00:00
0,0,49,2025-06-20 12:00:00
0,0,50,2025-03-11 12:00:00
0,0,50,2025-08-12 12:00:00
0,0,46,2025-06-20 00:00:00
0,0,49,2025-08-12 12:00:00
0,0,50,2025-08-12 20:00:00
0,0,46,2025-03-11 08:00:00
0,0,50,2025-06-20 04:00:00
0,0,46,2025-03-11 00:00:00
0,0,49,2025-08-12 04:00:00
0,0,49,2025-06-20 04:00:00
0,0,47,2025-02-09 16:00:00
0,0,49,2025-08-12 16:00:00
0,0,75,2025-06-20 12:00:00
0,0,72,2025-08-12 20:00:00
0,0,72,2025-02-09 16:00:00
0,0,72,2025-08-12 12:00:00
0,0,72,2025-08-12 00:00:00
0,0,74,2025-02-09 08:00:00
0,0,73,2025-02-09 04:00:00
0,0,72,2025-02-09 04:00:00
0,0,72,2025-03-11 16:00:00
0,0,73,2025-02-09 16:00:00
0,0,72,2025-06-20 16:00:00
0,0,71,2025-02-09 08:00:00
0,0,73,2025-06-20 08:00:00
0,0,75,2025-03-11 04:00:00
0,0,74,2025-03-11 16:00:00
0,0,74,2025-06-20 16:00:00
0,0,75,2025-03-11 12:00:00
0,0,74,2025-03-11 12:00:00
0,0,72,2025-06-20 08:00:00
0,0,73,2025-03-11 04:00:00
0,0,73,2025-03-11 08:00:00
0,0,72,2025-03-11 08:00:00
0,0,73,2025-03-11 00:00:00
0,0,73,2025-08-12 04:00:00
0,0,74,2025-08-12 04:00:00
0,0,75,2025-08-12 08:00:00
0,0,72,2025-02-09 08:00:00
0,0,73,2025-02-09 00:00:00
0,0,72,2025-02-09 20:00:00
0,0,74,2025-02-09 04:00:00
0,0,73,2025-08-12 20:00:00
0,0,71,2025-08-12 20:00:00
0,0,74,2025-03-11 08:00:00
0,0,73,2025-08-12 16:00:00
0,0,72,2025-08-12 16:00:00
0,0,71,2025-08-12 16:00:00
0,0,74,2025-02-09 12:00:00
0,0,75,2025-06-20 08:00:00
0,0,74,2025-06-20 08:00:00
0,0,74,2025-02-09 00:00:00
0,0,71,2025-02-09 20:00:00
0,0,74,2025-08-12 20:00:00
0,0,71,2025-03-11 00:00:00
0,0,75,2025-02-09 12:00:00
0,0,73,2025-03-11 12:00:00
0,0,71,2025-08-12 12:00:00
0,0,73,2025-08-12 00:00:00
0,0,72,2025-02-09 00:00:00
0,0,75,2025-02-09 00:00:00
0,0,73,2025-02-09 20:00:00
0,0,74,2025-06-20 04:00:00
0,0,75,2025-03-11 20:00:00
0,0,71,2025-02-09 12:00:00
0,0,73,2025-06-20 12:00:00
0,0,72,2025-03-11 12:00:00
0,0,71,2025-06-20 20:00:00
0,0,73,2025-03-11 16:00:00
0,0,71,2025-08-12 08:00:00
0,0,74,2025-08-12 08:00:00
0,0,73,2025-08-12 12:00:00
0,0,73,2025-06-20 20:00:00
0,0,72,2025-06-20 20:00:00
0,0,74,2025-08-12 00:00:00
0,0,71,2025-06-20 08:00:00
0,0,71,2025-03-11 04:00:00
0,0,71,2025-03-11 08:00:00
0,0,72,2025-08-12 04:00:00
0,0,75,2025-02-09 16:00:00
0,0,74,2025-08-12 16:00:00
0,0,71,2025-03-11 12:00:00
0,0,75,2025-06-20 20:00:00
0,0,71,2025-08-12 00:00:00
0,0,73,2025-06-20 04:00:00
0,0,74,2025-03-11 00:00:00
0,0,73,2025-08-12 08:00:00
0,0,71,2025-06-20 12:00:00
0,0,74,2025-06-20 20:00:00
0,0,75,2025-03-11 08:00:00
0,0,74,2025-08-12 12:00:00
0,0,75,2025-02-09 08:00:00
0,0,75,2025-08-12 00:00:00
0,0,74,2025-03-11 04:00:00
0,0,72,2025-03-11 00:00:00
0,0,71,2025-02-09 16:00:00
0,0,73,2025-02-09 12:00:00
0,0,71,2025-06-20 16:00:00
0,0,73,2025-06-20 00:00:00
0,0,74,2025-06-20 00:00:00
0,0,75,2025-02-09 20:00:00
0,0,75,2025-08-12 20:00:00
0,0,74,2025-02-09 16:00:00
0,0,72,2025-03-11 20:00:00
0,0,71,2025-03-11 20:00:00
0,0,74,2025-03-11 20:00:00
0,0,72,2025-08-12 08:00:00
0,0,72,2025-06-20 12:00:00
0,0,74,2025-06-20 12:00:00
0,0,72,2025-06-20 00:00:00
0,0,71,2025-06-20 00:00:00
0,0,75,2025-08-12 12:00:00
0,0,73,2025-02-09 08:00:00
0,0,71,2025-02-09 00:00:00
0,0,74,2025-02-09 20:00:00
0,0,72,2025-03-11 04:00:00
0,0,72,2025-06-20 04:00:00
0,0,75,2025-03-11 00:00:00
0,0,72,2025-02-09 12:00:00
0,0,75,2025-06-20 16:00:00
0,0,71,2025-03-11 16:00:00
0,0,75,2025-02-09 04:00:00
0,0,75,2025-03-11 16:00:00
0,0,71,2025-06-20 04:00:00
0,0,75,2025-06-20 04:00:00
0,0,75,2025-08-12 16:00:00
0,0,73,2025-03-11 20:00:00
0,0,73,2025-06-20 16:00:00
0,0,75,2025-06-20 00:00:00
0,0,71,2025-02-09 04:00:00
0,0,71,2025-08-12 04:00:00
0,0,75,2025-08-12 04:00:00
0,0,19,2025-02-09 16:00:00
1,0,20,2025-06-20 12:00:00
0,0,17,2025-06-20 04:00:00
0,0,20,2025-02-09 20:00:00
0,0,16,2025-06-20 20:00:00
0,0,17,2025-02-09 08:00:00
0,0,19,2025-08-12 08:00:00
0,0,19,2025-06-20 00:00:00
0,0,17,2025-06-20 00:00:00
0,0,17,2025-03-11 08:00:00
4,0,16,2025-03-11 12:00:00
4,0,17,2025-03-11 12:00:00
0,0,19,2025-03-11 00:00:00
0,0,20,2025-03-11 16:00:00
0,0,16,2025-08-12 04:00:00
4,0,17,2025-06-20 12:00:00
0,0,19,2025-03-11 16:00:00
0,0,16,2025-08-12 20:00:00
0,0,18,2025-03-11 12:00:00
0,0,20,2025-06-20 00:00:00
0,0,16,2025-02-09 20:00:00
0,0,16,2025-02-09 04:00:00
0,0,20,2025-08-12 16:00:00
0,0,18,2025-06-20 08:00:00
0,0,16,2025-02-09 12:00:00
0,0,19,2025-02-09 00:00:00
0,0,16,2025-03-11 16:00:00
0,0,18,2025-03-11 04:00:00
0,0,18,2025-02-09 00:00:00
0,0,17,2025-02-09 00:00:00
0,0,17,2025-08-12 20:00:00
0,0,18,2025-06-20 04:00:00
0,0,16,2025-06-20 04:00:00
0,0,17,2025-08-12 04:00:00
0,0,17,2025-03-11 20:00:00
0,0,19,2025-06-20 08:00:00
0,0,16,2025-06-20 00:00:00
0,0,18,2025-08-12 16:00:00
0,0,18,2025-03-11 00:00:00
0,0,20,2025-02-09 00:00:00
0,0,18,2025-02-09 20:00:00
0,0,20,2025-03-11 04:00:00
0,0,20,2025-08-12 04:00:00
0,0,20,2025-06-20 04:00:00
0,0,17,2025-08-12 00:00:00
0,0,16,2025-02-09 08:00:00
0,0,16,2025-08-12 08:00:00
0,0,16,2025-06-20 12:00:00
0,0,18,2025-02-09 16:00:00
0,0,16,2025-02-09 00:00:00
0,0,18,2025-03-11 08:00:00
0,0,20,2025-02-09 04:00:00
0,0,16,2025-08-12 00:00:00
0,1,16,2025-06-20 16:00:00
0,0,19,2025-02-09 20:00:00
0,0,18,2025-02-09 04:00:00
0,0,18,2025-03-11 20:00:00
0,0,19,2025-02-09 04:00:00
0,0,16,2025-03-11 20:00:00
0,0,17,2025-02-09 04:00:00
0,0,19,2025-02-09 08:00:00
0,0,17,2025-06-20 08:00:00
0,0,16,2025-02-09 16:00:00
0,0,20,2025-02-09 12:00:00
0,0,19,2025-03-11 08:00:00
4,0,19,2025-08-12 12:00:00
0,0,17,2025-02-09 20:00:00
0,0,19,2025-08-12 04:00:00
0,0,19,2025-03-11 20:00:00
0,0,19,2025-02-09 12:00:00
0,0,18,2025-08-12 12:00:00
0,0,17,2025-03-11 04:00:00
1,0,20,2025-03-11 08:00:00
0,0,20,2025-03-11 00:00:00
0,0,20,2025-02-09 16:00:00
0,0,18,2025-02-09 08:00:00
0,0,20,2025-03-11 20:00:00
0,0,18,2025-06-20 00:00:00
0,0,19,2025-06-20 12:00:00
0,0,18,2025-08-12 20:00:00
0,0,19,2025-08-12 16:00:00
4,0,17,2025-08-12 12:00:00
0,0,17,2025-08-12 16:00:00
0,0,16,2025-03-11 00:00:00
0,0,18,2025-02-09 12:00:00
0,0,16,2025-06-20 08:00:00
0,0,17,2025-02-09 12:00:00
0,0,18,2025-08-12 08:00:00
0,0,19,2025-06-20 16:00:00
0,0,17,2025-08-12 08:00:00
0,0,17,2025-06-20 16:00:00
0,0,16,2025-03-11 08:00:00
0,0,16,2025-08-12 16:00:00
1,0,20,2025-03-11 12:00:00
0,0,19,2025-06-20 04:00:00
0,0,17,2025-03-11 00:00:00
0,0,18,2025-08-12 04:00:00
0,0,19,2025-08-12 00:00:00
0,0,17,2025-02-09 16:00:00
0,0,20,2025-06-20 16:00:00
1,0,16,2025-08-12 12:00:00
0,0,20,2025-08-12 00:00:00
0,0,20,2025-08-12 20:00:00
0,0,18,2025-06-20 20:00:00
0,0,17,2025-06-20 20:00:00
0,0,18,2025-03-11 16:00:00
2,0,20,2025-08-12 08:00:00
1,0,20,2025-08-12 12:00:00
0,0,20,2025-06-20 20:00:00
1,0,20,2025-02-09 08:00:00
0,0,18,2025-06-20 12:00:00
0,0,19,2025-08-12 20:00:00
0,0,17,2025-03-11 16:00:00
4,0,19,2025-03-11 12:00:00
2,0,20,2025-06-20 08:00:00
0,0,19,2025-03-11 04:00:00
0,0,16,2025-03-11 04:00:00
0,0,18,2025-08-12 00:00:00
0,0,19,2025-06-20 20:00:00
0,0,18,2025-06-20 16:00:00
0,0,04,2025-02-09 16:00:00
1,0,01,2025-03-11 12:00:00
1,0,05,2025-08-12 12:00:00
1,0,05,2025-02-09 08:00:00
0,0,05,2025-02-09 20:00:00
1,0,01,2025-06-20 08:00:00
0,0,04,2025-06-20 00:00:00
0,1,04,2025-08-12 20:00:00
1,2,03,2025-08-12 08:00:00
2,0,03,2025-06-20 00:00:00
1,0,05,2025-03-11 12:00:00
2,0,03,2025-08-12 00:00:00
0,0,04,2025-02-09 20:00:00
2,0,03,2025-08-12 20:00:00
0,0,04,2025-03-11 20:00:00
0,0,01,2025-02-09 16:00:00
1,0,01,2025-03-11 08:00:00
1,2,03,2025-06-20 08:00:00
0,0,01,2025-03-11 00:00:00
0,0,02,2025-08-12 00:00:00
0,0,05,2025-03-11 00:00:00
0,0,04,2025-08-12 08:00:00
0,0,05,2025-03-11 20:00:00
0,0,02,2025-08-12 20:00:00
1,2,03,2025-06-20 16:00:00
1,0,04,2025-08-12 12:00:00
0,0,02,2025-03-11 04:00:00
2,0,05,2025-03-11 04:00:00
0,0,01,2025-06-20 00:00:00
0,0,02,2025-02-09 00:00:00
0,0,04,2025-02-09 00:00:00
1,0,05,2025-02-09 12:00:00
1,0,05,2025-06-20 16:00:00
0,0,05,2025-06-20 20:00:00
0,0,02,2025-06-20 04:00:00
1,0,03,2025-02-09 08:00:00
1,0,05,2025-06-20 08:00:00
1,1,03,2025-03-11 16:00:00
1,2,03,2025-03-11 08:00:00
2,0,05,2025-06-20 04:00:00
0,0,02,2025-02-09 12:00:00
0,0,01,2025-06-20 16:00:00
0,0,02,2025-06-20 16:00:00
0,0,01,2025-08-12 20:00:00
1,0,02,2025-03-11 08:00:00
0,0,04,2025-03-11 08:00:00
0,0,05,2025-06-20 00:00:00
0,0,05,2025-02-09 00:00:00
0,0,01,2025-08-12 04:00:00
0,0,02,2025-08-12 04:00:00
0,0,02,2025-02-09 04:00:00
0,0,01,2025-06-20 20:00:00
0,0,04,2025-08-12 00:00:00
0,0,02,2025-08-12 08:00:00
0,0,01,2025-08-12 16:00:00
1,1,02,2025-03-11 12:00:00
0,0,02,2025-08-12 16:00:00
1,0,05,2025-06-20 12:00:00
0,0,04,2025-03-11 04:00:00
4,4,76,2025-07-25 16:00:00
0,0,77,2025-05-15 04:00:00
4,4,76,2025-05-15 20:00:00
0,0,77,2025-05-15 00:00:00
4,4,76,2025-08-24 16:00:00
3,3,76,2025-07-25 00:00:00
4,4,76,2025-07-25 12:00:00
1,1,77,2025-08-24 12:00:00
0,0,77,2025-05-15 20:00:00
0,0,77,2025-11-27 20:00:00
0,0,77,2025-11-27 16:00:00
0,2,76,2025-11-27 00:00:00
4,3,76,2025-05-15 04:00:00
1,0,77,2025-05-15 12:00:00
0,1,77,2025-07-25 16:00:00
4,4,76,2025-05-15 12:00:00
0,0,77,2025-08-24 00:00:00
0,0,77,2025-08-24 04:00:00
0,1,77,2025-08-24 08:00:00
0,0,77,2025-08-24 16:00:00
1,0,77,2025-05-15 16:00:00
4,4,76,2025-07-25 08:00:00
4,4,76,2025-05-15 08:00:00
0,0,77,2025-08-24 20:00:00
0,0,77,2025-11-27 00:00:00
0,1,77,2025-07-25 04:00:00
4,4,76,2025-11-27 12:00:00
4,4,76,2025-07-25 20:00:00
4,4,76,2025-11-27 16:00:00
4,4,76,2025-08-24 20:00:00
4,4,76,2025-08-24 12:00:00
3,2,76,2025-08-24 04:00:00
0,0,77,2025-07-25 00:00:00
3,3,76,2025-05-15 00:00:00
0,0,77,2025-07-25 20:00:00
0,0,77,2025-11-27 08:00:00
4,3,76,2025-11-27 08:00:00
0,2,76,2025-08-24 00:00:00
4,3,76,2025-07-25 04:00:00
1,1,77,2025-05-15 08:00:00
0,0,77,2025-11-27 04:00:00
4,2,76,2025-11-27 04:00:00
4,4,76,2025-05-15 16:00:00
1,2,77,2025-07-25 08:00:00
1,0,77,2025-11-27 12:00:00
4,4,76,2025-08-24 08:00:00
1,1,77,2025-07-25 12:00:00
4,2,76,2025-11-27 20:00:00
0,0,62,2025-05-15 20:00:00
0,0,62,2025-11-27 00:00:00
3,0,62,2025-07-25 16:00:00
0,0,63,2025-08-24 20:00:00
3,0,65,2025-08-24 12:00:00
0,0,61,2025-11-27 16:00:00
0,0,63,2025-11-27 16:00:00
0,0,62,2025-05-15 00:00:00
3,0,65,2025-05-15 08:00:00
0,0,63,2025-08-24 16:00:00
0,0,63,2025-11-27 04:00:00
3,0,64,2025-08-24 16:00:00
0,0,63,2025-08-24 00:00:00
3,0,64,2025-07-25 08:00:00
3,0,64,2025-05-15 04:00:00
0,0,61,2025-11-27 00:00:00
0,0,65,2025-05-15 20:00:00
0,0,62,2025-11-27 04:00:00
0,0,63,2025-05-15 20:00:00
0,0,62,2025-08-24 20:00:00
3,0,64,2025-08-24 12:00:00
3,0,65,2025-11-27 08:00:00
3,0,62,2025-11-27 16:00:00
3,0,64,2025-08-24 04:00:00
3,0,64,2025-11-27 04:00:00
3,0,65,2025-11-27 16:00:00
3,0,64,2025-07-25 16:00:00
3,0,64,2025-05-15 16:00:00
0,0,61,2025-11-27 20:00:00
0,0,63,2025-05-15 00:00:00
0,0,62,2025-08-24 04:00:00
3,0,65,2025-08-24 16:00:00
0,0,65,2025-11-27 00:00:00
3,0,63,2025-11-27 12:00:00
0,0,61,2025-11-27 04:00:00
0,0,64,2025-11-27 00:00:00
0,0,63,2025-07-25 12:00:00
0,0,62,2025-07-25 20:00:00
0,0,61,2025-11-27 08:00:00
3,0,64,2025-11-27 16:00:00
0,0,61,2025-07-25 04:00:00
0,0,61,2025-08-24 16:00:00
3,0,63,2025-07-25 08:00:00
3,0,62,2025-05-15 04:00:00
0,0,61,2025-05-15 20:00:00
3,0,65,2025-07-25 12:00:00
3,0,62,2025-05-15 16:00:00
3,0,62,2025-08-24 12:00:00
0,0,65,2025-07-25 00:00:00
0,0,64,2025-11-27 20:00:00
0,0,61,2025-08-24 04:00:00
0,0,65,2025-08-24 04:00:00
3,0,62,2025-08-24 16:00:00
0,0,65,2025-11-27 04:00:00
3,0,65,2025-05-15 04:00:00
0,0,61,2025-07-25 12:00:00
3,0,62,2025-11-27 12:00:00
3,0,64,2025-07-25 12:00:00
0,0,65,2025-07-25 20:00:00
3,0,63,2025-05-15 12:00:00
3,0,65,2025-05-15 12:00:00
0,0,61,2025-05-15 08:00:00
3,0,64,2025-05-15 08:00:00
0,0,61,2025-05-15 04:00:00
0,0,63,2025-05-15 04:00:00
0,0,63,2025-11-27 00:00:00
3,0,62,2025-08-24 08:00:00
3,0,64,2025-08-24 08:00:00
3,0,65,2025-11-27 12:00:00
1,0,61,2025-05-15 12:00:00
0,0,63,2025-11-27 20:00:00
0,0,61,2025-05-15 00:00:00
0,0,64,2025-05-15 00:00:00
0,0,62,2025-08-24 00:00:00
0,0,61,2025-07-25 20:00:00
0,0,63,2025-07-25 20:00:00
3,0,64,2025-07-25 20:00:00
3,0,62,2025-05-15 08:00:00
3,0,64,2025-07-25 04:00:00
0,0,65,2025-07-25 04:00:00
0,0,61,2025-08-24 00:00:00
0,0,61,2025-07-25 08:00:00
0,0,61,2025-08-24 08:00:00
3,0,64,2025-05-15 20:00:00
3,0,65,2025-08-24 08:00:00
3,0,65,2025-07-25 16:00:00
3,0,64,2025-08-24 20:00:00
0,0,65,2025-08-24 20:00:00
0,0,61,2025-11-27 12:00:00
0,0,61,2025-08-24 12:00:00
0,0,62,2025-07-25 04:00:00
3,0,63,2025-05-15 16:00:00
0,0,61,2025-07-25 00:00:00
3,0,63,2025-08-24 12:00:00
3,0,63,2025-08-24 08:00:00
3,0,62,2025-07-25 12:00:00
3,0,64,2025-11-27 12:00:00
0,0,62,2025-07-25 00:00:00
0,0,62,2025-11-27 20:00:00
3,0,63,2025-05-15 08:00:00
0,0,63,2025-08-24 04:00:00
0,0,63,2025-07-25 04:00:00
0,0,65,2025-05-15 00:00:00
3,0,62,2025-07-25 08:00:00
3,0,65,2025-07-25 08:00:00
0,0,61,2025-07-25 16:00:00
0,0,63,2025-07-25 16:00:00
0,0,61,2025-08-24 20:00:00
0,0,61,2025-05-15 16:00:00
3,0,65,2025-05-15 16:00:00
0,0,63,2025-07-25 00:00:00
0,0,64,2025-07-25 00:00:00
0,0,63,2025-11-27 08:00:00
3,0,62,2025-11-27 08:00:00
3,0,64,2025-11-27 08:00:00
3,0,62,2025-05-15 12:00:00
3,0,64,2025-05-15 12:00:00
0,0,65,2025-11-27 20:00:00
0,0,64,2025-08-24 00:00:00
0,0,65,2025-08-24 00:00:00
0,0,50,2025-11-27 00:00:00
0,0,50,2025-07-25 12:00:00
0,0,47,2025-07-25 20:00:00
0,0,50,2025-07-25 00:00:00
0,0,46,2025-08-24 12:00:00
0,0,46,2025-07-25 00:00:00
0,0,49,2025-08-24 12:00:00
0,0,47,2025-08-24 04:00:00
0,0,47,2025-07-25 04:00:00
0,0,46,2025-08-24 16:00:00
0,0,46,2025-08-24 00:00:00
0,1,46,2025-07-25 08:00:00
0,0,46,2025-05-15 04:00:00
0,0,50,2025-11-27 12:00:00
0,0,50,2025-05-15 12:00:00
0,0,49,2025-08-24 04:00:00
0,0,47,2025-11-27 04:00:00
0,0,46,2025-07-25 16:00:00
0,0,47,2025-11-27 12:00:00
0,0,49,2025-07-25 12:00:00
0,0,48,2025-05-15 16:00:00
0,0,47,2025-07-25 00:00:00
0,0,47,2025-11-27 08:00:00
0,0,48,2025-11-27 16:00:00
0,0,48,2025-05-15 12:00:00
0,0,47,2025-05-15 00:00:00
0,0,46,2025-05-15 00:00:00
0,0,49,2025-05-15 00:00:00
0,0,50,2025-11-27 04:00:00
0,0,48,2025-11-27 04:00:00
0,0,49,2025-05-15 04:00:00
0,0,46,2025-11-27 00:00:00
0,0,50,2025-11-27 20:00:00
0,0,48,2025-08-24 16:00:00
0,0,50,2025-05-15 20:00:00
0,0,50,2025-08-24 08:00:00
0,0,49,2025-08-24 20:00:00
0,0,46,2025-07-25 20:00:00
0,0,46,2025-05-15 16:00:00
0,0,50,2025-08-24 12:00:00
0,0,49,2025-11-27 16:00:00
0,0,46,2025-11-27 20:00:00
0,0,47,2025-05-15 08:00:00
0,0,48,2025-05-15 08:00:00
0,0,48,2025-08-24 00:00:00
0,0,50,2025-07-25 20:00:00
0,0,49,2025-05-15 16:00:00
0,0,49,2025-11-27 08:00:00
0,0,48,2025-11-27 20:00:00
0,0,50,2025-05-15 00:00:00
0,0,50,2025-05-15 08:00:00
0,1,50,2025-07-25 08:00:00
0,0,49,2025-07-25 08:00:00
0,0,48,2025-05-15 04:00:00
0,0,50,2025-07-25 16:00:00
0,0,48,2025-11-27 00:00:00
0,0,48,2025-08-24 12:00:00
0,0,46,2025-11-27 16:00:00
0,0,48,2025-08-24 04:00:00
0,0,50,2025-08-24 16:00:00
0,0,49,2025-08-24 08:00:00
0,0,48,2025-08-24 20:00:00
0,0,49,2025-07-25 04:00:00
0,0,47,2025-07-25 16:00:00
0,0,46,2025-08-24 20:00:00
0,0,46,2025-11-27 12:00:00
0,0,46,2025-07-25 12:00:00
0,0,46,2025-11-27 08:00:00
0,0,47,2025-11-27 16:00:00
0,0,47,2025-05-15 12:00:00
0,0,50,2025-08-24 04:00:00
0,0,46,2025-05-15 08:00:00
0,0,46,2025-11-27 04:00:00
0,0,47,2025-08-24 00:00:00
0,0,47,2025-11-27 00:00:00
0,0,48,2025-07-25 16:00:00
0,0,50,2025-11-27 08:00:00
0,0,47,2025-08-24 16:00:00
0,0,49,2025-11-27 04:00:00
0,0,48,2025-07-25 20:00:00
0,0,47,2025-08-24 12:00:00
0,0,48,2025-07-25 00:00:00
0,0,50,2025-11-27 16:00:00
0,0,50,2025-07-25 04:00:00
0,0,49,2025-05-15 08:00:00
0,0,49,2025-08-24 16:00:00
0,0,48,2025-07-25 08:00:00
0,0,49,2025-08-24 00:00:00
0,0,49,2025-11-27 00:00:00
0,0,47,2025-08-24 20:00:00
0,0,48,2025-11-27 12:00:00
0,0,49,2025-05-15 12:00:00
0,0,47,2025-05-15 04:00:00
0,0,47,2025-05-15 20:00:00
0,0,49,2025-07-25 16:00:00
0,0,47,2025-07-25 12:00:00
0,0,49,2025-11-27 12:00:00
0,0,48,2025-11-27 08:00:00
0,0,48,2025-05-15 00:00:00
0,0,48,2025-07-25 04:00:00
0,0,46,2025-08-24 04:00:00
0,0,46,2025-07-25 04:00:00
0,0,47,2025-07-25 08:00:00
0,0,50,2025-05-15 04:00:00
0,0,47,2025-08-24 08:00:00
0,0,50,2025-05-15 16:00:00
0,0,46,2025-05-15 12:00:00
0,0,47,2025-11-27 20:00:00
0,0,50,2025-08-24 00:00:00
0,0,46,2025-05-15 20:00:00
0,0,46,2025-08-24 08:00:00
0,0,49,2025-05-15 20:00:00
0,0,50,2025-08-24 20:00:00
0,0,49,2025-07-25 20:00:00
0,0,47,2025-05-15 16:00:00
0,0,49,2025-07-25 00:00:00
0,0,49,2025-11-27 20:00:00
0,0,48,2025-05-15 20:00:00
0,0,48,2025-08-24 08:00:00
0,0,48,2025-07-25 12:00:00
0,0,71,2025-11-27 00:00:00
0,0,71,2025-08-24 20:00:00
0,0,74,2025-07-25 12:00:00
0,0,75,2025-07-25 20:00:00
0,0,72,2025-07-25 00:00:00
0,0,74,2025-11-27 16:00:00
0,0,75,2025-11-27 04:00:00
0,0,73,2025-05-15 20:00:00
0,0,75,2025-08-24 08:00:00
0,0,74,2025-11-27 00:00:00
0,0,75,2025-08-24 20:00:00
0,0,72,2025-07-25 20:00:00
0,0,75,2025-05-15 16:00:00
0,0,75,2025-05-15 12:00:00
0,0,71,2025-05-15 00:00:00
0,0,75,2025-05-15 00:00:00
0,0,74,2025-07-25 04:00:00
0,0,71,2025-08-24 00:00:00
0,0,72,2025-08-24 08:00:00
0,0,75,2025-11-27 00:00:00
0,0,73,2025-05-15 12:00:00
0,0,74,2025-05-15 12:00:00
0,0,71,2025-11-27 20:00:00
0,0,72,2025-08-24 04:00:00
0,0,71,2025-07-25 04:00:00
0,0,71,2025-11-27 04:00:00
0,0,72,2025-08-24 00:00:00
0,0,73,2025-05-15 16:00:00
0,0,71,2025-05-15 16:00:00
0,0,75,2025-07-25 00:00:00
0,0,75,2025-11-27 08:00:00
0,0,72,2025-11-27 16:00:00
0,0,72,2025-07-25 12:00:00
0,0,75,2025-07-25 12:00:00
0,0,74,2025-07-25 00:00:00
0,0,73,2025-08-24 04:00:00
0,0,73,2025-07-25 04:00:00
0,0,71,2025-08-24 04:00:00
0,0,74,2025-08-24 04:00:00
0,0,74,2025-07-25 08:00:00
0,0,73,2025-08-24 08:00:00
0,0,72,2025-11-27 08:00:00
0,0,71,2025-11-27 08:00:00
0,0,71,2025-08-24 16:00:00
0,0,74,2025-08-24 16:00:00
0,0,72,2025-05-15 04:00:00
0,0,74,2025-08-24 12:00:00
0,0,75,2025-05-15 08:00:00
0,0,75,2025-07-25 04:00:00
0,0,74,2025-11-27 04:00:00
0,0,73,2025-07-25 08:00:00
0,0,75,2025-07-25 16:00:00
0,0,74,2025-07-25 16:00:00
0,0,72,2025-11-27 12:00:00
0,0,72,2025-08-24 12:00:00
0,0,71,2025-07-25 00:00:00
0,0,71,2025-05-15 12:00:00
0,0,73,2025-08-24 16:00:00
0,0,72,2025-07-25 08:00:00
0,0,71,2025-05-15 20:00:00
0,0,74,2025-05-15 20:00:00
0,0,71,2025-07-25 20:00:00
0,0,74,2025-11-27 08:00:00
0,0,75,2025-11-27 16:00:00
0,0,72,2025-11-27 20:00:00
0,0,75,2025-08-24 04:00:00
0,0,71,2025-05-15 04:00:00
0,0,75,2025-05-15 04:00:00
0,0,72,2025-07-25 16:00:00
0,0,73,2025-08-24 20:00:00
0,0,71,2025-07-25 12:00:00
0,0,73,2025-07-25 20:00:00
0,0,74,2025-11-27 20:00:00
0,0,73,2025-05-15 00:00:00
0,0,73,2025-05-15 08:00:00
0,0,71,2025-07-25 08:00:00
0,0,74,2025-08-24 00:00:00
0,0,73,2025-05-15 04:00:00
0,0,72,2025-05-15 20:00:00
0,0,73,2025-11-27 12:00:00
0,0,74,2025-07-25 20:00:00
0,0,73,2025-11-27 04:00:00
0,0,75,2025-07-25 08:00:00
0,0,71,2025-08-24 08:00:00
0,0,74,2025-08-24 20:00:00
0,0,73,2025-07-25 12:00:00
0,0,71,2025-11-27 12:00:00
0,0,73,2025-11-27 20:00:00
0,0,75,2025-11-27 20:00:00
0,0,71,2025-05-15 08:00:00
0,0,75,2025-08-24 16:00:00
0,0,72,2025-11-27 00:00:00
0,0,74,2025-11-27 12:00:00
0,0,72,2025-05-15 16:00:00
0,0,72,2025-05-15 08:00:00
0,0,72,2025-07-25 04:00:00
0,0,74,2025-05-15 08:00:00
0,0,73,2025-08-24 00:00:00
0,0,74,2025-05-15 04:00:00
0,0,73,2025-08-24 12:00:00
0,0,73,2025-07-25 00:00:00
0,0,75,2025-08-24 12:00:00
0,0,73,2025-11-27 16:00:00
0,0,72,2025-05-15 00:00:00
0,0,72,2025-11-27 04:00:00
0,0,73,2025-11-27 00:00:00
0,0,73,2025-07-25 16:00:00
0,0,74,2025-08-24 08:00:00
0,0,72,2025-08-24 20:00:00
0,0,75,2025-11-27 12:00:00
0,0,71,2025-11-27 16:00:00
0,0,72,2025-05-15 12:00:00
0,0,74,2025-05-15 00:00:00
0,0,75,2025-08-24 00:00:00
0,0,71,2025-07-25 16:00:00
0,0,75,2025-05-15 20:00:00
0,0,74,2025-05-15 16:00:00
0,0,71,2025-08-24 12:00:00
0,0,73,2025-11-27 08:00:00
0,0,72,2025-08-24 16:00:00
0,0,19,2025-11-27 04:00:00
4,0,17,2025-05-15 12:00:00
0,0,16,2025-08-24 20:00:00
0,0,18,2025-07-25 20:00:00
0,0,20,2025-08-24 00:00:00
0,0,16,2025-07-25 08:00:00
0,0,20,2025-07-25 20:00:00
0,0,17,2025-07-25 16:00:00
0,0,19,2025-11-27 16:00:00
0,0,20,2025-11-27 16:00:00
0,0,16,2025-07-25 00:00:00
0,0,18,2025-07-25 08:00:00
0,0,17,2025-07-25 08:00:00
0,0,18,2025-08-24 08:00:00
0,0,17,2025-08-24 08:00:00
0,0,20,2025-07-25 00:00:00
0,0,17,2025-08-24 20:00:00
0,0,19,2025-08-24 12:00:00
0,0,19,2025-07-25 20:00:00
0,0,16,2025-11-27 08:00:00
0,0,17,2025-08-24 00:00:00
0,0,20,2025-11-27 08:00:00
0,0,19,2025-08-24 04:00:00
0,0,18,2025-07-25 00:00:00
0,0,19,2025-05-15 04:00:00
0,0,16,2025-05-15 00:00:00
4,0,17,2025-07-25 12:00:00
0,0,20,2025-08-24 04:00:00
0,0,16,2025-08-24 12:00:00
0,0,19,2025-05-15 20:00:00
0,0,16,2025-07-25 20:00:00
0,0,18,2025-11-27 04:00:00
0,0,18,2025-05-15 08:00:00
0,0,19,2025-11-27 00:00:00
0,0,17,2025-11-27 00:00:00
0,0,20,2025-05-15 00:00:00
0,0,16,2025-11-27 20:00:00
0,0,20,2025-05-15 20:00:00
0,0,19,2025-08-24 00:00:00
0,0,17,2025-11-27 16:00:00
0,0,18,2025-05-15 00:00:00
1,0,20,2025-05-15 12:00:00
0,0,20,2025-07-25 04:00:00
0,0,18,2025-11-27 20:00:00
1,0,20,2025-07-25 08:00:00
0,0,19,2025-08-24 08:00:00
4,0,19,2025-05-15 12:00:00
0,0,18,2025-08-24 04:00:00
0,0,18,2025-08-24 20:00:00
0,0,18,2025-05-15 04:00:00
0,0,16,2025-08-24 16:00:00
0,0,17,2025-05-15 04:00:00
1,0,20,2025-05-15 08:00:00
0,0,18,2025-05-15 16:00:00
0,0,19,2025-11-27 20:00:00
0,0,16,2025-05-15 20:00:00
4,0,17,2025-05-15 16:00:00
1,0,20,2025-11-27 12:00:00
0,0,18,2025-07-25 16:00:00
0,0,16,2025-11-27 16:00:00
0,0,18,2025-11-27 00:00:00
0,0,16,2025-05-15 04:00:00
0,0,17,2025-07-25 00:00:00
0,0,20,2025-11-27 20:00:00
0,0,18,2025-07-25 12:00:00
4,0,19,2025-05-15 16:00:00
0,0,17,2025-07-25 20:00:00
0,0,19,2025-07-25 04:00:00
0,0,18,2025-05-15 12:00:00
4,0,16,2025-05-15 12:00:00
0,0,18,2025-05-15 20:00:00
0,0,18,2025-11-27 08:00:00
0,0,17,2025-11-27 08:00:00
0,0,17,2025-07-25 04:00:00
0,0,20,2025-08-24 20:00:00
0,0,16,2025-07-25 16:00:00
0,0,17,2025-11-27 12:00:00
0,0,20,2025-11-27 04:00:00
0,0,16,2025-07-25 04:00:00
0,0,20,2025-07-25 16:00:00
1,0,20,2025-05-15 16:00:00
0,0,17,2025-05-15 08:00:00
0,0,18,2025-11-27 16:00:00
0,0,18,2025-08-24 16:00:00
0,0,19,2025-05-15 00:00:00
0,0,19,2025-07-25 00:00:00
0,0,20,2025-11-27 00:00:00
0,0,16,2025-08-24 08:00:00
0,0,20,2025-07-25 12:00:00
0,0,16,2025-08-24 00:00:00
0,0,18,2025-08-24 12:00:00
0,0,17,2025-08-24 12:00:00
2,0,20,2025-05-15 04:00:00
0,0,19,2025-11-27 08:00:00
0,0,19,2025-07-25 08:00:00
0,0,17,2025-05-15 00:00:00
0,0,17,2025-08-24 16:00:00
2,0,20,2025-08-24 08:00:00
0,0,16,2025-11-27 04:00:00
0,0,18,2025-08-24 00:00:00
0,0,19,2025-05-15 08:00:00
0,1,16,2025-05-15 08:00:00
0,0,19,2025-08-24 20:00:00
0,0,16,2025-11-27 00:00:00
0,0,19,2025-07-25 12:00:00
0,0,16,2025-07-25 12:00:00
0,0,19,2025-11-27 12:00:00
0,0,17,2025-05-15 20:00:00
0,0,17,2025-11-27 20:00:00
0,0,18,2025-07-25 04:00:00
0,0,17,2025-11-27 04:00:00
0,0,19,2025-07-25 16:00:00
0,0,19,2025-08-24 16:00:00
0,0,18,2025-11-27 12:00:00
0,0,16,2025-05-15 16:00:00
1,0,20,2025-08-24 12:00:00
0,0,16,2025-08-24 04:00:00
0,0,17,2025-08-24 04:00:00
0,0,16,2025-11-27 12:00:00
0,0,20,2025-08-24 16:00:00
1,0,01,2025-07-25 08:00:00
1,0,04,2025-05-15 12:00:00
0,0,05,2025-11-27 20:00:00
1,0,01,2025-11-27 12:00:00
1,0,05,2025-05-15 08:00:00
0,0,02,2025-11-27 20:00:00
1,0,05,2025-08-24 16:00:00
0,0,02,2025-08-24 08:00:00
1,2,03,2025-08-24 12:00:00
1,0,01,2025-07-25 12:00:00
0,0,04,2025-05-15 20:00:00
0,0,04,2025-11-27 20:00:00
0,0,02,2025-11-27 08:00:00
2,2,03,2025-05-15 04:00:00
2,0,05,2025-05-15 04:00:00
1,0,05,2025-07-25 16:00:00
0,0,01,2025-08-24 20:00:00
0,0,02,2025-07-25 00:00:00
2,0,03,2025-08-24 00:00:00
0,0,04,2025-11-27 08:00:00
0,0,03,2025-11-27 00:00:00
0,0,05,2025-08-24 20:00:00
0,0,04,2025-05-15 08:00:00
1,0,05,2025-05-15 16:00:00
0,0,02,2025-11-27 16:00:00
1,0,03,2025-08-24 16:00:00
0,0,04,2025-05-15 16:00:00
1,2,03,2025-07-25 08:00:00
0,0,01,2025-11-27 08:00:00
1,0,01,2025-05-15 12:00:00
0,0,01,2025-07-25 16:00:00
0,0,01,2025-11-27 16:00:00
0,0,04,2025-08-24 20:00:00
1,0,03,2025-11-27 16:00:00
1,2,03,2025-05-15 12:00:00
2,0,05,2025-08-24 04:00:00
2,0,05,2025-07-25 04:00:00
0,0,01,2025-05-15 20:00:00
2,0,03,2025-08-24 20:00:00
0,0,05,2025-07-25 00:00:00
0,0,02,2025-08-24 04:00:00
1,0,04,2025-07-25 12:00:00
0,0,05,2025-08-24 00:00:00
0,0,04,2025-07-25 04:00:00
1,1,03,2025-11-27 12:00:00
0,0,04,2025-08-24 00:00:00
0,0,01,2025-11-27 00:00:00
0,0,02,2025-08-24 20:00:00
0,0,04,2025-08-24 04:00:00
0,0,02,2025-08-24 16:00:00
4,4,76,2025-11-30 12:00:00
3,3,76,2025-06-23 00:00:00
4,4,76,2025-06-23 12:00:00
3,3,76,2025-06-23 04:00:00
0,0,77,2025-11-30 16:00:00
4,4,76,2025-12-18 20:00:00
4,4,76,2025-11-30 08:00:00
0,0,77,2025-06-23 00:00:00
0,0,77,2026-02-02 00:00:00
0,3,76,2026-02-02 00:00:00
0,0,77,2025-11-30 12:00:00
4,4,76,2025-12-18 08:00:00
4,4,76,2025-06-23 20:00:00
4,4,76,2025-06-23 16:00:00
0,0,77,2025-11-30 00:00:00
0,0,77,2026-02-02 04:00:00
4,3,76,2026-02-02 04:00:00
4,4,76,2025-12-18 16:00:00
1,1,77,2025-12-18 12:00:00
4,2,76,2025-12-18 00:00:00
0,0,77,2026-02-02 16:00:00
1,0,77,2025-06-23 12:00:00
0,1,77,2025-12-18 16:00:00
0,1,77,2025-06-23 04:00:00
4,4,76,2026-02-02 12:00:00
4,2,76,2025-12-18 04:00:00
4,4,76,2025-12-18 12:00:00
0,0,77,2025-12-18 08:00:00
1,1,77,2025-06-23 08:00:00
0,1,77,2025-12-18 04:00:00
0,0,77,2025-11-30 08:00:00
3,4,76,2025-11-30 00:00:00
4,4,76,2026-02-02 16:00:00
0,0,77,2025-06-23 20:00:00
1,2,77,2026-02-02 08:00:00
4,4,76,2026-02-02 08:00:00
4,4,76,2025-06-23 08:00:00
0,0,77,2025-06-23 16:00:00
0,0,77,2026-02-02 20:00:00
0,0,77,2025-12-18 00:00:00
4,4,76,2026-02-02 20:00:00
0,0,77,2025-11-30 20:00:00
0,0,77,2025-11-30 04:00:00
4,4,76,2025-11-30 16:00:00
1,0,77,2026-02-02 12:00:00
4,3,76,2025-11-30 04:00:00
0,0,77,2025-12-18 20:00:00
0,4,76,2025-11-30 20:00:00
0,0,61,2026-02-02 16:00:00
3,0,64,2025-06-23 04:00:00
0,0,61,2025-11-30 20:00:00
0,0,63,2026-02-02 04:00:00
0,0,62,2025-11-30 04:00:00
3,0,65,2025-06-23 16:00:00
3,0,64,2025-12-18 04:00:00
0,0,61,2025-12-18 16:00:00
0,0,63,2025-11-30 08:00:00
0,0,63,2025-06-23 04:00:00
0,0,62,2025-11-30 20:00:00
0,0,64,2026-02-02 20:00:00
0,0,65,2025-06-23 00:00:00
0,0,62,2025-11-30 00:00:00
3,0,64,2026-02-02 12:00:00
0,0,64,2025-11-30 04:00:00
0,0,61,2025-12-18 08:00:00
3,0,62,2025-06-23 16:00:00
0,0,65,2026-02-02 20:00:00
0,0,62,2026-02-02 04:00:00
0,0,61,2025-12-18 04:00:00
3,0,62,2025-06-23 12:00:00
3,0,64,2025-12-18 16:00:00
0,0,62,2025-06-23 04:00:00
0,0,64,2025-11-30 20:00:00
0,0,61,2025-12-18 20:00:00
3,0,64,2025-11-30 12:00:00
0,0,63,2025-11-30 04:00:00
0,0,64,2026-02-02 00:00:00
0,0,65,2025-06-23 20:00:00
0,0,63,2025-12-18 04:00:00
3,0,64,2025-06-23 12:00:00
0,0,61,2025-06-23 04:00:00
0,0,61,2026-02-02 20:00:00
3,0,62,2025-12-18 12:00:00
3,0,65,2025-12-18 12:00:00
0,0,61,2026-02-02 08:00:00
0,0,65,2026-02-02 04:00:00
0,0,61,2025-11-30 12:00:00
0,0,63,2025-11-30 12:00:00
0,0,63,2026-02-02 16:00:00
0,0,65,2025-11-30 20:00:00
0,0,61,2025-06-23 00:00:00
0,0,61,2025-11-30 00:00:00
3,0,62,2026-02-02 08:00:00
0,0,61,2025-06-23 16:00:00
3,0,65,2025-06-23 12:00:00
0,0,61,2025-11-30 16:00:00
0,0,63,2025-12-18 16:00:00
3,0,65,2025-12-18 16:00:00
3,0,65,2025-11-30 16:00:00
3,0,64,2026-02-02 16:00:00
3,0,64,2025-11-30 08:00:00
0,0,63,2026-02-02 20:00:00
3,0,64,2025-12-18 12:00:00
0,0,61,2026-02-02 04:00:00
0,0,63,2026-02-02 08:00:00
0,0,63,2025-11-30 20:00:00
0,0,63,2025-06-23 00:00:00
0,0,62,2026-02-02 00:00:00
3,0,63,2025-06-23 16:00:00
0,0,64,2025-12-18 00:00:00
3,0,63,2025-06-23 12:00:00
0,0,61,2025-11-30 08:00:00
3,0,62,2025-11-30 08:00:00
0,0,65,2025-11-30 00:00:00
3,0,65,2026-02-02 12:00:00
0,0,61,2025-11-30 04:00:00
0,0,63,2025-06-23 20:00:00
3,0,64,2025-06-23 20:00:00
3,0,64,2025-06-23 16:00:00
0,0,65,2025-12-18 00:00:00
3,0,62,2025-12-18 16:00:00
0,0,64,2025-11-30 00:00:00
3,0,65,2026-02-02 08:00:00
0,0,65,2025-12-18 20:00:00
3,0,65,2025-11-30 12:00:00
0,0,62,2025-06-23 20:00:00
0,0,65,2025-11-30 04:00:00
0,0,62,2025-11-30 16:00:00
0,0,64,2025-06-23 00:00:00
0,0,64,2025-12-18 20:00:00
3,0,62,2026-02-02 12:00:00
0,0,61,2025-06-23 08:00:00
0,0,63,2025-12-18 00:00:00
3,0,65,2025-06-23 08:00:00
3,0,62,2026-02-02 16:00:00
0,0,62,2026-02-02 20:00:00
0,0,62,2025-06-23 00:00:00
0,0,61,2026-02-02 12:00:00
0,0,61,2026-02-02 00:00:00
0,0,63,2025-12-18 08:00:00
3,0,62,2025-12-18 08:00:00
0,0,61,2025-12-18 00:00:00
0,0,65,2025-12-18 04:00:00
0,0,63,2025-11-30 16:00:00
0,0,61,2025-12-18 12:00:00
0,0,63,2025-11-30 00:00:00
3,0,63,2026-02-02 12:00:00
0,0,61,2025-06-23 20:00:00
3,0,64,2025-11-30 16:00:00
3,0,65,2025-11-30 08:00:00
3,0,63,2025-12-18 12:00:00
3,0,64,2026-02-02 08:00:00
0,0,63,2026-02-02 00:00:00
3,0,64,2025-06-23 08:00:00
0,0,63,2025-12-18 20:00:00
0,0,62,2025-12-18 20:00:00
0,0,64,2026-02-02 04:00:00
0,0,65,2026-02-02 00:00:00
3,0,64,2025-12-18 08:00:00
3,0,63,2025-06-23 08:00:00
0,0,62,2025-12-18 00:00:00
0,0,61,2025-06-23 12:00:00
3,0,65,2026-02-02 16:00:00
0,0,65,2025-06-23 04:00:00
3,0,62,2025-11-30 12:00:00
3,0,65,2025-12-18 08:00:00
0,0,62,2025-12-18 04:00:00
3,0,62,2025-06-23 08:00:00
0,0,46,2025-11-30 16:00:00
0,0,46,2026-02-02 16:00:00
0,0,49,2025-06-23 04:00:00
0,0,50,2025-12-18 20:00:00
0,0,48,2025-06-23 20:00:00
0,0,48,2025-12-18 08:00:00
0,0,46,2025-06-23 08:00:00
0,0,50,2025-11-30 16:00:00
0,0,49,2025-12-18 16:00:00
0,0,47,2025-06-23 00:00:00
0,0,50,2026-02-02 12:00:00
0,0,50,2025-11-30 04:00:00
0,0,47,2026-02-02 00:00:00
0,0,49,2025-06-23 20:00:00
0,0,50,2025-12-18 00:00:00
0,0,47,2025-12-18 16:00:00
0,0,47,2025-12-18 12:00:00
0,0,49,2025-12-18 12:00:00
0,0,46,2026-02-02 12:00:00
0,0,47,2025-11-30 04:00:00
0,0,49,2026-02-02 00:00:00
0,0,46,2025-12-18 08:00:00
0,0,47,2025-11-30 16:00:00
0,0,46,2025-11-30 20:00:00
0,0,46,2025-12-18 12:00:00
0,0,50,2025-11-30 00:00:00
0,0,49,2025-11-30 00:00:00
0,0,49,2025-11-30 12:00:00
0,0,49,2025-11-30 04:00:00
0,0,49,2025-06-23 12:00:00
0,0,50,2025-12-18 16:00:00
0,0,46,2025-12-18 16:00:00
0,0,50,2026-02-02 20:00:00
0,0,50,2025-12-18 12:00:00
0,0,47,2025-11-30 00:00:00
0,0,49,2025-12-18 20:00:00
0,0,46,2025-06-23 16:00:00
0,0,47,2025-06-23 08:00:00
0,0,46,2025-12-18 00:00:00
0,0,50,2025-06-23 12:00:00
0,0,48,2025-06-23 12:00:00
0,0,48,2025-12-18 12:00:00
0,0,47,2025-12-18 20:00:00
0,0,46,2026-02-02 08:00:00
0,0,46,2025-12-18 20:00:00
0,0,47,2025-11-30 12:00:00
0,0,48,2025-11-30 12:00:00
0,0,48,2025-11-30 04:00:00
0,0,47,2025-12-18 08:00:00
0,0,49,2025-12-18 08:00:00
0,0,50,2025-12-18 04:00:00
0,0,46,2025-12-18 04:00:00
0,0,48,2025-12-18 16:00:00
0,0,50,2026-02-02 16:00:00
0,0,47,2026-02-02 16:00:00
0,0,48,2025-06-23 04:00:00
0,0,47,2025-11-30 20:00:00
0,0,50,2026-02-02 08:00:00
0,0,48,2025-12-18 20:00:00
0,0,47,2026-02-02 12:00:00
0,0,50,2025-06-23 16:00:00
0,0,49,2025-12-18 04:00:00
0,0,49,2025-11-30 08:00:00
0,0,49,2026-02-02 20:00:00
0,0,48,2026-02-02 04:00:00
0,0,48,2026-02-02 08:00:00
0,0,46,2026-02-02 04:00:00
0,0,47,2025-12-18 04:00:00
0,0,47,2026-02-02 08:00:00
0,0,48,2026-02-02 00:00:00
0,0,49,2025-12-18 00:00:00
0,0,48,2025-11-30 08:00:00
0,0,48,2026-02-02 20:00:00
0,0,49,2026-02-02 12:00:00
0,0,46,2026-02-02 00:00:00
0,0,46,2025-11-30 04:00:00
0,0,47,2025-06-23 16:00:00
0,0,50,2025-11-30 08:00:00
0,0,47,2025-06-23 04:00:00
0,0,48,2026-02-02 16:00:00
0,0,50,2026-02-02 04:00:00
0,0,48,2025-11-30 00:00:00
0,0,49,2025-06-23 16:00:00
0,0,48,2025-12-18 00:00:00
0,0,48,2025-12-18 04:00:00
0,0,46,2025-06-23 12:00:00
0,0,46,2025-06-23 04:00:00
0,0,49,2025-11-30 20:00:00
0,0,48,2025-06-23 00:00:00
0,0,46,2025-06-23 00:00:00
0,0,48,2026-02-02 12:00:00
0,0,50,2025-06-23 20:00:00
0,0,50,2025-06-23 08:00:00
0,0,47,2025-12-18 00:00:00
0,0,48,2025-06-23 08:00:00
0,0,49,2025-11-30 16:00:00
0,0,50,2025-11-30 20:00:00
0,0,46,2026-02-02 20:00:00
0,0,50,2025-06-23 00:00:00
0,0,46,2025-11-30 00:00:00
0,0,50,2026-02-02 00:00:00
0,0,46,2025-06-23 20:00:00
0,0,48,2025-06-23 16:00:00
0,0,50,2025-06-23 04:00:00
0,0,47,2025-11-30 08:00:00
0,0,50,2025-12-18 08:00:00
0,0,49,2025-06-23 08:00:00
0,0,49,2026-02-02 16:00:00
0,0,50,2025-11-30 12:00:00
0,0,47,2025-06-23 20:00:00
0,0,48,2025-11-30 16:00:00
0,0,46,2025-11-30 08:00:00
0,0,47,2026-02-02 20:00:00
0,0,48,2025-11-30 20:00:00
0,0,49,2025-06-23 00:00:00
0,0,47,2026-02-02 04:00:00
0,0,49,2026-02-02 04:00:00
0,0,49,2026-02-02 08:00:00
0,0,46,2025-11-30 12:00:00
0,0,47,2025-06-23 12:00:00
0,0,71,2025-11-30 08:00:00
0,0,72,2025-11-30 20:00:00
0,0,73,2025-12-18 12:00:00
0,0,71,2025-12-18 12:00:00
0,0,75,2026-02-02 12:00:00
0,0,71,2025-06-23 20:00:00
0,0,72,2025-12-18 08:00:00
0,0,74,2025-06-23 08:00:00
0,0,75,2025-06-23 12:00:00
0,0,72,2025-12-18 16:00:00
0,0,71,2025-12-18 08:00:00
0,0,71,2025-06-23 08:00:00
0,0,75,2026-02-02 20:00:00
0,0,74,2026-02-02 20:00:00
0,0,71,2025-12-18 20:00:00
0,0,73,2025-11-30 12:00:00
0,0,75,2025-06-23 20:00:00
0,0,71,2025-12-18 04:00:00
0,0,75,2025-12-18 16:00:00
0,0,75,2025-11-30 16:00:00
0,0,71,2026-02-02 16:00:00
0,0,72,2026-02-02 20:00:00
0,0,73,2025-06-23 00:00:00
0,0,72,2025-11-30 00:00:00
0,0,75,2026-02-02 04:00:00
0,0,73,2025-11-30 04:00:00
0,0,72,2025-06-23 20:00:00
0,0,72,2025-06-23 16:00:00
0,0,75,2025-06-23 16:00:00
0,0,71,2025-12-18 00:00:00
0,0,73,2026-02-02 20:00:00
0,0,75,2025-11-30 20:00:00
0,0,74,2025-12-18 12:00:00
0,0,74,2025-06-23 00:00:00
0,0,73,2026-02-02 04:00:00
0,0,74,2025-12-18 20:00:00
0,0,72,2025-11-30 04:00:00
0,0,72,2025-12-18 00:00:00
0,0,72,2025-11-30 16:00:00
0,0,74,2025-06-23 04:00:00
0,0,72,2025-12-18 12:00:00
0,0,75,2026-02-02 08:00:00
0,0,74,2026-02-02 08:00:00
0,0,71,2026-02-02 12:00:00
0,0,75,2025-11-30 12:00:00
0,0,73,2025-12-18 08:00:00
0,0,72,2025-06-23 08:00:00
0,0,74,2025-12-18 00:00:00
0,0,74,2025-06-23 12:00:00
0,0,71,2025-12-18 16:00:00
0,0,72,2025-06-23 04:00:00
0,0,72,2025-11-30 12:00:00
0,0,71,2025-11-30 12:00:00
0,0,73,2026-02-02 00:00:00
0,0,72,2026-02-02 00:00:00
0,0,73,2025-12-18 00:00:00
0,0,75,2025-12-18 04:00:00
0,0,74,2025-12-18 04:00:00
0,0,73,2025-12-18 16:00:00
0,0,75,2026-02-02 16:00:00
0,0,74,2025-11-30 12:00:00
0,0,71,2025-11-30 04:00:00
0,0,73,2025-06-23 16:00:00
0,0,75,2025-12-18 00:00:00
0,0,75,2025-11-30 08:00:00
0,0,75,2025-12-18 12:00:00
0,0,71,2026-02-02 08:00:00
0,0,75,2026-02-02 00:00:00
0,0,73,2025-06-23 04:00:00
0,0,74,2025-11-30 08:00:00
0,0,71,2025-11-30 20:00:00
0,0,72,2025-06-23 00:00:00
0,0,73,2025-12-18 20:00:00
0,0,72,2026-02-02 08:00:00
0,0,71,2025-11-30 00:00:00
0,0,75,2025-12-18 20:00:00
0,0,72,2026-02-02 12:00:00
0,0,73,2025-06-23 08:00:00
0,0,75,2025-06-23 08:00:00
0,0,74,2025-11-30 16:00:00
0,0,71,2025-06-23 04:00:00
0,0,74,2025-11-30 00:00:00
0,0,73,2025-06-23 20:00:00
0,0,74,2025-11-30 04:00:00
0,0,74,2025-06-23 20:00:00
0,0,71,2025-11-30 16:00:00
0,0,72,2026-02-02 04:00:00
0,0,75,2025-11-30 04:00:00
0,0,74,2025-12-18 08:00:00
0,0,74,2025-06-23 16:00:00
0,0,72,2025-12-18 04:00:00
0,0,73,2025-11-30 08:00:00
0,0,75,2025-06-23 04:00:00
0,0,71,2025-06-23 00:00:00
0,0,72,2025-12-18 20:00:00
0,0,73,2025-11-30 16:00:00
0,0,73,2025-11-30 20:00:00
0,0,73,2026-02-02 08:00:00
0,0,73,2025-11-30 00:00:00
0,0,74,2026-02-02 12:00:00
0,0,71,2025-06-23 12:00:00
0,0,72,2025-11-30 08:00:00
0,0,74,2026-02-02 16:00:00
0,0,75,2025-11-30 00:00:00
0,0,74,2026-02-02 04:00:00
0,0,74,2026-02-02 00:00:00
0,0,71,2025-06-23 16:00:00
0,0,73,2025-12-18 04:00:00
0,0,73,2025-06-23 12:00:00
0,0,72,2025-06-23 12:00:00
0,0,74,2025-12-18 16:00:00
0,0,73,2026-02-02 16:00:00
0,0,72,2026-02-02 16:00:00
0,0,71,2026-02-02 20:00:00
0,0,74,2025-11-30 20:00:00
0,0,75,2025-06-23 00:00:00
0,0,71,2026-02-02 04:00:00
0,0,73,2026-02-02 12:00:00
0,0,71,2026-02-02 00:00:00
0,0,75,2025-12-18 08:00:00
0,0,20,2025-11-30 16:00:00
0,0,18,2025-11-30 08:00:00
0,0,18,2025-06-23 16:00:00
1,0,20,2025-06-23 08:00:00
0,0,19,2025-12-18 20:00:00
0,0,16,2026-02-02 00:00:00
0,0,18,2025-12-18 00:00:00
0,0,16,2025-06-23 20:00:00
0,0,18,2025-06-23 00:00:00
0,0,17,2025-06-23 04:00:00
0,0,20,2025-11-30 08:00:00
0,0,18,2025-12-18 20:00:00
0,0,20,2025-11-30 20:00:00
0,0,18,2026-02-02 16:00:00
0,0,16,2026-02-02 08:00:00
0,0,17,2026-02-02 16:00:00
0,0,18,2025-11-30 12:00:00
1,0,20,2026-02-02 08:00:00
0,0,16,2025-12-18 00:00:00
0,0,17,2025-12-18 00:00:00
0,0,18,2025-06-23 20:00:00
1,0,20,2025-12-18 08:00:00
0,0,16,2025-11-30 20:00:00
0,0,20,2025-12-18 20:00:00
0,0,16,2025-06-23 12:00:00
0,0,19,2025-12-18 16:00:00
0,0,19,2025-11-30 04:00:00
0,0,16,2026-02-02 04:00:00
0,0,20,2025-12-18 00:00:00
0,0,16,2025-12-18 04:00:00
1,0,20,2025-12-18 12:00:00
0,0,19,2025-11-30 08:00:00
0,0,16,2026-02-02 20:00:00
0,0,20,2025-11-30 12:00:00
0,0,18,2025-06-23 12:00:00
0,0,19,2025-06-23 00:00:00
0,0,16,2025-06-23 00:00:00
0,0,17,2026-02-02 04:00:00
0,0,19,2025-11-30 16:00:00
0,0,19,2025-11-30 20:00:00
0,0,17,2025-12-18 20:00:00
0,0,18,2025-11-30 00:00:00
0,0,17,2025-11-30 00:00:00
0,0,18,2025-06-23 08:00:00
1,0,20,2026-02-02 12:00:00
0,0,18,2025-12-18 04:00:00
0,0,19,2026-02-02 12:00:00
0,0,17,2026-02-02 12:00:00
0,0,20,2025-06-23 00:00:00
0,0,16,2025-12-18 12:00:00
0,0,19,2026-02-02 16:00:00
0,0,19,2025-11-30 00:00:00
0,0,18,2026-02-02 20:00:00
0,0,19,2025-06-23 12:00:00
0,0,19,2026-02-02 00:00:00
0,0,20,2026-02-02 20:00:00
0,0,16,2025-11-30 00:00:00
0,0,19,2025-06-23 20:00:00
0,0,20,2026-02-02 00:00:00
0,0,20,2025-06-23 04:00:00
0,0,19,2026-02-02 08:00:00
0,0,17,2025-11-30 08:00:00
0,0,19,2025-11-30 12:00:00
0,0,19,2025-12-18 08:00:00
0,0,17,2026-02-02 20:00:00
0,0,18,2025-11-30 20:00:00
0,0,17,2025-11-30 20:00:00
0,0,18,2026-02-02 12:00:00
0,0,16,2025-12-18 20:00:00
0,0,17,2026-02-02 00:00:00
0,0,16,2025-11-30 12:00:00
0,0,16,2025-12-18 16:00:00
0,0,19,2025-06-23 16:00:00
1,0,20,2025-06-23 12:00:00
0,0,17,2025-12-18 04:00:00
0,0,20,2025-11-30 00:00:00
0,0,18,2025-12-18 08:00:00
0,0,16,2025-06-23 08:00:00
0,0,20,2025-06-23 20:00:00
0,0,16,2025-06-23 04:00:00
0,0,17,2025-06-23 16:00:00
0,0,17,2025-11-30 16:00:00
0,0,18,2026-02-02 00:00:00
0,0,18,2026-02-02 08:00:00
0,0,16,2026-02-02 16:00:00
0,0,17,2026-02-02 08:00:00
0,0,19,2025-12-18 00:00:00
0,0,17,2025-12-18 08:00:00
0,0,20,2026-02-02 16:00:00
0,0,16,2026-02-02 12:00:00
0,0,19,2025-12-18 12:00:00
0,0,19,2026-02-02 20:00:00
0,0,16,2025-12-18 08:00:00
0,0,17,2025-06-23 08:00:00
0,0,17,2025-06-23 20:00:00
0,0,19,2025-06-23 04:00:00
0,0,20,2025-06-23 16:00:00
0,0,19,2025-12-18 04:00:00
0,0,17,2025-11-30 12:00:00
0,0,20,2025-11-30 04:00:00
4,0,17,2025-06-23 12:00:00
0,0,18,2026-02-02 04:00:00
0,0,18,2025-12-18 16:00:00
0,0,19,2026-02-02 04:00:00
0,0,16,2025-11-30 04:00:00
0,0,17,2025-12-18 16:00:00
0,0,18,2025-11-30 16:00:00
0,0,20,2025-12-18 16:00:00
0,0,18,2025-12-18 12:00:00
0,0,17,2025-06-23 00:00:00
0,0,18,2025-11-30 04:00:00
0,0,18,2025-06-23 04:00:00
0,0,17,2025-11-30 04:00:00
0,0,16,2025-06-23 16:00:00
0,0,20,2025-12-18 04:00:00
0,0,17,2025-12-18 12:00:00
0,0,16,2025-11-30 08:00:00
0,0,20,2026-02-02 04:00:00
0,0,19,2025-06-23 08:00:00
0,0,16,2025-11-30 16:00:00
0,0,03,2026-02-02 20:00:00
1,1,01,2025-12-18 12:00:00
0,0,02,2025-06-23 08:00:00
1,0,03,2025-11-30 12:00:00
2,0,03,2025-06-23 20:00:00
0,0,01,2025-12-18 16:00:00
1,0,05,2025-06-23 12:00:00
0,0,04,2025-12-18 12:00:00
1,0,05,2026-02-02 12:00:00
0,0,04,2026-02-02 04:00:00
0,0,04,2025-12-18 16:00:00
1,0,05,2025-06-23 08:00:00
1,0,03,2026-02-02 16:00:00
0,0,02,2025-11-30 00:00:00
0,0,02,2025-12-18 08:00:00
2,0,03,2025-11-30 04:00:00
0,0,04,2025-06-23 04:00:00
2,2,03,2025-12-18 04:00:00
0,0,04,2025-11-30 16:00:00
0,0,02,2025-12-18 20:00:00
2,0,05,2025-06-23 04:00:00
0,0,02,2025-11-30 08:00:00
0,0,02,2025-11-30 12:00:00
1,0,05,2026-02-02 08:00:00
0,0,01,2025-06-23 04:00:00
0,0,01,2025-11-30 16:00:00
1,1,03,2025-06-23 12:00:00
1,1,03,2025-12-18 16:00:00
0,0,04,2025-12-18 04:00:00
1,0,05,2025-11-30 08:00:00
1,0,01,2026-02-02 08:00:00
1,1,03,2026-02-02 04:00:00
1,1,05,2025-12-18 08:00:00
1,0,05,2025-06-23 16:00:00
0,0,01,2025-12-18 20:00:00
1,1,02,2026-02-02 12:00:00
0,1,04,2026-02-02 12:00:00
0,0,04,2025-12-18 20:00:00
0,0,03,2025-11-30 00:00:00
0,0,01,2025-06-23 16:00:00
0,0,04,2025-11-30 20:00:00
1,0,01,2026-02-02 12:00:00
0,0,04,2026-02-02 00:00:00
2,0,03,2025-11-30 20:00:00
0,0,02,2026-02-02 08:00:00
0,0,04,2026-02-02 08:00:00
0,0,04,2025-11-30 08:00:00
0,0,05,2025-12-18 20:00:00
0,0,01,2025-06-23 20:00:00
4,4,76,2025-04-02 12:00:00
0,0,77,2025-04-02 20:00:00
0,0,77,2025-01-23 16:00:00
4,3,76,2025-09-11 04:00:00
4,4,76,2025-09-11 20:00:00
4,4,76,2025-11-04 16:00:00
4,3,76,2025-12-25 16:00:00
4,3,76,2025-04-02 04:00:00
4,4,76,2026-04-14 20:00:00
4,2,76,2025-12-25 08:00:00
0,0,77,2025-09-11 04:00:00
0,0,77,2025-09-11 00:00:00
0,0,77,2025-09-11 20:00:00
4,3,76,2025-04-02 00:00:00
0,0,77,2025-12-25 00:00:00
0,1,77,2025-07-02 16:00:00
4,2,76,2025-01-23 00:00:00
0,0,77,2025-12-25 04:00:00
0,0,77,2025-07-02 20:00:00
4,4,76,2025-09-11 16:00:00
1,1,77,2025-07-02 08:00:00
4,4,76,2025-07-02 08:00:00
4,4,76,2025-01-23 20:00:00
4,4,76,2025-07-02 20:00:00
0,0,77,2025-09-11 16:00:00
0,0,77,2026-04-14 04:00:00
4,4,76,2025-01-23 08:00:00
0,0,77,2025-04-02 04:00:00
0,0,77,2025-04-02 16:00:00
4,1,76,2025-12-25 04:00:00
0,0,77,2025-12-25 20:00:00
4,4,76,2025-11-04 08:00:00
4,3,76,2025-07-02 00:00:00
4,4,76,2025-07-02 12:00:00
1,0,77,2026-04-14 12:00:00
4,4,76,2026-04-14 08:00:00
4,4,76,2025-01-23 16:00:00
0,0,77,2025-07-02 04:00:00
4,4,76,2026-04-14 16:00:00
1,2,77,2025-04-02 08:00:00
0,0,77,2025-12-25 16:00:00
0,0,77,2026-04-14 00:00:00
4,4,76,2025-09-11 08:00:00
0,0,77,2025-11-04 04:00:00
4,3,76,2025-11-04 04:00:00
1,1,77,2025-04-02 12:00:00
1,2,77,2026-04-14 08:00:00
1,0,77,2025-11-04 12:00:00
4,3,76,2025-12-25 20:00:00
4,2,76,2026-04-14 04:00:00
4,4,76,2025-04-02 20:00:00
4,4,76,2025-11-04 20:00:00
0,0,77,2025-01-23 20:00:00
4,4,76,2025-01-23 12:00:00
1,1,77,2025-11-04 08:00:00
4,3,76,2025-01-23 04:00:00
0,0,77,2025-01-23 00:00:00
0,0,77,2025-11-04 20:00:00
0,0,77,2026-04-14 16:00:00
1,0,77,2025-01-23 12:00:00
4,4,76,2025-04-02 08:00:00
0,0,77,2025-04-02 00:00:00
4,3,76,2025-12-25 12:00:00
3,1,76,2025-12-25 00:00:00
4,2,76,2025-11-04 00:00:00
0,0,77,2025-01-23 04:00:00
0,0,77,2026-04-14 20:00:00
4,4,76,2025-04-02 16:00:00
0,0,77,2025-07-02 00:00:00
1,1,77,2025-07-02 12:00:00
4,4,76,2025-09-11 12:00:00
0,0,77,2025-11-04 00:00:00
4,2,76,2025-09-11 00:00:00
1,1,77,2025-09-11 12:00:00
1,0,77,2025-09-11 08:00:00
4,3,76,2026-04-14 00:00:00
4,4,76,2025-07-02 16:00:00
4,4,76,2026-04-14 12:00:00
0,0,77,2025-12-25 08:00:00
0,0,77,2025-12-25 12:00:00
0,2,77,2025-01-23 08:00:00
4,2,76,2025-07-02 04:00:00
4,4,76,2025-11-04 12:00:00
0,0,77,2025-11-04 16:00:00
3,0,64,2025-12-25 04:00:00
3,0,62,2025-04-02 04:00:00
3,0,65,2025-04-02 04:00:00
3,0,65,2025-09-11 16:00:00
0,0,61,2026-04-14 20:00:00
0,0,65,2026-04-14 20:00:00
3,0,63,2025-09-11 08:00:00
3,0,64,2025-04-02 12:00:00
3,0,64,2025-07-02 08:00:00
3,0,65,2025-09-11 08:00:00
0,0,61,2025-01-23 00:00:00
0,0,62,2025-12-25 20:00:00
3,0,63,2025-12-25 12:00:00
0,0,62,2025-12-25 00:00:00
3,0,63,2025-09-11 16:00:00
0,0,61,2025-11-04 08:00:00
3,0,62,2025-11-04 08:00:00
0,0,61,2025-09-11 00:00:00
0,0,63,2025-09-11 00:00:00
0,0,62,2025-07-02 20:00:00
3,0,62,2025-11-04 12:00:00
3,0,64,2025-12-25 08:00:00
3,0,65,2025-04-02 12:00:00
0,0,61,2026-04-14 08:00:00
0,0,63,2026-04-14 00:00:00
3,0,65,2026-04-14 08:00:00
0,0,61,2025-04-02 20:00:00
3,0,62,2025-12-25 12:00:00
0,0,65,2025-04-02 20:00:00
0,0,63,2025-12-25 04:00:00
3,0,64,2025-04-02 04:00:00
3,0,63,2025-01-23 12:00:00
0,0,61,2025-11-04 04:00:00
3,0,64,2025-11-04 16:00:00
0,0,65,2025-11-04 04:00:00
0,0,61,2025-07-02 16:00:00
0,0,61,2025-11-04 20:00:00
0,0,63,2025-07-02 20:00:00
3,0,65,2025-12-25 08:00:00
0,0,63,2025-04-02 00:00:00
0,0,63,2025-04-02 20:00:00
3,0,64,2025-12-25 12:00:00
0,0,65,2025-09-11 20:00:00
0,0,61,2025-07-02 00:00:00
3,0,62,2025-09-11 16:00:00
3,0,62,2026-04-14 04:00:00
0,0,63,2025-01-23 04:00:00
0,0,61,2025-07-02 04:00:00
3,0,62,2025-07-02 12:00:00
3,0,64,2025-07-02 16:00:00
0,0,61,2025-12-25 08:00:00
3,0,63,2025-01-23 08:00:00
3,0,63,2025-04-02 12:00:00
3,0,63,2026-04-14 12:00:00
3,0,62,2025-04-02 12:00:00
3,0,64,2025-09-11 08:00:00
3,0,64,2025-11-04 12:00:00
0,0,63,2025-01-23 00:00:00
0,0,61,2025-01-23 20:00:00
0,0,62,2025-04-02 00:00:00
0,0,63,2025-01-23 16:00:00
0,0,61,2025-12-25 04:00:00
0,0,65,2025-12-25 00:00:00
3,0,64,2026-04-14 04:00:00
3,0,63,2025-11-04 08:00:00
0,0,62,2025-01-23 04:00:00
0,0,62,2025-11-04 00:00:00
3,0,62,2025-07-02 04:00:00
3,0,64,2025-11-04 04:00:00
3,0,64,2025-04-02 08:00:00
0,0,61,2025-01-23 08:00:00
3,0,65,2025-07-02 08:00:00
0,0,61,2025-12-25 20:00:00
0,0,61,2026-04-14 00:00:00
0,0,64,2025-12-25 20:00:00
0,0,63,2025-01-23 20:00:00
0,0,62,2025-04-02 20:00:00
0,0,61,2025-04-02 16:00:00
3,0,64,2026-04-14 16:00:00
3,0,63,2025-12-25 08:00:00
3,0,62,2025-01-23 08:00:00
0,0,63,2025-12-25 20:00:00
3,0,64,2025-04-02 20:00:00
0,0,65,2025-01-23 20:00:00
0,0,61,2025-09-11 16:00:00
3,0,62,2025-07-02 16:00:00
0,0,63,2025-11-04 20:00:00
3,0,62,2025-04-02 08:00:00
0,0,62,2025-09-11 00:00:00
0,0,62,2025-11-04 20:00:00
1,0,61,2025-04-02 12:00:00
3,0,64,2025-01-23 08:00:00
0,0,63,2025-09-11 20:00:00
0,0,61,2025-12-25 00:00:00
3,0,62,2025-01-23 12:00:00
0,0,63,2025-07-02 04:00:00
1,0,61,2025-07-02 12:00:00
1,0,61,2026-04-14 12:00:00
0,0,63,2025-09-11 04:00:00
0,0,62,2025-01-23 00:00:00
3,0,62,2026-04-14 08:00:00
0,0,64,2025-01-23 00:00:00
3,0,64,2026-04-14 08:00:00
3,0,65,2025-12-25 12:00:00
3,0,64,2025-12-25 16:00:00
0,0,64,2025-12-25 00:00:00
3,0,64,2025-09-11 16:00:00
0,0,63,2025-11-04 00:00:00
0,0,61,2025-11-04 16:00:00
1,0,61,2025-11-04 12:00:00
3,0,64,2026-04-14 12:00:00
0,0,65,2025-01-23 00:00:00
0,0,61,2025-04-02 00:00:00
0,0,63,2025-12-25 16:00:00
0,0,63,2025-04-02 04:00:00
0,0,61,2026-04-14 04:00:00
0,0,65,2025-01-23 04:00:00
3,0,65,2025-01-23 12:00:00
0,0,61,2025-11-04 00:00:00
3,0,63,2025-07-02 16:00:00
3,0,63,2025-04-02 08:00:00
3,0,64,2025-09-11 00:00:00
0,0,64,2025-11-04 20:00:00
0,0,65,2025-09-11 00:00:00
0,0,65,2025-07-02 20:00:00
1,0,61,2025-07-02 08:00:00
3,0,63,2025-11-04 12:00:00
0,0,62,2025-09-11 20:00:00
0,0,65,2025-04-02 00:00:00
0,0,63,2025-12-25 00:00:00
3,0,64,2025-04-02 16:00:00
0,0,62,2026-04-14 20:00:00
3,0,62,2025-11-04 16:00:00
3,0,64,2025-07-02 04:00:00
3,0,65,2026-04-14 16:00:00
3,0,62,2025-12-25 08:00:00
3,0,62,2025-07-02 08:00:00
3,0,65,2025-11-04 12:00:00
3,0,62,2025-09-11 04:00:00
0,0,64,2025-01-23 20:00:00
0,0,61,2025-01-23 16:00:00
3,0,64,2025-01-23 16:00:00
3,0,62,2025-04-02 16:00:00
3,0,65,2026-04-14 04:00:00
0,0,61,2025-01-23 12:00:00
0,0,64,2025-11-04 00:00:00
0,0,63,2026-04-14 20:00:00
0,0,62,2025-11-04 04:00:00
3,0,65,2025-07-02 04:00:00
3,0,63,2025-07-02 12:00:00
0,0,61,2025-04-02 08:00:00
3,0,64,2025-09-11 12:00:00
3,0,65,2025-04-02 08:00:00
3,0,62,2026-04-14 12:00:00
3,0,65,2025-01-23 08:00:00
0,0,61,2025-09-11 04:00:00
3,0,64,2025-09-11 04:00:00
0,0,65,2026-04-14 00:00:00
0,0,61,2025-09-11 20:00:00
3,0,64,2025-04-02 00:00:00
3,0,62,2025-12-25 16:00:00
3,0,65,2025-04-02 16:00:00
3,0,64,2025-01-23 12:00:00
0,0,63,2025-11-04 04:00:00
3,0,64,2026-04-14 20:00:00
3,0,65,2025-07-02 12:00:00
3,0,65,2025-07-02 16:00:00
0,0,61,2025-07-02 20:00:00
3,0,65,2025-09-11 12:00:00
3,0,63,2025-07-02 08:00:00
0,0,64,2026-04-14 00:00:00
0,0,62,2025-12-25 04:00:00
0,0,65,2025-12-25 04:00:00
0,0,63,2026-04-14 04:00:00
0,0,61,2025-01-23 04:00:00
3,0,64,2025-01-23 04:00:00
3,0,65,2025-11-04 16:00:00
3,0,63,2026-04-14 16:00:00
3,0,63,2026-04-14 08:00:00
0,0,62,2026-04-14 00:00:00
0,0,61,2025-12-25 12:00:00
0,0,61,2025-12-25 16:00:00
3,0,62,2025-01-23 16:00:00
0,0,62,2025-07-02 00:00:00
3,0,65,2025-01-23 16:00:00
3,0,65,2025-12-25 16:00:00
0,0,65,2025-07-02 00:00:00
0,0,65,2025-11-04 00:00:00
0,0,63,2025-11-04 16:00:00
3,0,64,2025-07-02 12:00:00
1,0,61,2025-09-11 12:00:00
3,0,63,2025-09-11 12:00:00
0,0,65,2025-11-04 20:00:00
0,0,62,2025-01-23 20:00:00
3,0,64,2025-09-11 20:00:00
0,0,63,2025-07-02 00:00:00
0,0,61,2025-04-02 04:00:00
3,0,63,2025-04-02 16:00:00
3,0,64,2025-11-04 08:00:00
3,0,65,2025-11-04 08:00:00
0,0,61,2026-04-14 16:00:00
3,0,62,2026-04-14 16:00:00
3,0,62,2025-09-11 12:00:00
3,0,64,2025-07-02 20:00:00
1,0,61,2025-09-11 08:00:00
3,0,62,2025-09-11 08:00:00
3,0,65,2026-04-14 12:00:00
3,0,65,2025-09-11 04:00:00
0,0,65,2025-12-25 20:00:00
3,0,64,2025-07-02 00:00:00
0,0,49,2025-11-04 00:00:00
0,0,49,2025-07-02 12:00:00
0,0,50,2025-09-11 12:00:00
0,0,46,2025-09-11 12:00:00
0,0,50,2025-12-25 08:00:00
0,0,50,2026-04-14 12:00:00
0,0,49,2025-07-02 08:00:00
0,0,47,2025-07-02 00:00:00
0,0,49,2025-12-25 04:00:00
0,0,50,2025-01-23 04:00:00
0,0,47,2025-01-23 04:00:00
0,0,48,2025-01-23 12:00:00
0,0,47,2025-11-04 04:00:00
0,0,47,2025-11-04 16:00:00
0,0,48,2025-11-04 04:00:00
0,0,47,2026-04-14 12:00:00
0,0,47,2025-01-23 00:00:00
0,0,49,2025-12-25 12:00:00
0,0,48,2025-07-02 00:00:00
0,0,46,2025-12-25 16:00:00
0,0,46,2025-12-25 00:00:00
0,0,50,2026-04-14 04:00:00
0,0,50,2025-11-04 16:00:00
0,0,48,2025-07-02 20:00:00
0,0,49,2025-09-11 00:00:00
0,0,49,2025-11-04 20:00:00
0,0,50,2025-11-04 12:00:00
0,0,46,2025-01-23 08:00:00
0,0,50,2025-09-11 04:00:00
0,0,48,2025-09-11 04:00:00
0,0,48,2026-04-14 00:00:00
0,0,48,2026-04-14 08:00:00
0,0,49,2025-01-23 00:00:00
0,0,48,2025-04-02 00:00:00
0,0,46,2025-07-02 00:00:00
0,0,50,2025-12-25 04:00:00
0,0,48,2025-12-25 04:00:00
0,0,48,2025-11-04 00:00:00
0,0,50,2025-07-02 08:00:00
0,0,47,2025-04-02 12:00:00
0,0,46,2025-12-25 08:00:00
0,0,49,2025-04-02 12:00:00
0,0,49,2025-12-25 08:00:00
0,0,47,2025-12-25 20:00:00
0,0,47,2025-04-02 00:00:00
0,0,48,2025-04-02 20:00:00
0,0,49,2025-01-23 20:00:00
0,0,47,2025-12-25 00:00:00
0,0,46,2025-04-02 16:00:00
0,0,47,2025-01-23 12:00:00
0,0,48,2025-11-04 08:00:00
0,0,50,2025-11-04 00:00:00
0,0,50,2025-07-02 04:00:00
0,0,47,2025-07-02 04:00:00
0,0,46,2025-07-02 04:00:00
0,0,49,2025-11-04 16:00:00
0,0,47,2026-04-14 16:00:00
0,0,46,2026-04-14 16:00:00
0,0,47,2025-07-02 12:00:00
0,0,48,2025-11-04 20:00:00
0,0,46,2025-09-11 00:00:00
0,0,48,2025-01-23 08:00:00
0,0,50,2025-04-02 20:00:00
0,0,50,2025-12-25 12:00:00
0,0,48,2025-04-02 04:00:00
0,0,46,2025-01-23 12:00:00
0,0,50,2025-11-04 04:00:00
0,0,50,2026-04-14 16:00:00
0,0,46,2025-07-02 16:00:00
0,0,46,2025-04-02 08:00:00
0,0,46,2025-07-02 20:00:00
0,0,50,2025-09-11 08:00:00
0,0,46,2026-04-14 12:00:00
0,0,49,2025-11-04 12:00:00
0,0,50,2026-04-14 08:00:00
0,0,48,2025-12-25 20:00:00
0,0,50,2025-09-11 20:00:00
0,0,47,2025-12-25 12:00:00
0,0,46,2025-01-23 20:00:00
0,0,49,2025-09-11 20:00:00
0,0,50,2025-01-23 16:00:00
0,0,50,2025-12-25 16:00:00
0,0,46,2025-01-23 16:00:00
0,0,47,2025-04-02 16:00:00
0,0,46,2025-11-04 00:00:00
0,0,50,2026-04-14 20:00:00
0,0,49,2025-07-02 04:00:00
0,0,48,2025-09-11 12:00:00
0,0,49,2025-01-23 08:00:00
0,0,49,2026-04-14 12:00:00
0,0,47,2026-04-14 00:00:00
0,0,48,2025-01-23 00:00:00
0,0,46,2025-01-23 00:00:00
0,0,49,2026-04-14 00:00:00
0,0,49,2026-04-14 08:00:00
0,0,49,2025-04-02 00:00:00
0,0,47,2025-01-23 16:00:00
0,0,49,2025-01-23 16:00:00
0,0,49,2025-07-02 00:00:00
0,0,47,2025-12-25 04:00:00
0,0,50,2025-04-02 04:00:00
0,0,50,2025-12-25 00:00:00
0,0,48,2025-12-25 00:00:00
0,0,46,2025-11-04 04:00:00
0,0,49,2026-04-14 20:00:00
0,0,50,2025-11-04 20:00:00
0,0,49,2025-04-02 08:00:00
0,0,49,2025-12-25 20:00:00
0,0,48,2025-09-11 20:00:00
0,0,46,2025-04-02 04:00:00
0,0,47,2025-09-11 16:00:00
0,0,49,2026-04-14 04:00:00
0,0,49,2025-01-23 12:00:00
1,0,46,2025-07-02 12:00:00
0,0,47,2025-07-02 20:00:00
0,0,46,2025-11-04 20:00:00
0,0,47,2025-09-11 08:00:00
0,0,48,2025-12-25 08:00:00
0,0,48,2025-07-02 08:00:00
0,0,46,2025-07-02 08:00:00
0,0,49,2025-09-11 08:00:00
0,0,47,2025-09-11 04:00:00
0,0,46,2025-12-25 20:00:00
0,0,50,2025-01-23 20:00:00
0,0,46,2025-12-25 12:00:00
0,0,48,2025-12-25 16:00:00
0,0,46,2025-12-25 04:00:00
0,0,49,2025-04-02 04:00:00
0,0,46,2025-01-23 04:00:00
0,0,49,2025-01-23 04:00:00
0,0,49,2025-11-04 08:00:00
0,0,49,2025-11-04 04:00:00
0,0,47,2025-07-02 16:00:00
0,0,50,2025-09-11 00:00:00
0,0,49,2025-07-02 20:00:00
0,0,50,2026-04-14 00:00:00
0,0,47,2025-01-23 20:00:00
0,0,47,2025-04-02 20:00:00
0,0,46,2025-04-02 00:00:00
0,0,46,2025-09-11 20:00:00
0,0,49,2025-04-02 20:00:00
0,0,50,2025-07-02 00:00:00
0,0,46,2026-04-14 04:00:00
0,0,48,2025-01-23 04:00:00
0,0,47,2025-11-04 00:00:00
0,0,48,2025-07-02 04:00:00
0,0,50,2025-07-02 12:00:00
0,0,49,2025-07-02 16:00:00
0,0,48,2026-04-14 12:00:00
1,0,46,2025-04-02 12:00:00
0,0,46,2025-11-04 12:00:00
0,0,50,2025-12-25 20:00:00
0,0,46,2025-09-11 04:00:00
0,0,49,2025-12-25 00:00:00
0,0,47,2026-04-14 20:00:00
0,0,48,2026-04-14 20:00:00
0,0,46,2026-04-14 20:00:00
0,0,48,2026-04-14 16:00:00
0,0,47,2025-09-11 00:00:00
0,0,47,2025-11-04 12:00:00
0,0,46,2025-09-11 08:00:00
0,0,46,2026-04-14 00:00:00
0,0,46,2025-04-02 20:00:00
0,0,49,2025-12-25 16:00:00
0,0,50,2025-04-02 16:00:00
0,0,50,2025-09-11 16:00:00
0,0,48,2025-09-11 16:00:00
0,0,46,2025-09-11 16:00:00
0,0,49,2025-04-02 16:00:00
0,0,47,2026-04-14 04:00:00
0,0,46,2025-11-04 16:00:00
0,0,48,2025-07-02 16:00:00
0,0,48,2025-11-04 12:00:00
0,0,49,2025-09-11 04:00:00
0,0,50,2025-04-02 00:00:00
0,0,49,2025-09-11 16:00:00
0,0,47,2025-11-04 08:00:00
0,0,48,2025-11-04 16:00:00
0,0,50,2025-04-02 08:00:00
0,0,47,2025-04-02 08:00:00
0,0,47,2025-09-11 12:00:00
0,0,48,2025-04-02 08:00:00
0,0,48,2025-09-11 00:00:00
0,0,49,2025-09-11 12:00:00
0,0,47,2025-12-25 08:00:00
0,0,48,2025-04-02 12:00:00
0,0,50,2025-01-23 00:00:00
0,0,47,2026-04-14 08:00:00
0,0,46,2026-04-14 08:00:00
0,0,48,2025-04-02 16:00:00
0,0,48,2026-04-14 04:00:00
0,0,50,2025-11-04 08:00:00
0,0,49,2026-04-14 16:00:00
0,0,50,2025-07-02 16:00:00
0,0,48,2025-07-02 12:00:00
0,0,50,2025-07-02 20:00:00
0,0,50,2025-01-23 08:00:00
0,0,50,2025-04-02 12:00:00
0,0,47,2025-07-02 08:00:00
0,0,48,2025-09-11 08:00:00
0,0,47,2025-09-11 20:00:00
0,0,47,2025-12-25 16:00:00
0,0,48,2025-01-23 16:00:00
0,0,47,2025-04-02 04:00:00
0,0,50,2025-01-23 12:00:00
0,1,46,2025-11-04 08:00:00
0,0,47,2025-11-04 20:00:00
0,0,47,2025-01-23 08:00:00
0,0,48,2025-01-23 20:00:00
0,0,48,2025-12-25 12:00:00
0,0,71,2025-09-11 16:00:00
0,0,75,2025-09-11 16:00:00
0,0,74,2026-04-14 20:00:00
0,0,74,2025-07-02 12:00:00
0,0,71,2025-04-02 08:00:00
0,0,71,2025-09-11 12:00:00
0,0,73,2026-04-14 12:00:00
0,0,74,2026-04-14 08:00:00
0,0,74,2025-04-02 20:00:00
0,0,71,2025-07-02 00:00:00
0,0,72,2025-01-23 12:00:00
0,0,71,2025-11-04 16:00:00
0,0,73,2025-07-02 16:00:00
0,0,72,2026-04-14 12:00:00
0,0,75,2025-07-02 08:00:00
0,0,71,2025-01-23 00:00:00
0,0,75,2025-01-23 00:00:00
0,0,74,2025-01-23 00:00:00
0,0,75,2025-04-02 00:00:00
0,0,74,2025-07-02 00:00:00
0,0,74,2025-12-25 04:00:00
0,0,73,2025-12-25 00:00:00
0,0,73,2025-04-02 16:00:00
0,0,72,2025-11-04 00:00:00
0,0,73,2025-11-04 04:00:00
0,0,72,2025-11-04 16:00:00
0,0,72,2025-04-02 08:00:00
0,0,75,2025-09-11 00:00:00
0,0,75,2025-11-04 20:00:00
0,0,72,2025-04-02 12:00:00
0,0,71,2025-04-02 12:00:00
0,0,74,2025-12-25 08:00:00
0,0,75,2025-12-25 04:00:00
0,0,71,2026-04-14 04:00:00
0,0,74,2025-01-23 12:00:00
0,0,72,2025-07-02 04:00:00
0,0,72,2025-11-04 04:00:00
0,0,75,2026-04-14 16:00:00
0,0,73,2025-07-02 20:00:00
0,0,73,2025-11-04 20:00:00
0,0,75,2025-09-11 12:00:00
0,0,71,2026-04-14 08:00:00
0,0,75,2025-09-11 04:00:00
0,0,75,2026-04-14 00:00:00
0,0,75,2026-04-14 08:00:00
0,0,75,2025-09-11 20:00:00
0,0,75,2025-07-02 00:00:00
0,0,75,2025-04-02 04:00:00
0,0,74,2025-04-02 16:00:00
0,0,74,2025-09-11 16:00:00
0,0,75,2025-01-23 12:00:00
0,0,72,2026-04-14 20:00:00
0,0,72,2026-04-14 16:00:00
0,0,74,2026-04-14 16:00:00
0,0,74,2025-04-02 08:00:00
0,0,73,2025-04-02 12:00:00
0,0,72,2025-09-11 08:00:00
0,0,73,2026-04-14 00:00:00
0,0,72,2025-12-25 20:00:00
0,0,71,2025-12-25 20:00:00
0,0,73,2025-12-25 12:00:00
0,0,74,2025-09-11 20:00:00
0,0,73,2025-12-25 16:00:00
0,0,72,2025-12-25 04:00:00
0,0,71,2025-04-02 04:00:00
0,0,73,2025-09-11 16:00:00
0,0,71,2025-01-23 04:00:00
0,0,74,2025-11-04 00:00:00
0,0,71,2026-04-14 20:00:00
0,0,75,2026-04-14 20:00:00
0,0,73,2025-09-11 12:00:00
0,0,75,2025-04-02 08:00:00
0,0,73,2025-01-23 08:00:00
0,0,72,2025-11-04 12:00:00
0,0,73,2025-12-25 20:00:00
0,0,72,2025-09-11 04:00:00
0,0,71,2025-09-11 04:00:00
0,0,75,2025-01-23 20:00:00
0,0,74,2025-01-23 20:00:00
0,0,72,2025-07-02 00:00:00
0,0,74,2025-12-25 16:00:00
0,0,72,2025-04-02 16:00:00
0,0,74,2026-04-14 04:00:00
0,0,73,2025-01-23 04:00:00
0,0,75,2025-07-02 04:00:00
0,0,75,2025-11-04 04:00:00
0,0,74,2025-11-04 16:00:00
0,0,71,2025-11-04 20:00:00
0,0,71,2025-01-23 08:00:00
0,0,74,2025-01-23 08:00:00
0,0,74,2026-04-14 12:00:00
0,0,71,2026-04-14 00:00:00
0,0,74,2025-09-11 04:00:00
0,0,71,2025-12-25 00:00:00
0,0,74,2025-04-02 04:00:00
0,0,72,2026-04-14 04:00:00
0,0,73,2025-07-02 04:00:00
0,0,71,2025-11-04 04:00:00
0,0,75,2025-11-04 16:00:00
0,0,71,2025-09-11 00:00:00
0,0,74,2025-09-11 00:00:00
0,0,74,2025-09-11 12:00:00
0,0,71,2025-07-02 08:00:00
0,0,75,2025-01-23 08:00:00
0,0,73,2025-01-23 00:00:00
0,0,72,2025-01-23 00:00:00
0,0,72,2025-04-02 00:00:00
0,0,72,2025-09-11 20:00:00
0,0,72,2025-04-02 04:00:00
0,0,72,2025-11-04 08:00:00
0,0,71,2025-11-04 00:00:00
0,0,75,2025-11-04 00:00:00
0,0,73,2025-11-04 16:00:00
0,0,72,2025-09-11 00:00:00
0,0,74,2025-11-04 20:00:00
0,0,73,2025-11-04 12:00:00
0,0,75,2025-04-02 12:00:00
0,0,74,2025-12-25 20:00:00
0,0,74,2026-04-14 00:00:00
0,0,73,2025-01-23 20:00:00
0,0,71,2025-12-25 12:00:00
0,0,74,2025-04-02 00:00:00
0,0,74,2025-12-25 12:00:00
0,0,72,2025-12-25 16:00:00
0,0,75,2025-01-23 04:00:00
0,0,73,2026-04-14 20:00:00
0,0,73,2025-09-11 00:00:00
0,0,75,2025-07-02 20:00:00
0,0,73,2025-09-11 08:00:00
0,0,72,2025-01-23 08:00:00
0,0,72,2025-12-25 08:00:00
0,0,75,2025-11-04 12:00:00
0,0,75,2025-12-25 20:00:00
0,0,73,2025-04-02 00:00:00
0,0,75,2025-12-25 16:00:00
0,0,73,2025-11-04 08:00:00
0,0,74,2025-01-23 04:00:00
0,0,71,2025-07-02 04:00:00
0,0,71,2026-04-14 16:00:00
0,0,75,2025-07-02 16:00:00
0,0,75,2026-04-14 12:00:00
0,0,74,2025-09-11 08:00:00
0,0,74,2025-11-04 12:00:00
0,0,73,2025-09-11 20:00:00
0,0,71,2025-01-23 20:00:00
0,0,72,2025-01-23 04:00:00
0,0,71,2025-01-23 12:00:00
0,0,74,2025-11-04 04:00:00
0,0,72,2025-07-02 12:00:00
0,0,75,2025-07-02 12:00:00
0,0,74,2025-07-02 20:00:00
0,0,71,2025-09-11 08:00:00
0,0,71,2025-11-04 12:00:00
0,0,74,2025-07-02 08:00:00
0,0,73,2025-09-11 04:00:00
0,0,73,2025-04-02 20:00:00
0,0,72,2025-01-23 16:00:00
0,0,73,2025-12-25 04:00:00
0,0,71,2025-04-02 16:00:00
0,0,71,2025-11-04 08:00:00
0,0,75,2025-11-04 08:00:00
0,0,74,2025-07-02 04:00:00
0,0,72,2025-07-02 16:00:00
0,0,72,2025-11-04 20:00:00
0,0,73,2025-12-25 08:00:00
0,0,71,2026-04-14 12:00:00
0,0,74,2025-04-02 12:00:00
0,0,73,2026-04-14 08:00:00
0,0,72,2026-04-14 00:00:00
0,0,72,2025-04-02 20:00:00
0,0,71,2025-04-02 00:00:00
0,0,71,2025-04-02 20:00:00
0,0,71,2025-09-11 20:00:00
0,0,73,2025-07-02 00:00:00
0,0,71,2025-12-25 16:00:00
0,0,74,2025-12-25 00:00:00
0,0,73,2025-07-02 12:00:00
0,0,74,2025-07-02 16:00:00
0,0,73,2025-04-02 08:00:00
0,0,72,2025-07-02 08:00:00
0,0,75,2025-12-25 08:00:00
0,0,72,2025-12-25 12:00:00
0,0,75,2025-04-02 20:00:00
0,0,74,2025-01-23 16:00:00
0,0,71,2025-12-25 04:00:00
0,0,72,2025-12-25 00:00:00
0,0,75,2025-12-25 00:00:00
0,0,73,2026-04-14 04:00:00
0,0,75,2026-04-14 04:00:00
0,0,73,2025-01-23 12:00:00
0,0,74,2025-11-04 08:00:00
0,0,73,2025-11-04 00:00:00
0,0,73,2026-04-14 16:00:00
0,0,71,2025-07-02 12:00:00
0,0,72,2025-09-11 12:00:00
0,0,72,2025-07-02 20:00:00
0,0,71,2025-07-02 20:00:00
0,0,73,2025-07-02 08:00:00
0,0,71,2025-12-25 08:00:00
0,0,72,2025-01-23 20:00:00
0,0,73,2025-04-02 04:00:00
0,0,72,2025-09-11 16:00:00
0,0,75,2025-04-02 16:00:00
0,0,71,2025-07-02 16:00:00
0,0,75,2025-09-11 08:00:00
0,0,72,2026-04-14 08:00:00
0,0,75,2025-12-25 12:00:00
0,0,73,2025-01-23 16:00:00
0,0,71,2025-01-23 16:00:00
0,0,75,2025-01-23 16:00:00
0,0,18,2025-12-25 00:00:00
0,0,19,2025-07-02 16:00:00
0,0,16,2025-09-11 08:00:00
4,0,17,2025-07-02 16:00:00
0,0,18,2025-09-11 16:00:00
0,0,19,2025-09-11 16:00:00
0,0,18,2026-04-14 04:00:00
0,0,19,2026-04-14 04:00:00
0,0,19,2025-04-02 12:00:00
0,0,16,2025-04-02 04:00:00
0,0,16,2026-04-14 16:00:00
4,0,16,2025-11-04 12:00:00
1,0,20,2025-11-04 12:00:00
0,0,18,2025-09-11 20:00:00
0,0,16,2025-11-04 16:00:00
0,0,18,2025-04-02 08:00:00
1,0,20,2025-11-04 08:00:00
0,0,18,2025-04-02 12:00:00
0,0,19,2025-11-04 20:00:00
0,0,20,2026-04-14 20:00:00
0,0,20,2025-11-04 16:00:00
0,0,20,2026-04-14 16:00:00
0,0,19,2025-12-25 04:00:00
0,0,19,2025-09-11 04:00:00
0,0,16,2025-09-11 04:00:00
0,0,17,2025-12-25 20:00:00
0,0,19,2025-01-23 04:00:00
0,0,20,2026-04-14 00:00:00
0,0,17,2025-11-04 04:00:00
0,0,20,2025-12-25 04:00:00
0,0,20,2025-04-02 04:00:00
0,0,20,2025-12-25 00:00:00
1,0,20,2025-01-23 12:00:00
4,0,17,2025-04-02 12:00:00
0,0,16,2025-12-25 08:00:00
0,0,17,2025-07-02 08:00:00
0,0,20,2025-09-11 00:00:00
0,0,18,2025-07-02 04:00:00
0,0,19,2025-07-02 04:00:00
4,0,19,2025-11-04 12:00:00
0,0,17,2025-07-02 04:00:00
0,0,19,2025-01-23 12:00:00
1,0,20,2026-04-14 08:00:00
0,0,19,2025-07-02 00:00:00
0,0,19,2025-01-23 00:00:00
0,0,16,2025-01-23 08:00:00
0,0,17,2025-01-23 00:00:00
1,0,16,2025-04-02 12:00:00
0,0,18,2025-04-02 04:00:00
0,0,17,2025-04-02 04:00:00
0,0,17,2026-04-14 20:00:00
0,0,19,2025-11-04 00:00:00
0,0,19,2025-11-04 08:00:00
0,0,16,2025-01-23 04:00:00
0,0,17,2025-01-23 04:00:00
0,0,16,2025-04-02 08:00:00
0,0,16,2025-11-04 04:00:00
0,0,18,2025-12-25 12:00:00
0,0,20,2025-04-02 16:00:00
0,0,20,2025-09-11 16:00:00
0,0,19,2025-04-02 20:00:00
0,0,17,2025-11-04 20:00:00
0,0,18,2025-11-04 00:00:00
0,0,17,2025-01-23 16:00:00
0,0,16,2025-07-02 04:00:00
2,0,20,2025-01-23 08:00:00
1,0,20,2025-07-02 08:00:00
0,0,16,2025-12-25 20:00:00
0,0,17,2025-11-04 08:00:00
0,0,17,2025-04-02 00:00:00
0,0,16,2025-07-02 16:00:00
0,0,17,2025-12-25 00:00:00
0,0,17,2026-04-14 00:00:00
0,0,20,2025-11-04 00:00:00
0,0,18,2026-04-14 20:00:00
0,0,17,2025-12-25 08:00:00
0,0,19,2025-01-23 16:00:00
0,0,16,2025-01-23 16:00:00
0,0,17,2025-12-25 04:00:00
0,0,20,2025-12-25 08:00:00
0,0,18,2025-01-23 20:00:00
0,0,18,2025-11-04 16:00:00
0,0,19,2025-11-04 04:00:00
0,0,19,2025-12-25 12:00:00
4,0,17,2025-07-02 12:00:00
0,0,20,2025-12-25 16:00:00
0,0,20,2025-07-02 00:00:00
0,0,16,2026-04-14 04:00:00
1,0,20,2025-04-02 12:00:00
1,0,20,2025-09-11 08:00:00
0,0,19,2025-01-23 20:00:00
0,0,17,2025-09-11 20:00:00
4,0,19,2025-07-02 12:00:00
4,0,16,2025-07-02 12:00:00
0,0,19,2026-04-14 00:00:00
0,0,17,2025-09-11 16:00:00
0,0,18,2025-01-23 08:00:00
0,0,17,2025-04-02 20:00:00
0,0,19,2026-04-14 20:00:00
0,0,20,2025-07-02 04:00:00
0,0,19,2025-04-02 16:00:00
0,0,17,2025-11-04 00:00:00
0,0,18,2025-12-25 04:00:00
0,0,18,2026-04-14 16:00:00
4,0,17,2025-11-04 12:00:00
0,0,16,2025-09-11 00:00:00
0,0,18,2025-11-04 04:00:00
0,0,17,2025-04-02 08:00:00
0,0,18,2025-09-11 08:00:00
0,0,16,2025-09-11 16:00:00
0,0,18,2026-04-14 12:00:00
0,0,16,2026-04-14 12:00:00
0,0,18,2025-04-02 20:00:00
0,0,19,2025-04-02 04:00:00
0,0,18,2025-04-02 16:00:00
0,0,18,2025-12-25 08:00:00
0,0,16,2025-12-25 04:00:00
1,0,20,2025-09-11 12:00:00
0,0,17,2026-04-14 16:00:00
0,0,19,2025-09-11 00:00:00
0,0,16,2025-01-23 12:00:00
0,0,17,2025-01-23 20:00:00
0,0,18,2025-11-04 08:00:00
0,0,20,2025-01-23 00:00:00
0,0,20,2025-01-23 16:00:00
4,0,19,2025-09-11 12:00:00
0,0,17,2025-12-25 16:00:00
0,0,16,2025-12-25 00:00:00
0,0,16,2026-04-14 00:00:00
0,0,17,2025-07-02 20:00:00
0,0,20,2026-04-14 04:00:00
0,0,16,2025-11-04 20:00:00
0,0,19,2025-12-25 08:00:00
0,0,18,2025-09-11 04:00:00
1,0,20,2026-04-14 12:00:00
0,0,18,2025-01-23 12:00:00
0,0,18,2025-01-23 04:00:00
0,0,19,2025-11-04 16:00:00
0,0,18,2025-04-02 00:00:00
0,0,16,2025-04-02 00:00:00
0,0,18,2025-09-11 12:00:00
0,0,18,2025-07-02 20:00:00
0,0,19,2025-09-11 08:00:00
0,0,17,2025-09-11 08:00:00
0,0,18,2025-01-23 00:00:00
0,0,20,2025-01-23 04:00:00
0,0,18,2026-04-14 08:00:00
0,0,19,2026-04-14 08:00:00
0,0,16,2026-04-14 08:00:00
0,0,20,2025-07-02 20:00:00
0,0,18,2025-11-04 12:00:00
0,0,16,2025-11-04 08:00:00
4,0,16,2025-09-11 12:00:00
0,0,19,2025-12-25 00:00:00
1,0,20,2025-07-02 12:00:00
0,0,16,2025-01-23 20:00:00
0,0,20,2025-04-02 20:00:00
4,0,18,2025-07-02 12:00:00
4,0,19,2026-04-14 12:00:00
0,0,16,2025-04-02 20:00:00
0,0,18,2025-07-02 08:00:00
0,0,16,2025-11-04 00:00:00
0,0,17,2026-04-14 08:00:00
0,0,19,2026-04-14 16:00:00
0,0,18,2025-09-11 00:00:00
0,0,19,2025-12-25 20:00:00
0,0,17,2025-11-04 16:00:00
0,0,19,2025-04-02 08:00:00
0,0,18,2025-07-02 00:00:00
0,0,19,2025-04-02 00:00:00
0,0,17,2025-12-25 12:00:00
0,0,17,2025-07-02 00:00:00
0,0,19,2025-07-02 20:00:00
0,0,16,2025-07-02 20:00:00
0,0,16,2025-01-23 00:00:00
0,0,17,2025-01-23 08:00:00
0,0,16,2025-04-02 16:00:00
0,0,18,2025-12-25 20:00:00
4,0,17,2025-01-23 12:00:00
0,0,19,2025-09-11 20:00:00
0,0,20,2025-04-02 00:00:00
0,0,20,2025-09-11 20:00:00
0,0,20,2025-12-25 12:00:00
0,0,16,2025-07-02 00:00:00
4,0,17,2025-09-11 12:00:00
0,0,18,2026-04-14 00:00:00
0,0,18,2025-07-02 16:00:00
4,0,17,2026-04-14 12:00:00
0,0,17,2026-04-14 04:00:00
0,0,18,2025-11-04 20:00:00
0,0,20,2025-11-04 04:00:00
0,0,16,2025-07-02 08:00:00
0,0,18,2025-01-23 16:00:00
1,0,20,2025-04-02 08:00:00
0,0,16,2025-12-25 12:00:00
0,0,19,2025-01-23 08:00:00
0,0,16,2026-04-14 20:00:00
0,0,19,2025-07-02 08:00:00
0,0,17,2025-04-02 16:00:00
0,0,20,2025-07-02 16:00:00
0,0,20,2025-11-04 20:00:00
0,0,17,2025-09-11 04:00:00
0,0,17,2025-09-11 00:00:00
0,0,16,2025-09-11 20:00:00
0,0,20,2025-09-11 04:00:00
0,0,20,2025-12-25 20:00:00
0,0,20,2025-01-23 20:00:00
0,0,18,2025-12-25 16:00:00
0,0,19,2025-12-25 16:00:00
0,0,16,2025-12-25 16:00:00
0,0,04,2026-04-14 08:00:00
1,0,01,2025-01-23 12:00:00
0,0,01,2025-09-11 00:00:00
1,2,03,2025-01-23 08:00:00
0,0,02,2025-09-11 20:00:00
0,0,04,2025-11-04 08:00:00
1,3,03,2026-04-14 08:00:00
0,0,01,2025-04-02 00:00:00
0,0,02,2025-07-02 16:00:00
0,0,04,2025-09-11 16:00:00
1,1,04,2026-04-14 12:00:00
0,0,04,2025-01-23 00:00:00
1,0,04,2025-04-02 12:00:00
0,0,01,2026-04-14 20:00:00
0,0,02,2026-04-14 08:00:00
2,0,03,2025-07-02 04:00:00
0,0,01,2025-12-25 04:00:00
0,0,02,2025-09-11 04:00:00
1,0,03,2025-04-02 12:00:00
0,0,04,2025-01-23 12:00:00
1,1,05,2026-04-14 12:00:00
0,0,05,2025-12-25 20:00:00
1,0,03,2025-04-02 00:00:00
1,1,01,2025-09-11 12:00:00
0,0,02,2025-01-23 08:00:00
0,0,04,2026-04-14 04:00:00
1,0,02,2025-04-02 12:00:00
1,2,03,2025-11-04 08:00:00
1,0,02,2025-07-02 08:00:00
0,0,01,2025-09-11 04:00:00
0,0,02,2025-07-02 04:00:00
0,0,04,2025-07-02 04:00:00
1,2,03,2025-09-11 08:00:00
1,0,03,2025-12-25 08:00:00
1,0,05,2025-12-25 08:00:00
0,0,02,2025-01-23 04:00:00
0,0,04,2025-09-11 20:00:00
1,0,02,2025-04-02 08:00:00
0,0,02,2025-07-02 00:00:00
1,0,05,2025-12-25 12:00:00
0,0,01,2025-07-02 20:00:00
0,0,04,2025-01-23 08:00:00
1,0,05,2025-01-23 12:00:00
0,0,01,2025-04-02 20:00:00
2,0,05,2025-11-04 04:00:00
0,0,01,2026-04-14 16:00:00
1,0,02,2025-11-04 12:00:00
1,2,03,2025-04-02 08:00:00
1,0,03,2025-07-02 20:00:00
1,0,05,2025-09-11 12:00:00
1,0,02,2025-01-23 12:00:00
0,0,02,2025-09-11 00:00:00
0,0,04,2025-11-04 16:00:00
2,0,03,2026-04-14 00:00:00
1,0,04,2025-04-02 08:00:00
2,0,05,2025-09-11 04:00:00
1,0,03,2025-12-25 12:00:00
0,0,04,2025-12-25 12:00:00
2,0,03,2025-12-25 04:00:00
0,0,04,2025-12-25 00:00:00
0,0,05,2025-12-25 04:00:00
1,0,05,2025-04-02 04:00:00
1,0,01,2025-04-02 12:00:00
2,2,03,2025-01-23 04:00:00
0,0,04,2025-04-02 04:00:00
0,0,01,2025-11-04 20:00:00
0,0,04,2025-11-04 20:00:00
0,0,01,2025-11-04 16:00:00
0,0,04,2025-07-02 16:00:00
0,0,02,2025-11-04 20:00:00
0,0,01,2025-04-02 16:00:00
2,0,03,2025-09-11 00:00:00
1,1,03,2025-09-11 12:00:00
0,0,04,2026-04-14 16:00:00
0,0,04,2025-01-23 04:00:00
0,0,05,2025-09-11 20:00:00
0,0,05,2025-12-25 00:00:00
1,0,02,2026-04-14 12:00:00
1,0,03,2025-04-02 16:00:00
1,0,01,2026-04-14 08:00:00
0,0,04,2025-01-23 16:00:00
4,4,76,2025-06-29 16:00:00
4,4,76,2025-06-29 08:00:00
0,0,77,2025-06-29 00:00:00
4,4,76,2025-06-29 20:00:00
3,2,76,2025-06-29 00:00:00
4,2,76,2025-06-29 04:00:00
0,1,77,2025-06-29 08:00:00
0,0,77,2025-06-29 20:00:00
0,0,77,2025-06-29 04:00:00
1,0,77,2025-06-29 12:00:00
0,0,77,2025-06-29 16:00:00
4,4,76,2025-06-29 12:00:00
3,0,65,2025-06-29 16:00:00
0,0,61,2025-06-29 20:00:00
3,0,62,2025-06-29 08:00:00
3,0,64,2025-06-29 16:00:00
0,0,62,2025-06-29 00:00:00
3,0,64,2025-06-29 08:00:00
3,0,62,2025-06-29 16:00:00
3,0,63,2025-06-29 12:00:00
3,0,64,2025-06-29 12:00:00
0,0,64,2025-06-29 00:00:00
3,0,65,2025-06-29 12:00:00
0,0,63,2025-06-29 04:00:00
0,0,62,2025-06-29 04:00:00
0,0,61,2025-06-29 00:00:00
0,0,61,2025-06-29 16:00:00
3,0,62,2025-06-29 12:00:00
3,0,63,2025-06-29 16:00:00
0,0,64,2025-06-29 20:00:00
0,0,65,2025-06-29 20:00:00
0,0,65,2025-06-29 00:00:00
3,0,65,2025-06-29 08:00:00
0,0,62,2025-06-29 20:00:00
3,0,63,2025-06-29 08:00:00
0,0,63,2025-06-29 00:00:00
0,0,61,2025-06-29 08:00:00
0,0,63,2025-06-29 20:00:00
0,0,61,2025-06-29 04:00:00
0,0,65,2025-06-29 04:00:00
1,0,61,2025-06-29 12:00:00
3,0,64,2025-06-29 04:00:00
0,0,48,2025-06-29 12:00:00
0,0,50,2025-06-29 20:00:00
0,0,49,2025-06-29 12:00:00
0,0,48,2025-06-29 04:00:00
0,0,49,2025-06-29 04:00:00
0,0,50,2025-06-29 08:00:00
0,0,50,2025-06-29 12:00:00
1,0,46,2025-06-29 12:00:00
0,0,46,2025-06-29 08:00:00
0,0,47,2025-06-29 16:00:00
0,0,49,2025-06-29 16:00:00
0,0,47,2025-06-29 12:00:00
0,0,50,2025-06-29 00:00:00
0,0,46,2025-06-29 00:00:00
0,0,47,2025-06-29 08:00:00
0,0,47,2025-06-29 04:00:00
0,0,48,2025-06-29 00:00:00
0,0,49,2025-06-29 00:00:00
0,0,49,2025-06-29 08:00:00
0,0,46,2025-06-29 04:00:00
0,0,48,2025-06-29 08:00:00
0,0,47,2025-06-29 20:00:00
0,0,46,2025-06-29 16:00:00
0,0,50,2025-06-29 16:00:00
0,0,50,2025-06-29 04:00:00
0,0,49,2025-06-29 20:00:00
0,0,48,2025-06-29 16:00:00
0,0,48,2025-06-29 20:00:00
0,0,46,2025-06-29 20:00:00
0,0,47,2025-06-29 00:00:00
0,0,75,2025-06-29 12:00:00
0,0,74,2025-06-29 08:00:00
0,0,75,2025-06-29 16:00:00
0,0,72,2025-06-29 12:00:00
0,0,73,2025-06-29 16:00:00
0,0,72,2025-06-29 16:00:00
0,0,73,2025-06-29 08:00:00
0,0,71,2025-06-29 12:00:00
0,0,74,2025-06-29 20:00:00
0,0,74,2025-06-29 04:00:00
0,0,74,2025-06-29 00:00:00
0,0,71,2025-06-29 16:00:00
0,0,71,2025-06-29 00:00:00
0,0,75,2025-06-29 00:00:00
0,0,71,2025-06-29 20:00:00
0,0,75,2025-06-29 04:00:00
0,0,73,2025-06-29 12:00:00
0,0,71,2025-06-29 04:00:00
0,0,74,2025-06-29 12:00:00
0,0,73,2025-06-29 04:00:00
0,0,72,2025-06-29 04:00:00
0,0,73,2025-06-29 00:00:00
0,0,75,2025-06-29 08:00:00
0,0,72,2025-06-29 00:00:00
0,0,71,2025-06-29 08:00:00
0,0,73,2025-06-29 20:00:00
0,0,72,2025-06-29 08:00:00
0,0,74,2025-06-29 16:00:00
0,0,72,2025-06-29 20:00:00
0,0,75,2025-06-29 20:00:00
0,0,19,2025-06-29 16:00:00
0,0,16,2025-06-29 16:00:00
0,0,19,2025-06-29 08:00:00
0,0,18,2025-06-29 04:00:00
0,0,20,2025-06-29 04:00:00
0,0,18,2025-06-29 16:00:00
0,0,20,2025-06-29 20:00:00
0,0,19,2025-06-29 20:00:00
2,0,20,2025-06-29 08:00:00
0,0,18,2025-06-29 08:00:00
0,0,17,2025-06-29 00:00:00
0,0,17,2025-06-29 08:00:00
0,0,19,2025-06-29 00:00:00
0,0,20,2025-06-29 16:00:00
0,0,18,2025-06-29 00:00:00
0,0,16,2025-06-29 08:00:00
0,0,16,2025-06-29 00:00:00
0,0,17,2025-06-29 16:00:00
0,0,17,2025-06-29 20:00:00
0,0,19,2025-06-29 12:00:00
4,0,17,2025-06-29 12:00:00
0,0,17,2025-06-29 04:00:00
0,0,19,2025-06-29 04:00:00
0,0,16,2025-06-29 04:00:00
1,0,20,2025-06-29 12:00:00
0,0,20,2025-06-29 00:00:00
0,0,16,2025-06-29 20:00:00
0,0,18,2025-06-29 20:00:00
0,0,18,2025-06-29 12:00:00
0,0,16,2025-06-29 12:00:00
0,0,02,2025-06-29 04:00:00
0,0,02,2025-06-29 16:00:00
2,1,03,2025-06-29 04:00:00
0,0,04,2025-06-29 08:00:00
0,0,05,2025-06-29 20:00:00
2,0,05,2025-06-29 04:00:00
0,0,02,2025-06-29 08:00:00
1,0,02,2025-06-29 12:00:00
0,0,01,2025-06-29 20:00:00
1,1,03,2025-06-29 12:00:00
0,1,01,2025-06-29 08:00:00
0,0,01,2025-06-29 16:00:00
1,1,77,2025-07-10 08:00:00
0,0,77,2026-03-10 16:00:00
0,0,77,2025-10-16 16:00:00
0,0,77,2025-10-16 20:00:00
0,0,77,2026-04-16 20:00:00
4,3,76,2026-04-16 04:00:00
1,1,77,2026-04-30 12:00:00
4,4,76,2025-10-16 12:00:00
0,1,77,2026-03-10 04:00:00
4,4,76,2025-11-08 08:00:00
1,0,77,2026-03-10 12:00:00
0,0,77,2025-10-16 00:00:00
4,4,76,2026-04-16 16:00:00
1,1,77,2026-03-10 08:00:00
0,2,76,2026-04-30 00:00:00
4,4,76,2026-04-16 12:00:00
0,0,77,2025-11-08 16:00:00
4,4,76,2025-10-16 08:00:00
1,1,77,2026-04-30 08:00:00
4,4,76,2026-04-16 08:00:00
4,3,76,2026-03-10 04:00:00
4,3,76,2026-04-16 00:00:00
0,0,77,2026-04-30 16:00:00
4,3,76,2025-07-10 04:00:00
1,2,77,2026-04-16 08:00:00
0,0,77,2026-04-30 04:00:00
4,3,76,2025-10-16 04:00:00
0,0,77,2025-11-08 20:00:00
1,0,77,2025-07-10 12:00:00
4,4,76,2026-03-10 16:00:00
4,3,76,2026-04-30 04:00:00
1,1,77,2026-04-16 12:00:00
4,4,76,2026-03-10 12:00:00
4,4,76,2025-10-16 16:00:00
3,2,76,2025-11-08 00:00:00
4,2,76,2026-03-10 00:00:00
0,0,77,2026-04-30 00:00:00
0,0,77,2025-11-08 04:00:00
1,0,77,2025-10-16 12:00:00
4,4,76,2025-11-08 16:00:00
4,4,76,2025-11-08 20:00:00
4,4,76,2026-03-10 20:00:00
4,4,76,2026-04-30 08:00:00
4,4,76,2026-04-16 20:00:00
4,4,76,2026-04-30 20:00:00
4,4,76,2025-11-08 12:00:00
0,0,77,2025-10-16 04:00:00
0,0,77,2026-04-16 16:00:00
1,0,77,2025-10-16 08:00:00
4,3,76,2025-07-10 00:00:00
4,4,76,2025-07-10 16:00:00
4,2,76,2025-11-08 04:00:00
4,4,76,2025-10-16 20:00:00
4,4,76,2026-03-10 08:00:00
1,1,77,2025-11-08 12:00:00
0,0,77,2026-03-10 20:00:00
4,4,76,2025-07-10 20:00:00
0,0,77,2026-04-30 20:00:00
0,0,77,2025-07-10 00:00:00
4,4,76,2025-07-10 08:00:00
0,1,77,2025-07-10 04:00:00
4,4,76,2026-04-30 12:00:00
0,0,77,2026-03-10 00:00:00
0,1,77,2025-11-08 08:00:00
0,0,77,2025-11-08 00:00:00
0,0,77,2025-07-10 20:00:00
0,2,77,2026-04-16 04:00:00
0,0,77,2026-04-16 00:00:00
4,4,76,2026-04-30 16:00:00
4,3,76,2025-10-16 00:00:00
4,4,76,2025-07-10 12:00:00
0,1,77,2025-07-10 16:00:00
3,0,62,2026-04-30 08:00:00
0,0,65,2026-04-30 20:00:00
0,0,61,2025-10-16 16:00:00
0,0,61,2025-11-08 04:00:00
3,0,62,2026-04-30 12:00:00
3,0,64,2026-03-10 04:00:00
0,0,65,2026-03-10 04:00:00
0,0,64,2026-04-16 00:00:00
0,0,62,2026-04-30 04:00:00
0,0,65,2026-04-30 00:00:00
3,0,65,2026-03-10 08:00:00
3,0,63,2025-07-10 08:00:00
3,0,62,2026-04-16 16:00:00
0,0,61,2026-03-10 20:00:00
0,0,63,2026-04-16 00:00:00
3,0,64,2025-11-08 16:00:00
3,0,62,2026-03-10 16:00:00
3,0,64,2025-11-08 12:00:00
3,0,62,2025-07-10 16:00:00
3,0,62,2026-04-16 12:00:00
0,0,61,2026-04-30 20:00:00
3,0,65,2026-04-16 08:00:00
0,0,65,2025-07-10 00:00:00
3,0,64,2026-04-30 12:00:00
3,0,62,2025-11-08 08:00:00
0,0,61,2025-11-08 16:00:00
0,0,64,2025-11-08 20:00:00
0,0,61,2025-10-16 04:00:00
0,0,63,2025-10-16 04:00:00
0,0,62,2025-10-16 04:00:00
3,0,64,2025-10-16 04:00:00
1,0,61,2025-07-10 12:00:00
0,0,62,2026-04-30 00:00:00
3,0,64,2025-10-16 08:00:00
0,0,65,2026-03-10 00:00:00
0,0,61,2025-10-16 20:00:00
0,0,63,2025-10-16 16:00:00
3,0,62,2025-10-16 16:00:00
1,0,61,2025-07-10 08:00:00
0,0,63,2025-07-10 20:00:00
0,0,62,2025-07-10 20:00:00
3,0,64,2025-07-10 20:00:00
3,0,63,2026-04-30 12:00:00
0,0,63,2026-03-10 04:00:00
3,0,65,2025-11-08 08:00:00
3,0,64,2026-03-10 16:00:00
3,0,64,2025-07-10 16:00:00
3,0,63,2026-04-16 12:00:00
3,0,62,2025-07-10 12:00:00
0,0,61,2026-04-30 08:00:00
0,0,63,2026-04-16 20:00:00
3,0,63,2025-10-16 08:00:00
3,0,62,2026-03-10 08:00:00
3,0,65,2025-10-16 16:00:00
0,0,61,2026-04-16 16:00:00
3,0,65,2026-04-30 12:00:00
0,0,61,2026-04-16 00:00:00
0,0,61,2025-11-08 20:00:00
3,0,65,2025-10-16 12:00:00
0,0,61,2025-07-10 04:00:00
3,0,64,2025-07-10 04:00:00
0,0,61,2026-03-10 08:00:00
3,0,64,2025-11-08 04:00:00
0,0,62,2026-03-10 20:00:00
0,0,65,2026-04-16 00:00:00
3,0,62,2025-07-10 04:00:00
3,0,62,2025-11-08 12:00:00
3,0,63,2026-03-10 12:00:00
3,0,64,2026-04-16 12:00:00
0,0,63,2025-11-08 08:00:00
0,0,65,2025-10-16 00:00:00
3,0,65,2025-11-08 16:00:00
3,0,65,2026-03-10 16:00:00
3,0,63,2025-11-08 12:00:00
0,0,63,2025-11-08 00:00:00
0,0,63,2025-10-16 20:00:00
1,0,61,2026-04-30 12:00:00
0,0,63,2026-03-10 20:00:00
1,0,61,2025-10-16 12:00:00
0,0,62,2025-11-08 20:00:00
0,0,61,2026-03-10 16:00:00
0,0,61,2026-04-16 04:00:00
3,0,64,2026-04-16 04:00:00
0,0,61,2025-07-10 16:00:00
3,0,63,2025-07-10 16:00:00
3,0,63,2025-07-10 12:00:00
0,0,64,2026-04-30 00:00:00
3,0,64,2026-04-16 20:00:00
3,0,65,2025-10-16 08:00:00
0,0,63,2026-04-30 20:00:00
3,0,62,2026-04-16 08:00:00
3,0,64,2025-10-16 16:00:00
3,0,64,2025-10-16 20:00:00
0,0,61,2025-11-08 08:00:00
0,0,63,2025-10-16 00:00:00
0,0,63,2025-11-08 16:00:00
3,0,64,2026-04-30 04:00:00
3,0,65,2026-04-30 16:00:00
0,0,61,2025-11-08 00:00:00
3,0,64,2026-04-30 08:00:00
3,0,63,2026-04-16 08:00:00
0,0,63,2025-07-10 00:00:00
3,0,64,2025-07-10 00:00:00
3,0,62,2025-07-10 08:00:00
3,0,63,2025-10-16 12:00:00
3,0,65,2025-07-10 04:00:00
3,0,63,2026-04-30 16:00:00
3,0,62,2026-04-30 16:00:00
0,0,61,2025-11-08 12:00:00
0,0,63,2026-04-16 04:00:00
0,0,61,2026-04-30 00:00:00
3,0,65,2026-03-10 12:00:00
3,0,62,2025-10-16 08:00:00
0,0,64,2026-03-10 00:00:00
3,0,64,2026-03-10 08:00:00
3,0,64,2026-04-30 20:00:00
3,0,64,2025-07-10 08:00:00
0,0,61,2026-03-10 04:00:00
0,0,62,2025-10-16 00:00:00
0,0,64,2026-03-10 20:00:00
0,0,63,2025-11-08 20:00:00
0,0,63,2026-04-30 04:00:00
0,0,61,2026-04-30 16:00:00
0,0,65,2025-10-16 04:00:00
3,0,62,2026-03-10 12:00:00
0,0,61,2026-04-16 20:00:00
3,0,63,2026-04-30 08:00:00
3,0,65,2026-04-30 08:00:00
0,0,61,2025-10-16 08:00:00
0,0,63,2026-03-10 00:00:00
0,0,62,2026-04-30 20:00:00
0,0,61,2025-07-10 00:00:00
3,0,64,2026-04-16 08:00:00
3,0,65,2025-07-10 08:00:00
0,0,63,2025-11-08 04:00:00
0,0,65,2025-11-08 04:00:00
0,0,61,2025-10-16 00:00:00
0,0,62,2026-04-16 00:00:00
0,0,61,2026-04-30 04:00:00
0,0,65,2026-04-16 04:00:00
0,0,62,2025-11-08 00:00:00
3,0,64,2025-07-10 12:00:00
0,0,61,2026-03-10 00:00:00
3,0,63,2026-03-10 08:00:00
0,0,62,2026-03-10 00:00:00
0,0,62,2025-11-08 04:00:00
0,0,65,2026-03-10 20:00:00
3,0,62,2025-11-08 16:00:00
0,0,65,2025-11-08 20:00:00
0,0,64,2025-11-08 00:00:00
1,0,61,2026-04-16 12:00:00
3,0,64,2026-03-10 12:00:00
3,0,65,2025-07-10 12:00:00
0,0,62,2025-10-16 20:00:00
0,0,64,2025-10-16 00:00:00
0,0,63,2026-03-10 16:00:00
0,0,63,2025-07-10 04:00:00
3,0,64,2026-04-30 16:00:00
0,0,61,2026-03-10 12:00:00
0,0,62,2025-07-10 00:00:00
0,0,65,2025-10-16 20:00:00
3,0,64,2026-04-16 16:00:00
3,0,65,2026-04-16 16:00:00
0,0,62,2026-03-10 04:00:00
3,0,64,2025-11-08 08:00:00
3,0,62,2025-10-16 12:00:00
0,0,65,2026-04-30 04:00:00
0,0,62,2026-04-16 04:00:00
3,0,65,2025-11-08 12:00:00
3,0,65,2025-07-10 16:00:00
0,0,65,2025-11-08 00:00:00
0,0,63,2026-04-30 00:00:00
0,0,62,2026-04-16 20:00:00
0,0,65,2026-04-16 20:00:00
0,0,61,2026-04-16 08:00:00
0,0,61,2025-07-10 20:00:00
3,0,63,2026-04-16 16:00:00
0,0,65,2025-07-10 20:00:00
3,0,64,2025-10-16 12:00:00
3,0,65,2026-04-16 12:00:00
0,0,47,2026-04-30 20:00:00
0,0,49,2026-03-10 08:00:00
0,0,50,2025-10-16 16:00:00
0,0,49,2026-04-16 08:00:00
0,0,47,2025-07-10 08:00:00
0,0,46,2026-04-16 16:00:00
0,0,49,2026-04-16 16:00:00
0,0,47,2025-10-16 00:00:00
0,0,48,2025-11-08 08:00:00
0,0,46,2026-03-10 20:00:00
0,0,48,2025-10-16 12:00:00
0,0,49,2026-03-10 16:00:00
0,0,47,2026-04-16 04:00:00
0,0,47,2025-11-08 00:00:00
0,0,47,2025-07-10 12:00:00
0,0,49,2026-04-16 12:00:00
0,0,48,2026-04-16 20:00:00
0,0,46,2025-10-16 08:00:00
0,0,46,2025-10-16 20:00:00
0,0,48,2026-03-10 16:00:00
0,0,46,2026-04-30 04:00:00
0,0,46,2025-07-10 16:00:00
0,0,49,2025-07-10 16:00:00
0,0,48,2026-04-16 12:00:00
0,0,49,2026-04-30 00:00:00
0,0,46,2026-03-10 08:00:00
0,0,48,2025-10-16 16:00:00
0,0,47,2026-04-16 16:00:00
0,0,47,2025-11-08 04:00:00
0,0,48,2026-04-16 00:00:00
0,0,48,2025-11-08 20:00:00
0,0,47,2026-04-30 16:00:00
0,0,49,2025-11-08 12:00:00
0,0,50,2025-11-08 00:00:00
0,0,47,2026-04-30 08:00:00
0,0,48,2026-04-30 08:00:00
0,0,49,2026-04-30 08:00:00
0,0,47,2026-03-10 08:00:00
0,0,46,2026-03-10 00:00:00
0,0,49,2025-07-10 00:00:00
0,0,50,2025-10-16 04:00:00
0,0,47,2025-07-10 16:00:00
0,0,50,2026-04-30 20:00:00
0,0,50,2025-07-10 00:00:00
0,0,47,2025-10-16 16:00:00
0,0,50,2025-07-10 20:00:00
0,0,49,2025-07-10 20:00:00
0,0,46,2025-11-08 04:00:00
0,0,50,2025-11-08 08:00:00
0,0,48,2025-10-16 00:00:00
0,0,46,2026-03-10 04:00:00
0,0,49,2025-10-16 00:00:00
0,0,48,2025-07-10 04:00:00
0,0,49,2026-04-30 04:00:00
0,0,48,2026-04-16 04:00:00
0,0,46,2025-11-08 12:00:00
0,0,48,2026-04-16 08:00:00
0,0,46,2025-07-10 08:00:00
0,0,47,2026-04-30 12:00:00
0,0,50,2026-04-16 00:00:00
0,0,50,2025-11-08 20:00:00
0,0,46,2025-10-16 04:00:00
0,0,49,2025-10-16 04:00:00
0,0,49,2025-11-08 00:00:00
0,0,50,2026-03-10 12:00:00
0,0,50,2026-04-16 12:00:00
0,0,46,2026-04-16 12:00:00
0,0,48,2026-03-10 00:00:00
0,0,47,2025-10-16 20:00:00
0,0,46,2026-04-16 08:00:00
0,0,48,2026-04-30 04:00:00
0,0,50,2025-07-10 16:00:00
0,0,48,2025-07-10 16:00:00
1,0,46,2025-07-10 12:00:00
0,0,50,2026-03-10 08:00:00
0,0,48,2026-03-10 08:00:00
0,0,49,2026-04-30 20:00:00
0,0,48,2025-07-10 00:00:00
0,1,48,2026-04-30 12:00:00
0,0,49,2025-11-08 08:00:00
0,0,47,2025-11-08 16:00:00
0,0,46,2026-04-16 00:00:00
0,0,49,2025-11-08 16:00:00
0,0,50,2025-07-10 04:00:00
0,0,46,2026-03-10 16:00:00
0,0,46,2025-11-08 00:00:00
0,0,46,2026-04-30 00:00:00
0,0,49,2026-03-10 12:00:00
0,0,50,2026-04-30 08:00:00
0,0,49,2026-04-16 20:00:00
0,0,47,2026-04-16 08:00:00
0,0,48,2025-07-10 20:00:00
0,0,47,2026-03-10 04:00:00
0,0,47,2025-11-08 08:00:00
0,0,47,2025-10-16 12:00:00
0,0,46,2025-11-08 20:00:00
0,0,50,2026-04-30 04:00:00
0,0,46,2025-07-10 04:00:00
0,0,46,2026-04-30 08:00:00
0,0,46,2026-04-16 20:00:00
0,0,48,2025-10-16 08:00:00
0,0,49,2025-10-16 08:00:00
0,0,48,2026-04-30 20:00:00
0,0,50,2026-04-16 08:00:00
0,0,46,2025-07-10 00:00:00
0,0,49,2025-10-16 16:00:00
0,0,48,2025-11-08 04:00:00
0,0,46,2026-04-30 12:00:00
0,0,49,2026-04-30 12:00:00
0,0,50,2025-10-16 12:00:00
0,0,46,2025-10-16 12:00:00
0,0,49,2026-04-16 00:00:00
0,0,49,2025-11-08 20:00:00
0,0,47,2026-04-30 04:00:00
0,0,49,2025-07-10 04:00:00
0,0,49,2026-04-30 16:00:00
0,0,47,2025-10-16 04:00:00
0,0,48,2025-11-08 00:00:00
0,0,47,2026-04-16 20:00:00
0,0,50,2025-10-16 08:00:00
0,0,50,2025-11-08 04:00:00
0,0,49,2025-11-08 04:00:00
0,0,50,2025-10-16 00:00:00
0,0,46,2026-04-16 04:00:00
0,0,50,2025-07-10 12:00:00
0,0,48,2026-04-30 00:00:00
0,0,50,2025-10-16 20:00:00
0,0,47,2025-07-10 00:00:00
0,0,50,2026-04-30 12:00:00
0,0,48,2025-11-08 16:00:00
0,0,46,2025-11-08 16:00:00
0,0,47,2025-07-10 04:00:00
0,0,48,2025-10-16 04:00:00
0,0,50,2026-04-30 00:00:00
0,0,47,2026-03-10 12:00:00
0,0,46,2025-10-16 16:00:00
0,0,49,2025-10-16 20:00:00
0,0,47,2025-07-10 20:00:00
0,0,48,2026-03-10 04:00:00
0,0,47,2026-04-16 00:00:00
0,0,49,2025-10-16 12:00:00
0,0,50,2026-04-30 16:00:00
0,0,48,2025-11-08 12:00:00
0,0,47,2025-10-16 08:00:00
0,0,49,2026-03-10 00:00:00
0,0,48,2025-10-16 20:00:00
0,0,48,2025-07-10 08:00:00
0,0,49,2025-07-10 08:00:00
0,0,46,2025-11-08 08:00:00
0,0,49,2026-03-10 20:00:00
0,0,50,2025-11-08 16:00:00
0,0,50,2026-03-10 16:00:00
0,0,50,2026-04-16 04:00:00
0,0,47,2025-11-08 12:00:00
0,0,49,2026-04-16 04:00:00
0,0,46,2026-03-10 12:00:00
0,0,50,2026-04-16 20:00:00
0,0,50,2026-03-10 00:00:00
0,0,47,2026-03-10 00:00:00
0,0,46,2026-04-30 20:00:00
0,0,50,2026-04-16 16:00:00
0,0,50,2025-07-10 08:00:00
0,0,48,2026-04-16 16:00:00
0,0,50,2026-03-10 20:00:00
0,0,48,2026-03-10 20:00:00
0,0,46,2025-10-16 00:00:00
0,0,47,2025-11-08 20:00:00
0,0,47,2026-03-10 16:00:00
0,0,48,2026-04-30 16:00:00
0,0,46,2026-04-30 16:00:00
0,0,48,2025-07-10 12:00:00
0,0,46,2025-07-10 20:00:00
0,0,50,2026-03-10 04:00:00
0,0,47,2026-03-10 20:00:00
0,0,49,2026-03-10 04:00:00
0,0,50,2025-11-08 12:00:00
0,0,47,2026-04-30 00:00:00
0,0,47,2026-04-16 12:00:00
0,0,48,2026-03-10 12:00:00
0,0,49,2025-07-10 12:00:00
0,0,72,2026-04-30 08:00:00
0,0,72,2026-04-16 20:00:00
0,0,74,2026-04-30 08:00:00
0,0,71,2026-03-10 08:00:00
0,0,75,2026-03-10 08:00:00
0,0,73,2025-07-10 08:00:00
0,0,73,2025-07-10 20:00:00
0,0,75,2025-07-10 08:00:00
0,0,71,2025-11-08 04:00:00
0,0,74,2026-04-16 04:00:00
0,0,71,2025-07-10 12:00:00
0,0,75,2025-07-10 12:00:00
0,0,75,2026-04-16 20:00:00
0,0,71,2025-10-16 08:00:00
0,0,74,2025-10-16 08:00:00
0,0,75,2026-04-16 16:00:00
0,0,75,2025-07-10 20:00:00
0,0,72,2026-03-10 04:00:00
0,0,72,2025-10-16 00:00:00
0,0,71,2025-11-08 08:00:00
0,0,72,2026-04-16 00:00:00
0,0,74,2026-04-30 04:00:00
0,0,75,2025-11-08 12:00:00
0,0,75,2025-07-10 16:00:00
0,0,75,2025-11-08 00:00:00
0,0,72,2026-04-16 12:00:00
0,0,72,2026-04-30 20:00:00
0,0,74,2026-04-30 20:00:00
0,0,72,2026-04-16 08:00:00
0,0,72,2025-10-16 20:00:00
0,0,73,2026-04-16 16:00:00
0,0,72,2026-04-16 16:00:00
0,0,75,2025-11-08 04:00:00
0,0,73,2025-11-08 20:00:00
0,0,72,2026-04-16 04:00:00
0,0,72,2026-03-10 12:00:00
0,0,74,2026-04-30 00:00:00
0,0,73,2026-03-10 00:00:00
0,0,74,2026-03-10 00:00:00
0,0,71,2025-10-16 20:00:00
0,0,73,2026-03-10 04:00:00
0,0,73,2025-11-08 08:00:00
0,0,75,2026-03-10 04:00:00
0,0,75,2025-10-16 00:00:00
0,0,72,2025-11-08 20:00:00
0,0,75,2026-04-16 00:00:00
0,0,74,2025-10-16 12:00:00
0,0,71,2025-11-08 12:00:00
0,0,74,2025-10-16 04:00:00
0,0,73,2025-07-10 16:00:00
0,0,71,2025-07-10 16:00:00
0,0,71,2025-11-08 00:00:00
0,0,75,2026-04-16 12:00:00
0,0,73,2025-10-16 08:00:00
0,0,72,2025-07-10 20:00:00
0,0,74,2025-07-10 20:00:00
0,0,73,2025-11-08 16:00:00
0,0,74,2026-04-16 00:00:00
0,0,73,2025-07-10 04:00:00
0,0,75,2026-04-30 04:00:00
0,0,75,2025-07-10 04:00:00
0,0,74,2025-07-10 04:00:00
0,0,71,2026-04-16 04:00:00
0,0,73,2025-11-08 00:00:00
0,0,73,2026-04-16 20:00:00
0,0,73,2026-03-10 08:00:00
0,0,73,2025-07-10 00:00:00
0,0,73,2025-11-08 04:00:00
0,0,72,2025-11-08 16:00:00
0,0,72,2025-10-16 12:00:00
0,0,72,2026-04-30 16:00:00
0,0,73,2026-04-16 04:00:00
0,0,75,2026-04-16 04:00:00
0,0,74,2025-11-08 12:00:00
0,0,73,2025-10-16 16:00:00
0,0,73,2025-10-16 20:00:00
0,0,71,2025-07-10 00:00:00
0,0,74,2025-10-16 20:00:00
0,0,71,2026-04-16 16:00:00
0,0,73,2026-03-10 16:00:00
0,0,72,2026-04-30 04:00:00
0,0,71,2026-03-10 16:00:00
0,0,74,2025-07-10 16:00:00
0,0,72,2026-04-30 00:00:00
0,0,73,2026-04-30 08:00:00
0,0,71,2026-04-30 08:00:00
0,0,73,2026-04-30 20:00:00
0,0,72,2025-07-10 00:00:00
0,0,74,2025-07-10 00:00:00
0,0,71,2026-04-30 12:00:00
0,0,75,2026-04-30 12:00:00
0,0,74,2025-10-16 00:00:00
0,0,73,2025-10-16 04:00:00
0,0,71,2026-04-30 00:00:00
0,0,74,2025-07-10 12:00:00
0,0,75,2026-04-16 08:00:00
0,0,75,2025-07-10 00:00:00
0,0,71,2025-07-10 08:00:00
0,0,74,2025-07-10 08:00:00
0,0,72,2025-11-08 04:00:00
0,0,74,2026-04-30 12:00:00
0,0,73,2026-03-10 20:00:00
0,0,75,2025-11-08 08:00:00
0,0,74,2025-11-08 20:00:00
0,0,72,2025-07-10 04:00:00
0,0,72,2025-10-16 04:00:00
0,0,71,2026-03-10 12:00:00
0,0,71,2026-04-16 20:00:00
0,0,75,2025-10-16 08:00:00
0,0,72,2026-03-10 08:00:00
0,0,75,2025-10-16 20:00:00
0,0,71,2025-07-10 20:00:00
0,0,74,2025-11-08 04:00:00
0,0,72,2026-03-10 16:00:00
0,0,74,2026-03-10 16:00:00
0,0,75,2026-04-30 16:00:00
0,0,72,2025-11-08 00:00:00
0,0,73,2026-03-10 12:00:00
0,0,74,2026-03-10 12:00:00
0,0,74,2026-04-16 20:00:00
0,0,71,2025-10-16 16:00:00
0,0,75,2026-03-10 20:00:00
0,0,73,2026-04-16 00:00:00
0,0,73,2025-10-16 12:00:00
0,0,71,2025-10-16 12:00:00
0,0,73,2026-04-30 04:00:00
0,0,71,2026-04-30 04:00:00
0,0,72,2025-07-10 12:00:00
0,0,71,2026-04-16 12:00:00
0,0,71,2026-03-10 00:00:00
0,0,75,2026-04-30 20:00:00
0,0,74,2026-03-10 08:00:00
0,0,75,2025-10-16 16:00:00
0,0,74,2026-04-16 08:00:00
0,0,73,2026-04-30 12:00:00
0,0,72,2026-03-10 20:00:00
0,0,71,2026-03-10 04:00:00
0,0,71,2025-10-16 00:00:00
0,0,71,2025-11-08 16:00:00
0,0,74,2026-04-30 16:00:00
0,0,75,2026-04-30 00:00:00
0,0,71,2026-04-30 20:00:00
0,0,73,2026-04-16 08:00:00
0,0,72,2025-10-16 16:00:00
0,0,72,2025-07-10 08:00:00
0,0,73,2025-10-16 00:00:00
0,0,72,2025-11-08 08:00:00
0,0,74,2026-03-10 20:00:00
0,0,74,2025-11-08 00:00:00
0,0,73,2025-07-10 12:00:00
0,0,74,2026-04-16 12:00:00
0,0,75,2026-03-10 00:00:00
0,0,74,2026-04-16 16:00:00
0,0,74,2025-11-08 08:00:00
0,0,75,2025-11-08 16:00:00
0,0,75,2025-11-08 20:00:00
0,0,75,2025-10-16 12:00:00
0,0,74,2025-11-08 16:00:00
0,0,71,2025-07-10 04:00:00
0,0,73,2026-04-30 16:00:00
0,0,72,2025-11-08 12:00:00
0,0,75,2025-10-16 04:00:00
0,0,75,2026-03-10 12:00:00
0,1,75,2026-04-30 08:00:00
0,0,72,2025-10-16 08:00:00
0,0,72,2026-03-10 00:00:00
0,0,71,2026-04-16 08:00:00
0,0,72,2026-04-30 12:00:00
0,0,71,2026-03-10 20:00:00
0,0,71,2025-11-08 20:00:00
0,0,75,2026-03-10 16:00:00
0,0,71,2026-04-30 16:00:00
0,0,71,2025-10-16 04:00:00
0,0,72,2025-07-10 16:00:00
0,0,73,2026-04-30 00:00:00
0,0,73,2026-04-16 12:00:00
0,0,74,2025-10-16 16:00:00
0,0,74,2026-03-10 04:00:00
0,0,71,2026-04-16 00:00:00
0,0,73,2025-11-08 12:00:00
0,0,18,2026-04-16 08:00:00
0,0,16,2026-04-16 08:00:00
0,0,17,2026-04-16 08:00:00
1,0,20,2026-04-16 08:00:00
0,0,20,2025-10-16 16:00:00
0,0,16,2026-04-30 20:00:00
0,0,16,2026-04-16 00:00:00
0,0,17,2025-11-08 20:00:00
1,0,20,2025-10-16 12:00:00
0,0,17,2026-04-16 16:00:00
0,0,17,2026-04-30 00:00:00
0,0,17,2026-04-30 04:00:00
0,0,19,2025-07-10 16:00:00
0,0,20,2025-11-08 16:00:00
0,0,16,2026-03-10 20:00:00
0,0,17,2025-10-16 16:00:00
0,0,20,2026-03-10 00:00:00
1,0,20,2026-03-10 08:00:00
0,0,18,2026-04-30 00:00:00
0,0,18,2026-04-30 04:00:00
0,0,20,2025-10-16 20:00:00
0,0,19,2025-11-08 04:00:00
0,0,16,2025-11-08 08:00:00
0,0,16,2025-10-16 04:00:00
0,0,18,2025-11-08 16:00:00
0,0,19,2026-03-10 20:00:00
0,0,17,2026-03-10 20:00:00
0,0,20,2026-04-16 04:00:00
4,0,18,2025-07-10 12:00:00
0,0,18,2025-10-16 16:00:00
0,0,18,2025-07-10 20:00:00
0,0,17,2026-03-10 00:00:00
0,0,20,2025-07-10 20:00:00
0,0,19,2025-10-16 04:00:00
0,0,20,2026-03-10 04:00:00
0,0,16,2025-11-08 20:00:00
0,0,17,2026-04-30 16:00:00
0,0,18,2025-10-16 20:00:00
0,0,19,2025-10-16 16:00:00
0,0,16,2025-10-16 16:00:00
0,0,19,2025-10-16 08:00:00
0,0,20,2026-04-16 20:00:00
4,0,16,2025-10-16 12:00:00
0,0,17,2026-04-30 20:00:00
4,0,17,2025-07-10 16:00:00
0,0,17,2025-11-08 12:00:00
2,0,20,2025-11-08 08:00:00
0,0,16,2026-04-30 16:00:00
0,0,18,2025-11-08 00:00:00
0,0,19,2026-04-30 08:00:00
0,0,17,2026-04-30 08:00:00
0,0,16,2026-04-16 04:00:00
4,0,19,2025-10-16 12:00:00
0,0,16,2025-07-10 16:00:00
0,0,18,2026-03-10 04:00:00
0,0,18,2025-10-16 04:00:00
0,0,20,2025-10-16 00:00:00
0,0,18,2026-03-10 12:00:00
0,0,16,2026-03-10 12:00:00
0,0,19,2025-07-10 04:00:00
0,0,18,2026-04-16 16:00:00
0,0,16,2025-10-16 08:00:00
0,0,16,2025-07-10 20:00:00
1,0,20,2026-04-30 08:00:00
0,0,20,2026-04-30 20:00:00
0,0,19,2026-04-16 20:00:00
0,0,17,2026-03-10 08:00:00
0,0,19,2026-04-16 04:00:00
0,0,16,2026-04-30 00:00:00
0,0,18,2025-07-10 00:00:00
0,0,17,2025-07-10 00:00:00
1,0,20,2026-04-30 12:00:00
0,0,18,2026-04-16 00:00:00
0,0,16,2025-07-10 08:00:00
0,0,18,2025-11-08 20:00:00
0,0,19,2026-03-10 12:00:00
0,0,20,2025-11-08 20:00:00
0,0,20,2026-04-30 04:00:00
4,0,16,2025-07-10 12:00:00
4,0,17,2025-07-10 12:00:00
0,0,19,2026-03-10 16:00:00
0,0,16,2026-03-10 16:00:00
0,0,19,2026-04-16 16:00:00
0,0,18,2025-10-16 12:00:00
4,0,17,2026-04-16 12:00:00
0,0,17,2025-11-08 04:00:00
0,0,19,2025-11-08 08:00:00
0,0,17,2025-11-08 08:00:00
0,0,17,2025-11-08 16:00:00
0,0,18,2026-03-10 20:00:00
0,0,20,2025-07-10 04:00:00
0,0,17,2025-10-16 20:00:00
0,0,18,2025-10-16 08:00:00
0,0,20,2026-04-30 00:00:00
0,0,17,2025-07-10 20:00:00
0,0,20,2025-07-10 00:00:00
0,0,18,2025-11-08 04:00:00
0,0,19,2026-04-30 20:00:00
0,0,19,2025-11-08 20:00:00
0,0,20,2026-03-10 16:00:00
0,0,19,2025-11-08 00:00:00
0,0,19,2026-04-16 08:00:00
0,0,16,2026-04-30 08:00:00
0,0,18,2026-04-16 20:00:00
0,0,16,2026-03-10 08:00:00
0,0,18,2026-04-16 04:00:00
0,0,19,2026-04-30 04:00:00
0,0,16,2025-07-10 00:00:00
0,0,18,2025-11-08 08:00:00
0,0,19,2026-04-16 00:00:00
0,0,19,2025-07-10 08:00:00
0,0,17,2025-10-16 00:00:00
0,0,17,2025-07-10 04:00:00
0,0,20,2025-11-08 00:00:00
0,0,17,2025-10-16 08:00:00
1,0,20,2025-07-10 12:00:00
0,0,19,2026-03-10 00:00:00
0,0,16,2026-04-16 20:00:00
1,0,16,2026-04-16 12:00:00
0,0,16,2025-11-08 04:00:00
4,0,17,2025-10-16 12:00:00
0,0,20,2026-04-16 16:00:00
0,0,18,2026-04-30 16:00:00
0,0,16,2025-10-16 00:00:00
4,0,17,2026-03-10 12:00:00
0,0,16,2026-03-10 00:00:00
0,0,19,2025-11-08 12:00:00
0,0,16,2026-03-10 04:00:00
0,0,17,2025-07-10 08:00:00
0,0,19,2026-04-30 16:00:00
0,0,16,2025-11-08 16:00:00
0,0,20,2026-04-30 16:00:00
4,0,19,2025-07-10 12:00:00
0,0,18,2026-03-10 16:00:00
0,0,17,2026-03-10 16:00:00
0,0,18,2026-03-10 08:00:00
0,0,19,2026-04-30 00:00:00
0,0,19,2026-03-10 04:00:00
0,0,17,2026-03-10 04:00:00
0,0,17,2026-04-16 00:00:00
0,0,20,2026-03-10 20:00:00
0,0,18,2025-10-16 00:00:00
0,0,16,2026-04-30 12:00:00
4,0,17,2026-04-30 12:00:00
1,0,20,2025-11-08 12:00:00
0,0,20,2025-07-10 16:00:00
1,0,20,2026-03-10 12:00:00
2,0,20,2025-10-16 08:00:00
0,0,18,2025-11-08 12:00:00
0,0,16,2025-11-08 12:00:00
0,0,18,2026-04-30 12:00:00
0,0,18,2025-07-10 04:00:00
0,0,16,2025-07-10 04:00:00
0,0,20,2025-10-16 04:00:00
0,0,19,2025-10-16 20:00:00
0,0,16,2025-11-08 00:00:00
0,0,19,2025-07-10 20:00:00
0,0,18,2026-04-30 08:00:00
0,0,19,2026-03-10 08:00:00
0,0,17,2026-04-16 04:00:00
0,0,18,2026-04-16 12:00:00
0,0,19,2025-07-10 00:00:00
0,0,20,2025-11-08 04:00:00
0,0,17,2025-10-16 04:00:00
0,0,19,2025-10-16 00:00:00
0,0,20,2026-04-16 00:00:00
0,0,16,2025-10-16 20:00:00
1,0,20,2026-04-16 12:00:00
0,0,18,2026-03-10 00:00:00
0,0,17,2026-04-16 20:00:00
0,0,16,2026-04-30 04:00:00
0,0,18,2026-04-30 20:00:00
0,0,18,2025-07-10 16:00:00
0,0,19,2026-04-16 12:00:00
1,0,20,2025-07-10 08:00:00
0,0,18,2025-07-10 08:00:00
0,0,19,2025-11-08 16:00:00
0,0,19,2026-04-30 12:00:00
0,1,16,2026-04-16 16:00:00
0,0,17,2025-11-08 00:00:00
0,0,01,2026-04-30 04:00:00
2,0,03,2025-07-10 00:00:00
1,0,04,2026-04-16 12:00:00
1,0,05,2026-04-16 08:00:00
1,1,03,2026-04-16 16:00:00
1,0,02,2026-04-30 12:00:00
0,0,01,2026-03-10 16:00:00
0,0,01,2025-11-08 00:00:00
0,0,04,2026-04-16 16:00:00
1,2,03,2025-10-16 08:00:00
0,0,02,2026-04-30 00:00:00
0,0,02,2026-04-30 04:00:00
0,0,04,2025-07-10 16:00:00
0,0,05,2025-07-10 00:00:00
1,0,05,2025-11-08 16:00:00
2,2,03,2026-04-16 04:00:00
0,0,02,2025-10-16 16:00:00
0,0,04,2025-10-16 20:00:00
2,0,03,2026-04-30 00:00:00
2,0,03,2026-04-16 20:00:00
1,0,01,2025-10-16 12:00:00
2,0,03,2025-10-16 20:00:00
1,0,05,2025-10-16 16:00:00
0,0,01,2026-03-10 04:00:00
0,0,05,2025-07-10 20:00:00
1,0,01,2026-03-10 12:00:00
2,1,03,2025-07-10 04:00:00
1,0,05,2026-03-10 16:00:00
1,1,03,2026-04-30 16:00:00
1,0,05,2025-11-08 12:00:00
0,0,04,2026-03-10 00:00:00
1,0,01,2026-04-16 08:00:00
0,0,05,2026-04-16 20:00:00
0,0,01,2026-04-30 20:00:00
0,0,04,2025-11-08 04:00:00
0,0,04,2025-10-16 04:00:00
0,0,04,2025-10-16 00:00:00
1,0,04,2026-04-30 12:00:00
1,0,02,2025-10-16 08:00:00
1,1,03,2025-07-10 12:00:00
1,0,05,2026-03-10 12:00:00
1,0,05,2025-07-10 12:00:00
1,0,05,2025-10-16 08:00:00
1,0,02,2025-11-08 12:00:00
1,0,05,2025-07-10 08:00:00
0,0,02,2026-04-16 00:00:00
0,0,04,2026-04-16 00:00:00
1,0,04,2025-07-10 08:00:00
0,1,03,2025-11-08 20:00:00
0,0,05,2026-04-16 00:00:00
1,0,03,2026-03-10 16:00:00
2,2,03,2026-04-30 04:00:00
1,0,05,2026-04-16 12:00:00
1,0,03,2026-04-30 20:00:00
0,0,04,2026-04-16 20:00:00
0,0,01,2026-04-16 04:00:00
0,0,02,2026-03-10 04:00:00
0,0,04,2025-11-08 12:00:00
2,0,05,2025-11-08 04:00:00
0,0,01,2025-10-16 00:00:00
1,0,03,2026-03-10 20:00:00
2,0,03,2025-10-16 00:00:00
2,0,05,2026-03-10 04:00:00
2,1,05,2025-11-08 08:00:00
0,0,05,2025-10-16 00:00:00
0,0,01,2026-03-10 20:00:00
2,0,03,2026-04-16 00:00:00
1,0,03,2025-11-08 16:00:00
0,0,04,2026-03-10 16:00:00
0,0,04,2026-04-30 08:00:00
1,0,02,2026-04-16 12:00:00
0,0,04,2025-07-10 00:00:00
0,0,05,2025-10-16 20:00:00
0,0,01,2025-10-16 04:00:00
0,0,02,2026-04-30 16:00:00
0,0,02,2026-03-10 20:00:00
3,2,76,2025-03-10 00:00:00
4,4,76,2026-01-13 16:00:00
1,0,77,2026-03-24 12:00:00
1,1,77,2026-01-13 12:00:00
4,4,76,2026-04-26 08:00:00
0,0,77,2026-03-24 00:00:00
0,0,77,2025-07-12 08:00:00
4,4,76,2025-12-04 12:00:00
4,2,76,2026-03-24 00:00:00
1,1,77,2025-03-10 12:00:00
1,0,77,2026-04-26 12:00:00
4,4,76,2026-03-24 16:00:00
0,0,77,2026-03-24 04:00:00
0,0,77,2026-04-26 20:00:00
4,4,76,2026-01-13 12:00:00
4,3,76,2026-01-13 04:00:00
0,0,77,2025-12-04 00:00:00
0,0,77,2025-03-10 20:00:00
4,4,76,2025-07-12 08:00:00
0,0,77,2026-01-13 04:00:00
0,0,77,2026-04-26 00:00:00
4,4,76,2025-12-04 16:00:00
0,0,77,2026-04-26 08:00:00
0,1,77,2025-12-04 04:00:00
0,1,77,2025-07-12 12:00:00
0,0,77,2025-09-07 16:00:00
0,0,77,2025-09-07 20:00:00
4,4,76,2026-04-26 20:00:00
0,0,77,2025-07-12 00:00:00
0,0,77,2025-03-10 00:00:00
4,4,76,2026-03-24 08:00:00
4,4,76,2025-09-07 20:00:00
4,2,76,2025-12-04 04:00:00
0,0,77,2025-07-12 20:00:00
4,4,76,2026-03-24 12:00:00
4,4,76,2025-12-04 20:00:00
1,2,77,2025-12-04 08:00:00
3,2,76,2025-07-12 04:00:00
3,2,76,2026-04-26 04:00:00
4,4,76,2026-01-13 08:00:00
4,4,76,2025-03-10 16:00:00
0,0,77,2026-03-24 20:00:00
4,4,76,2026-04-26 12:00:00
1,1,77,2025-12-04 12:00:00
3,3,76,2025-07-12 00:00:00
0,1,77,2026-01-13 08:00:00
1,1,77,2026-03-24 08:00:00
3,2,76,2025-09-07 04:00:00
4,4,76,2025-09-07 16:00:00
4,4,76,2026-03-24 20:00:00
0,2,76,2025-09-07 00:00:00
4,3,76,2026-03-24 04:00:00
4,4,76,2025-03-10 12:00:00
0,0,77,2025-09-07 08:00:00
4,4,76,2025-09-07 08:00:00
4,4,76,2026-01-13 20:00:00
4,3,76,2025-03-10 04:00:00
4,4,76,2025-12-04 08:00:00
4,2,76,2026-01-13 00:00:00
1,0,77,2025-09-07 12:00:00
0,1,77,2025-03-10 08:00:00
3,2,76,2026-04-26 00:00:00
0,0,77,2025-09-07 04:00:00
4,4,76,2025-07-12 12:00:00
0,0,77,2025-03-10 16:00:00
0,0,77,2025-07-12 16:00:00
4,4,76,2025-09-07 12:00:00
0,0,77,2026-01-13 16:00:00
4,4,76,2025-07-12 20:00:00
0,0,77,2026-04-26 16:00:00
0,0,77,2026-03-24 16:00:00
4,4,76,2025-03-10 08:00:00
4,4,76,2026-04-26 16:00:00
0,0,77,2025-03-10 04:00:00
0,0,77,2025-12-04 20:00:00
0,0,77,2026-01-13 00:00:00
0,0,77,2025-07-12 04:00:00
4,4,76,2025-03-10 20:00:00
4,3,76,2025-12-04 00:00:00
0,0,77,2026-01-13 20:00:00
0,0,77,2026-04-26 04:00:00
0,0,77,2025-12-04 16:00:00
0,0,77,2025-09-07 00:00:00
4,4,76,2025-07-12 16:00:00
3,0,62,2026-04-26 16:00:00
0,0,61,2026-03-24 16:00:00
0,0,63,2026-03-24 16:00:00
0,0,63,2026-03-24 20:00:00
0,0,65,2025-12-04 04:00:00
0,0,64,2026-04-26 00:00:00
0,0,61,2026-04-26 20:00:00
0,0,63,2026-04-26 20:00:00
3,0,62,2025-07-12 16:00:00
0,0,62,2025-07-12 04:00:00
3,0,65,2025-12-04 16:00:00
3,0,65,2026-04-26 16:00:00
0,0,61,2026-04-26 12:00:00
0,0,61,2026-01-13 04:00:00
0,0,61,2026-03-24 20:00:00
3,0,64,2026-03-24 20:00:00
3,0,64,2026-04-26 08:00:00
3,0,65,2025-07-12 16:00:00
0,0,64,2025-12-04 00:00:00
0,0,61,2025-09-07 08:00:00
3,0,64,2025-07-12 12:00:00
0,0,64,2025-07-12 20:00:00
0,0,63,2025-09-07 20:00:00
3,0,64,2025-03-10 16:00:00
0,0,61,2025-03-10 12:00:00
3,0,63,2025-03-10 12:00:00
3,0,64,2025-03-10 12:00:00
0,0,63,2026-01-13 16:00:00
0,0,62,2026-04-26 04:00:00
0,0,61,2025-03-10 04:00:00
0,0,65,2026-04-26 00:00:00
3,0,64,2026-03-24 04:00:00
3,0,64,2025-07-12 16:00:00
0,0,61,2025-03-10 20:00:00
0,0,63,2025-07-12 04:00:00
0,0,61,2025-12-04 00:00:00
0,0,64,2026-03-24 00:00:00
0,0,65,2026-03-24 00:00:00
3,0,63,2026-01-13 12:00:00
3,0,62,2026-01-13 12:00:00
3,0,65,2025-12-04 12:00:00
3,0,64,2025-12-04 08:00:00
3,0,65,2025-03-10 12:00:00
3,0,62,2025-03-10 08:00:00
3,0,62,2025-07-12 08:00:00
3,0,64,2025-12-04 04:00:00
0,0,65,2026-01-13 04:00:00
0,0,65,2026-04-26 04:00:00
0,0,61,2025-07-12 00:00:00
0,0,63,2026-04-26 00:00:00
0,0,62,2025-03-10 04:00:00
0,0,65,2025-09-07 04:00:00
3,0,64,2025-09-07 08:00:00
0,0,64,2025-03-10 00:00:00
0,0,65,2025-09-07 20:00:00
3,0,65,2026-03-24 12:00:00
3,0,62,2025-12-04 16:00:00
0,0,63,2026-04-26 04:00:00
3,0,64,2026-04-26 04:00:00
3,0,65,2026-04-26 08:00:00
3,0,65,2025-07-12 12:00:00
3,0,63,2026-01-13 08:00:00
3,0,64,2026-01-13 12:00:00
0,0,61,2025-03-10 08:00:00
3,0,64,2026-04-26 16:00:00
3,0,65,2026-01-13 16:00:00
3,0,64,2026-03-24 16:00:00
0,0,61,2025-12-04 04:00:00
3,0,64,2026-03-24 08:00:00
0,0,63,2025-07-12 16:00:00
0,0,64,2026-04-26 20:00:00
3,0,62,2025-09-07 08:00:00
0,0,61,2025-07-12 20:00:00
0,0,63,2025-07-12 20:00:00
0,0,62,2025-07-12 20:00:00
1,0,61,2026-03-24 12:00:00
3,0,62,2026-03-24 12:00:00
3,0,63,2025-07-12 08:00:00
3,0,63,2026-04-26 12:00:00
3,0,65,2026-03-24 16:00:00
0,0,62,2026-03-24 20:00:00
0,0,63,2025-07-12 00:00:00
0,0,65,2025-03-10 20:00:00
0,0,62,2025-12-04 00:00:00
0,0,65,2026-01-13 00:00:00
0,0,61,2026-01-13 08:00:00
0,0,62,2025-03-10 00:00:00
3,0,62,2025-03-10 16:00:00
3,0,65,2025-03-10 16:00:00
0,0,61,2025-12-04 08:00:00
0,0,64,2025-12-04 20:00:00
3,0,65,2025-12-04 08:00:00
0,0,65,2026-01-13 20:00:00
3,0,63,2026-03-24 12:00:00
0,0,61,2026-04-26 16:00:00
3,0,64,2025-03-10 08:00:00
0,0,63,2025-12-04 04:00:00
3,0,64,2025-03-10 04:00:00
0,0,63,2026-03-24 04:00:00
0,0,61,2025-07-12 16:00:00
3,0,64,2025-09-07 12:00:00
3,0,65,2025-09-07 12:00:00
0,0,65,2026-04-26 20:00:00
0,0,63,2026-03-24 00:00:00
0,0,61,2025-03-10 00:00:00
0,0,61,2026-01-13 20:00:00
3,0,62,2025-09-07 16:00:00
0,0,62,2026-01-13 20:00:00
3,0,64,2026-01-13 16:00:00
3,0,62,2026-04-26 12:00:00
3,0,64,2026-04-26 12:00:00
3,0,63,2026-04-26 08:00:00
3,0,62,2026-03-24 08:00:00
0,0,61,2025-09-07 04:00:00
0,0,61,2026-01-13 00:00:00
0,0,64,2026-01-13 00:00:00
0,0,65,2025-09-07 00:00:00
3,0,65,2025-09-07 08:00:00
3,0,64,2026-01-13 08:00:00
3,0,65,2026-01-13 12:00:00
3,0,63,2025-12-04 12:00:00
0,0,61,2025-09-07 20:00:00
0,0,65,2025-03-10 04:00:00
3,0,65,2026-03-24 08:00:00
0,0,62,2026-04-26 20:00:00
3,0,64,2025-03-10 20:00:00
3,0,63,2025-07-12 12:00:00
0,0,63,2025-03-10 16:00:00
0,0,63,2025-12-04 08:00:00
3,0,64,2026-03-24 12:00:00
0,0,61,2026-01-13 16:00:00
0,0,65,2025-07-12 00:00:00
0,0,61,2026-04-26 00:00:00
0,0,62,2025-03-10 20:00:00
0,0,61,2025-07-12 12:00:00
0,0,61,2026-01-13 12:00:00
3,0,65,2026-01-13 08:00:00
0,0,64,2025-09-07 20:00:00
3,0,65,2025-09-07 16:00:00
0,0,63,2025-12-04 16:00:00
3,0,62,2026-01-13 16:00:00
0,0,61,2026-04-26 04:00:00
3,0,62,2026-04-26 08:00:00
0,0,62,2026-04-26 00:00:00
3,0,63,2025-09-07 12:00:00
3,0,64,2025-09-07 04:00:00
0,0,65,2025-07-12 04:00:00
0,0,63,2025-09-07 00:00:00
0,0,64,2025-09-07 00:00:00
0,0,61,2025-12-04 12:00:00
0,0,65,2025-03-10 00:00:00
0,0,61,2025-12-04 20:00:00
0,0,62,2025-12-04 20:00:00
3,0,64,2025-09-07 16:00:00
0,0,64,2026-01-13 20:00:00
0,0,61,2025-12-04 16:00:00
3,0,64,2025-12-04 16:00:00
3,0,65,2025-07-12 08:00:00
3,0,62,2026-03-24 16:00:00
0,0,65,2026-03-24 20:00:00
0,0,62,2025-07-12 00:00:00
3,0,63,2026-03-24 08:00:00
0,0,61,2025-09-07 12:00:00
0,0,63,2025-09-07 04:00:00
0,0,62,2025-09-07 04:00:00
0,0,61,2025-09-07 00:00:00
0,0,61,2026-03-24 00:00:00
0,0,62,2026-01-13 00:00:00
3,0,62,2026-01-13 08:00:00
3,0,62,2025-12-04 12:00:00
0,0,63,2025-12-04 20:00:00
0,0,61,2025-07-12 08:00:00
3,0,64,2026-01-13 04:00:00
0,0,62,2026-03-24 04:00:00
0,0,61,2025-07-12 04:00:00
0,0,63,2025-03-10 20:00:00
3,0,64,2025-07-12 04:00:00
0,0,65,2025-12-04 00:00:00
0,0,62,2026-03-24 00:00:00
3,0,62,2025-07-12 12:00:00
3,0,64,2025-12-04 12:00:00
0,0,65,2025-07-12 20:00:00
0,0,62,2025-09-07 20:00:00
3,0,62,2025-12-04 08:00:00
3,0,65,2025-03-10 08:00:00
3,0,65,2026-04-26 12:00:00
0,0,63,2026-01-13 04:00:00
0,0,62,2026-01-13 04:00:00
0,0,63,2025-03-10 04:00:00
0,0,61,2026-03-24 04:00:00
3,0,62,2025-09-07 12:00:00
0,0,63,2025-09-07 16:00:00
0,0,65,2025-12-04 20:00:00
3,0,62,2025-03-10 12:00:00
3,0,63,2025-03-10 08:00:00
0,0,63,2026-04-26 16:00:00
3,0,64,2025-07-12 08:00:00
0,0,62,2025-12-04 04:00:00
0,0,61,2026-04-26 08:00:00
0,0,64,2025-07-12 00:00:00
0,0,61,2026-03-24 08:00:00
0,0,65,2026-03-24 04:00:00
0,0,63,2025-12-04 00:00:00
3,0,63,2025-09-07 08:00:00
0,0,63,2026-01-13 00:00:00
0,0,62,2025-09-07 00:00:00
0,0,61,2025-03-10 16:00:00
0,0,63,2025-03-10 00:00:00
0,0,61,2025-09-07 16:00:00
0,0,63,2026-01-13 20:00:00
0,0,48,2026-03-24 08:00:00
0,0,48,2025-09-07 12:00:00
0,0,47,2025-07-12 04:00:00
0,0,50,2025-07-12 12:00:00
0,0,50,2026-01-13 20:00:00
0,0,48,2025-12-04 08:00:00
0,0,48,2025-12-04 16:00:00
0,0,47,2026-01-13 04:00:00
0,0,48,2026-04-26 08:00:00
0,0,50,2025-09-07 12:00:00
0,0,49,2025-07-12 16:00:00
0,0,49,2025-12-04 00:00:00
0,0,47,2025-09-07 08:00:00
0,0,46,2025-09-07 00:00:00
0,0,49,2026-01-13 00:00:00
0,0,49,2026-01-13 12:00:00
0,0,47,2026-01-13 16:00:00
0,0,49,2025-07-12 08:00:00
0,0,47,2026-03-24 16:00:00
0,0,46,2026-04-26 12:00:00
0,0,50,2026-01-13 04:00:00
0,0,47,2026-04-26 08:00:00
0,0,48,2025-03-10 20:00:00
0,0,46,2025-03-10 20:00:00
0,0,47,2026-01-13 00:00:00
0,0,48,2025-07-12 12:00:00
0,0,46,2025-07-12 12:00:00
0,0,49,2025-12-04 12:00:00
0,0,50,2025-03-10 16:00:00
0,0,48,2025-09-07 20:00:00
0,0,46,2025-03-10 00:00:00
0,0,46,2025-12-04 08:00:00
0,0,47,2025-03-10 12:00:00
0,0,46,2026-01-13 16:00:00
0,0,50,2026-03-24 20:00:00
0,0,47,2025-07-12 00:00:00
0,0,50,2026-03-24 04:00:00
0,0,46,2026-03-24 04:00:00
0,0,47,2025-09-07 00:00:00
0,0,48,2026-01-13 00:00:00
0,0,50,2025-12-04 12:00:00
0,0,47,2025-12-04 12:00:00
0,0,46,2025-09-07 20:00:00
0,0,47,2025-03-10 08:00:00
0,0,46,2026-01-13 04:00:00
0,0,50,2026-04-26 08:00:00
0,0,46,2026-04-26 08:00:00
0,0,49,2025-07-12 00:00:00
0,0,50,2025-03-10 04:00:00
0,0,50,2025-07-12 16:00:00
0,0,46,2025-07-12 04:00:00
0,0,49,2025-07-12 04:00:00
0,0,50,2025-12-04 00:00:00
0,0,49,2025-07-12 12:00:00
0,0,50,2026-01-13 12:00:00
0,0,50,2026-03-24 12:00:00
0,0,50,2025-07-12 08:00:00
0,0,48,2026-01-13 16:00:00
0,0,47,2026-04-26 12:00:00
0,0,46,2026-03-24 16:00:00
0,0,46,2025-07-12 00:00:00
0,0,47,2026-03-24 04:00:00
0,0,49,2026-03-24 04:00:00
0,0,49,2025-09-07 04:00:00
0,0,49,2025-03-10 20:00:00
0,0,49,2026-03-24 00:00:00
0,0,47,2025-09-07 20:00:00
0,0,48,2025-03-10 00:00:00
0,0,48,2026-03-24 12:00:00
0,0,50,2025-03-10 12:00:00
0,0,47,2025-12-04 04:00:00
0,0,48,2025-12-04 04:00:00
0,0,46,2025-12-04 04:00:00
0,0,49,2026-01-13 04:00:00
0,0,50,2026-04-26 00:00:00
0,0,49,2025-03-10 04:00:00
0,0,50,2025-03-10 20:00:00
0,0,46,2025-12-04 00:00:00
0,0,48,2026-03-24 00:00:00
0,0,46,2025-09-07 08:00:00
0,0,46,2026-01-13 12:00:00
0,0,47,2025-07-12 20:00:00
0,0,48,2025-12-04 12:00:00
0,0,47,2025-03-10 00:00:00
0,0,50,2025-09-07 16:00:00
0,0,48,2025-12-04 20:00:00
0,0,49,2026-03-24 12:00:00
0,0,49,2025-03-10 12:00:00
0,0,50,2025-03-10 08:00:00
0,0,50,2026-04-26 16:00:00
0,0,48,2025-03-10 08:00:00
0,0,48,2026-01-13 04:00:00
0,0,49,2026-04-26 04:00:00
0,0,49,2026-04-26 08:00:00
0,0,47,2026-04-26 00:00:00
0,0,47,2026-03-24 08:00:00
0,0,48,2026-03-24 04:00:00
0,0,50,2025-09-07 04:00:00
0,0,48,2025-07-12 04:00:00
0,0,50,2026-01-13 08:00:00
0,0,49,2025-03-10 16:00:00
0,0,46,2025-09-07 16:00:00
0,0,46,2026-01-13 20:00:00
0,0,47,2025-12-04 16:00:00
0,0,46,2025-07-12 08:00:00
0,0,47,2026-04-26 04:00:00
0,0,48,2026-04-26 04:00:00
0,0,46,2026-03-24 20:00:00
0,0,49,2025-12-04 04:00:00
0,0,46,2026-04-26 00:00:00
0,0,47,2025-09-07 12:00:00
0,0,48,2025-09-07 04:00:00
0,0,47,2026-01-13 12:00:00
0,0,48,2026-01-13 08:00:00
0,0,47,2025-09-07 16:00:00
0,0,49,2025-09-07 16:00:00
0,0,48,2025-03-10 12:00:00
0,0,49,2025-12-04 16:00:00
0,0,48,2026-03-24 20:00:00
0,0,49,2026-03-24 20:00:00
0,0,47,2025-03-10 04:00:00
0,0,50,2025-07-12 04:00:00
0,0,47,2025-03-10 20:00:00
0,0,48,2025-12-04 00:00:00
0,0,46,2026-01-13 00:00:00
0,0,48,2026-01-13 12:00:00
0,0,50,2025-07-12 20:00:00
0,0,49,2025-07-12 20:00:00
0,0,48,2025-09-07 16:00:00
0,0,48,2026-04-26 16:00:00
0,0,48,2026-03-24 16:00:00
0,0,50,2025-07-12 00:00:00
0,0,48,2025-07-12 00:00:00
0,0,48,2026-04-26 20:00:00
0,0,49,2025-09-07 12:00:00
0,0,48,2025-09-07 08:00:00
0,0,46,2026-03-24 00:00:00
0,0,49,2025-09-07 00:00:00
0,0,49,2025-09-07 08:00:00
0,0,47,2026-01-13 08:00:00
0,0,47,2025-03-10 16:00:00
0,0,47,2025-12-04 20:00:00
0,0,46,2025-12-04 20:00:00
0,0,49,2025-12-04 20:00:00
0,0,46,2025-12-04 16:00:00
0,0,48,2026-04-26 00:00:00
0,0,46,2025-03-10 04:00:00
0,0,49,2026-04-26 00:00:00
0,0,47,2025-09-07 04:00:00
0,0,47,2025-07-12 16:00:00
0,0,46,2025-09-07 12:00:00
0,0,46,2026-01-13 08:00:00
0,0,49,2026-01-13 08:00:00
0,0,48,2026-01-13 20:00:00
0,0,49,2025-12-04 08:00:00
0,0,49,2026-01-13 20:00:00
0,0,47,2025-07-12 08:00:00
0,0,48,2025-07-12 08:00:00
0,0,49,2025-03-10 08:00:00
0,0,49,2026-01-13 16:00:00
0,0,49,2026-03-24 16:00:00
0,0,46,2026-03-24 08:00:00
0,0,50,2026-04-26 20:00:00
0,0,48,2025-07-12 16:00:00
0,0,46,2025-09-07 04:00:00
0,0,50,2025-09-07 08:00:00
0,0,50,2026-01-13 00:00:00
0,0,50,2026-03-24 00:00:00
0,0,46,2025-12-04 12:00:00
0,0,49,2025-09-07 20:00:00
0,0,47,2025-12-04 08:00:00
0,0,47,2026-03-24 12:00:00
0,0,50,2025-12-04 16:00:00
0,0,46,2025-03-10 08:00:00
0,0,46,2026-04-26 16:00:00
0,0,48,2026-04-26 12:00:00
0,0,47,2026-03-24 20:00:00
0,0,46,2026-04-26 04:00:00
0,0,46,2026-04-26 20:00:00
0,0,46,2025-07-12 16:00:00
0,0,47,2025-12-04 00:00:00
0,0,50,2025-09-07 00:00:00
0,0,47,2025-07-12 12:00:00
0,0,50,2025-03-10 00:00:00
0,0,49,2025-03-10 00:00:00
0,0,46,2026-03-24 12:00:00
0,0,47,2026-04-26 16:00:00
0,0,49,2026-04-26 16:00:00
0,0,50,2026-04-26 12:00:00
0,0,50,2025-12-04 04:00:00
0,0,50,2026-04-26 04:00:00
0,0,49,2026-03-24 08:00:00
0,0,47,2026-03-24 00:00:00
0,0,46,2025-03-10 16:00:00
0,0,46,2025-03-10 12:00:00
0,0,50,2026-01-13 16:00:00
0,0,50,2026-03-24 16:00:00
0,0,49,2026-04-26 12:00:00
0,0,48,2025-03-10 04:00:00
0,0,50,2026-03-24 08:00:00
0,0,47,2026-04-26 20:00:00
0,0,49,2026-04-26 20:00:00
0,0,48,2025-09-07 00:00:00
0,0,48,2025-07-12 20:00:00
0,0,46,2025-07-12 20:00:00
0,0,50,2025-09-07 20:00:00
0,0,48,2025-03-10 16:00:00
0,0,50,2025-12-04 08:00:00
0,0,50,2025-12-04 20:00:00
0,0,47,2026-01-13 20:00:00
0,0,73,2026-04-26 04:00:00
0,0,75,2026-04-26 00:00:00
0,0,73,2025-07-12 16:00:00
0,0,71,2025-09-07 12:00:00
0,0,74,2025-09-07 12:00:00
0,0,73,2025-07-12 04:00:00
0,0,72,2025-07-12 04:00:00
0,0,74,2026-01-13 12:00:00
0,0,73,2025-12-04 08:00:00
0,0,73,2025-12-04 20:00:00
0,0,74,2025-12-04 16:00:00
0,0,72,2026-01-13 04:00:00
0,0,72,2026-04-26 00:00:00
0,0,73,2026-03-24 04:00:00
0,0,75,2025-12-04 00:00:00
0,0,71,2025-09-07 00:00:00
0,0,72,2026-01-13 08:00:00
0,0,75,2025-07-12 20:00:00
0,0,73,2025-09-07 20:00:00
0,0,73,2025-09-07 16:00:00
0,0,75,2025-12-04 08:00:00
0,0,74,2025-12-04 20:00:00
0,0,71,2025-03-10 08:00:00
0,0,75,2025-07-12 08:00:00
0,0,74,2026-01-13 16:00:00
0,0,71,2026-03-24 16:00:00
0,0,73,2026-04-26 00:00:00
0,0,72,2025-03-10 20:00:00
0,0,75,2025-07-12 04:00:00
0,0,74,2025-09-07 00:00:00
0,0,74,2025-07-12 12:00:00
0,0,73,2025-03-10 00:00:00
0,0,72,2025-03-10 00:00:00
0,0,72,2025-12-04 08:00:00
0,0,72,2025-12-04 16:00:00
0,0,75,2026-01-13 16:00:00
0,0,75,2026-04-26 16:00:00
0,0,72,2025-12-04 04:00:00
0,0,71,2025-07-12 00:00:00
0,0,75,2026-04-26 08:00:00
0,0,73,2025-12-04 00:00:00
0,0,71,2026-01-13 08:00:00
0,0,74,2025-07-12 20:00:00
0,0,73,2026-03-24 12:00:00
0,0,75,2025-12-04 16:00:00
0,0,74,2025-03-10 08:00:00
0,0,71,2026-01-13 04:00:00
0,0,74,2026-04-26 04:00:00
0,0,74,2025-07-12 00:00:00
0,0,72,2025-03-10 04:00:00
0,0,71,2026-04-26 20:00:00
0,0,74,2026-04-26 20:00:00
0,0,72,2025-09-07 00:00:00
0,0,74,2026-01-13 00:00:00
0,0,74,2026-03-24 00:00:00
0,0,72,2026-01-13 12:00:00
0,0,75,2025-03-10 16:00:00
0,0,74,2025-09-07 20:00:00
0,0,72,2025-09-07 16:00:00
0,0,75,2025-09-07 16:00:00
0,0,75,2026-03-24 12:00:00
0,0,71,2026-04-26 08:00:00
0,0,72,2025-09-07 08:00:00
0,0,73,2025-07-12 20:00:00
0,0,72,2025-03-10 16:00:00
0,0,72,2025-09-07 20:00:00
0,0,74,2025-03-10 00:00:00
0,0,74,2025-03-10 16:00:00
0,0,74,2025-09-07 16:00:00
0,0,74,2026-01-13 20:00:00
0,0,73,2025-12-04 16:00:00
0,0,71,2025-12-04 16:00:00
0,0,72,2025-03-10 08:00:00
0,0,74,2026-04-26 16:00:00
0,0,73,2026-03-24 16:00:00
0,0,74,2026-04-26 12:00:00
0,0,72,2026-04-26 04:00:00
0,0,73,2025-09-07 12:00:00
0,0,75,2025-03-10 20:00:00
0,0,73,2025-09-07 00:00:00
0,0,74,2025-09-07 08:00:00
0,0,75,2026-01-13 12:00:00
0,0,73,2026-01-13 20:00:00
0,0,71,2025-12-04 20:00:00
0,0,71,2026-01-13 16:00:00
0,0,71,2026-04-26 16:00:00
0,0,73,2025-12-04 04:00:00
0,0,73,2025-07-12 00:00:00
0,0,72,2026-03-24 04:00:00
0,0,75,2025-09-07 04:00:00
0,0,71,2025-12-04 00:00:00
0,0,71,2025-09-07 08:00:00
0,0,75,2026-03-24 00:00:00
0,0,73,2026-01-13 12:00:00
0,0,71,2026-01-13 12:00:00
0,0,71,2025-12-04 12:00:00
0,0,75,2025-12-04 12:00:00
0,0,71,2025-03-10 16:00:00
0,0,71,2025-09-07 20:00:00
0,0,72,2026-01-13 20:00:00
0,0,71,2025-12-04 08:00:00
0,0,75,2025-12-04 04:00:00
0,0,71,2025-07-12 16:00:00
0,0,73,2025-03-10 20:00:00
0,0,74,2025-07-12 04:00:00
0,0,72,2026-03-24 00:00:00
0,0,73,2025-03-10 16:00:00
0,0,75,2025-12-04 20:00:00
0,0,75,2026-01-13 20:00:00
0,0,74,2026-03-24 12:00:00
0,0,73,2026-04-26 16:00:00
0,0,72,2025-07-12 08:00:00
0,0,74,2026-03-24 16:00:00
0,0,73,2026-03-24 20:00:00
0,0,71,2026-04-26 04:00:00
0,0,75,2026-01-13 04:00:00
0,0,74,2025-12-04 04:00:00
0,0,73,2026-04-26 08:00:00
0,0,72,2025-07-12 00:00:00
0,0,75,2025-03-10 04:00:00
0,0,74,2025-03-10 04:00:00
0,0,72,2025-09-07 04:00:00
0,0,71,2025-09-07 04:00:00
0,0,75,2025-07-12 16:00:00
0,0,74,2026-01-13 08:00:00
0,0,71,2026-03-24 12:00:00
0,0,71,2025-03-10 12:00:00
0,0,73,2025-03-10 08:00:00
0,0,74,2025-07-12 08:00:00
0,0,73,2026-04-26 12:00:00
0,0,75,2026-04-26 04:00:00
0,0,75,2025-07-12 00:00:00
0,0,71,2026-04-26 00:00:00
0,0,73,2026-03-24 08:00:00
0,0,72,2026-03-24 08:00:00
0,0,71,2026-03-24 08:00:00
0,0,74,2026-03-24 04:00:00
0,0,73,2025-09-07 08:00:00
0,0,71,2026-01-13 00:00:00
0,0,71,2026-03-24 00:00:00
0,0,73,2026-01-13 08:00:00
0,0,71,2025-09-07 16:00:00
0,0,73,2025-07-12 08:00:00
0,0,75,2025-03-10 08:00:00
0,0,75,2026-03-24 16:00:00
0,0,74,2026-01-13 04:00:00
0,0,74,2026-04-26 00:00:00
0,0,75,2026-03-24 08:00:00
0,0,74,2026-03-24 08:00:00
0,0,73,2025-09-07 04:00:00
0,0,72,2025-09-07 12:00:00
0,0,72,2025-07-12 16:00:00
0,0,74,2025-07-12 16:00:00
0,0,74,2025-03-10 20:00:00
0,0,73,2026-01-13 00:00:00
0,0,75,2026-01-13 00:00:00
0,0,72,2025-12-04 12:00:00
0,0,72,2025-07-12 20:00:00
0,0,75,2025-03-10 00:00:00
0,0,72,2025-03-10 12:00:00
0,0,72,2026-04-26 16:00:00
0,0,72,2026-04-26 12:00:00
0,0,71,2026-04-26 12:00:00
0,0,75,2026-03-24 20:00:00
0,0,74,2026-04-26 08:00:00
0,0,71,2025-03-10 04:00:00
0,0,72,2026-04-26 20:00:00
0,0,72,2025-12-04 00:00:00
0,0,72,2026-01-13 00:00:00
0,0,74,2025-12-04 12:00:00
0,0,72,2026-03-24 12:00:00
0,0,74,2025-03-10 12:00:00
0,0,72,2026-01-13 16:00:00
0,0,71,2025-07-12 08:00:00
0,0,72,2026-03-24 16:00:00
0,0,75,2026-04-26 12:00:00
0,0,72,2026-04-26 08:00:00
0,0,75,2026-03-24 04:00:00
0,0,75,2025-09-07 12:00:00
0,0,75,2026-04-26 20:00:00
0,0,74,2025-09-07 04:00:00
0,0,73,2025-07-12 12:00:00
0,0,71,2025-07-12 12:00:00
0,0,75,2026-01-13 08:00:00
0,0,71,2025-07-12 20:00:00
0,0,72,2025-12-04 20:00:00
0,0,73,2025-03-10 12:00:00
0,0,73,2026-01-13 16:00:00
0,0,73,2026-01-13 04:00:00
0,0,71,2025-12-04 04:00:00
0,0,73,2025-03-10 04:00:00
0,0,74,2025-12-04 00:00:00
0,0,75,2025-09-07 00:00:00
0,0,75,2025-09-07 08:00:00
0,0,75,2025-07-12 12:00:00
0,0,75,2025-03-10 12:00:00
0,0,72,2026-03-24 20:00:00
0,0,71,2026-03-24 20:00:00
0,0,74,2026-03-24 20:00:00
0,0,71,2026-03-24 04:00:00
0,0,73,2026-04-26 20:00:00
0,0,71,2025-03-10 20:00:00
0,0,71,2025-07-12 04:00:00
0,0,73,2026-03-24 00:00:00
0,0,72,2025-07-12 12:00:00
0,0,73,2025-12-04 12:00:00
0,0,71,2025-03-10 00:00:00
0,0,75,2025-09-07 20:00:00
0,0,71,2026-01-13 20:00:00
0,0,74,2025-12-04 08:00:00
0,0,19,2025-03-10 08:00:00
0,0,16,2025-12-04 00:00:00
0,0,16,2026-01-13 16:00:00
0,0,16,2025-09-07 16:00:00
0,0,16,2026-04-26 16:00:00
0,0,16,2025-12-04 20:00:00
0,0,17,2025-09-07 00:00:00
0,0,17,2026-03-24 16:00:00
0,0,17,2025-09-07 20:00:00
0,0,19,2026-04-26 08:00:00
0,0,17,2026-04-26 08:00:00
0,0,18,2025-09-07 12:00:00
0,0,18,2026-01-13 04:00:00
0,0,18,2025-07-12 12:00:00
0,0,17,2025-09-07 04:00:00
0,0,16,2025-07-12 20:00:00
0,0,17,2026-01-13 16:00:00
0,0,18,2026-01-13 20:00:00
0,0,16,2026-03-24 20:00:00
0,0,16,2025-03-10 04:00:00
2,0,20,2025-09-07 08:00:00
1,0,20,2025-07-12 12:00:00
0,0,18,2026-03-24 16:00:00
0,0,19,2026-03-24 16:00:00
1,0,20,2025-12-04 12:00:00
0,0,18,2026-01-13 12:00:00
0,0,18,2026-03-24 04:00:00
0,0,18,2026-04-26 20:00:00
0,0,17,2026-04-26 20:00:00
2,0,20,2025-12-04 08:00:00
0,0,18,2026-03-24 00:00:00
0,0,19,2026-03-24 08:00:00
0,0,18,2025-09-07 16:00:00
0,0,16,2026-03-24 12:00:00
0,0,20,2025-07-12 04:00:00
0,0,16,2026-01-13 00:00:00
0,0,18,2025-09-07 20:00:00
0,0,19,2025-03-10 20:00:00
0,0,18,2025-07-12 08:00:00
0,0,16,2026-01-13 04:00:00
0,0,17,2026-01-13 04:00:00
0,0,17,2025-07-12 00:00:00
1,0,20,2025-03-10 08:00:00
0,0,18,2026-04-26 00:00:00
0,0,16,2026-01-13 08:00:00
0,0,16,2026-04-26 00:00:00
0,0,17,2025-12-04 16:00:00
0,0,17,2026-03-24 08:00:00
0,0,19,2026-01-13 16:00:00
0,0,19,2025-03-10 04:00:00
0,0,16,2026-04-26 12:00:00
0,0,17,2025-07-12 04:00:00
0,0,16,2025-03-10 20:00:00
0,0,16,2025-09-07 20:00:00
0,0,17,2025-03-10 20:00:00
0,0,17,2025-09-07 12:00:00
0,0,19,2025-07-12 00:00:00
0,0,18,2025-03-10 08:00:00
0,0,17,2026-01-13 08:00:00
0,0,18,2025-09-07 04:00:00
0,0,19,2025-03-10 00:00:00
0,0,19,2025-12-04 00:00:00
0,0,16,2025-12-04 16:00:00
0,0,16,2026-03-24 08:00:00
0,0,20,2026-03-24 20:00:00
0,0,19,2025-03-10 12:00:00
0,0,17,2025-09-07 08:00:00
0,0,17,2026-01-13 20:00:00
0,0,20,2025-12-04 00:00:00
0,0,20,2026-03-24 00:00:00
1,0,20,2026-01-13 12:00:00
0,0,19,2026-04-26 20:00:00
0,0,17,2026-03-24 04:00:00
0,0,20,2025-12-04 20:00:00
0,0,17,2025-07-12 08:00:00
1,0,20,2025-03-10 12:00:00
0,0,18,2025-07-12 00:00:00
0,0,19,2026-04-26 04:00:00
0,0,19,2026-01-13 08:00:00
0,0,19,2025-09-07 04:00:00
0,0,18,2026-04-26 16:00:00
0,0,19,2025-09-07 08:00:00
0,0,19,2025-09-07 16:00:00
0,0,16,2025-09-07 08:00:00
0,0,19,2025-03-10 16:00:00
0,0,17,2025-03-10 16:00:00
0,0,18,2026-03-24 20:00:00
0,0,19,2026-03-24 20:00:00
0,0,20,2026-04-26 20:00:00
0,0,20,2025-07-12 16:00:00
0,0,18,2026-04-26 12:00:00
0,0,19,2026-04-26 12:00:00
0,0,19,2025-12-04 08:00:00
0,0,18,2025-03-10 20:00:00
0,0,18,2026-04-26 08:00:00
0,0,18,2025-03-10 00:00:00
0,0,19,2025-12-04 04:00:00
0,0,16,2025-07-12 12:00:00
1,0,20,2025-09-07 12:00:00
0,0,17,2025-03-10 04:00:00
0,0,18,2025-12-04 08:00:00
0,0,18,2025-07-12 04:00:00
0,0,18,2025-07-12 16:00:00
0,0,19,2025-09-07 00:00:00
0,0,19,2025-07-12 16:00:00
0,0,17,2025-12-04 08:00:00
0,0,18,2025-12-04 12:00:00
0,0,19,2025-12-04 12:00:00
0,0,19,2026-03-24 00:00:00
0,0,16,2025-07-12 08:00:00
0,0,18,2026-04-26 04:00:00
0,0,19,2026-04-26 00:00:00
0,0,18,2025-12-04 00:00:00
0,0,16,2025-09-07 04:00:00
0,0,20,2026-04-26 04:00:00
0,0,18,2025-07-12 20:00:00
4,0,17,2025-03-10 12:00:00
0,0,20,2026-04-26 00:00:00
0,0,16,2026-01-13 20:00:00
0,0,17,2026-04-26 12:00:00
0,1,16,2025-12-04 08:00:00
0,0,16,2026-03-24 16:00:00
0,0,17,2025-03-10 00:00:00
0,0,17,2025-07-12 12:00:00
0,0,20,2026-01-13 04:00:00
0,0,18,2026-01-13 16:00:00
0,0,19,2025-07-12 20:00:00
0,0,18,2025-12-04 20:00:00
0,0,20,2026-01-13 00:00:00
0,0,19,2025-07-12 04:00:00
0,0,16,2025-07-12 16:00:00
0,0,17,2025-07-12 16:00:00
0,0,19,2026-01-13 12:00:00
0,0,19,2026-03-24 04:00:00
0,0,16,2026-04-26 20:00:00
0,0,16,2025-09-07 12:00:00
1,0,20,2026-03-24 12:00:00
0,0,18,2026-01-13 08:00:00
0,0,16,2025-03-10 08:00:00
0,0,20,2026-03-24 16:00:00
1,0,20,2026-04-26 12:00:00
0,0,16,2025-12-04 04:00:00
0,0,16,2025-09-07 00:00:00
0,0,16,2025-07-12 00:00:00
0,0,18,2025-12-04 16:00:00
0,0,20,2025-12-04 04:00:00
0,0,19,2025-12-04 20:00:00
0,0,20,2025-09-07 00:00:00
0,0,16,2025-07-12 04:00:00
0,0,16,2026-01-13 12:00:00
0,0,17,2026-03-24 00:00:00
0,0,17,2026-04-26 04:00:00
0,0,18,2026-03-24 08:00:00
0,0,16,2025-03-10 00:00:00
0,0,17,2025-12-04 04:00:00
2,0,20,2026-04-26 08:00:00
0,0,20,2025-07-12 00:00:00
0,0,17,2025-09-07 16:00:00
0,0,18,2025-03-10 16:00:00
0,0,19,2026-01-13 20:00:00
0,0,18,2026-01-13 00:00:00
0,0,20,2026-01-13 20:00:00
0,0,16,2026-03-24 00:00:00
0,0,20,2025-12-04 16:00:00
0,0,20,2026-01-13 16:00:00
2,0,20,2025-07-12 08:00:00
0,0,18,2025-12-04 04:00:00
0,0,19,2025-07-12 12:00:00
0,0,17,2025-12-04 00:00:00
0,0,20,2025-03-10 04:00:00
0,0,18,2026-03-24 12:00:00
0,0,16,2025-03-10 16:00:00
1,0,20,2026-03-24 08:00:00
0,0,20,2025-03-10 20:00:00
0,0,20,2025-03-10 00:00:00
0,0,16,2025-12-04 12:00:00
0,0,19,2026-01-13 04:00:00
0,0,16,2026-04-26 04:00:00
0,0,17,2026-04-26 00:00:00
0,0,17,2025-07-12 20:00:00
0,0,18,2025-09-07 08:00:00
0,0,19,2026-04-26 16:00:00
0,0,17,2026-04-26 16:00:00
0,0,20,2026-03-24 04:00:00
0,0,18,2025-03-10 04:00:00
0,0,20,2026-01-13 08:00:00
0,0,19,2026-01-13 00:00:00
0,0,20,2025-09-07 20:00:00
0,0,20,2025-09-07 16:00:00
4,0,17,2025-12-04 12:00:00
0,0,20,2026-04-26 16:00:00
0,1,16,2025-03-10 12:00:00
4,0,17,2026-03-24 12:00:00
0,0,17,2026-03-24 20:00:00
0,0,17,2026-01-13 00:00:00
0,0,20,2025-07-12 20:00:00
0,0,19,2025-09-07 20:00:00
0,0,16,2026-03-24 04:00:00
0,0,17,2025-03-10 08:00:00
0,0,19,2025-12-04 16:00:00
0,0,18,2025-03-10 12:00:00
0,0,19,2026-03-24 12:00:00
0,0,20,2025-09-07 04:00:00
0,0,17,2025-12-04 20:00:00
0,0,18,2025-09-07 00:00:00
4,0,17,2026-01-13 12:00:00
0,0,20,2025-03-10 16:00:00
0,0,16,2026-04-26 08:00:00
0,0,19,2025-09-07 12:00:00
0,0,19,2025-07-12 08:00:00
0,0,02,2025-03-10 08:00:00
1,0,02,2026-03-24 08:00:00
0,0,04,2026-03-24 08:00:00
0,0,02,2025-07-12 20:00:00
0,0,01,2026-03-24 20:00:00
0,1,02,2025-12-04 20:00:00
0,0,04,2025-03-10 04:00:00
2,0,05,2025-09-07 04:00:00
0,0,04,2026-04-26 12:00:00
0,0,01,2026-03-24 16:00:00
0,0,02,2026-03-24 16:00:00
1,1,03,2026-01-13 12:00:00
0,0,02,2025-09-07 12:00:00
1,0,03,2025-07-12 08:00:00
0,0,01,2025-12-04 16:00:00
1,0,05,2026-03-24 16:00:00
0,0,02,2026-01-13 16:00:00
0,0,02,2026-01-13 20:00:00
0,0,01,2025-07-12 04:00:00
2,0,03,2025-07-12 20:00:00
0,0,04,2026-03-24 04:00:00
0,0,02,2026-04-26 08:00:00
0,0,05,2025-09-07 20:00:00
1,0,02,2025-12-04 12:00:00
0,0,01,2025-07-12 00:00:00
0,0,02,2026-01-13 08:00:00
0,0,02,2025-12-04 04:00:00
0,0,01,2025-07-12 20:00:00
0,0,01,2025-09-07 08:00:00
0,0,02,2026-04-26 16:00:00
2,0,03,2026-04-26 20:00:00
1,2,03,2026-01-13 08:00:00
1,1,02,2026-01-13 12:00:00
2,0,03,2025-03-10 00:00:00
0,0,01,2026-01-13 04:00:00
1,0,05,2025-12-04 16:00:00
1,0,01,2025-07-12 12:00:00
1,0,01,2025-03-10 12:00:00
0,0,04,2026-04-26 16:00:00
2,0,05,2026-03-24 04:00:00
0,0,01,2026-03-24 04:00:00
1,1,03,2025-03-10 16:00:00
0,0,01,2026-03-24 00:00:00
0,0,01,2025-07-12 08:00:00
1,1,05,2025-03-10 12:00:00
1,1,03,2026-01-13 16:00:00
0,0,02,2025-12-04 00:00:00
0,0,02,2025-12-04 16:00:00
0,0,04,2025-03-10 00:00:00
1,0,02,2026-03-24 12:00:00
2,0,05,2025-07-12 16:00:00
0,0,01,2025-03-10 20:00:00
2,0,05,2025-09-07 16:00:00
0,0,02,2026-04-26 04:00:00
0,0,04,2025-03-10 08:00:00
0,0,01,2025-12-04 00:00:00
0,0,04,2025-09-07 04:00:00
0,0,01,2025-03-10 16:00:00
0,0,05,2026-04-26 00:00:00
0,0,02,2026-04-26 12:00:00
2,0,03,2026-01-13 00:00:00
0,0,05,2025-09-07 00:00:00
0,1,01,2025-07-12 16:00:00
0,0,02,2025-07-12 16:00:00
0,0,04,2026-01-13 00:00:00
0,0,02,2026-03-24 04:00:00
0,0,02,2026-04-26 20:00:00
0,0,04,2026-04-26 08:00:00
1,0,01,2025-09-07 12:00:00
0,0,01,2026-04-26 04:00:00
0,0,02,2026-04-26 00:00:00
0,0,02,2025-03-10 00:00:00
0,0,04,2025-07-12 12:00:00
0,0,04,2025-12-04 20:00:00
0,0,77,2025-06-27 16:00:00
0,0,77,2025-11-14 20:00:00
4,4,76,2025-06-27 16:00:00
0,0,77,2025-11-14 04:00:00
4,4,76,2025-06-27 12:00:00
0,0,77,2025-06-27 04:00:00
4,4,76,2025-11-14 12:00:00
0,0,77,2025-06-27 00:00:00
4,3,76,2025-11-14 04:00:00
4,4,76,2025-06-27 00:00:00
0,0,77,2025-11-14 00:00:00
0,0,77,2025-11-14 16:00:00
4,4,76,2025-06-27 20:00:00
1,0,77,2025-06-27 12:00:00
1,1,77,2025-06-27 08:00:00
4,4,76,2025-11-14 08:00:00
0,0,77,2025-06-27 20:00:00
4,4,76,2025-11-14 20:00:00
0,1,77,2025-11-14 08:00:00
4,3,76,2025-06-27 04:00:00
1,2,77,2025-11-14 12:00:00
4,4,76,2025-11-14 16:00:00
4,4,76,2025-06-27 08:00:00
4,3,76,2025-11-14 00:00:00
0,0,63,2025-11-14 00:00:00
0,0,61,2025-06-27 16:00:00
0,0,61,2025-11-14 08:00:00
3,0,63,2025-06-27 12:00:00
0,0,65,2025-06-27 04:00:00
0,0,61,2025-06-27 12:00:00
0,0,61,2025-11-14 16:00:00
0,0,63,2025-06-27 20:00:00
0,0,62,2025-11-14 04:00:00
0,0,64,2025-11-14 00:00:00
3,0,63,2025-06-27 16:00:00
3,0,64,2025-06-27 16:00:00
0,0,63,2025-06-27 04:00:00
3,0,64,2025-06-27 12:00:00
0,0,62,2025-06-27 00:00:00
0,0,61,2025-11-14 12:00:00
3,0,65,2025-11-14 16:00:00
0,0,61,2025-06-27 04:00:00
0,0,65,2025-06-27 20:00:00
0,0,62,2025-06-27 04:00:00
3,0,64,2025-11-14 08:00:00
0,0,61,2025-06-27 20:00:00
3,0,62,2025-06-27 08:00:00
3,0,64,2025-06-27 08:00:00
0,0,63,2025-11-14 04:00:00
0,0,64,2025-11-14 20:00:00
0,0,61,2025-11-14 00:00:00
3,0,64,2025-06-27 04:00:00
0,0,61,2025-11-14 04:00:00
0,0,65,2025-06-27 00:00:00
3,0,62,2025-06-27 16:00:00
0,0,61,2025-11-14 20:00:00
3,0,65,2025-11-14 08:00:00
0,0,62,2025-11-14 20:00:00
0,0,65,2025-11-14 00:00:00
3,0,64,2025-11-14 16:00:00
0,0,64,2025-06-27 00:00:00
0,0,62,2025-11-14 00:00:00
3,0,65,2025-06-27 16:00:00
3,0,62,2025-11-14 08:00:00
3,0,64,2025-06-27 20:00:00
3,0,65,2025-06-27 08:00:00
0,0,63,2025-11-14 20:00:00
3,0,65,2025-06-27 12:00:00
0,0,61,2025-06-27 00:00:00
3,0,63,2025-11-14 12:00:00
3,0,62,2025-11-14 12:00:00
3,0,64,2025-11-14 12:00:00
0,0,65,2025-11-14 20:00:00
0,0,63,2025-06-27 00:00:00
0,0,63,2025-11-14 16:00:00
3,0,62,2025-11-14 16:00:00
3,0,63,2025-06-27 08:00:00
3,0,62,2025-06-27 12:00:00
0,0,61,2025-06-27 08:00:00
0,0,62,2025-06-27 20:00:00
3,0,65,2025-11-14 12:00:00
0,0,63,2025-11-14 08:00:00
3,0,64,2025-11-14 04:00:00
0,0,65,2025-11-14 04:00:00
0,0,50,2025-06-27 08:00:00
0,0,49,2025-06-27 08:00:00
0,0,50,2025-06-27 12:00:00
0,0,48,2025-06-27 12:00:00
0,0,47,2025-06-27 00:00:00
0,0,48,2025-11-14 00:00:00
0,0,46,2025-11-14 12:00:00
0,0,47,2025-11-14 08:00:00
0,0,47,2025-06-27 20:00:00
0,0,48,2025-06-27 20:00:00
0,0,46,2025-11-14 04:00:00
0,0,49,2025-06-27 12:00:00
0,0,50,2025-06-27 16:00:00
0,0,49,2025-11-14 16:00:00
0,0,50,2025-11-14 08:00:00
0,0,48,2025-06-27 16:00:00
0,0,49,2025-06-27 16:00:00
0,0,47,2025-11-14 04:00:00
0,0,46,2025-06-27 12:00:00
0,0,47,2025-11-14 00:00:00
0,0,48,2025-11-14 16:00:00
0,0,50,2025-06-27 04:00:00
0,0,49,2025-11-14 12:00:00
0,0,50,2025-11-14 16:00:00
0,0,46,2025-06-27 08:00:00
0,0,50,2025-11-14 20:00:00
0,0,50,2025-11-14 12:00:00
0,0,49,2025-06-27 20:00:00
0,0,47,2025-11-14 20:00:00
0,0,46,2025-06-27 16:00:00
0,0,46,2025-06-27 04:00:00
0,0,49,2025-06-27 04:00:00
0,0,48,2025-06-27 00:00:00
0,0,47,2025-11-14 16:00:00
0,0,48,2025-11-14 08:00:00
0,0,46,2025-06-27 20:00:00
0,0,46,2025-11-14 20:00:00
0,0,47,2025-06-27 16:00:00
0,0,49,2025-11-14 08:00:00
0,0,47,2025-06-27 08:00:00
0,0,48,2025-06-27 08:00:00
0,0,47,2025-06-27 12:00:00
0,0,50,2025-06-27 00:00:00
0,0,47,2025-11-14 12:00:00
0,0,48,2025-06-27 04:00:00
0,0,50,2025-06-27 20:00:00
0,0,48,2025-11-14 04:00:00
0,0,48,2025-11-14 20:00:00
0,0,49,2025-11-14 00:00:00
0,0,49,2025-11-14 20:00:00
0,0,46,2025-06-27 00:00:00
0,0,50,2025-11-14 00:00:00
0,0,46,2025-11-14 00:00:00
0,0,48,2025-11-14 12:00:00
0,0,46,2025-11-14 08:00:00
0,0,46,2025-11-14 16:00:00
0,0,50,2025-11-14 04:00:00
0,0,49,2025-11-14 04:00:00
0,0,47,2025-06-27 04:00:00
0,0,49,2025-06-27 00:00:00
0,0,74,2025-06-27 20:00:00
0,0,73,2025-06-27 12:00:00
0,0,72,2025-06-27 12:00:00
0,0,75,2025-06-27 00:00:00
0,0,75,2025-11-14 12:00:00
0,0,73,2025-11-14 16:00:00
0,0,72,2025-06-27 20:00:00
0,0,72,2025-11-14 20:00:00
0,0,72,2025-11-14 00:00:00
0,0,74,2025-11-14 12:00:00
0,1,73,2025-06-27 04:00:00
0,0,71,2025-06-27 04:00:00
0,0,71,2025-06-27 12:00:00
0,0,71,2025-11-14 00:00:00
0,0,75,2025-06-27 16:00:00
0,0,73,2025-06-27 00:00:00
0,0,71,2025-11-14 08:00:00
0,0,75,2025-06-27 20:00:00
0,0,74,2025-11-14 00:00:00
0,0,72,2025-11-14 16:00:00
0,0,72,2025-06-27 08:00:00
0,0,72,2025-06-27 16:00:00
0,0,71,2025-06-27 16:00:00
0,0,74,2025-06-27 04:00:00
0,0,73,2025-11-14 08:00:00
0,0,73,2025-06-27 16:00:00
0,0,72,2025-11-14 08:00:00
0,0,75,2025-11-14 08:00:00
0,0,73,2025-06-27 08:00:00
0,0,74,2025-11-14 04:00:00
0,0,75,2025-11-14 20:00:00
0,0,75,2025-11-14 16:00:00
0,0,71,2025-11-14 04:00:00
0,0,73,2025-11-14 20:00:00
0,0,71,2025-11-14 16:00:00
0,0,73,2025-11-14 04:00:00
0,0,72,2025-11-14 04:00:00
0,0,71,2025-11-14 20:00:00
0,0,75,2025-06-27 12:00:00
0,0,74,2025-06-27 12:00:00
0,0,73,2025-11-14 00:00:00
0,0,75,2025-11-14 00:00:00
0,0,75,2025-06-27 04:00:00
0,0,75,2025-11-14 04:00:00
0,0,74,2025-06-27 16:00:00
0,0,75,2025-06-27 08:00:00
0,0,74,2025-06-27 08:00:00
0,0,72,2025-11-14 12:00:00
0,0,71,2025-11-14 12:00:00
0,0,74,2025-11-14 16:00:00
0,0,71,2025-06-27 08:00:00
0,0,72,2025-06-27 00:00:00
0,0,71,2025-06-27 00:00:00
0,0,73,2025-11-14 12:00:00
0,0,72,2025-06-27 04:00:00
0,0,74,2025-11-14 08:00:00
0,0,73,2025-06-27 20:00:00
0,0,71,2025-06-27 20:00:00
0,0,74,2025-11-14 20:00:00
0,0,74,2025-06-27 00:00:00
0,0,19,2025-11-14 12:00:00
0,0,17,2025-11-14 04:00:00
0,0,20,2025-11-14 00:00:00
0,0,16,2025-06-27 16:00:00
0,0,16,2025-06-27 08:00:00
0,0,16,2025-06-27 00:00:00
2,0,20,2025-11-14 08:00:00
2,0,20,2025-06-27 08:00:00
0,0,19,2025-11-14 00:00:00
0,0,18,2025-06-27 04:00:00
0,0,19,2025-06-27 04:00:00
0,0,16,2025-11-14 04:00:00
0,0,18,2025-06-27 08:00:00
0,0,18,2025-11-14 00:00:00
0,0,16,2025-11-14 00:00:00
0,0,20,2025-11-14 04:00:00
0,0,18,2025-11-14 16:00:00
0,0,16,2025-06-27 04:00:00
0,0,19,2025-06-27 16:00:00
0,0,17,2025-06-27 16:00:00
0,0,19,2025-06-27 00:00:00
0,0,17,2025-06-27 00:00:00
0,0,18,2025-06-27 00:00:00
0,0,17,2025-06-27 08:00:00
0,0,17,2025-11-14 00:00:00
0,0,18,2025-06-27 20:00:00
0,0,20,2025-11-14 16:00:00
0,0,19,2025-11-14 08:00:00
1,0,20,2025-11-14 12:00:00
0,0,18,2025-06-27 16:00:00
0,0,20,2025-11-14 20:00:00
0,0,17,2025-06-27 20:00:00
0,0,16,2025-06-27 12:00:00
0,0,16,2025-11-14 08:00:00
0,0,16,2025-11-14 20:00:00
0,0,18,2025-06-27 12:00:00
0,0,19,2025-06-27 12:00:00
4,0,17,2025-06-27 12:00:00
0,0,19,2025-06-27 20:00:00
0,0,19,2025-11-14 20:00:00
0,0,20,2025-06-27 00:00:00
0,0,18,2025-11-14 08:00:00
0,0,19,2025-06-27 08:00:00
0,0,20,2025-06-27 20:00:00
0,0,19,2025-11-14 16:00:00
4,0,17,2025-11-14 12:00:00
0,0,20,2025-06-27 16:00:00
0,0,20,2025-06-27 04:00:00
0,0,17,2025-11-14 16:00:00
0,0,16,2025-11-14 12:00:00
0,0,16,2025-11-14 16:00:00
0,0,17,2025-06-27 04:00:00
0,0,17,2025-11-14 08:00:00
1,0,20,2025-06-27 12:00:00
0,0,16,2025-06-27 20:00:00
0,0,18,2025-11-14 20:00:00
0,0,17,2025-11-14 20:00:00
0,0,18,2025-11-14 12:00:00
0,0,18,2025-11-14 04:00:00
0,0,19,2025-11-14 04:00:00
2,0,03,2025-11-14 00:00:00
1,1,03,2025-06-27 16:00:00
0,0,01,2025-06-27 00:00:00
0,0,04,2025-06-27 08:00:00
0,0,02,2025-11-14 00:00:00
1,0,05,2025-06-27 16:00:00
0,0,02,2025-06-27 00:00:00
1,0,05,2025-06-27 08:00:00
0,0,04,2025-11-14 16:00:00
0,0,04,2025-11-14 04:00:00
0,0,02,2025-11-14 16:00:00
1,0,01,2025-11-14 12:00:00
0,0,02,2025-06-27 04:00:00
0,0,04,2025-11-14 12:00:00
0,0,02,2025-11-14 04:00:00
0,0,04,2025-11-14 20:00:00
1,0,01,2025-06-27 12:00:00
1,0,05,2025-11-14 12:00:00
1,0,01,2025-06-27 08:00:00
0,0,04,2025-06-27 20:00:00
0,0,01,2025-11-14 00:00:00
0,0,01,2025-11-14 04:00:00
0,0,04,2025-06-27 12:00:00
1,2,03,2025-11-14 16:00:00
0,0,04,2025-11-14 00:00:00
1,0,05,2025-06-27 12:00:00
0,0,05,2025-11-14 00:00:00
1,2,03,2025-11-14 08:00:00
0,0,77,2026-02-01 12:00:00
4,4,76,2026-02-01 12:00:00
0,0,77,2025-12-14 04:00:00
4,4,76,2025-09-27 16:00:00
0,0,77,2025-08-30 04:00:00
0,0,77,2025-09-27 00:00:00
4,4,76,2025-08-30 20:00:00
0,0,77,2025-12-14 12:00:00
4,4,76,2025-08-30 16:00:00
0,0,77,2025-10-21 00:00:00
4,3,76,2026-01-10 08:00:00
4,4,76,2026-01-10 16:00:00
1,0,77,2025-08-30 12:00:00
4,4,76,2025-08-30 12:00:00
0,1,77,2025-09-27 08:00:00
4,4,76,2025-12-14 20:00:00
0,1,77,2025-10-21 16:00:00
1,0,77,2026-01-10 12:00:00
4,4,76,2026-02-01 08:00:00
4,4,76,2025-02-07 16:00:00
4,4,76,2025-02-07 20:00:00
1,0,77,2025-02-07 12:00:00
0,0,77,2025-09-27 16:00:00
4,4,76,2025-09-27 08:00:00
3,2,76,2026-02-01 04:00:00
0,0,77,2025-12-14 00:00:00
4,4,76,2025-12-14 12:00:00
0,0,77,2026-02-01 08:00:00
4,2,76,2025-02-07 04:00:00
4,4,76,2026-02-01 20:00:00
4,4,76,2026-02-01 16:00:00
4,4,76,2025-10-21 12:00:00
4,3,76,2026-01-10 20:00:00
3,2,76,2026-01-10 04:00:00
0,2,76,2026-02-01 00:00:00
0,2,76,2025-09-27 00:00:00
0,0,77,2025-02-07 04:00:00
0,0,77,2026-02-01 20:00:00
0,0,77,2026-01-10 20:00:00
4,4,76,2025-08-30 08:00:00
4,3,76,2025-12-14 08:00:00
4,4,76,2025-10-21 16:00:00
4,4,76,2026-01-10 12:00:00
1,1,77,2025-10-21 08:00:00
4,4,76,2025-09-27 12:00:00
0,0,77,2025-02-07 08:00:00
4,4,76,2025-09-27 20:00:00
4,4,76,2025-10-21 20:00:00
1,0,77,2025-10-21 12:00:00
0,0,77,2026-01-10 04:00:00
3,3,76,2025-08-30 00:00:00
4,4,76,2025-02-07 12:00:00
3,2,76,2025-12-14 04:00:00
0,0,77,2025-12-14 20:00:00
0,0,77,2026-02-01 00:00:00
4,4,76,2025-02-07 08:00:00
0,0,77,2025-08-30 00:00:00
0,0,77,2025-09-27 04:00:00
1,1,77,2025-09-27 12:00:00
0,0,77,2025-12-14 16:00:00
4,2,76,2025-08-30 04:00:00
0,0,77,2026-02-01 04:00:00
0,0,77,2025-08-30 20:00:00
0,0,77,2025-02-07 20:00:00
0,2,76,2026-01-10 00:00:00
0,0,77,2025-10-21 04:00:00
0,0,77,2025-12-14 08:00:00
0,2,76,2025-12-14 00:00:00
0,0,77,2025-02-07 16:00:00
4,4,76,2025-12-14 16:00:00
4,3,76,2025-10-21 04:00:00
4,3,76,2025-10-21 00:00:00
0,0,77,2026-01-10 16:00:00
0,0,77,2025-08-30 16:00:00
0,0,77,2025-09-27 20:00:00
0,0,77,2025-10-21 20:00:00
0,0,77,2026-02-01 16:00:00
0,1,77,2025-08-30 08:00:00
4,2,76,2025-09-27 04:00:00
0,0,77,2026-01-10 00:00:00
4,4,76,2025-10-21 08:00:00
0,1,77,2026-01-10 08:00:00
0,0,77,2025-02-07 00:00:00
4,2,76,2025-02-07 00:00:00
0,0,61,2025-08-30 08:00:00
0,0,61,2026-02-01 20:00:00
0,0,65,2025-10-21 04:00:00
0,0,63,2025-09-27 16:00:00
0,0,61,2025-12-14 16:00:00
3,0,62,2025-12-14 12:00:00
3,0,65,2026-02-01 08:00:00
0,0,61,2025-02-07 12:00:00
3,0,62,2025-09-27 08:00:00
0,0,61,2026-01-10 20:00:00
0,0,62,2026-01-10 20:00:00
0,0,61,2026-01-10 04:00:00
3,0,65,2026-01-10 12:00:00
0,0,65,2025-09-27 04:00:00
0,0,65,2025-12-14 00:00:00
0,0,62,2025-08-30 04:00:00
3,0,64,2026-01-10 16:00:00
0,0,63,2025-12-14 04:00:00
3,0,63,2025-08-30 16:00:00
0,0,65,2026-01-10 20:00:00
3,0,65,2026-02-01 12:00:00
0,0,62,2026-01-10 00:00:00
0,0,65,2026-01-10 04:00:00
0,0,63,2025-02-07 20:00:00
3,0,64,2025-02-07 16:00:00
0,0,63,2025-12-14 00:00:00
3,0,64,2025-09-27 16:00:00
0,0,64,2025-09-27 00:00:00
3,0,62,2026-02-01 08:00:00
3,0,62,2025-10-21 16:00:00
3,0,65,2025-10-21 16:00:00
0,0,65,2025-10-21 20:00:00
3,0,63,2026-02-01 12:00:00
0,0,61,2026-01-10 00:00:00
3,0,62,2025-02-07 08:00:00
3,0,62,2026-01-10 16:00:00
0,0,63,2025-12-14 08:00:00
3,0,64,2025-09-27 08:00:00
3,0,65,2025-12-14 08:00:00
0,0,65,2025-12-14 04:00:00
3,0,64,2025-08-30 16:00:00
0,0,65,2026-02-01 04:00:00
0,0,65,2025-02-07 04:00:00
0,0,61,2026-02-01 12:00:00
0,0,61,2026-01-10 12:00:00
3,0,63,2026-01-10 12:00:00
3,0,62,2026-01-10 12:00:00
0,0,62,2025-09-27 04:00:00
0,0,62,2025-08-30 00:00:00
0,0,61,2025-02-07 08:00:00
0,0,62,2025-12-14 16:00:00
0,0,62,2025-09-27 00:00:00
0,0,61,2025-10-21 16:00:00
0,0,61,2025-09-27 12:00:00
3,0,64,2025-02-07 12:00:00
0,0,61,2025-12-14 04:00:00
0,0,62,2026-02-01 04:00:00
3,0,62,2025-08-30 12:00:00
0,0,62,2025-08-30 20:00:00
0,0,64,2026-02-01 20:00:00
0,0,61,2025-02-07 20:00:00
0,0,62,2025-10-21 04:00:00
0,0,61,2025-12-14 20:00:00
3,0,64,2025-08-30 00:00:00
0,0,65,2026-02-01 16:00:00
0,0,63,2026-02-01 00:00:00
0,0,62,2025-12-14 00:00:00
3,0,65,2025-02-07 08:00:00
0,0,65,2025-10-21 00:00:00
0,0,61,2025-09-27 20:00:00
0,0,61,2026-02-01 08:00:00
3,0,62,2025-09-27 12:00:00
3,0,64,2025-08-30 04:00:00
3,0,64,2025-09-27 12:00:00
0,0,61,2025-12-14 08:00:00
3,0,63,2025-09-27 08:00:00
0,0,63,2026-01-10 08:00:00
0,0,65,2025-02-07 00:00:00
3,0,64,2025-08-30 08:00:00
0,0,61,2025-09-27 04:00:00
0,0,64,2025-02-07 20:00:00
0,0,61,2025-02-07 16:00:00
0,0,62,2025-12-14 20:00:00
0,0,65,2025-09-27 20:00:00
0,0,61,2025-10-21 08:00:00
0,0,63,2026-02-01 08:00:00
3,0,64,2025-10-21 16:00:00
3,0,65,2026-01-10 16:00:00
3,0,64,2025-10-21 20:00:00
3,0,65,2025-08-30 12:00:00
3,0,62,2025-08-30 08:00:00
0,0,63,2026-02-01 20:00:00
0,0,62,2026-02-01 20:00:00
0,0,61,2026-02-01 16:00:00
0,0,63,2025-12-14 20:00:00
0,0,65,2026-02-01 00:00:00
0,0,63,2025-09-27 00:00:00
3,0,65,2025-12-14 12:00:00
3,0,63,2025-10-21 08:00:00
3,0,63,2025-02-07 12:00:00
0,0,62,2025-12-14 04:00:00
0,0,63,2025-02-07 04:00:00
3,0,64,2025-02-07 04:00:00
3,0,62,2026-02-01 12:00:00
0,0,64,2026-01-10 00:00:00
0,0,63,2026-01-10 04:00:00
0,0,61,2025-10-21 04:00:00
3,0,62,2025-02-07 16:00:00
3,0,65,2025-02-07 16:00:00
0,0,65,2025-08-30 00:00:00
0,0,63,2025-02-07 08:00:00
3,0,64,2025-12-14 16:00:00
0,0,64,2025-12-14 04:00:00
3,0,62,2026-01-10 08:00:00
3,0,64,2025-08-30 20:00:00
3,0,65,2025-08-30 08:00:00
0,0,65,2026-01-10 00:00:00
3,0,64,2025-09-27 04:00:00
0,0,61,2025-08-30 00:00:00
0,0,64,2025-12-14 00:00:00
0,0,63,2025-09-27 20:00:00
3,0,63,2025-10-21 12:00:00
3,0,64,2025-12-14 12:00:00
0,0,65,2025-09-27 00:00:00
3,0,62,2025-10-21 08:00:00
0,0,61,2026-01-10 16:00:00
3,0,62,2025-02-07 12:00:00
3,0,65,2025-02-07 12:00:00
0,0,61,2026-02-01 04:00:00
0,0,62,2026-02-01 00:00:00
0,0,64,2025-10-21 00:00:00
3,0,62,2025-10-21 12:00:00
0,0,63,2025-10-21 16:00:00
0,0,61,2025-09-27 08:00:00
3,0,64,2025-12-14 08:00:00
0,0,64,2025-02-07 00:00:00
3,0,65,2026-01-10 08:00:00
0,0,62,2025-02-07 20:00:00
0,0,64,2025-12-14 20:00:00
0,0,62,2025-10-21 00:00:00
3,0,64,2025-02-07 08:00:00
3,0,64,2026-02-01 08:00:00
3,0,65,2025-10-21 08:00:00
0,0,63,2026-01-10 16:00:00
0,0,61,2026-01-10 08:00:00
0,0,63,2025-02-07 00:00:00
0,0,61,2025-08-30 12:00:00
0,0,64,2026-01-10 20:00:00
0,0,61,2025-08-30 20:00:00
3,0,63,2025-08-30 08:00:00
0,0,63,2025-10-21 04:00:00
0,0,65,2025-02-07 20:00:00
0,0,61,2025-10-21 00:00:00
0,0,63,2025-10-21 00:00:00
3,0,62,2025-09-27 16:00:00
3,0,65,2025-09-27 16:00:00
0,0,62,2025-09-27 20:00:00
0,0,61,2025-09-27 00:00:00
0,0,63,2025-08-30 04:00:00
3,0,65,2025-09-27 12:00:00
3,0,62,2025-12-14 08:00:00
0,0,63,2026-02-01 04:00:00
0,0,63,2025-10-21 20:00:00
3,0,65,2025-08-30 16:00:00
0,0,63,2026-01-10 00:00:00
3,0,64,2026-01-10 12:00:00
0,0,65,2026-02-01 20:00:00
0,0,63,2025-09-27 04:00:00
0,0,63,2025-02-07 16:00:00
0,0,63,2025-08-30 00:00:00
3,0,64,2026-02-01 16:00:00
0,0,61,2025-12-14 00:00:00
0,0,65,2025-12-14 16:00:00
3,0,64,2025-10-21 08:00:00
3,0,63,2025-09-27 12:00:00
3,0,65,2025-09-27 08:00:00
0,0,62,2025-02-07 00:00:00
3,0,62,2025-08-30 16:00:00
0,0,61,2025-02-07 04:00:00
0,0,62,2025-02-07 04:00:00
3,0,64,2025-08-30 12:00:00
0,0,65,2025-08-30 20:00:00
3,0,64,2025-10-21 04:00:00
0,0,61,2026-02-01 00:00:00
0,0,61,2025-09-27 16:00:00
1,0,61,2025-10-21 12:00:00
0,0,63,2025-12-14 16:00:00
3,0,65,2025-10-21 12:00:00
0,0,61,2025-12-14 12:00:00
0,0,61,2025-08-30 04:00:00
0,0,61,2025-02-07 00:00:00
0,0,63,2026-01-10 20:00:00
0,0,63,2025-08-30 20:00:00
0,0,62,2026-01-10 04:00:00
0,0,64,2026-01-10 04:00:00
0,0,63,2026-02-01 16:00:00
0,0,62,2026-02-01 16:00:00
0,0,65,2025-12-14 20:00:00
0,0,64,2026-02-01 00:00:00
0,0,64,2025-09-27 20:00:00
3,0,64,2025-10-21 12:00:00
0,0,63,2025-12-14 12:00:00
0,0,65,2025-08-30 04:00:00
0,0,61,2025-08-30 16:00:00
0,0,61,2025-10-21 20:00:00
0,0,62,2025-10-21 20:00:00
0,0,64,2026-02-01 04:00:00
3,0,64,2026-01-10 08:00:00
3,0,63,2025-08-30 12:00:00
3,0,64,2026-02-01 12:00:00
0,0,49,2026-01-10 00:00:00
0,0,46,2025-02-07 20:00:00
0,0,46,2025-12-14 20:00:00
0,0,50,2025-10-21 00:00:00
0,0,49,2026-02-01 00:00:00
0,0,48,2025-09-27 12:00:00
0,0,49,2025-02-07 12:00:00
0,0,49,2025-09-27 12:00:00
0,0,50,2025-12-14 04:00:00
0,0,47,2026-02-01 04:00:00
0,0,47,2025-08-30 16:00:00
0,0,48,2025-08-30 08:00:00
0,0,48,2026-02-01 20:00:00
0,0,49,2025-10-21 04:00:00
0,0,48,2025-02-07 16:00:00
0,0,50,2026-02-01 16:00:00
0,0,47,2025-10-21 12:00:00
0,0,46,2025-10-21 12:00:00
0,0,47,2025-12-14 12:00:00
0,0,49,2025-12-14 12:00:00
0,0,48,2025-09-27 08:00:00
0,0,48,2025-12-14 08:00:00
0,0,50,2025-02-07 00:00:00
0,0,46,2025-02-07 00:00:00
0,0,49,2026-02-01 04:00:00
0,0,47,2025-02-07 04:00:00
0,0,48,2026-01-10 00:00:00
0,0,48,2026-01-10 04:00:00
0,0,46,2026-01-10 12:00:00
0,0,50,2025-10-21 04:00:00
0,0,46,2025-10-21 04:00:00
0,0,50,2025-12-14 20:00:00
0,0,47,2025-08-30 00:00:00
0,0,48,2025-02-07 08:00:00
0,0,50,2025-02-07 12:00:00
0,0,50,2026-02-01 04:00:00
0,0,47,2025-02-07 00:00:00
0,0,48,2026-02-01 04:00:00
0,0,50,2025-02-07 04:00:00
0,0,47,2025-08-30 20:00:00
0,0,50,2026-02-01 20:00:00
0,0,47,2025-09-27 04:00:00
0,0,49,2025-02-07 16:00:00
0,0,49,2025-12-14 20:00:00
0,0,47,2026-02-01 00:00:00
0,0,47,2025-10-21 00:00:00
0,0,49,2025-09-27 16:00:00
0,0,47,2025-09-27 20:00:00
0,0,49,2026-01-10 16:00:00
0,0,48,2026-01-10 08:00:00
0,0,49,2025-02-07 04:00:00
0,0,49,2026-01-10 04:00:00
0,0,49,2025-09-27 04:00:00
0,0,46,2025-02-07 08:00:00
0,0,49,2026-02-01 08:00:00
0,0,49,2025-10-21 08:00:00
0,0,48,2026-01-10 16:00:00
0,0,50,2025-08-30 16:00:00
0,0,50,2026-01-10 20:00:00
0,0,50,2025-08-30 20:00:00
0,1,49,2025-08-30 08:00:00
0,0,46,2025-09-27 04:00:00
0,0,48,2025-10-21 00:00:00
0,0,46,2025-10-21 00:00:00
0,0,50,2025-12-14 16:00:00
0,0,50,2025-10-21 12:00:00
0,0,49,2025-12-14 16:00:00
0,0,48,2025-12-14 12:00:00
0,0,46,2026-02-01 08:00:00
0,0,47,2025-10-21 16:00:00
0,0,50,2025-08-30 04:00:00
0,0,50,2025-12-14 08:00:00
0,0,50,2025-08-30 12:00:00
0,0,49,2025-08-30 20:00:00
0,0,50,2025-02-07 20:00:00
0,0,47,2026-02-01 16:00:00
0,0,47,2025-02-07 08:00:00
0,0,47,2025-09-27 16:00:00
0,0,48,2026-02-01 00:00:00
0,0,49,2025-12-14 00:00:00
0,0,50,2025-12-14 12:00:00
0,0,47,2025-08-30 04:00:00
0,0,48,2025-02-07 12:00:00
0,0,46,2025-09-27 12:00:00
0,0,49,2025-08-30 04:00:00
0,0,48,2025-10-21 20:00:00
0,0,49,2025-02-07 00:00:00
0,0,46,2026-02-01 12:00:00
0,0,47,2025-08-30 08:00:00
0,0,48,2025-08-30 20:00:00
0,0,46,2025-08-30 20:00:00
0,0,49,2026-02-01 20:00:00
0,0,46,2026-02-01 16:00:00
0,0,49,2025-08-30 00:00:00
0,0,48,2025-12-14 00:00:00
0,0,49,2025-10-21 00:00:00
0,0,48,2025-09-27 20:00:00
0,0,46,2025-09-27 20:00:00
0,0,48,2025-09-27 00:00:00
0,0,49,2025-09-27 00:00:00
0,0,48,2025-10-21 16:00:00
0,0,49,2025-12-14 04:00:00
0,0,48,2025-08-30 16:00:00
0,0,49,2026-01-10 20:00:00
0,0,47,2026-01-10 04:00:00
0,0,47,2026-01-10 12:00:00
0,0,50,2026-02-01 00:00:00
0,0,46,2026-02-01 00:00:00
0,0,50,2025-09-27 00:00:00
0,0,46,2025-12-14 12:00:00
0,0,50,2026-02-01 08:00:00
0,0,46,2025-10-21 08:00:00
0,0,49,2025-10-21 16:00:00
0,1,50,2025-09-27 12:00:00
0,0,48,2025-12-14 04:00:00
0,0,46,2025-12-14 04:00:00
0,0,47,2026-01-10 08:00:00
0,0,46,2026-01-10 08:00:00
0,0,49,2025-08-30 16:00:00
0,0,49,2025-08-30 12:00:00
0,0,49,2026-02-01 12:00:00
0,0,48,2025-02-07 20:00:00
0,0,48,2025-09-27 04:00:00
0,0,47,2025-02-07 16:00:00
0,0,48,2025-12-14 20:00:00
0,0,46,2025-08-30 00:00:00
0,0,47,2025-12-14 00:00:00
0,0,46,2025-09-27 16:00:00
0,0,46,2025-12-14 00:00:00
0,0,48,2025-10-21 08:00:00
0,0,50,2025-10-21 16:00:00
0,0,47,2026-01-10 16:00:00
0,0,48,2025-08-30 04:00:00
0,0,49,2025-09-27 08:00:00
0,0,49,2025-10-21 20:00:00
0,0,48,2026-01-10 20:00:00
0,0,47,2025-12-14 20:00:00
0,0,50,2025-02-07 08:00:00
0,0,47,2025-12-14 16:00:00
0,0,46,2025-09-27 00:00:00
0,0,46,2026-01-10 16:00:00
0,0,47,2025-09-27 08:00:00
0,0,47,2025-12-14 08:00:00
0,0,46,2025-12-14 08:00:00
0,0,47,2026-01-10 20:00:00
0,0,48,2025-08-30 12:00:00
0,0,46,2026-01-10 00:00:00
0,0,50,2026-01-10 04:00:00
0,0,50,2025-09-27 04:00:00
0,0,47,2025-02-07 20:00:00
0,0,49,2026-02-01 16:00:00
0,0,50,2025-09-27 20:00:00
0,0,46,2025-12-14 16:00:00
0,0,49,2025-09-27 20:00:00
0,0,50,2026-01-10 08:00:00
0,0,50,2025-10-21 20:00:00
0,0,46,2025-08-30 16:00:00
0,0,46,2026-01-10 20:00:00
0,0,48,2026-02-01 12:00:00
0,0,50,2026-01-10 00:00:00
0,0,47,2026-01-10 00:00:00
0,0,46,2025-08-30 08:00:00
0,0,48,2026-01-10 12:00:00
0,0,46,2026-02-01 20:00:00
0,0,47,2025-10-21 04:00:00
0,0,50,2025-08-30 00:00:00
0,0,48,2025-08-30 00:00:00
0,0,50,2025-09-27 16:00:00
0,0,48,2025-12-14 16:00:00
0,0,47,2025-09-27 00:00:00
0,0,46,2025-10-21 16:00:00
0,0,49,2025-12-14 08:00:00
0,0,47,2025-12-14 04:00:00
0,0,46,2026-02-01 04:00:00
0,0,47,2026-02-01 20:00:00
0,0,49,2026-01-10 12:00:00
0,0,50,2025-02-07 16:00:00
0,0,48,2026-02-01 16:00:00
0,0,50,2025-12-14 00:00:00
0,0,49,2025-02-07 08:00:00
0,0,47,2025-09-27 12:00:00
0,0,46,2025-02-07 12:00:00
0,0,50,2025-09-27 08:00:00
0,0,46,2025-10-21 20:00:00
0,0,49,2026-01-10 08:00:00
0,0,46,2025-02-07 04:00:00
0,0,50,2026-02-01 12:00:00
0,0,48,2025-10-21 04:00:00
0,0,48,2025-10-21 12:00:00
0,0,50,2025-10-21 08:00:00
0,0,47,2026-02-01 08:00:00
0,0,47,2025-10-21 08:00:00
0,0,48,2026-02-01 08:00:00
0,0,46,2025-08-30 12:00:00
0,0,50,2025-08-30 08:00:00
0,0,50,2026-01-10 12:00:00
0,0,46,2026-01-10 04:00:00
0,0,49,2025-02-07 20:00:00
0,0,46,2025-02-07 16:00:00
0,0,48,2025-09-27 16:00:00
0,0,49,2025-10-21 12:00:00
0,0,50,2026-01-10 16:00:00
0,0,47,2025-02-07 12:00:00
0,0,46,2025-08-30 04:00:00
0,0,46,2025-09-27 08:00:00
0,0,47,2025-10-21 20:00:00
0,0,48,2025-02-07 00:00:00
0,0,47,2025-08-30 12:00:00
0,0,48,2025-02-07 04:00:00
0,0,47,2026-02-01 12:00:00
0,0,71,2026-01-10 04:00:00
0,0,72,2025-10-21 04:00:00
0,0,73,2025-02-07 16:00:00
0,0,72,2025-10-21 00:00:00
0,0,71,2025-10-21 00:00:00
0,0,72,2025-10-21 12:00:00
0,0,74,2025-12-14 12:00:00
0,0,75,2025-10-21 08:00:00
0,0,74,2026-02-01 08:00:00
0,0,71,2025-08-30 04:00:00
0,0,71,2026-01-10 16:00:00
0,0,74,2025-12-14 04:00:00
0,0,73,2025-10-21 20:00:00
0,0,72,2026-02-01 12:00:00
0,0,72,2025-08-30 20:00:00
0,0,71,2026-02-01 20:00:00
0,0,75,2026-01-10 12:00:00
0,0,74,2026-01-10 04:00:00
0,0,72,2026-02-01 00:00:00
0,0,75,2025-02-07 08:00:00
0,0,75,2026-02-01 00:00:00
0,1,75,2025-02-07 12:00:00
0,0,72,2025-08-30 16:00:00
0,0,72,2025-10-21 20:00:00
0,0,72,2025-08-30 12:00:00
0,0,71,2025-08-30 12:00:00
0,0,74,2025-08-30 12:00:00
0,0,75,2026-02-01 12:00:00
0,0,72,2026-01-10 00:00:00
0,0,71,2025-08-30 08:00:00
0,0,72,2026-01-10 04:00:00
0,0,75,2026-01-10 04:00:00
0,0,72,2025-09-27 04:00:00
0,0,75,2025-10-21 04:00:00
0,0,73,2025-08-30 00:00:00
0,0,74,2025-08-30 00:00:00
0,0,73,2025-02-07 08:00:00
0,0,75,2025-09-27 20:00:00
0,0,72,2025-12-14 12:00:00
0,0,75,2025-12-14 12:00:00
0,0,74,2025-10-21 08:00:00
0,0,73,2025-12-14 04:00:00
0,0,73,2026-02-01 12:00:00
0,0,71,2026-02-01 12:00:00
0,0,74,2025-08-30 08:00:00
0,0,75,2025-09-27 04:00:00
0,0,74,2025-02-07 20:00:00
0,0,73,2025-09-27 16:00:00
0,0,72,2025-09-27 16:00:00
0,0,72,2025-12-14 16:00:00
0,0,74,2025-12-14 16:00:00
0,0,72,2025-02-07 12:00:00
0,0,72,2025-09-27 12:00:00
0,0,74,2026-01-10 08:00:00
0,0,74,2025-10-21 20:00:00
0,0,74,2026-02-01 12:00:00
0,0,73,2025-08-30 08:00:00
0,0,73,2025-08-30 20:00:00
0,0,72,2025-08-30 08:00:00
0,0,75,2025-08-30 20:00:00
0,0,72,2025-02-07 20:00:00
0,0,71,2026-02-01 00:00:00
0,0,75,2025-10-21 00:00:00
0,0,71,2025-10-21 12:00:00
0,0,71,2025-09-27 00:00:00
0,0,75,2025-10-21 16:00:00
0,0,73,2025-09-27 12:00:00
0,0,75,2025-09-27 08:00:00
0,0,73,2025-08-30 16:00:00
0,0,71,2026-02-01 04:00:00
0,0,75,2025-08-30 16:00:00
0,0,75,2026-01-10 08:00:00
0,0,75,2025-10-21 20:00:00
0,0,73,2025-12-14 20:00:00
0,0,74,2025-09-27 16:00:00
0,0,71,2025-10-21 08:00:00
0,0,75,2026-02-01 08:00:00
0,0,75,2025-09-27 12:00:00
0,0,72,2025-09-27 08:00:00
0,0,74,2025-12-14 08:00:00
0,0,75,2025-12-14 04:00:00
0,0,72,2026-01-10 08:00:00
0,0,74,2026-02-01 04:00:00
0,0,74,2025-08-30 16:00:00
0,0,71,2026-01-10 20:00:00
0,0,73,2026-02-01 20:00:00
0,0,72,2026-02-01 20:00:00
0,0,71,2025-02-07 20:00:00
0,0,71,2025-02-07 16:00:00
0,0,74,2025-02-07 16:00:00
0,0,72,2025-12-14 20:00:00
0,0,74,2025-02-07 08:00:00
0,0,73,2025-12-14 16:00:00
0,0,75,2025-10-21 12:00:00
0,0,73,2025-10-21 08:00:00
0,0,71,2026-02-01 08:00:00
0,0,73,2026-01-10 16:00:00
0,0,72,2025-08-30 04:00:00
0,0,74,2025-09-27 08:00:00
0,0,71,2025-12-14 04:00:00
0,0,75,2026-02-01 04:00:00
0,0,74,2025-02-07 04:00:00
0,0,71,2025-12-14 20:00:00
0,0,73,2025-09-27 20:00:00
0,0,74,2025-09-27 20:00:00
0,0,73,2025-10-21 16:00:00
0,0,73,2025-02-07 12:00:00
0,0,73,2025-08-30 04:00:00
0,0,75,2026-01-10 16:00:00
0,0,71,2025-09-27 08:00:00
0,0,73,2025-02-07 00:00:00
0,0,72,2026-01-10 20:00:00
0,0,75,2025-08-30 12:00:00
0,0,74,2026-02-01 20:00:00
0,0,74,2026-01-10 12:00:00
0,0,74,2025-09-27 04:00:00
0,0,74,2025-10-21 04:00:00
0,0,72,2025-02-07 16:00:00
0,0,73,2026-02-01 16:00:00
0,0,71,2025-12-14 00:00:00
0,0,73,2025-10-21 12:00:00
0,0,75,2025-09-27 00:00:00
0,0,73,2026-02-01 08:00:00
0,0,72,2025-10-21 16:00:00
0,0,74,2026-01-10 16:00:00
0,0,72,2026-02-01 04:00:00
0,0,71,2025-02-07 00:00:00
0,0,75,2025-02-07 00:00:00
0,0,73,2026-01-10 20:00:00
0,0,71,2025-02-07 04:00:00
0,0,75,2026-01-10 20:00:00
0,0,71,2026-01-10 00:00:00
0,0,75,2026-02-01 20:00:00
0,0,71,2025-08-30 00:00:00
0,0,74,2026-02-01 16:00:00
0,0,75,2025-09-27 16:00:00
0,0,74,2025-10-21 00:00:00
0,0,75,2025-08-30 04:00:00
0,0,73,2025-09-27 08:00:00
0,0,73,2025-12-14 08:00:00
0,0,72,2025-12-14 04:00:00
0,0,73,2026-01-10 00:00:00
0,0,71,2025-08-30 20:00:00
0,0,73,2025-10-21 00:00:00
0,0,72,2025-12-14 00:00:00
0,0,75,2025-12-14 00:00:00
0,0,74,2026-02-01 00:00:00
0,0,74,2025-09-27 00:00:00
0,0,72,2026-02-01 08:00:00
0,0,71,2025-10-21 16:00:00
0,0,74,2025-09-27 12:00:00
0,0,75,2025-12-14 08:00:00
0,0,74,2025-02-07 00:00:00
0,0,73,2025-08-30 12:00:00
0,0,72,2025-02-07 04:00:00
0,0,74,2025-08-30 20:00:00
0,0,74,2026-01-10 00:00:00
0,0,71,2026-01-10 12:00:00
0,0,75,2025-12-14 20:00:00
0,0,72,2025-02-07 08:00:00
0,0,71,2025-02-07 08:00:00
0,0,71,2025-09-27 16:00:00
0,0,72,2025-09-27 20:00:00
0,0,71,2025-12-14 16:00:00
0,0,75,2025-12-14 16:00:00
0,0,72,2025-09-27 00:00:00
0,0,74,2025-10-21 16:00:00
0,0,71,2025-12-14 08:00:00
0,0,71,2025-10-21 20:00:00
0,0,74,2026-01-10 20:00:00
0,0,75,2025-08-30 08:00:00
0,0,73,2026-01-10 04:00:00
0,0,73,2025-02-07 20:00:00
0,0,72,2025-08-30 00:00:00
0,0,75,2025-08-30 00:00:00
0,0,74,2025-12-14 20:00:00
0,0,73,2025-09-27 00:00:00
0,0,71,2025-12-14 12:00:00
0,0,72,2026-01-10 16:00:00
0,0,73,2026-01-10 08:00:00
0,0,72,2025-02-07 00:00:00
0,0,71,2026-01-10 08:00:00
0,0,73,2025-02-07 04:00:00
0,0,75,2025-02-07 04:00:00
0,0,72,2026-01-10 12:00:00
0,0,73,2025-10-21 04:00:00
0,0,71,2025-09-27 04:00:00
0,0,75,2026-02-01 16:00:00
0,0,73,2026-02-01 00:00:00
0,0,74,2025-10-21 12:00:00
0,0,71,2025-02-07 12:00:00
0,0,71,2025-09-27 12:00:00
0,0,74,2025-08-30 04:00:00
0,0,73,2026-02-01 04:00:00
0,0,75,2026-01-10 00:00:00
0,0,73,2026-01-10 12:00:00
0,0,73,2025-09-27 04:00:00
0,0,75,2025-02-07 20:00:00
0,0,75,2025-02-07 16:00:00
0,0,71,2026-02-01 16:00:00
0,0,74,2025-12-14 00:00:00
0,0,72,2025-10-21 08:00:00
0,0,71,2025-10-21 04:00:00
0,0,72,2026-02-01 16:00:00
0,0,73,2025-12-14 00:00:00
0,0,71,2025-09-27 20:00:00
0,0,73,2025-12-14 12:00:00
0,0,74,2025-02-07 12:00:00
0,0,72,2025-12-14 08:00:00
0,0,71,2025-08-30 16:00:00
0,0,18,2025-08-30 00:00:00
0,0,19,2025-02-07 20:00:00
0,0,20,2025-10-21 00:00:00
0,0,19,2025-12-14 12:00:00
0,0,16,2025-09-27 12:00:00
0,0,18,2025-10-21 04:00:00
0,0,17,2025-08-30 04:00:00
0,0,18,2026-02-01 08:00:00
0,0,16,2026-01-10 20:00:00
2,0,20,2026-01-10 08:00:00
0,0,18,2025-12-14 08:00:00
0,0,17,2025-08-30 08:00:00
0,0,17,2025-12-14 08:00:00
0,0,17,2025-10-21 16:00:00
0,0,16,2026-01-10 12:00:00
0,0,16,2026-01-10 16:00:00
0,0,16,2025-08-30 12:00:00
0,0,20,2025-08-30 00:00:00
0,0,19,2026-02-01 12:00:00
0,0,20,2026-02-01 00:00:00
0,0,16,2025-12-14 04:00:00
0,0,17,2025-12-14 04:00:00
0,0,20,2025-12-14 16:00:00
0,0,18,2025-10-21 08:00:00
0,0,19,2026-01-10 00:00:00
0,0,18,2025-12-14 16:00:00
0,0,18,2025-12-14 20:00:00
0,0,19,2025-10-21 04:00:00
0,0,16,2026-02-01 04:00:00
0,0,18,2025-02-07 04:00:00
0,0,17,2025-09-27 20:00:00
0,0,16,2026-02-01 16:00:00
0,0,19,2025-12-14 08:00:00
0,0,17,2025-09-27 04:00:00
0,0,20,2026-01-10 04:00:00
0,0,18,2026-01-10 16:00:00
0,0,20,2025-09-27 04:00:00
0,0,20,2025-12-14 00:00:00
0,0,18,2025-09-27 08:00:00
0,0,19,2025-08-30 16:00:00
0,0,19,2025-12-14 20:00:00
0,0,17,2025-08-30 16:00:00
0,0,20,2025-10-21 16:00:00
0,0,17,2025-09-27 00:00:00
0,0,19,2025-02-07 08:00:00
0,0,20,2025-12-14 04:00:00
0,0,18,2026-01-10 20:00:00
0,0,19,2025-08-30 20:00:00
0,0,20,2025-10-21 20:00:00
0,0,18,2026-01-10 04:00:00
0,0,17,2026-02-01 16:00:00
0,0,18,2025-08-30 08:00:00
0,0,17,2026-01-10 12:00:00
0,0,17,2025-02-07 16:00:00
0,0,18,2025-08-30 16:00:00
0,0,19,2026-02-01 08:00:00
0,0,19,2025-09-27 20:00:00
0,0,17,2026-01-10 08:00:00
0,0,18,2025-09-27 04:00:00
0,0,19,2025-09-27 04:00:00
0,0,17,2026-01-10 16:00:00
0,0,18,2025-02-07 16:00:00
0,0,16,2025-02-07 20:00:00
0,0,19,2025-09-27 12:00:00
0,0,17,2025-10-21 08:00:00
0,0,16,2025-08-30 16:00:00
0,0,18,2026-02-01 20:00:00
0,0,16,2026-02-01 20:00:00
0,0,20,2025-02-07 04:00:00
0,0,18,2025-02-07 00:00:00
0,0,18,2025-10-21 16:00:00
0,0,16,2025-02-07 00:00:00
0,0,20,2026-01-10 00:00:00
0,0,16,2025-08-30 00:00:00
0,0,18,2025-12-14 00:00:00
0,0,20,2026-02-01 16:00:00
0,0,19,2025-12-14 16:00:00
0,0,18,2026-02-01 00:00:00
0,0,19,2026-01-10 20:00:00
0,0,17,2026-01-10 20:00:00
0,0,19,2026-01-10 04:00:00
0,0,16,2026-01-10 04:00:00
1,0,20,2025-08-30 12:00:00
2,0,20,2025-08-30 08:00:00
0,0,18,2025-02-07 12:00:00
0,0,17,2025-09-27 16:00:00
0,0,18,2026-01-10 00:00:00
0,0,16,2026-01-10 00:00:00
0,0,16,2025-12-14 16:00:00
0,0,20,2025-08-30 04:00:00
0,0,18,2026-02-01 04:00:00
0,0,18,2025-10-21 00:00:00
0,0,19,2026-02-01 20:00:00
0,0,18,2025-10-21 20:00:00
0,0,19,2025-10-21 16:00:00
0,0,16,2025-12-14 08:00:00
0,0,16,2025-09-27 04:00:00
0,0,17,2026-02-01 12:00:00
0,0,20,2025-09-27 16:00:00
0,0,18,2025-09-27 12:00:00
0,0,16,2025-10-21 12:00:00
0,0,17,2025-10-21 00:00:00
0,0,20,2025-12-14 08:00:00
0,0,17,2026-02-01 20:00:00
0,0,18,2025-08-30 20:00:00
0,0,16,2025-08-30 20:00:00
0,0,16,2026-01-10 08:00:00
0,0,16,2025-12-14 00:00:00
0,0,20,2025-12-14 20:00:00
0,0,18,2026-02-01 12:00:00
0,0,16,2026-02-01 12:00:00
0,0,19,2025-09-27 16:00:00
0,0,16,2025-10-21 08:00:00
0,0,17,2026-01-10 00:00:00
0,0,16,2025-12-14 20:00:00
0,0,18,2025-09-27 00:00:00
0,0,18,2025-02-07 08:00:00
0,0,18,2025-09-27 20:00:00
0,0,19,2025-02-07 04:00:00
0,0,17,2025-02-07 04:00:00
0,0,19,2025-10-21 20:00:00
0,0,16,2025-10-21 20:00:00
0,0,17,2025-08-30 20:00:00
0,0,20,2026-01-10 20:00:00
0,0,20,2026-02-01 12:00:00
0,0,16,2025-10-21 16:00:00
0,0,19,2026-01-10 16:00:00
0,0,18,2025-08-30 12:00:00
0,0,18,2025-08-30 04:00:00
0,0,19,2026-02-01 00:00:00
0,0,17,2025-10-21 04:00:00
1,0,20,2025-02-07 12:00:00
0,0,16,2025-09-27 00:00:00
0,0,17,2026-02-01 04:00:00
2,0,20,2025-09-27 08:00:00
0,0,20,2025-08-30 16:00:00
0,0,18,2026-02-01 16:00:00
0,0,17,2025-02-07 00:00:00
0,0,19,2025-08-30 12:00:00
0,0,19,2025-02-07 16:00:00
0,0,16,2025-02-07 12:00:00
0,0,16,2025-09-27 08:00:00
0,0,16,2025-12-14 12:00:00
4,0,19,2025-10-21 12:00:00
0,0,16,2025-08-30 04:00:00
0,0,16,2025-10-21 04:00:00
0,0,20,2026-01-10 16:00:00
0,0,19,2026-02-01 04:00:00
0,0,16,2025-10-21 00:00:00
0,0,20,2025-02-07 00:00:00
0,0,20,2026-02-01 20:00:00
0,0,17,2025-12-14 00:00:00
0,0,17,2025-08-30 12:00:00
2,0,20,2025-02-07 08:00:00
0,0,19,2025-02-07 12:00:00
0,0,17,2025-02-07 12:00:00
0,0,17,2025-09-27 08:00:00
0,0,17,2025-12-14 12:00:00
4,0,17,2025-09-27 12:00:00
0,0,20,2026-02-01 08:00:00
2,0,20,2025-10-21 08:00:00
1,0,20,2025-09-27 12:00:00
0,0,16,2026-02-01 08:00:00
0,0,17,2026-01-10 04:00:00
0,0,19,2025-02-07 00:00:00
0,0,19,2025-08-30 00:00:00
1,0,20,2026-01-10 12:00:00
0,0,19,2026-01-10 12:00:00
0,0,19,2025-12-14 00:00:00
0,0,16,2025-02-07 16:00:00
0,0,18,2025-09-27 16:00:00
0,0,16,2025-09-27 16:00:00
0,0,18,2025-12-14 12:00:00
0,0,19,2025-10-21 08:00:00
0,0,17,2025-12-14 20:00:00
4,0,17,2025-10-21 12:00:00
0,0,16,2025-02-07 04:00:00
0,0,16,2025-02-07 08:00:00
0,0,20,2026-02-01 04:00:00
0,0,18,2026-01-10 08:00:00
0,0,19,2026-02-01 16:00:00
0,0,20,2025-08-30 20:00:00
0,0,18,2026-01-10 12:00:00
0,0,20,2025-02-07 20:00:00
0,0,20,2025-10-21 04:00:00
0,0,20,2025-02-07 16:00:00
0,0,19,2025-12-14 04:00:00
1,0,20,2025-10-21 12:00:00
0,0,19,2025-09-27 08:00:00
0,0,19,2025-08-30 08:00:00
0,0,17,2025-02-07 20:00:00
0,0,20,2025-12-14 12:00:00
0,0,18,2025-10-21 12:00:00
0,0,19,2025-08-30 04:00:00
0,0,16,2026-02-01 00:00:00
0,0,19,2025-09-27 00:00:00
0,0,19,2026-01-10 08:00:00
0,0,16,2025-08-30 08:00:00
0,0,17,2025-08-30 00:00:00
0,0,18,2025-02-07 20:00:00
0,0,18,2025-12-14 04:00:00
0,0,20,2025-09-27 20:00:00
0,0,20,2025-09-27 00:00:00
0,0,17,2025-12-14 16:00:00
0,0,17,2026-02-01 00:00:00
0,0,19,2025-10-21 00:00:00
0,0,17,2026-02-01 08:00:00
0,0,16,2025-09-27 20:00:00
0,0,17,2025-02-07 08:00:00
0,0,17,2025-10-21 20:00:00
1,1,03,2025-08-30 08:00:00
2,0,05,2025-10-21 04:00:00
1,0,02,2025-08-30 12:00:00
0,0,04,2026-02-01 12:00:00
0,0,05,2025-08-30 00:00:00
0,0,04,2025-09-27 08:00:00
0,0,02,2026-01-10 20:00:00
2,0,03,2025-02-07 00:00:00
0,0,02,2025-02-07 00:00:00
1,0,05,2026-01-10 12:00:00
0,0,02,2025-02-07 16:00:00
0,0,04,2025-12-14 04:00:00
0,0,01,2025-08-30 16:00:00
0,0,04,2025-08-30 16:00:00
2,0,05,2026-02-01 08:00:00
0,0,01,2026-02-01 04:00:00
2,0,05,2025-08-30 04:00:00
0,0,02,2026-02-01 20:00:00
0,0,01,2025-10-21 20:00:00
0,0,01,2026-02-01 16:00:00
0,0,01,2025-08-30 08:00:00
0,0,02,2025-10-21 16:00:00
1,0,03,2026-01-10 12:00:00
0,0,05,2026-02-01 20:00:00
1,0,01,2025-08-30 12:00:00
2,0,03,2025-10-21 00:00:00
0,0,05,2025-10-21 00:00:00
1,2,03,2025-12-14 12:00:00
1,0,05,2025-12-14 12:00:00
0,1,02,2025-12-14 20:00:00
1,0,04,2025-10-21 12:00:00
0,0,01,2026-02-01 20:00:00
0,0,01,2025-08-30 20:00:00
1,1,03,2025-08-30 12:00:00
0,0,04,2025-08-30 08:00:00
0,0,05,2025-08-30 20:00:00
0,0,01,2026-01-10 16:00:00
0,0,02,2026-01-10 12:00:00
2,0,05,2025-09-27 04:00:00
0,0,05,2025-12-14 20:00:00
2,0,03,2026-02-01 00:00:00
0,0,05,2025-12-14 00:00:00
1,2,03,2025-10-21 12:00:00
0,0,01,2025-12-14 20:00:00
1,0,03,2026-02-01 08:00:00
0,0,01,2025-09-27 00:00:00
0,0,02,2026-02-01 04:00:00
0,0,02,2025-08-30 20:00:00
0,1,02,2026-01-10 04:00:00
2,0,05,2026-02-01 04:00:00
2,0,05,2025-02-07 04:00:00
0,0,01,2025-08-30 00:00:00
0,0,01,2025-09-27 04:00:00
0,0,05,2026-01-10 00:00:00
0,0,02,2025-02-07 20:00:00
0,0,03,2025-12-14 20:00:00
0,0,04,2025-02-07 20:00:00
0,0,01,2025-12-14 04:00:00
0,0,03,2025-12-14 00:00:00
0,0,04,2025-02-07 12:00:00
0,0,02,2025-12-14 12:00:00
0,0,04,2025-12-14 12:00:00
0,0,02,2026-01-10 00:00:00
0,0,04,2025-10-21 08:00:00
1,0,01,2025-10-21 12:00:00
0,0,02,2025-08-30 16:00:00
0,0,01,2026-02-01 08:00:00
0,0,01,2026-01-10 20:00:00
0,0,01,2026-01-10 08:00:00
0,0,02,2026-01-10 08:00:00
0,0,04,2026-01-10 04:00:00
2,0,03,2025-02-07 04:00:00
2,0,03,2026-01-10 00:00:00
1,0,01,2026-01-10 12:00:00
1,0,03,2026-02-01 16:00:00
1,0,05,2025-09-27 16:00:00
1,0,02,2025-09-27 12:00:00
1,0,05,2025-10-21 08:00:00
0,1,02,2025-02-07 08:00:00
0,0,04,2025-09-27 20:00:00
0,0,05,2025-02-07 00:00:00
1,0,05,2026-02-01 12:00:00
0,0,04,2025-08-30 00:00:00
0,0,04,2025-09-27 04:00:00
0,0,04,2026-01-10 16:00:00
2,0,03,2025-02-07 20:00:00
2,0,03,2025-09-27 04:00:00
0,0,04,2025-12-14 00:00:00
0,0,02,2025-09-27 08:00:00
1,1,03,2025-12-14 16:00:00
0,0,05,2025-09-27 00:00:00
0,0,77,2025-07-31 20:00:00
0,0,77,2025-11-21 20:00:00
1,1,77,2025-07-31 12:00:00
4,3,76,2025-07-31 04:00:00
0,0,77,2025-08-06 16:00:00
0,3,76,2025-11-21 00:00:00
3,2,76,2025-08-06 00:00:00
0,0,77,2025-11-21 16:00:00
0,0,77,2025-07-31 04:00:00
4,4,76,2025-11-21 12:00:00
4,4,76,2025-08-06 08:00:00
4,4,76,2025-11-21 16:00:00
3,2,76,2025-11-21 04:00:00
1,2,77,2025-07-31 08:00:00
0,0,77,2025-07-31 00:00:00
0,0,77,2025-11-21 00:00:00
4,4,76,2025-08-06 20:00:00
4,3,76,2025-08-06 04:00:00
1,1,77,2025-08-06 12:00:00
4,4,76,2025-11-21 20:00:00
0,0,77,2025-08-06 00:00:00
0,0,77,2025-08-06 20:00:00
0,0,77,2025-11-21 04:00:00
4,4,76,2025-07-31 12:00:00
0,0,77,2025-07-31 16:00:00
4,4,76,2025-07-31 16:00:00
4,4,76,2025-08-06 16:00:00
4,4,76,2025-07-31 20:00:00
0,0,77,2025-11-21 08:00:00
0,1,77,2025-08-06 04:00:00
4,4,76,2025-07-31 08:00:00
4,3,76,2025-07-31 00:00:00
4,4,76,2025-08-06 12:00:00
1,1,77,2025-08-06 08:00:00
1,1,77,2025-11-21 12:00:00
4,4,76,2025-11-21 08:00:00
3,0,65,2025-08-06 16:00:00
3,0,65,2025-07-31 16:00:00
0,0,61,2025-08-06 04:00:00
0,0,63,2025-08-06 04:00:00
0,0,61,2025-08-06 00:00:00
3,0,63,2025-07-31 12:00:00
0,0,65,2025-11-21 20:00:00
3,0,62,2025-11-21 12:00:00
0,0,61,2025-11-21 08:00:00
3,0,63,2025-08-06 16:00:00
3,0,64,2025-07-31 16:00:00
3,0,64,2025-08-06 12:00:00
0,0,62,2025-08-06 00:00:00
3,0,62,2025-11-21 16:00:00
0,0,61,2025-11-21 12:00:00
0,0,61,2025-07-31 04:00:00
0,0,63,2025-07-31 04:00:00
3,0,61,2025-07-31 08:00:00
3,0,62,2025-07-31 16:00:00
0,0,63,2025-08-06 00:00:00
3,0,64,2025-08-06 08:00:00
0,0,61,2025-11-21 20:00:00
0,0,63,2025-11-21 20:00:00
0,0,61,2025-07-31 00:00:00
0,0,63,2025-11-21 00:00:00
3,0,63,2025-11-21 08:00:00
3,0,64,2025-08-06 04:00:00
3,0,62,2025-07-31 12:00:00
0,0,61,2025-11-21 04:00:00
3,0,62,2025-07-31 04:00:00
0,0,63,2025-07-31 00:00:00
3,0,65,2025-11-21 08:00:00
0,0,63,2025-07-31 20:00:00
3,0,65,2025-07-31 20:00:00
3,0,64,2025-11-21 08:00:00
0,0,61,2025-08-06 08:00:00
0,0,64,2025-11-21 20:00:00
3,0,63,2025-07-31 16:00:00
3,0,64,2025-07-31 00:00:00
3,0,63,2025-07-31 08:00:00
3,0,62,2025-07-31 08:00:00
3,0,62,2025-11-21 08:00:00
3,0,64,2025-08-06 16:00:00
3,0,64,2025-07-31 08:00:00
3,0,62,2025-08-06 12:00:00
3,0,62,2025-08-06 08:00:00
0,0,63,2025-11-21 04:00:00
3,0,62,2025-07-31 20:00:00
0,0,65,2025-07-31 00:00:00
0,0,65,2025-11-21 00:00:00
0,0,65,2025-08-06 20:00:00
0,0,63,2025-11-21 16:00:00
0,0,61,2025-08-06 16:00:00
3,0,65,2025-07-31 08:00:00
0,0,61,2025-08-06 20:00:00
3,0,63,2025-08-06 12:00:00
3,0,63,2025-08-06 08:00:00
0,0,62,2025-11-21 20:00:00
0,0,62,2025-11-21 00:00:00
1,0,61,2025-08-06 12:00:00
0,0,62,2025-08-06 20:00:00
3,0,64,2025-08-06 00:00:00
0,0,65,2025-08-06 00:00:00
0,0,62,2025-07-31 00:00:00
1,0,61,2025-07-31 12:00:00
3,0,64,2025-07-31 20:00:00
0,0,61,2025-11-21 16:00:00
3,0,64,2025-11-21 16:00:00
3,0,65,2025-08-06 08:00:00
3,0,65,2025-07-31 04:00:00
3,0,65,2025-11-21 12:00:00
0,0,63,2025-08-06 20:00:00
3,0,65,2025-08-06 04:00:00
3,0,65,2025-08-06 12:00:00
3,0,64,2025-07-31 12:00:00
3,0,65,2025-07-31 12:00:00
0,0,62,2025-11-21 04:00:00
0,0,65,2025-11-21 04:00:00
0,0,61,2025-07-31 20:00:00
3,0,64,2025-07-31 04:00:00
0,0,61,2025-11-21 00:00:00
3,0,65,2025-11-21 16:00:00
3,0,64,2025-11-21 12:00:00
3,0,62,2025-08-06 16:00:00
0,0,61,2025-07-31 16:00:00
3,0,62,2025-08-06 04:00:00
3,0,64,2025-08-06 20:00:00
3,0,64,2025-11-21 04:00:00
0,0,64,2025-11-21 00:00:00
3,0,63,2025-11-21 12:00:00
0,0,47,2025-07-31 08:00:00
0,0,48,2025-11-21 08:00:00
0,0,49,2025-07-31 16:00:00
0,0,46,2025-08-06 20:00:00
0,0,50,2025-08-06 00:00:00
0,0,50,2025-11-21 04:00:00
0,0,48,2025-11-21 20:00:00
0,0,48,2025-11-21 00:00:00
0,0,47,2025-07-31 16:00:00
0,0,47,2025-11-21 04:00:00
0,0,48,2025-07-31 04:00:00
0,0,50,2025-08-06 16:00:00
0,0,46,2025-08-06 16:00:00
0,0,48,2025-07-31 16:00:00
0,0,50,2025-08-06 20:00:00
0,0,46,2025-11-21 20:00:00
0,0,49,2025-11-21 20:00:00
0,0,50,2025-11-21 00:00:00
0,0,49,2025-07-31 08:00:00
0,0,46,2025-07-31 16:00:00
0,0,47,2025-08-06 12:00:00
0,0,48,2025-08-06 04:00:00
0,0,50,2025-07-31 12:00:00
0,0,47,2025-08-06 08:00:00
0,0,46,2025-11-21 04:00:00
0,0,47,2025-07-31 20:00:00
0,0,46,2025-07-31 20:00:00
0,0,48,2025-07-31 00:00:00
0,0,49,2025-08-06 16:00:00
0,0,47,2025-08-06 04:00:00
0,0,49,2025-08-06 04:00:00
0,0,49,2025-07-31 12:00:00
0,0,50,2025-08-06 08:00:00
0,0,47,2025-07-31 00:00:00
0,0,46,2025-07-31 00:00:00
0,0,49,2025-07-31 00:00:00
1,0,46,2025-07-31 12:00:00
0,0,49,2025-08-06 08:00:00
0,0,47,2025-11-21 20:00:00
0,0,46,2025-11-21 16:00:00
0,0,49,2025-11-21 16:00:00
0,0,48,2025-08-06 16:00:00
0,0,46,2025-11-21 12:00:00
0,0,50,2025-11-21 08:00:00
0,1,50,2025-08-06 12:00:00
0,0,49,2025-08-06 12:00:00
0,0,48,2025-08-06 08:00:00
0,0,50,2025-11-21 20:00:00
0,0,49,2025-07-31 04:00:00
0,0,47,2025-11-21 16:00:00
0,0,46,2025-07-31 08:00:00
0,0,49,2025-11-21 08:00:00
0,0,49,2025-11-21 00:00:00
0,0,47,2025-07-31 12:00:00
0,0,47,2025-11-21 08:00:00
0,0,48,2025-07-31 08:00:00
0,0,48,2025-08-06 00:00:00
0,0,48,2025-07-31 20:00:00
0,0,46,2025-11-21 00:00:00
0,0,46,2025-11-21 08:00:00
0,0,49,2025-08-06 00:00:00
0,0,49,2025-07-31 20:00:00
0,0,47,2025-07-31 04:00:00
0,0,50,2025-11-21 12:00:00
0,0,47,2025-11-21 12:00:00
0,0,48,2025-08-06 12:00:00
0,0,46,2025-08-06 08:00:00
0,0,49,2025-11-21 04:00:00
0,0,50,2025-07-31 20:00:00
0,0,50,2025-07-31 00:00:00
0,0,48,2025-11-21 12:00:00
0,0,50,2025-07-31 08:00:00
0,0,50,2025-08-06 04:00:00
1,0,46,2025-08-06 12:00:00
0,0,48,2025-07-31 12:00:00
0,0,48,2025-11-21 04:00:00
0,0,46,2025-07-31 04:00:00
0,0,49,2025-11-21 12:00:00
0,0,47,2025-08-06 20:00:00
0,0,50,2025-07-31 04:00:00
0,0,48,2025-11-21 16:00:00
0,0,47,2025-08-06 16:00:00
0,0,50,2025-07-31 16:00:00
0,0,48,2025-08-06 20:00:00
0,0,46,2025-08-06 04:00:00
0,0,49,2025-08-06 20:00:00
0,0,47,2025-08-06 00:00:00
0,0,46,2025-08-06 00:00:00
0,0,50,2025-11-21 16:00:00
0,0,47,2025-11-21 00:00:00
0,0,71,2025-07-31 08:00:00
0,0,74,2025-07-31 08:00:00
0,0,74,2025-08-06 08:00:00
0,0,74,2025-11-21 00:00:00
0,0,75,2025-11-21 12:00:00
0,0,73,2025-08-06 16:00:00
0,0,72,2025-08-06 20:00:00
0,0,75,2025-07-31 12:00:00
0,0,72,2025-11-21 20:00:00
0,0,75,2025-11-21 16:00:00
0,0,74,2025-11-21 12:00:00
0,0,74,2025-07-31 12:00:00
0,0,72,2025-07-31 04:00:00
0,0,71,2025-07-31 04:00:00
0,0,71,2025-07-31 00:00:00
0,0,73,2025-11-21 16:00:00
0,0,73,2025-11-21 12:00:00
0,0,71,2025-07-31 16:00:00
0,0,75,2025-08-06 12:00:00
0,0,73,2025-07-31 12:00:00
0,0,73,2025-11-21 20:00:00
0,0,73,2025-07-31 00:00:00
0,0,72,2025-11-21 00:00:00
0,0,72,2025-08-06 16:00:00
0,0,72,2025-08-06 12:00:00
0,0,74,2025-08-06 04:00:00
0,0,73,2025-07-31 16:00:00
0,0,73,2025-08-06 00:00:00
0,0,72,2025-08-06 08:00:00
0,0,75,2025-08-06 08:00:00
0,0,75,2025-07-31 20:00:00
0,0,74,2025-11-21 16:00:00
0,0,75,2025-07-31 04:00:00
0,0,73,2025-11-21 00:00:00
0,0,71,2025-11-21 00:00:00
0,0,71,2025-11-21 04:00:00
0,0,71,2025-11-21 20:00:00
0,0,74,2025-11-21 20:00:00
0,0,72,2025-11-21 12:00:00
0,0,75,2025-08-06 00:00:00
0,0,73,2025-08-06 08:00:00
0,0,74,2025-11-21 04:00:00
0,0,72,2025-07-31 20:00:00
0,0,73,2025-07-31 04:00:00
0,0,72,2025-07-31 00:00:00
0,0,75,2025-11-21 08:00:00
0,0,72,2025-08-06 04:00:00
0,0,72,2025-08-06 00:00:00
0,0,73,2025-07-31 20:00:00
0,0,75,2025-11-21 20:00:00
0,0,71,2025-11-21 08:00:00
0,0,74,2025-07-31 16:00:00
0,0,71,2025-08-06 04:00:00
0,0,73,2025-11-21 04:00:00
0,0,72,2025-11-21 04:00:00
0,0,75,2025-11-21 04:00:00
0,0,74,2025-07-31 00:00:00
0,0,72,2025-11-21 08:00:00
0,0,74,2025-08-06 16:00:00
0,0,74,2025-08-06 00:00:00
0,0,75,2025-07-31 00:00:00
0,0,71,2025-11-21 16:00:00
0,0,71,2025-11-21 12:00:00
0,0,73,2025-07-31 08:00:00
0,0,73,2025-11-21 08:00:00
0,0,75,2025-07-31 16:00:00
0,0,73,2025-08-06 12:00:00
0,0,71,2025-08-06 00:00:00
0,0,72,2025-07-31 16:00:00
0,0,75,2025-08-06 20:00:00
0,0,74,2025-08-06 20:00:00
0,0,72,2025-07-31 12:00:00
0,0,74,2025-07-31 04:00:00
0,0,72,2025-07-31 08:00:00
0,0,71,2025-08-06 16:00:00
0,0,75,2025-07-31 08:00:00
0,0,71,2025-08-06 20:00:00
0,0,74,2025-08-06 12:00:00
0,0,71,2025-07-31 20:00:00
0,0,72,2025-11-21 16:00:00
0,0,75,2025-08-06 16:00:00
0,0,74,2025-11-21 08:00:00
0,0,73,2025-08-06 04:00:00
0,0,73,2025-08-06 20:00:00
0,0,71,2025-08-06 12:00:00
0,0,75,2025-08-06 04:00:00
0,0,71,2025-07-31 12:00:00
0,0,71,2025-08-06 08:00:00
0,0,74,2025-07-31 20:00:00
0,0,75,2025-11-21 00:00:00
4,0,16,2025-08-06 12:00:00
0,0,20,2025-08-06 04:00:00
0,0,20,2025-08-06 00:00:00
0,0,16,2025-08-06 04:00:00
0,0,19,2025-11-21 12:00:00
0,0,18,2025-08-06 04:00:00
1,0,20,2025-08-06 12:00:00
0,0,19,2025-11-21 08:00:00
0,0,16,2025-11-21 08:00:00
0,0,16,2025-08-06 00:00:00
2,0,20,2025-11-21 12:00:00
0,0,17,2025-11-21 04:00:00
2,0,20,2025-07-31 08:00:00
2,0,20,2025-11-21 08:00:00
0,0,18,2025-11-21 00:00:00
0,0,18,2025-08-06 20:00:00
0,0,19,2025-11-21 04:00:00
4,0,17,2025-08-06 16:00:00
0,0,17,2025-07-31 00:00:00
0,0,19,2025-11-21 00:00:00
0,0,18,2025-07-31 08:00:00
0,0,18,2025-08-06 08:00:00
0,0,18,2025-11-21 16:00:00
0,0,20,2025-07-31 00:00:00
0,0,20,2025-11-21 16:00:00
0,0,16,2025-11-21 04:00:00
4,0,17,2025-07-31 16:00:00
0,0,20,2025-08-06 20:00:00
4,0,19,2025-07-31 08:00:00
4,0,17,2025-07-31 08:00:00
0,0,18,2025-08-06 00:00:00
0,0,16,2025-08-06 20:00:00
0,0,16,2025-07-31 08:00:00
0,0,19,2025-07-31 20:00:00
0,0,16,2025-07-31 20:00:00
0,0,16,2025-11-21 12:00:00
0,0,20,2025-08-06 16:00:00
0,0,17,2025-08-06 20:00:00
4,0,19,2025-07-31 12:00:00
0,0,19,2025-11-21 16:00:00
4,0,17,2025-07-31 12:00:00
0,0,17,2025-07-31 04:00:00
0,0,19,2025-07-31 00:00:00
0,0,16,2025-07-31 00:00:00
0,0,18,2025-07-31 20:00:00
0,0,19,2025-11-21 20:00:00
0,0,16,2025-11-21 20:00:00
0,0,19,2025-08-06 20:00:00
0,0,16,2025-08-06 16:00:00
0,0,20,2025-11-21 04:00:00
0,0,19,2025-07-31 04:00:00
0,0,17,2025-11-21 12:00:00
0,0,19,2025-07-31 16:00:00
0,0,18,2025-08-06 12:00:00
1,0,20,2025-07-31 12:00:00
0,0,19,2025-08-06 08:00:00
0,0,17,2025-07-31 20:00:00
0,0,20,2025-07-31 20:00:00
0,0,20,2025-07-31 04:00:00
0,0,17,2025-11-21 16:00:00
0,0,19,2025-08-06 16:00:00
0,0,16,2025-08-06 08:00:00
4,0,17,2025-08-06 08:00:00
0,0,20,2025-11-21 20:00:00
0,0,17,2025-08-06 00:00:00
4,1,16,2025-07-31 12:00:00
0,0,18,2025-07-31 04:00:00
0,0,18,2025-11-21 12:00:00
0,0,18,2025-07-31 00:00:00
0,0,18,2025-11-21 20:00:00
0,0,17,2025-11-21 20:00:00
0,0,17,2025-11-21 08:00:00
0,0,19,2025-08-06 00:00:00
4,0,18,2025-07-31 12:00:00
0,0,17,2025-11-21 00:00:00
2,0,20,2025-08-06 08:00:00
0,0,18,2025-08-06 16:00:00
0,0,20,2025-07-31 16:00:00
4,0,19,2025-08-06 12:00:00
0,0,16,2025-11-21 00:00:00
4,0,17,2025-08-06 12:00:00
0,0,17,2025-08-06 04:00:00
0,0,18,2025-07-31 16:00:00
0,0,18,2025-11-21 04:00:00
0,0,18,2025-11-21 08:00:00
0,0,16,2025-11-21 16:00:00
0,0,16,2025-07-31 04:00:00
0,0,19,2025-08-06 04:00:00
0,0,20,2025-11-21 00:00:00
0,0,16,2025-07-31 16:00:00
0,0,01,2025-11-21 08:00:00
0,0,01,2025-08-06 20:00:00
0,0,04,2025-11-21 16:00:00
0,0,02,2025-11-21 04:00:00
1,0,02,2025-07-31 08:00:00
1,0,01,2025-07-31 12:00:00
0,0,04,2025-07-31 16:00:00
1,0,05,2025-11-21 12:00:00
0,0,02,2025-07-31 00:00:00
1,0,05,2025-07-31 16:00:00
1,0,05,2025-08-06 12:00:00
2,0,05,2025-11-21 04:00:00
0,0,02,2025-11-21 08:00:00
0,0,01,2025-11-21 16:00:00
0,0,04,2025-07-31 04:00:00
2,2,03,2025-08-06 04:00:00
1,0,03,2025-08-06 20:00:00
0,0,02,2025-07-31 20:00:00
1,0,02,2025-07-31 12:00:00
0,1,02,2025-07-31 04:00:00
0,0,02,2025-07-31 16:00:00
0,0,01,2025-07-31 00:00:00
0,0,02,2025-08-06 16:00:00
1,3,03,2025-07-31 08:00:00
0,0,04,2025-11-21 00:00:00
1,1,03,2025-07-31 12:00:00
1,0,01,2025-08-06 08:00:00
2,2,03,2025-11-21 04:00:00
0,0,04,2025-08-06 20:00:00
0,0,01,2025-07-31 04:00:00
1,0,05,2025-11-21 16:00:00
0,0,01,2025-07-31 16:00:00
0,0,04,2025-07-31 00:00:00
0,0,02,2025-11-21 20:00:00
2,1,03,2025-07-31 04:00:00
1,0,01,2025-08-06 12:00:00
1,0,04,2025-07-31 08:00:00
1,0,05,2025-08-06 08:00:00
0,0,04,2025-07-31 20:00:00
0,0,04,2025-08-06 00:00:00
4,4,76,2026-02-13 12:00:00
2,2,76,2026-02-13 04:00:00
1,0,77,2026-03-11 12:00:00
0,0,77,2025-01-11 08:00:00
0,0,77,2025-06-01 00:00:00
0,2,76,2025-01-11 00:00:00
0,0,77,2026-02-13 00:00:00
0,0,77,2026-03-11 20:00:00
0,0,77,2025-06-01 04:00:00
4,4,76,2025-05-24 12:00:00
4,3,76,2026-03-11 00:00:00
0,0,77,2025-01-11 04:00:00
4,4,76,2025-06-01 16:00:00
4,4,76,2026-03-11 16:00:00
0,0,77,2026-03-11 04:00:00
0,0,77,2026-03-11 00:00:00
4,4,76,2025-06-01 12:00:00
0,0,77,2025-05-24 04:00:00
1,2,77,2026-03-11 08:00:00
0,0,77,2025-01-11 16:00:00
0,2,76,2026-02-13 00:00:00
1,0,77,2025-06-01 12:00:00
4,3,76,2025-01-11 08:00:00
0,0,77,2025-06-01 20:00:00
1,0,77,2025-06-01 08:00:00
1,1,77,2025-05-24 12:00:00
0,1,77,2025-05-24 08:00:00
0,0,77,2025-05-24 16:00:00
0,0,77,2026-02-13 20:00:00
3,2,76,2025-06-01 00:00:00
4,3,76,2026-03-11 04:00:00
4,3,76,2025-01-11 20:00:00
4,4,76,2026-02-13 08:00:00
0,0,77,2026-02-13 16:00:00
1,0,77,2026-02-13 04:00:00
0,1,77,2025-06-01 16:00:00
4,4,76,2025-01-11 16:00:00
0,0,77,2026-02-13 08:00:00
0,0,77,2025-05-24 00:00:00
3,2,76,2025-05-24 04:00:00
4,4,76,2025-06-01 08:00:00
4,4,76,2025-05-24 08:00:00
2,1,76,2025-01-11 04:00:00
4,4,76,2026-02-13 16:00:00
4,4,76,2026-03-11 08:00:00
4,3,76,2025-05-24 20:00:00
4,4,76,2025-05-24 16:00:00
3,2,76,2025-06-01 04:00:00
4,4,76,2026-03-11 12:00:00
0,0,77,2025-01-11 12:00:00
4,4,76,2025-01-11 12:00:00
0,0,77,2025-01-11 20:00:00
4,4,76,2026-03-11 20:00:00
3,3,76,2025-05-24 00:00:00
4,4,76,2025-06-01 20:00:00
0,0,77,2025-05-24 20:00:00
1,1,77,2026-02-13 12:00:00
0,0,77,2025-01-11 00:00:00
0,0,77,2026-03-11 16:00:00
4,4,76,2026-02-13 20:00:00
3,0,63,2025-06-01 12:00:00
0,0,61,2025-06-01 16:00:00
0,0,65,2025-05-24 20:00:00
3,0,62,2025-01-11 12:00:00
0,0,61,2026-02-13 20:00:00
3,0,64,2026-03-11 00:00:00
0,0,63,2026-02-13 08:00:00
0,0,62,2025-06-01 20:00:00
3,0,62,2026-02-13 08:00:00
3,0,64,2026-02-13 08:00:00
0,0,65,2025-06-01 20:00:00
0,0,65,2025-06-01 04:00:00
0,0,61,2026-03-11 04:00:00
3,0,64,2025-05-24 20:00:00
3,0,62,2025-06-01 08:00:00
3,0,65,2025-06-01 08:00:00
0,0,65,2026-02-13 20:00:00
0,0,65,2025-01-11 00:00:00
0,0,61,2025-05-24 00:00:00
3,0,64,2025-01-11 16:00:00
0,0,61,2025-06-01 20:00:00
0,0,63,2025-06-01 20:00:00
0,0,61,2026-03-11 16:00:00
0,0,65,2025-01-11 20:00:00
0,0,63,2026-03-11 04:00:00
0,0,63,2025-05-24 20:00:00
0,0,61,2025-01-11 12:00:00
3,0,65,2025-01-11 12:00:00
3,0,64,2026-02-13 12:00:00
0,0,62,2025-01-11 16:00:00
0,0,65,2025-01-11 16:00:00
0,0,61,2026-02-13 04:00:00
3,0,64,2025-05-24 08:00:00
0,0,61,2025-01-11 04:00:00
0,0,61,2025-05-24 12:00:00
0,0,62,2025-06-01 00:00:00
0,0,64,2025-01-11 20:00:00
0,0,63,2026-02-13 00:00:00
0,0,61,2025-05-24 16:00:00
3,0,64,2025-05-24 16:00:00
0,0,63,2026-03-11 00:00:00
0,0,61,2026-02-13 16:00:00
0,0,63,2025-06-01 04:00:00
3,0,64,2026-03-11 16:00:00
0,0,65,2025-01-11 04:00:00
0,0,65,2026-03-11 04:00:00
3,0,62,2026-03-11 12:00:00
0,0,62,2025-05-24 04:00:00
0,0,64,2026-02-13 20:00:00
0,0,62,2025-01-11 00:00:00
0,0,64,2026-03-11 20:00:00
3,0,65,2025-06-01 12:00:00
0,0,62,2025-06-01 04:00:00
3,0,64,2025-06-01 16:00:00
3,0,64,2026-03-11 08:00:00
3,0,62,2025-05-24 16:00:00
0,0,61,2025-01-11 00:00:00
0,0,62,2026-02-13 04:00:00
3,0,65,2026-02-13 08:00:00
3,0,63,2025-05-24 08:00:00
0,0,63,2025-01-11 04:00:00
3,0,65,2026-03-11 16:00:00
3,0,64,2025-01-11 08:00:00
3,0,65,2025-06-01 16:00:00
0,0,65,2026-02-13 00:00:00
0,0,61,2025-06-01 08:00:00
0,0,63,2025-01-11 00:00:00
3,0,62,2026-02-13 16:00:00
3,0,62,2025-05-24 08:00:00
0,0,63,2025-06-01 00:00:00
3,0,63,2026-03-11 16:00:00
0,0,62,2025-01-11 04:00:00
0,0,63,2025-01-11 08:00:00
1,0,61,2026-03-11 12:00:00
3,0,64,2026-03-11 12:00:00
3,0,62,2026-02-13 12:00:00
3,0,64,2025-06-01 08:00:00
0,0,64,2025-01-11 04:00:00
3,0,65,2025-05-24 12:00:00
3,0,63,2025-06-01 16:00:00
3,0,63,2025-06-01 08:00:00
3,0,64,2025-05-24 04:00:00
0,0,63,2026-03-11 20:00:00
0,0,63,2026-02-13 16:00:00
3,0,64,2026-02-13 16:00:00
0,0,64,2025-06-01 00:00:00
3,0,64,2025-06-01 04:00:00
0,0,61,2026-02-13 00:00:00
0,0,64,2026-02-13 00:00:00
3,0,63,2026-02-13 12:00:00
0,0,65,2025-05-24 04:00:00
0,0,63,2025-01-11 16:00:00
0,0,64,2025-05-24 00:00:00
0,0,61,2025-05-24 08:00:00
3,0,64,2026-03-11 04:00:00
3,0,64,2025-01-11 12:00:00
3,0,64,2025-06-01 20:00:00
3,0,62,2025-05-24 12:00:00
0,0,63,2025-01-11 20:00:00
0,0,62,2025-01-11 20:00:00
0,0,62,2026-02-13 00:00:00
1,0,61,2026-03-11 08:00:00
0,0,61,2026-03-11 00:00:00
0,0,63,2026-02-13 20:00:00
0,0,62,2026-02-13 20:00:00
0,0,62,2025-05-24 00:00:00
0,0,62,2026-03-11 20:00:00
0,0,65,2025-05-24 00:00:00
0,0,61,2026-02-13 08:00:00
3,0,65,2025-05-24 08:00:00
0,0,61,2025-01-11 20:00:00
0,0,62,2026-03-11 04:00:00
0,0,61,2025-05-24 20:00:00
3,0,63,2026-03-11 08:00:00
3,0,62,2026-03-11 08:00:00
3,0,65,2026-03-11 12:00:00
0,0,65,2026-03-11 00:00:00
0,0,61,2025-01-11 16:00:00
0,0,61,2026-03-11 20:00:00
0,0,63,2025-05-24 00:00:00
0,0,63,2026-02-13 04:00:00
0,0,64,2026-02-13 04:00:00
0,0,65,2026-02-13 04:00:00
0,0,61,2025-06-01 12:00:00
0,0,61,2025-06-01 00:00:00
3,0,63,2025-05-24 12:00:00
3,0,62,2026-03-11 16:00:00
0,0,63,2025-01-11 12:00:00
3,0,63,2026-03-11 12:00:00
3,0,65,2026-03-11 08:00:00
3,0,63,2025-05-24 16:00:00
3,0,65,2026-02-13 12:00:00
0,0,61,2025-05-24 04:00:00
0,0,64,2025-01-11 00:00:00
0,0,65,2026-03-11 20:00:00
3,0,64,2025-06-01 12:00:00
3,0,64,2025-05-24 12:00:00
0,0,65,2025-06-01 00:00:00
3,0,62,2025-01-11 08:00:00
3,0,65,2025-01-11 08:00:00
0,0,62,2026-03-11 00:00:00
3,0,62,2025-06-01 12:00:00
3,0,65,2026-02-13 16:00:00
0,0,61,2025-06-01 04:00:00
0,0,61,2025-01-11 08:00:00
3,0,62,2025-06-01 16:00:00
0,0,62,2025-05-24 20:00:00
0,0,61,2026-02-13 12:00:00
3,0,65,2025-05-24 16:00:00
0,0,63,2025-05-24 04:00:00
0,0,46,2026-03-11 16:00:00
0,0,46,2025-06-01 16:00:00
0,0,46,2026-02-13 00:00:00
0,0,47,2025-05-24 04:00:00
0,0,50,2026-02-13 08:00:00
0,0,47,2026-02-13 08:00:00
0,0,48,2025-01-11 08:00:00
0,0,47,2025-06-01 16:00:00
0,0,46,2026-03-11 12:00:00
0,0,47,2025-06-01 20:00:00
0,0,50,2025-06-01 12:00:00
0,0,47,2025-06-01 12:00:00
0,0,46,2025-06-01 12:00:00
0,0,49,2025-06-01 04:00:00
0,0,48,2025-01-11 20:00:00
0,0,49,2025-01-11 08:00:00
0,0,50,2025-05-24 20:00:00
0,0,49,2026-02-13 00:00:00
0,0,46,2025-01-11 12:00:00
0,0,48,2025-05-24 16:00:00
0,0,49,2025-06-01 08:00:00
0,0,48,2026-03-11 00:00:00
0,0,49,2026-02-13 20:00:00
0,0,50,2025-05-24 00:00:00
0,0,48,2025-01-11 16:00:00
0,0,50,2026-02-13 04:00:00
0,0,47,2026-02-13 04:00:00
0,0,49,2026-02-13 04:00:00
0,0,46,2025-05-24 12:00:00
0,0,49,2025-06-01 00:00:00
0,0,46,2025-01-11 20:00:00
0,0,50,2026-03-11 04:00:00
0,0,50,2025-05-24 16:00:00
0,0,49,2025-01-11 00:00:00
0,0,47,2025-05-24 00:00:00
0,0,47,2026-03-11 20:00:00
0,0,48,2025-05-24 00:00:00
0,0,49,2026-03-11 04:00:00
0,0,50,2026-02-13 00:00:00
0,0,49,2025-05-24 20:00:00
0,0,46,2026-02-13 12:00:00
0,0,46,2026-03-11 00:00:00
0,0,47,2025-01-11 00:00:00
0,0,46,2025-01-11 16:00:00
0,0,50,2026-02-13 16:00:00
0,0,48,2026-02-13 16:00:00
0,0,46,2026-02-13 16:00:00
0,0,49,2026-02-13 16:00:00
0,0,47,2025-01-11 04:00:00
0,0,46,2025-06-01 00:00:00
0,0,46,2025-06-01 04:00:00
0,0,50,2025-06-01 16:00:00
0,0,48,2026-03-11 04:00:00
0,0,46,2026-03-11 08:00:00
0,0,47,2026-02-13 12:00:00
0,0,46,2025-05-24 16:00:00
0,0,47,2026-02-13 20:00:00
0,0,46,2026-02-13 08:00:00
0,0,49,2025-06-01 12:00:00
0,0,47,2025-06-01 04:00:00
0,0,48,2025-05-24 12:00:00
0,0,48,2026-02-13 00:00:00
0,0,47,2025-01-11 12:00:00
0,0,49,2026-03-11 12:00:00
0,0,47,2025-06-01 08:00:00
0,0,50,2025-01-11 00:00:00
0,0,46,2025-01-11 00:00:00
0,0,50,2025-01-11 16:00:00
0,0,49,2025-06-01 20:00:00
0,0,47,2025-06-01 00:00:00
0,0,47,2026-03-11 04:00:00
0,0,46,2025-05-24 20:00:00
0,0,47,2026-03-11 08:00:00
0,0,49,2025-01-11 12:00:00
0,0,49,2026-02-13 12:00:00
0,0,50,2025-05-24 04:00:00
0,0,50,2026-02-13 20:00:00
0,0,49,2025-01-11 16:00:00
0,0,48,2025-06-01 20:00:00
0,0,46,2026-02-13 04:00:00
0,0,49,2025-05-24 08:00:00
0,0,50,2025-01-11 20:00:00
0,0,48,2026-03-11 12:00:00
0,0,47,2025-01-11 16:00:00
0,0,50,2025-06-01 20:00:00
0,0,50,2025-05-24 12:00:00
0,0,47,2025-05-24 12:00:00
0,0,48,2025-01-11 04:00:00
0,0,49,2026-03-11 16:00:00
0,0,50,2025-01-11 08:00:00
0,0,47,2025-01-11 08:00:00
0,0,47,2025-01-11 20:00:00
0,0,46,2026-03-11 04:00:00
0,0,47,2025-05-24 16:00:00
0,0,49,2025-05-24 04:00:00
0,0,49,2026-03-11 00:00:00
0,0,48,2025-05-24 08:00:00
0,0,49,2025-05-24 12:00:00
0,0,49,2025-01-11 20:00:00
0,0,49,2025-06-01 16:00:00
0,0,48,2026-02-13 12:00:00
0,0,46,2026-02-13 20:00:00
0,0,48,2025-06-01 12:00:00
0,0,47,2025-05-24 08:00:00
0,0,50,2025-06-01 00:00:00
0,0,50,2025-06-01 04:00:00
0,0,50,2026-03-11 16:00:00
0,0,48,2026-03-11 16:00:00
0,0,46,2025-01-11 04:00:00
0,0,48,2025-06-01 16:00:00
0,0,48,2025-01-11 12:00:00
0,0,47,2026-03-11 00:00:00
0,0,49,2025-05-24 00:00:00
0,0,49,2026-03-11 20:00:00
0,0,46,2025-05-24 08:00:00
0,0,48,2025-06-01 04:00:00
0,0,50,2026-03-11 12:00:00
0,0,49,2025-05-24 16:00:00
0,0,48,2025-05-24 04:00:00
0,0,50,2025-05-24 08:00:00
0,0,50,2025-01-11 04:00:00
0,0,49,2025-01-11 04:00:00
0,0,46,2025-01-11 08:00:00
0,0,47,2026-02-13 00:00:00
0,0,47,2026-03-11 12:00:00
0,0,50,2026-02-13 12:00:00
0,0,46,2025-06-01 08:00:00
0,0,47,2026-03-11 16:00:00
0,0,48,2025-06-01 00:00:00
0,0,47,2025-05-24 20:00:00
0,0,48,2025-05-24 20:00:00
0,0,50,2025-01-11 12:00:00
0,0,48,2026-03-11 08:00:00
0,0,49,2026-03-11 08:00:00
0,0,50,2025-06-01 08:00:00
0,0,48,2025-06-01 08:00:00
0,0,46,2025-05-24 04:00:00
0,0,48,2026-02-13 20:00:00
0,0,48,2025-01-11 00:00:00
0,0,46,2025-05-24 00:00:00
0,0,46,2026-03-11 20:00:00
0,0,46,2025-06-01 20:00:00
0,0,47,2026-02-13 16:00:00
0,0,50,2026-03-11 08:00:00
0,0,50,2026-03-11 00:00:00
0,0,50,2026-03-11 20:00:00
0,0,48,2026-03-11 20:00:00
0,0,48,2026-02-13 04:00:00
0,0,48,2026-02-13 08:00:00
0,0,49,2026-02-13 08:00:00
0,0,72,2025-05-24 12:00:00
0,0,71,2025-06-01 16:00:00
0,0,73,2025-01-11 12:00:00
0,0,73,2026-03-11 08:00:00
0,0,72,2026-03-11 12:00:00
0,0,72,2025-06-01 08:00:00
0,0,71,2025-05-24 04:00:00
0,0,73,2026-02-13 20:00:00
0,0,75,2026-02-13 20:00:00
0,0,73,2025-01-11 16:00:00
0,0,74,2025-05-24 00:00:00
0,0,71,2025-06-01 00:00:00
0,0,75,2025-06-01 00:00:00
0,0,72,2026-03-11 04:00:00
0,0,75,2025-05-24 20:00:00
0,0,72,2026-03-11 08:00:00
0,0,73,2025-05-24 16:00:00
0,0,72,2026-03-11 00:00:00
0,0,71,2025-01-11 16:00:00
0,0,72,2026-02-13 08:00:00
0,0,72,2025-05-24 08:00:00
0,0,74,2025-05-24 08:00:00
0,0,73,2025-01-11 04:00:00
0,0,75,2025-01-11 04:00:00
0,0,71,2026-02-13 00:00:00
0,0,72,2025-01-11 12:00:00
0,0,75,2025-01-11 12:00:00
0,0,71,2025-05-24 08:00:00
0,0,74,2025-01-11 04:00:00
0,0,73,2025-01-11 08:00:00
0,0,74,2026-02-13 12:00:00
0,0,72,2025-05-24 04:00:00
0,0,75,2026-02-13 08:00:00
0,0,73,2025-06-01 00:00:00
0,0,73,2025-06-01 04:00:00
0,0,72,2025-06-01 04:00:00
0,0,71,2025-01-11 04:00:00
0,0,74,2025-01-11 20:00:00
0,0,73,2026-03-11 04:00:00
0,0,71,2026-02-13 12:00:00
0,0,75,2026-03-11 00:00:00
0,0,73,2026-02-13 04:00:00
0,0,74,2025-06-01 20:00:00
0,0,71,2025-06-01 12:00:00
0,0,75,2025-06-01 12:00:00
0,0,73,2025-05-24 12:00:00
0,0,71,2025-06-01 04:00:00
0,0,74,2025-06-01 04:00:00
0,0,74,2026-03-11 16:00:00
0,0,72,2025-01-11 08:00:00
0,0,73,2026-02-13 00:00:00
0,0,75,2026-02-13 12:00:00
0,0,73,2025-05-24 00:00:00
0,0,71,2026-02-13 04:00:00
0,0,73,2025-05-24 20:00:00
0,0,72,2026-02-13 00:00:00
0,0,75,2026-02-13 00:00:00
0,0,74,2025-05-24 20:00:00
0,0,71,2026-03-11 08:00:00
0,0,72,2026-02-13 12:00:00
0,0,71,2026-03-11 00:00:00
0,0,72,2026-03-11 20:00:00
0,0,75,2026-03-11 20:00:00
0,0,73,2026-02-13 08:00:00
0,0,75,2026-02-13 04:00:00
0,0,74,2026-02-13 00:00:00
0,0,74,2026-03-11 12:00:00
0,0,73,2026-03-11 00:00:00
0,0,74,2025-01-11 16:00:00
0,0,71,2026-02-13 08:00:00
0,0,74,2026-02-13 04:00:00
0,0,72,2025-06-01 12:00:00
0,0,75,2026-03-11 16:00:00
0,0,74,2025-06-01 00:00:00
0,0,75,2025-01-11 08:00:00
0,0,74,2025-01-11 08:00:00
0,0,75,2026-03-11 12:00:00
0,0,71,2025-06-01 08:00:00
0,0,72,2026-02-13 20:00:00
0,0,71,2026-02-13 20:00:00
0,0,72,2025-01-11 16:00:00
0,0,72,2025-06-01 20:00:00
0,0,71,2026-02-13 16:00:00
0,0,75,2025-05-24 08:00:00
0,0,74,2025-05-24 12:00:00
0,0,73,2025-01-11 20:00:00
0,0,71,2025-05-24 20:00:00
0,0,71,2025-05-24 16:00:00
0,0,73,2025-06-01 08:00:00
0,0,75,2025-05-24 04:00:00
0,0,71,2026-03-11 20:00:00
0,0,75,2025-06-01 20:00:00
0,0,71,2026-03-11 16:00:00
0,0,75,2025-06-01 04:00:00
0,0,75,2025-05-24 12:00:00
0,0,75,2025-01-11 20:00:00
0,0,71,2026-03-11 04:00:00
0,0,71,2025-05-24 00:00:00
0,0,75,2025-01-11 16:00:00
0,0,75,2025-05-24 00:00:00
0,0,73,2025-06-01 12:00:00
0,0,73,2025-05-24 08:00:00
0,0,73,2026-03-11 16:00:00
0,0,72,2025-06-01 00:00:00
0,0,75,2026-03-11 04:00:00
0,0,74,2025-05-24 16:00:00
0,0,73,2025-06-01 20:00:00
0,0,72,2026-02-13 16:00:00
0,0,75,2026-02-13 16:00:00
0,0,74,2026-02-13 16:00:00
0,0,72,2026-03-11 16:00:00
0,0,73,2025-06-01 16:00:00
0,0,72,2025-06-01 16:00:00
0,0,74,2025-06-01 16:00:00
0,1,75,2026-03-11 08:00:00
0,0,74,2026-03-11 08:00:00
0,0,72,2025-05-24 16:00:00
0,0,74,2025-05-24 04:00:00
0,0,74,2026-02-13 20:00:00
0,0,71,2025-01-11 00:00:00
0,0,72,2025-05-24 00:00:00
0,0,74,2026-02-13 08:00:00
0,0,74,2026-03-11 04:00:00
0,0,73,2026-03-11 12:00:00
0,0,71,2025-01-11 12:00:00
0,0,72,2025-01-11 00:00:00
0,0,75,2025-01-11 00:00:00
0,0,74,2025-06-01 12:00:00
0,0,72,2025-01-11 04:00:00
0,0,75,2025-06-01 16:00:00
0,0,72,2025-05-24 20:00:00
0,0,74,2025-01-11 12:00:00
0,0,74,2025-06-01 08:00:00
0,0,73,2025-05-24 04:00:00
0,0,73,2025-01-11 00:00:00
0,0,74,2026-03-11 20:00:00
0,0,73,2026-02-13 16:00:00
0,0,71,2025-05-24 12:00:00
0,0,72,2025-01-11 20:00:00
0,0,71,2025-01-11 08:00:00
0,0,71,2025-01-11 20:00:00
0,0,71,2026-03-11 12:00:00
0,0,73,2026-02-13 12:00:00
0,0,75,2025-05-24 16:00:00
0,0,75,2025-06-01 08:00:00
0,0,74,2026-03-11 00:00:00
0,0,74,2025-01-11 00:00:00
0,0,73,2026-03-11 20:00:00
0,0,72,2026-02-13 04:00:00
0,0,71,2025-06-01 20:00:00
0,0,16,2025-01-11 12:00:00
0,0,16,2025-01-11 16:00:00
0,0,18,2025-06-01 12:00:00
0,0,20,2026-03-11 00:00:00
0,0,20,2025-01-11 00:00:00
0,0,18,2025-06-01 04:00:00
0,0,19,2025-06-01 20:00:00
0,0,16,2025-05-24 12:00:00
0,0,17,2025-06-01 00:00:00
0,0,17,2025-01-11 12:00:00
1,0,20,2026-02-13 12:00:00
0,0,17,2025-01-11 20:00:00
0,0,17,2026-03-11 16:00:00
0,0,17,2025-01-11 08:00:00
0,0,20,2025-06-01 20:00:00
0,0,16,2025-06-01 04:00:00
0,0,18,2025-06-01 08:00:00
0,0,19,2025-06-01 08:00:00
0,0,17,2026-02-13 16:00:00
0,0,18,2025-05-24 20:00:00
0,0,18,2026-02-13 12:00:00
0,0,18,2025-01-11 12:00:00
0,0,18,2026-03-11 16:00:00
0,0,18,2026-03-11 20:00:00
0,0,19,2025-06-01 00:00:00
0,0,19,2026-03-11 00:00:00
0,0,20,2025-01-11 20:00:00
0,0,19,2026-03-11 04:00:00
1,0,20,2026-03-11 08:00:00
0,0,18,2026-02-13 00:00:00
0,0,17,2026-02-13 08:00:00
0,0,19,2025-01-11 08:00:00
0,0,17,2025-05-24 00:00:00
1,0,20,2025-06-01 12:00:00
0,0,17,2025-06-01 04:00:00
0,0,16,2026-03-11 08:00:00
0,0,19,2025-06-01 16:00:00
0,0,20,2025-06-01 16:00:00
0,0,20,2026-03-11 04:00:00
0,0,16,2025-05-24 20:00:00
0,0,20,2025-05-24 20:00:00
0,0,18,2025-01-11 16:00:00
0,0,17,2025-01-11 00:00:00
0,0,19,2026-02-13 04:00:00
0,0,18,2025-05-24 16:00:00
0,0,19,2025-05-24 16:00:00
0,0,18,2025-05-24 04:00:00
0,0,16,2026-03-11 00:00:00
0,0,20,2025-01-11 04:00:00
0,0,16,2026-02-13 16:00:00
0,0,16,2025-06-01 16:00:00
0,0,19,2026-03-11 12:00:00
0,0,19,2026-02-13 12:00:00
0,0,16,2026-02-13 12:00:00
0,0,17,2026-02-13 00:00:00
0,0,18,2026-02-13 04:00:00
0,0,19,2026-02-13 20:00:00
0,0,17,2025-05-24 16:00:00
0,0,16,2025-05-24 00:00:00
0,0,20,2026-02-13 16:00:00
0,0,18,2025-06-01 20:00:00
1,0,20,2025-05-24 12:00:00
0,0,17,2025-06-01 16:00:00
0,0,19,2025-01-11 16:00:00
0,0,17,2026-03-11 20:00:00
0,0,18,2026-02-13 08:00:00
0,0,20,2025-01-11 16:00:00
0,0,20,2026-02-13 04:00:00
0,0,18,2025-01-11 04:00:00
0,0,17,2026-03-11 08:00:00
2,0,20,2025-01-11 08:00:00
0,0,18,2025-06-01 16:00:00
0,0,19,2025-01-11 20:00:00
0,0,19,2025-06-01 12:00:00
2,0,20,2026-02-13 08:00:00
2,0,20,2025-05-24 08:00:00
0,0,19,2025-05-24 12:00:00
0,0,18,2025-06-01 00:00:00
2,0,20,2025-06-01 08:00:00
2,0,17,2026-02-13 04:00:00
0,0,17,2026-02-13 20:00:00
0,0,18,2025-01-11 08:00:00
0,0,20,2026-03-11 20:00:00
0,0,19,2025-06-01 04:00:00
0,0,18,2025-05-24 12:00:00
0,0,16,2025-06-01 08:00:00
0,0,19,2025-01-11 04:00:00
0,0,19,2026-02-13 16:00:00
0,0,19,2026-03-11 08:00:00
0,0,17,2025-01-11 04:00:00
0,0,20,2025-01-11 12:00:00
0,0,20,2025-05-24 16:00:00
0,0,19,2026-03-11 16:00:00
0,0,16,2025-06-01 12:00:00
0,0,19,2026-03-11 20:00:00
0,0,16,2025-01-11 08:00:00
0,0,20,2025-05-24 00:00:00
4,0,17,2025-05-24 12:00:00
0,0,17,2026-03-11 00:00:00
0,0,18,2026-03-11 08:00:00
0,0,16,2025-01-11 04:00:00
4,0,17,2026-03-11 12:00:00
0,0,17,2025-01-11 16:00:00
0,0,19,2026-02-13 00:00:00
1,0,16,2026-02-13 04:00:00
0,0,18,2026-02-13 20:00:00
0,0,19,2026-02-13 08:00:00
0,0,16,2025-05-24 16:00:00
0,0,18,2025-05-24 00:00:00
0,0,19,2025-05-24 04:00:00
0,0,18,2026-03-11 00:00:00
0,0,20,2026-03-11 16:00:00
0,0,18,2026-02-13 16:00:00
0,0,18,2025-01-11 00:00:00
0,0,16,2026-02-13 08:00:00
0,0,19,2025-05-24 00:00:00
0,0,16,2025-05-24 04:00:00
0,0,17,2025-05-24 04:00:00
0,0,17,2025-05-24 08:00:00
0,0,20,2025-06-01 00:00:00
1,0,16,2026-03-11 12:00:00
0,0,18,2025-01-11 20:00:00
0,0,16,2026-03-11 16:00:00
0,0,20,2025-05-24 04:00:00
0,0,16,2026-02-13 20:00:00
0,0,16,2025-06-01 00:00:00
0,0,16,2025-05-24 08:00:00
0,0,18,2026-03-11 12:00:00
0,0,18,2026-03-11 04:00:00
0,0,16,2026-03-11 04:00:00
0,0,16,2025-01-11 00:00:00
4,0,17,2025-06-01 12:00:00
0,0,20,2026-02-13 20:00:00
0,0,16,2025-06-01 20:00:00
0,0,19,2025-05-24 08:00:00
0,0,20,2025-06-01 04:00:00
0,0,19,2025-05-24 20:00:00
0,0,17,2025-05-24 20:00:00
0,0,20,2026-02-13 00:00:00
0,0,19,2025-01-11 12:00:00
0,0,19,2025-01-11 00:00:00
0,0,16,2026-02-13 00:00:00
0,0,17,2025-06-01 20:00:00
0,0,17,2025-06-01 08:00:00
0,0,18,2025-05-24 08:00:00
4,0,17,2026-02-13 12:00:00
0,0,17,2026-03-11 04:00:00
1,0,20,2026-03-11 12:00:00
0,0,16,2025-01-11 20:00:00
0,0,16,2026-03-11 20:00:00
2,0,05,2025-01-11 04:00:00
0,0,04,2025-06-01 16:00:00
1,0,04,2026-03-11 12:00:00
1,0,02,2026-02-13 12:00:00
1,1,03,2026-03-11 12:00:00
2,0,05,2025-01-11 12:00:00
0,0,02,2026-03-11 16:00:00
0,0,04,2026-03-11 16:00:00
1,0,02,2025-06-01 12:00:00
1,0,04,2026-02-13 04:00:00
0,0,04,2025-05-24 00:00:00
2,0,05,2026-02-13 08:00:00
0,0,04,2025-06-01 00:00:00
0,0,02,2026-03-11 04:00:00
0,0,04,2026-02-13 12:00:00
0,0,04,2025-01-11 16:00:00
1,0,05,2026-03-11 12:00:00
0,0,01,2026-02-13 00:00:00
0,0,05,2026-03-11 20:00:00
2,0,03,2025-06-01 20:00:00
0,0,01,2026-02-13 16:00:00
0,0,01,2026-03-11 04:00:00
0,0,04,2025-01-11 00:00:00
2,1,03,2025-05-24 04:00:00
0,0,02,2026-02-13 20:00:00
0,1,01,2025-01-11 08:00:00
1,1,03,2026-02-13 16:00:00
0,0,04,2025-06-01 04:00:00
1,0,01,2025-06-01 08:00:00
0,1,02,2025-06-01 08:00:00
2,0,03,2025-06-01 04:00:00
1,1,03,2026-02-13 12:00:00
0,0,04,2025-01-11 20:00:00
2,0,05,2025-05-24 04:00:00
0,0,04,2025-05-24 16:00:00
0,0,04,2025-01-11 08:00:00
0,0,01,2025-06-01 20:00:00
0,0,02,2025-06-01 20:00:00
0,0,04,2025-06-01 20:00:00
1,0,01,2025-05-24 12:00:00
0,0,01,2025-06-01 00:00:00
2,0,03,2025-01-11 20:00:00
2,0,05,2026-03-11 04:00:00
0,0,01,2025-01-11 16:00:00
1,0,05,2025-05-24 16:00:00
1,0,05,2025-06-01 12:00:00
0,0,02,2026-03-11 00:00:00
0,0,02,2025-01-11 04:00:00
0,0,01,2025-06-01 16:00:00
1,0,05,2025-06-01 16:00:00
2,0,03,2026-02-13 00:00:00
0,0,02,2025-01-11 16:00:00
1,0,05,2026-02-13 12:00:00
0,0,02,2026-02-13 00:00:00
0,0,01,2026-02-13 08:00:00
0,0,05,2026-03-11 00:00:00
2,0,03,2025-06-01 00:00:00
1,0,01,2026-03-11 12:00:00
0,0,77,2025-04-15 04:00:00
0,0,77,2025-03-21 20:00:00
0,0,77,2025-04-15 20:00:00
4,4,76,2025-04-15 16:00:00
4,4,76,2025-03-12 12:00:00
4,3,76,2025-02-27 04:00:00
0,0,77,2025-03-21 00:00:00
0,0,77,2025-02-27 08:00:00
0,0,77,2025-09-22 20:00:00
1,0,77,2025-04-15 12:00:00
4,4,76,2025-04-15 08:00:00
1,1,77,2025-04-15 08:00:00
4,4,76,2025-03-21 20:00:00
0,0,77,2025-03-12 16:00:00
4,4,76,2025-03-12 16:00:00
0,0,77,2025-03-12 00:00:00
4,4,76,2025-09-22 20:00:00
0,0,77,2025-04-15 00:00:00
4,4,76,2025-03-21 08:00:00
1,0,77,2025-03-21 08:00:00
0,0,77,2025-04-15 16:00:00
0,1,77,2025-02-27 20:00:00
4,3,76,2025-09-22 04:00:00
0,0,77,2025-03-21 04:00:00
0,0,77,2025-09-22 00:00:00
1,0,77,2025-03-21 12:00:00
4,4,76,2025-03-21 16:00:00
4,3,76,2025-04-15 00:00:00
4,4,76,2025-02-27 12:00:00
4,2,76,2025-02-27 00:00:00
1,2,77,2025-03-12 08:00:00
1,1,77,2025-03-12 12:00:00
0,0,77,2025-09-22 04:00:00
4,4,76,2025-03-21 12:00:00
0,0,77,2025-02-27 00:00:00
4,3,76,2025-04-15 04:00:00
4,4,76,2025-04-15 20:00:00
4,4,76,2025-02-27 16:00:00
4,2,76,2025-03-12 00:00:00
4,4,76,2025-02-27 08:00:00
4,4,76,2025-04-15 12:00:00
4,4,76,2025-09-22 16:00:00
0,0,77,2025-03-12 20:00:00
4,4,76,2025-02-27 20:00:00
0,0,77,2025-03-12 04:00:00
1,1,77,2025-09-22 12:00:00
0,0,77,2025-02-27 04:00:00
0,0,77,2025-09-22 08:00:00
4,3,76,2025-03-21 04:00:00
3,3,76,2025-09-22 00:00:00
4,4,76,2025-09-22 12:00:00
0,0,77,2025-03-21 16:00:00
0,0,77,2025-09-22 16:00:00
4,4,76,2025-09-22 08:00:00
4,3,76,2025-03-12 04:00:00
0,1,77,2025-02-27 16:00:00
1,1,77,2025-02-27 12:00:00
4,4,76,2025-03-12 20:00:00
4,4,76,2025-03-12 08:00:00
0,3,76,2025-03-21 00:00:00
3,0,63,2025-09-22 08:00:00
0,0,65,2025-02-27 20:00:00
3,0,62,2025-02-27 08:00:00
3,0,64,2025-03-12 12:00:00
3,0,64,2025-03-21 08:00:00
0,0,64,2025-09-22 00:00:00
0,0,62,2025-02-27 04:00:00
0,0,63,2025-03-12 00:00:00
0,0,62,2025-02-27 20:00:00
0,0,61,2025-03-21 04:00:00
0,0,65,2025-03-12 20:00:00
3,0,65,2025-03-12 04:00:00
0,0,63,2025-02-27 16:00:00
3,0,62,2025-09-22 08:00:00
3,0,64,2025-03-12 16:00:00
3,0,62,2025-04-15 04:00:00
3,0,64,2025-04-15 04:00:00
3,0,64,2025-02-27 08:00:00
3,0,64,2025-03-21 04:00:00
3,0,64,2025-04-15 20:00:00
3,0,64,2025-03-21 16:00:00
3,0,65,2025-09-22 16:00:00
3,0,64,2025-03-21 12:00:00
3,0,65,2025-09-22 08:00:00
0,0,61,2025-09-22 12:00:00
0,0,65,2025-03-21 20:00:00
0,0,61,2025-03-21 00:00:00
1,0,61,2025-04-15 12:00:00
3,0,65,2025-03-21 08:00:00
0,0,63,2025-09-22 16:00:00
3,0,64,2025-09-22 16:00:00
0,0,63,2025-04-15 00:00:00
0,0,61,2025-09-22 08:00:00
3,0,64,2025-04-15 08:00:00
0,0,63,2025-03-21 20:00:00
0,0,63,2025-03-12 20:00:00
0,0,61,2025-02-27 16:00:00
0,0,65,2025-04-15 00:00:00
0,0,61,2025-03-12 00:00:00
0,0,61,2025-03-21 12:00:00
0,0,61,2025-04-15 16:00:00
3,0,65,2025-04-15 16:00:00
3,0,63,2025-04-15 08:00:00
3,0,65,2025-04-15 08:00:00
0,0,61,2025-02-27 20:00:00
3,0,63,2025-02-27 08:00:00
0,0,62,2025-09-22 04:00:00
0,0,62,2025-04-15 20:00:00
3,0,65,2025-03-21 16:00:00
0,0,63,2025-02-27 04:00:00
3,0,62,2025-02-27 16:00:00
3,0,62,2025-03-21 12:00:00
3,0,63,2025-04-15 16:00:00
0,0,61,2025-09-22 20:00:00
3,0,63,2025-09-22 12:00:00
3,0,62,2025-03-12 16:00:00
3,0,64,2025-09-22 04:00:00
0,0,63,2025-04-15 20:00:00
0,0,61,2025-02-27 08:00:00
0,0,65,2025-09-22 00:00:00
0,0,61,2025-04-15 20:00:00
0,0,61,2025-03-21 16:00:00
3,0,63,2025-02-27 12:00:00
0,0,61,2025-02-27 04:00:00
3,0,64,2025-02-27 16:00:00
0,0,64,2025-04-15 00:00:00
3,0,63,2025-03-21 12:00:00
3,0,64,2025-03-12 00:00:00
0,0,65,2025-03-12 00:00:00
0,0,62,2025-03-21 20:00:00
0,0,64,2025-03-21 00:00:00
3,0,63,2025-04-15 12:00:00
3,0,63,2025-03-21 08:00:00
3,0,62,2025-03-12 12:00:00
3,0,65,2025-03-12 12:00:00
0,0,63,2025-02-27 00:00:00
0,0,64,2025-02-27 00:00:00
3,0,62,2025-03-12 04:00:00
3,0,64,2025-02-27 12:00:00
0,0,62,2025-04-15 00:00:00
3,0,65,2025-04-15 04:00:00
0,0,65,2025-02-27 00:00:00
0,0,65,2025-02-27 04:00:00
1,0,61,2025-03-12 08:00:00
0,0,61,2025-04-15 00:00:00
3,0,62,2025-03-12 08:00:00
3,0,64,2025-09-22 20:00:00
3,0,65,2025-09-22 12:00:00
0,0,61,2025-03-12 16:00:00
0,0,61,2025-03-21 20:00:00
3,0,64,2025-03-21 20:00:00
0,0,63,2025-03-21 00:00:00
0,0,62,2025-03-21 00:00:00
3,0,62,2025-04-15 12:00:00
0,0,62,2025-03-21 04:00:00
3,0,65,2025-02-27 08:00:00
0,0,65,2025-03-21 04:00:00
0,0,62,2025-09-22 00:00:00
0,0,62,2025-03-12 20:00:00
3,0,64,2025-03-12 04:00:00
3,0,65,2025-02-27 16:00:00
3,0,62,2025-09-22 16:00:00
3,0,64,2025-04-15 16:00:00
3,0,62,2025-04-15 08:00:00
0,0,65,2025-09-22 20:00:00
0,0,64,2025-02-27 20:00:00
3,0,63,2025-03-12 16:00:00
0,0,63,2025-03-21 04:00:00
3,0,65,2025-04-15 12:00:00
1,0,61,2025-03-12 12:00:00
0,0,65,2025-09-22 04:00:00
0,0,61,2025-03-12 20:00:00
3,0,63,2025-03-12 08:00:00
3,0,62,2025-09-22 12:00:00
0,0,62,2025-09-22 20:00:00
0,0,65,2025-03-21 00:00:00
0,0,61,2025-04-15 04:00:00
3,0,64,2025-04-15 12:00:00
0,0,61,2025-09-22 04:00:00
0,0,63,2025-03-21 16:00:00
0,0,62,2025-02-27 00:00:00
3,0,64,2025-03-12 20:00:00
0,0,65,2025-04-15 20:00:00
0,0,61,2025-03-12 04:00:00
3,0,64,2025-02-27 04:00:00
3,0,64,2025-03-12 08:00:00
3,0,65,2025-03-12 08:00:00
1,0,61,2025-04-15 08:00:00
3,0,64,2025-09-22 12:00:00
0,0,63,2025-04-15 04:00:00
0,0,61,2025-09-22 00:00:00
3,0,63,2025-03-12 12:00:00
0,0,63,2025-09-22 04:00:00
3,0,62,2025-03-21 08:00:00
0,0,61,2025-02-27 00:00:00
0,0,63,2025-03-12 04:00:00
0,0,62,2025-03-12 00:00:00
3,0,62,2025-04-15 16:00:00
3,0,64,2025-09-22 08:00:00
0,0,63,2025-09-22 00:00:00
3,0,62,2025-03-21 16:00:00
1,0,61,2025-02-27 12:00:00
3,0,62,2025-02-27 12:00:00
3,0,65,2025-02-27 12:00:00
3,0,65,2025-03-21 12:00:00
0,0,63,2025-09-22 20:00:00
0,0,63,2025-02-27 20:00:00
3,0,65,2025-03-12 16:00:00
0,0,61,2025-03-21 08:00:00
0,0,61,2025-09-22 16:00:00
0,0,50,2025-03-12 08:00:00
0,0,47,2025-03-12 16:00:00
0,0,48,2025-03-21 20:00:00
0,0,47,2025-03-21 00:00:00
0,0,50,2025-04-15 12:00:00
0,0,47,2025-03-21 08:00:00
0,0,46,2025-03-21 08:00:00
0,0,46,2025-09-22 00:00:00
0,0,50,2025-03-21 16:00:00
0,0,49,2025-03-12 20:00:00
0,0,46,2025-02-27 12:00:00
0,0,46,2025-02-27 16:00:00
0,0,50,2025-04-15 00:00:00
0,0,48,2025-04-15 00:00:00
0,0,46,2025-03-12 00:00:00
0,0,48,2025-09-22 08:00:00
0,0,46,2025-02-27 20:00:00
0,0,46,2025-03-21 00:00:00
0,0,48,2025-04-15 12:00:00
0,0,46,2025-03-21 16:00:00
0,0,46,2025-03-12 04:00:00
0,0,49,2025-09-22 16:00:00
0,0,49,2025-03-21 12:00:00
0,0,49,2025-09-22 08:00:00
0,0,50,2025-03-21 04:00:00
0,0,48,2025-03-21 08:00:00
0,0,47,2025-02-27 12:00:00
0,0,47,2025-02-27 04:00:00
0,0,48,2025-02-27 16:00:00
0,0,49,2025-02-27 16:00:00
0,0,50,2025-03-21 12:00:00
0,0,49,2025-03-21 08:00:00
0,0,49,2025-02-27 00:00:00
0,0,46,2025-09-22 16:00:00
0,0,46,2025-04-15 00:00:00
0,0,50,2025-03-12 00:00:00
0,0,50,2025-09-22 08:00:00
0,0,50,2025-09-22 12:00:00
0,0,46,2025-09-22 12:00:00
0,0,47,2025-03-21 20:00:00
0,0,48,2025-03-12 16:00:00
0,0,50,2025-04-15 04:00:00
0,0,46,2025-04-15 04:00:00
0,0,47,2025-03-21 04:00:00
0,0,48,2025-03-21 04:00:00
0,0,49,2025-03-12 12:00:00
0,0,47,2025-03-12 20:00:00
0,0,47,2025-03-21 16:00:00
0,0,50,2025-02-27 04:00:00
0,0,46,2025-03-12 08:00:00
0,0,49,2025-04-15 16:00:00
0,0,47,2025-09-22 12:00:00
0,0,46,2025-09-22 20:00:00
0,0,47,2025-04-15 04:00:00
0,0,50,2025-02-27 08:00:00
0,0,49,2025-02-27 08:00:00
0,0,50,2025-09-22 04:00:00
0,0,47,2025-03-12 12:00:00
0,0,49,2025-09-22 00:00:00
0,0,48,2025-03-21 16:00:00
0,0,49,2025-02-27 12:00:00
0,0,50,2025-09-22 20:00:00
0,0,47,2025-02-27 20:00:00
0,0,48,2025-03-21 00:00:00
0,0,48,2025-04-15 04:00:00
0,0,46,2025-03-21 04:00:00
0,0,50,2025-09-22 00:00:00
0,0,46,2025-09-22 04:00:00
0,0,50,2025-04-15 20:00:00
0,0,47,2025-02-27 00:00:00
0,0,46,2025-09-22 08:00:00
0,0,47,2025-09-22 20:00:00
0,0,49,2025-04-15 08:00:00
0,0,46,2025-03-12 16:00:00
0,0,47,2025-09-22 00:00:00
0,0,47,2025-04-15 16:00:00
0,0,46,2025-04-15 16:00:00
0,0,47,2025-04-15 08:00:00
0,0,46,2025-04-15 08:00:00
0,0,46,2025-03-21 20:00:00
0,0,49,2025-04-15 12:00:00
0,0,50,2025-02-27 12:00:00
0,0,47,2025-02-27 16:00:00
0,0,49,2025-02-27 04:00:00
0,0,48,2025-09-22 16:00:00
0,0,47,2025-04-15 00:00:00
0,0,47,2025-02-27 08:00:00
0,0,48,2025-03-12 12:00:00
0,0,50,2025-03-12 20:00:00
0,0,46,2025-03-12 20:00:00
0,0,46,2025-02-27 04:00:00
0,0,50,2025-09-22 16:00:00
0,0,49,2025-09-22 20:00:00
0,0,50,2025-02-27 20:00:00
0,0,50,2025-03-12 12:00:00
0,0,48,2025-09-22 00:00:00
0,0,50,2025-02-27 00:00:00
0,0,47,2025-03-12 04:00:00
0,0,50,2025-02-27 16:00:00
0,0,47,2025-03-12 08:00:00
0,0,49,2025-03-12 08:00:00
0,0,49,2025-04-15 00:00:00
0,0,47,2025-03-12 00:00:00
0,0,47,2025-03-21 12:00:00
0,0,48,2025-03-21 12:00:00
0,0,48,2025-04-15 08:00:00
0,0,48,2025-02-27 00:00:00
0,0,48,2025-03-12 20:00:00
0,0,50,2025-03-12 04:00:00
0,0,48,2025-03-12 04:00:00
0,0,49,2025-03-12 00:00:00
0,0,50,2025-04-15 16:00:00
0,0,48,2025-04-15 16:00:00
0,0,49,2025-02-27 20:00:00
0,0,49,2025-03-21 20:00:00
0,0,49,2025-03-21 00:00:00
0,0,46,2025-04-15 12:00:00
1,0,46,2025-03-12 12:00:00
0,0,49,2025-09-22 04:00:00
0,0,46,2025-04-15 20:00:00
0,0,49,2025-03-21 16:00:00
0,0,48,2025-02-27 12:00:00
0,0,47,2025-09-22 16:00:00
0,0,48,2025-03-12 08:00:00
0,0,47,2025-09-22 08:00:00
0,0,48,2025-09-22 12:00:00
0,0,48,2025-09-22 20:00:00
0,0,49,2025-09-22 12:00:00
0,0,48,2025-02-27 20:00:00
0,0,50,2025-03-12 16:00:00
0,0,50,2025-03-21 00:00:00
0,0,49,2025-03-21 04:00:00
0,0,48,2025-09-22 04:00:00
0,0,47,2025-04-15 20:00:00
0,0,46,2025-02-27 00:00:00
0,0,50,2025-04-15 08:00:00
0,0,50,2025-03-21 20:00:00
0,0,49,2025-04-15 04:00:00
0,0,46,2025-02-27 08:00:00
0,0,50,2025-03-21 08:00:00
0,0,48,2025-04-15 20:00:00
0,0,48,2025-02-27 04:00:00
0,0,48,2025-03-12 00:00:00
0,0,46,2025-03-21 12:00:00
0,0,49,2025-03-12 16:00:00
0,0,47,2025-04-15 12:00:00
0,0,48,2025-02-27 08:00:00
0,0,47,2025-09-22 04:00:00
0,0,49,2025-04-15 20:00:00
0,0,49,2025-03-12 04:00:00
0,0,74,2025-03-12 08:00:00
0,0,73,2025-03-12 00:00:00
0,0,71,2025-03-21 12:00:00
0,0,71,2025-09-22 20:00:00
0,0,73,2025-03-12 16:00:00
0,0,73,2025-03-21 04:00:00
0,0,74,2025-03-21 04:00:00
0,0,72,2025-03-12 12:00:00
0,0,72,2025-04-15 20:00:00
0,0,74,2025-04-15 20:00:00
0,0,72,2025-02-27 12:00:00
0,0,75,2025-02-27 04:00:00
0,0,71,2025-04-15 08:00:00
0,0,75,2025-04-15 08:00:00
0,0,74,2025-02-27 20:00:00
0,0,75,2025-03-21 00:00:00
0,0,73,2025-04-15 04:00:00
0,0,74,2025-02-27 08:00:00
0,0,73,2025-03-12 12:00:00
0,0,72,2025-09-22 04:00:00
0,0,75,2025-03-21 08:00:00
0,0,72,2025-02-27 00:00:00
0,0,72,2025-03-12 04:00:00
0,0,71,2025-02-27 04:00:00
0,0,74,2025-02-27 16:00:00
0,0,72,2025-02-27 20:00:00
0,0,72,2025-03-21 00:00:00
0,0,75,2025-03-21 04:00:00
0,0,71,2025-03-12 12:00:00
0,0,71,2025-03-21 16:00:00
0,0,75,2025-03-12 20:00:00
0,0,75,2025-09-22 16:00:00
0,0,74,2025-09-22 00:00:00
0,0,74,2025-09-22 04:00:00
0,0,73,2025-03-12 20:00:00
0,0,75,2025-04-15 20:00:00
0,0,75,2025-03-21 16:00:00
0,0,74,2025-09-22 16:00:00
0,0,73,2025-03-12 08:00:00
0,0,75,2025-09-22 08:00:00
0,0,74,2025-03-12 12:00:00
0,0,72,2025-04-15 00:00:00
0,0,73,2025-09-22 20:00:00
0,0,74,2025-09-22 20:00:00
0,0,71,2025-03-12 16:00:00
0,0,74,2025-03-21 20:00:00
0,0,74,2025-03-21 00:00:00
0,0,72,2025-04-15 04:00:00
0,0,72,2025-03-21 04:00:00
0,0,71,2025-03-21 04:00:00
0,0,74,2025-03-21 16:00:00
0,0,72,2025-02-27 16:00:00
0,0,74,2025-03-21 12:00:00
0,0,75,2025-02-27 20:00:00
0,0,74,2025-03-12 04:00:00
0,0,73,2025-02-27 16:00:00
0,0,72,2025-09-22 16:00:00
0,0,71,2025-03-12 08:00:00
0,0,75,2025-04-15 00:00:00
0,0,72,2025-03-21 12:00:00
0,0,71,2025-09-22 08:00:00
0,0,72,2025-04-15 08:00:00
0,0,71,2025-04-15 04:00:00
0,0,73,2025-03-21 08:00:00
0,0,74,2025-03-21 08:00:00
0,0,73,2025-04-15 20:00:00
0,0,74,2025-03-12 20:00:00
0,0,72,2025-02-27 04:00:00
0,0,73,2025-04-15 00:00:00
0,0,74,2025-03-12 16:00:00
0,0,71,2025-03-21 00:00:00
0,0,73,2025-02-27 08:00:00
0,0,73,2025-04-15 12:00:00
0,0,72,2025-02-27 08:00:00
0,0,71,2025-04-15 12:00:00
0,0,71,2025-03-21 08:00:00
0,0,75,2025-09-22 00:00:00
0,0,73,2025-03-21 16:00:00
0,0,73,2025-03-12 04:00:00
0,0,71,2025-02-27 12:00:00
0,1,75,2025-02-27 12:00:00
0,0,74,2025-02-27 04:00:00
0,0,72,2025-03-12 00:00:00
0,0,71,2025-03-12 00:00:00
0,0,74,2025-03-12 00:00:00
0,0,73,2025-04-15 08:00:00
0,0,72,2025-03-21 20:00:00
0,0,71,2025-02-27 08:00:00
0,0,73,2025-09-22 16:00:00
0,0,71,2025-09-22 16:00:00
0,0,74,2025-04-15 00:00:00
0,0,75,2025-04-15 16:00:00
0,0,74,2025-09-22 08:00:00
0,0,72,2025-09-22 20:00:00
0,0,73,2025-03-21 20:00:00
0,0,72,2025-09-22 00:00:00
0,0,71,2025-02-27 00:00:00
0,0,73,2025-02-27 12:00:00
0,0,73,2025-04-15 16:00:00
0,0,73,2025-09-22 12:00:00
0,0,74,2025-04-15 04:00:00
0,0,75,2025-04-15 12:00:00
0,0,71,2025-09-22 04:00:00
0,0,75,2025-03-12 00:00:00
0,0,75,2025-03-21 12:00:00
0,0,74,2025-04-15 16:00:00
0,0,71,2025-02-27 20:00:00
0,0,75,2025-03-21 20:00:00
0,0,72,2025-03-21 08:00:00
0,0,75,2025-03-12 12:00:00
0,0,73,2025-02-27 00:00:00
0,0,74,2025-02-27 00:00:00
0,0,74,2025-02-27 12:00:00
0,0,71,2025-02-27 16:00:00
0,0,71,2025-04-15 16:00:00
0,0,73,2025-03-21 00:00:00
0,0,74,2025-04-15 12:00:00
0,0,73,2025-09-22 04:00:00
0,0,72,2025-03-21 16:00:00
0,0,71,2025-04-15 20:00:00
0,0,71,2025-03-12 04:00:00
0,0,73,2025-02-27 04:00:00
0,0,71,2025-04-15 00:00:00
0,1,75,2025-03-12 08:00:00
0,0,73,2025-03-21 12:00:00
0,0,73,2025-09-22 08:00:00
0,0,72,2025-09-22 12:00:00
0,0,72,2025-03-12 16:00:00
0,0,75,2025-03-12 16:00:00
0,0,75,2025-02-27 08:00:00
0,0,75,2025-09-22 04:00:00
0,0,72,2025-03-12 20:00:00
0,0,75,2025-02-27 00:00:00
0,0,75,2025-03-12 04:00:00
0,0,72,2025-03-12 08:00:00
0,0,72,2025-04-15 16:00:00
0,0,72,2025-09-22 08:00:00
0,0,71,2025-09-22 12:00:00
0,0,75,2025-09-22 12:00:00
0,0,75,2025-09-22 20:00:00
0,0,74,2025-04-15 08:00:00
0,0,74,2025-09-22 12:00:00
0,0,73,2025-02-27 20:00:00
0,0,71,2025-03-21 20:00:00
0,0,75,2025-04-15 04:00:00
0,0,72,2025-04-15 12:00:00
0,0,73,2025-09-22 00:00:00
0,0,71,2025-09-22 00:00:00
0,0,71,2025-03-12 20:00:00
0,0,75,2025-02-27 16:00:00
0,0,20,2025-04-15 00:00:00
0,0,20,2025-04-15 16:00:00
0,0,17,2025-03-21 16:00:00
0,0,19,2025-04-15 00:00:00
0,0,16,2025-04-15 00:00:00
0,0,19,2025-03-12 08:00:00
0,0,20,2025-03-21 04:00:00
0,0,18,2025-02-27 04:00:00
0,0,19,2025-09-22 16:00:00
0,0,19,2025-09-22 08:00:00
0,0,18,2025-04-15 04:00:00
0,0,18,2025-09-22 04:00:00
0,0,19,2025-09-22 04:00:00
0,0,16,2025-09-22 00:00:00
0,0,17,2025-02-27 16:00:00
0,0,16,2025-09-22 20:00:00
0,0,17,2025-09-22 20:00:00
1,0,20,2025-04-15 08:00:00
0,0,19,2025-03-12 16:00:00
0,0,17,2025-04-15 16:00:00
4,0,17,2025-04-15 12:00:00
0,0,18,2025-09-22 16:00:00
0,0,17,2025-03-21 20:00:00
0,0,19,2025-09-22 00:00:00
0,0,18,2025-02-27 08:00:00
0,0,19,2025-09-22 20:00:00
0,0,19,2025-09-22 12:00:00
0,0,16,2025-09-22 12:00:00
0,0,16,2025-03-12 08:00:00
0,0,19,2025-02-27 04:00:00
0,0,20,2025-09-22 04:00:00
1,0,20,2025-02-27 12:00:00
0,0,19,2025-03-21 16:00:00
0,0,18,2025-04-15 12:00:00
0,0,16,2025-04-15 12:00:00
0,0,16,2025-02-27 12:00:00
0,0,19,2025-04-15 08:00:00
0,0,17,2025-02-27 04:00:00
1,0,20,2025-03-12 12:00:00
0,0,17,2025-04-15 04:00:00
0,0,18,2025-03-12 04:00:00
0,0,16,2025-04-15 20:00:00
0,0,18,2025-09-22 20:00:00
0,0,18,2025-03-12 16:00:00
0,0,16,2025-04-15 16:00:00
0,0,16,2025-03-12 20:00:00
0,0,20,2025-03-21 00:00:00
0,0,18,2025-03-21 08:00:00
4,0,17,2025-03-12 12:00:00
0,0,20,2025-03-12 04:00:00
0,0,16,2025-03-12 04:00:00
0,0,17,2025-09-22 00:00:00
0,0,19,2025-03-12 00:00:00
4,0,19,2025-02-27 12:00:00
0,0,18,2025-04-15 08:00:00
0,0,19,2025-03-21 08:00:00
0,0,16,2025-02-27 00:00:00
0,0,20,2025-09-22 00:00:00
0,0,20,2025-03-12 20:00:00
0,0,19,2025-04-15 04:00:00
0,0,17,2025-03-12 04:00:00
0,0,16,2025-03-12 00:00:00
0,0,19,2025-02-27 08:00:00
0,0,18,2025-04-15 16:00:00
0,0,17,2025-03-12 16:00:00
0,0,18,2025-04-15 00:00:00
0,0,19,2025-02-27 00:00:00
0,0,18,2025-03-12 12:00:00
0,0,19,2025-03-21 20:00:00
0,0,18,2025-04-15 20:00:00
0,0,16,2025-03-21 00:00:00
1,0,20,2025-03-12 08:00:00
0,0,20,2025-03-12 00:00:00
4,0,17,2025-02-27 12:00:00
2,0,20,2025-03-21 08:00:00
0,0,17,2025-04-15 20:00:00
1,0,20,2025-03-21 12:00:00
2,0,20,2025-09-22 08:00:00
0,0,16,2025-03-21 12:00:00
0,0,20,2025-03-21 20:00:00
0,0,17,2025-02-27 00:00:00
0,0,17,2025-04-15 08:00:00
0,0,18,2025-03-12 08:00:00
1,0,16,2025-03-12 12:00:00
0,0,16,2025-02-27 04:00:00
0,0,18,2025-09-22 08:00:00
0,0,20,2025-03-21 16:00:00
0,0,19,2025-04-15 20:00:00
0,0,19,2025-03-21 04:00:00
0,0,16,2025-03-21 04:00:00
0,0,16,2025-02-27 08:00:00
0,0,18,2025-03-21 12:00:00
0,0,18,2025-03-21 16:00:00
0,0,20,2025-02-27 20:00:00
0,0,16,2025-09-22 08:00:00
0,0,20,2025-04-15 20:00:00
0,0,16,2025-04-15 04:00:00
0,0,18,2025-03-21 00:00:00
0,0,20,2025-02-27 04:00:00
0,0,18,2025-02-27 00:00:00
0,0,17,2025-03-12 08:00:00
1,0,20,2025-02-27 08:00:00
1,0,20,2025-04-15 12:00:00
0,0,17,2025-09-22 08:00:00
0,0,18,2025-03-21 20:00:00
0,0,18,2025-03-21 04:00:00
0,0,18,2025-09-22 00:00:00
0,0,19,2025-02-27 16:00:00
0,0,17,2025-03-12 00:00:00
0,0,17,2025-02-27 08:00:00
0,0,16,2025-03-21 16:00:00
4,0,17,2025-03-21 12:00:00
4,0,19,2025-03-12 12:00:00
0,0,16,2025-09-22 16:00:00
0,0,17,2025-09-22 16:00:00
0,0,17,2025-02-27 20:00:00
0,0,16,2025-03-21 20:00:00
0,0,16,2025-02-27 16:00:00
0,0,18,2025-09-22 12:00:00
1,0,20,2025-09-22 12:00:00
0,0,20,2025-09-22 20:00:00
0,0,17,2025-04-15 00:00:00
0,0,20,2025-03-12 16:00:00
0,0,16,2025-04-15 08:00:00
0,0,17,2025-03-21 08:00:00
0,0,18,2025-02-27 20:00:00
0,0,17,2025-09-22 04:00:00
0,0,17,2025-03-21 00:00:00
0,0,20,2025-09-22 16:00:00
0,0,19,2025-04-15 12:00:00
0,0,16,2025-02-27 20:00:00
0,0,20,2025-02-27 00:00:00
0,0,19,2025-03-12 04:00:00
0,0,20,2025-02-27 16:00:00
0,0,18,2025-03-12 00:00:00
0,0,19,2025-04-15 16:00:00
0,0,18,2025-03-12 20:00:00
0,0,19,2025-03-12 20:00:00
0,0,17,2025-03-12 20:00:00
0,0,20,2025-04-15 04:00:00
0,0,18,2025-02-27 16:00:00
0,0,17,2025-09-22 12:00:00
0,0,19,2025-03-21 12:00:00
0,0,16,2025-03-12 16:00:00
0,0,18,2025-02-27 12:00:00
0,0,16,2025-03-21 08:00:00
0,0,19,2025-02-27 20:00:00
0,0,16,2025-09-22 04:00:00
0,0,19,2025-03-21 00:00:00
0,0,17,2025-03-21 04:00:00
2,0,03,2025-04-15 00:00:00
0,0,02,2025-09-22 12:00:00
1,0,01,2025-03-21 12:00:00
0,0,01,2025-03-12 16:00:00
1,0,01,2025-04-15 12:00:00
1,1,02,2025-03-12 12:00:00
0,0,01,2025-09-22 16:00:00
0,0,02,2025-02-27 04:00:00
0,0,02,2025-09-22 16:00:00
0,0,01,2025-09-22 04:00:00
2,0,03,2025-02-27 00:00:00
1,2,03,2025-02-27 12:00:00
0,0,04,2025-04-15 20:00:00
0,0,02,2025-09-22 00:00:00
0,0,01,2025-03-12 00:00:00
1,0,05,2025-09-22 16:00:00
0,0,01,2025-04-15 16:00:00
1,2,03,2025-09-22 12:00:00
2,0,03,2025-03-21 20:00:00
0,0,02,2025-03-12 20:00:00
1,0,01,2025-03-21 08:00:00
0,0,02,2025-02-27 00:00:00
1,0,04,2025-04-15 08:00:00
1,1,03,2025-03-12 12:00:00
1,2,03,2025-03-21 08:00:00
0,0,04,2025-04-15 04:00:00
0,0,05,2025-04-15 20:00:00
0,0,05,2025-04-15 00:00:00
1,1,02,2025-04-15 12:00:00
1,0,01,2025-03-12 12:00:00
0,0,04,2025-03-21 20:00:00
0,0,02,2025-03-21 04:00:00
0,0,02,2025-03-12 00:00:00
0,0,04,2025-02-27 08:00:00
1,2,03,2025-09-22 08:00:00
0,0,02,2025-04-15 16:00:00
0,0,04,2025-09-22 16:00:00
0,0,02,2025-02-27 20:00:00
0,0,04,2025-09-22 04:00:00
0,0,04,2025-04-15 16:00:00
1,0,01,2025-02-27 12:00:00
0,0,04,2025-03-12 20:00:00
2,0,03,2025-03-21 00:00:00
0,0,02,2025-09-22 04:00:00
0,0,01,2025-09-22 00:00:00
0,1,02,2025-09-22 20:00:00
1,0,03,2025-04-15 16:00:00
1,2,03,2025-04-15 08:00:00
0,0,05,2025-03-21 20:00:00
0,0,04,2025-02-27 00:00:00
1,2,03,2025-02-27 08:00:00
2,0,03,2025-09-22 00:00:00
0,0,05,2025-09-22 00:00:00
0,0,04,2025-03-21 00:00:00
0,0,02,2025-02-27 16:00:00
1,1,03,2025-02-27 16:00:00
1,0,05,2025-02-27 16:00:00
1,0,05,2025-04-15 08:00:00
2,0,03,2025-02-27 20:00:00
2,1,03,2025-03-21 04:00:00
0,0,77,2025-11-05 04:00:00
1,1,77,2025-05-06 12:00:00
1,1,77,2026-03-18 08:00:00
1,0,77,2026-03-18 12:00:00
4,4,76,2026-03-18 12:00:00
0,0,77,2025-11-24 04:00:00
4,3,76,2025-05-06 04:00:00
4,2,76,2025-11-05 00:00:00
0,0,77,2025-05-06 00:00:00
1,0,77,2025-08-13 08:00:00
4,4,76,2025-11-05 08:00:00
4,4,76,2025-11-24 08:00:00
0,1,77,2025-05-06 04:00:00
0,0,77,2025-11-24 20:00:00
1,1,77,2025-11-05 08:00:00
4,4,76,2025-05-06 16:00:00
0,0,77,2025-08-13 16:00:00
4,4,76,2025-08-13 16:00:00
4,4,76,2025-05-06 08:00:00
0,0,77,2025-08-13 04:00:00
4,4,76,2025-08-13 20:00:00
1,2,77,2025-08-13 12:00:00
4,4,76,2025-08-13 12:00:00
4,4,76,2025-05-06 20:00:00
4,3,76,2025-11-24 20:00:00
0,0,77,2025-11-24 12:00:00
1,0,77,2025-11-05 12:00:00
4,4,76,2026-03-18 08:00:00
0,0,77,2026-03-18 16:00:00
3,2,76,2025-11-24 04:00:00
4,4,76,2025-08-13 00:00:00
4,4,76,2025-08-13 08:00:00
0,2,76,2025-11-24 00:00:00
0,0,77,2026-03-18 04:00:00
0,0,77,2025-11-05 16:00:00
0,0,77,2025-08-13 20:00:00
4,3,76,2026-03-18 04:00:00
4,4,76,2025-11-05 16:00:00
4,3,76,2025-11-05 04:00:00
1,0,77,2025-05-06 08:00:00
0,0,77,2025-11-24 16:00:00
4,4,76,2026-03-18 16:00:00
0,2,77,2025-11-24 08:00:00
0,0,77,2025-11-05 00:00:00
4,4,76,2025-05-06 12:00:00
0,0,77,2025-05-06 20:00:00
0,0,77,2025-08-13 00:00:00
0,0,77,2025-11-05 20:00:00
4,3,76,2026-03-18 00:00:00
4,4,76,2025-11-24 12:00:00
0,0,77,2026-03-18 20:00:00
0,0,77,2025-11-24 00:00:00
0,0,77,2026-03-18 00:00:00
3,3,76,2025-05-06 00:00:00
4,4,76,2026-03-18 20:00:00
4,3,76,2025-08-13 04:00:00
0,1,77,2025-05-06 16:00:00
4,4,76,2025-11-05 20:00:00
4,4,76,2025-11-24 16:00:00
4,4,76,2025-11-05 12:00:00
0,0,62,2025-11-05 00:00:00
0,0,63,2025-11-24 04:00:00
3,0,62,2025-11-24 12:00:00
0,0,63,2025-08-13 20:00:00
0,0,64,2025-11-24 00:00:00
0,0,65,2025-05-06 04:00:00
0,0,61,2026-03-18 04:00:00
0,0,65,2026-03-18 20:00:00
0,0,65,2025-05-06 20:00:00
3,0,63,2025-05-06 12:00:00
3,0,62,2025-11-24 16:00:00
0,0,61,2025-08-13 04:00:00
0,0,62,2025-11-24 20:00:00
3,0,64,2025-11-24 12:00:00
0,0,61,2025-11-24 00:00:00
0,0,61,2026-03-18 20:00:00
0,0,65,2026-03-18 04:00:00
0,0,62,2025-05-06 20:00:00
0,0,63,2025-11-05 20:00:00
0,0,62,2025-08-13 00:00:00
3,0,65,2026-03-18 08:00:00
3,0,64,2025-08-13 04:00:00
0,0,61,2025-11-24 04:00:00
0,0,64,2025-05-06 00:00:00
0,0,65,2025-05-06 00:00:00
0,0,65,2026-03-18 00:00:00
3,0,65,2025-11-24 08:00:00
0,0,61,2025-05-06 04:00:00
0,0,62,2026-03-18 04:00:00
3,0,63,2025-05-06 08:00:00
3,0,62,2025-08-13 12:00:00
0,0,61,2026-03-18 12:00:00
3,0,63,2026-03-18 12:00:00
3,0,65,2026-03-18 12:00:00
0,0,63,2025-08-13 04:00:00
0,0,61,2025-05-06 00:00:00
0,0,63,2025-11-24 08:00:00
3,0,63,2025-11-24 12:00:00
3,0,64,2026-03-18 20:00:00
1,0,61,2025-08-13 12:00:00
3,0,63,2025-08-13 16:00:00
3,0,65,2025-11-24 16:00:00
3,0,65,2025-08-13 04:00:00
0,0,62,2026-03-18 00:00:00
0,0,64,2025-11-24 20:00:00
3,0,63,2025-08-13 08:00:00
3,0,64,2025-08-13 12:00:00
0,0,63,2025-08-13 00:00:00
3,0,62,2025-05-06 12:00:00
0,0,62,2025-11-05 20:00:00
0,0,65,2025-11-05 20:00:00
0,0,63,2025-11-24 20:00:00
0,0,61,2025-11-24 08:00:00
3,0,62,2025-11-24 08:00:00
3,0,65,2025-11-24 12:00:00
0,0,62,2025-11-24 00:00:00
3,0,65,2026-03-18 16:00:00
3,0,64,2025-05-06 20:00:00
3,0,62,2026-03-18 12:00:00
0,0,61,2025-08-13 00:00:00
0,0,61,2025-11-05 20:00:00
3,0,64,2025-05-06 12:00:00
0,0,63,2025-11-05 00:00:00
3,0,64,2025-11-24 16:00:00
0,0,65,2025-11-05 00:00:00
3,0,64,2025-11-24 04:00:00
3,0,64,2025-11-24 08:00:00
0,0,62,2026-03-18 20:00:00
3,0,64,2026-03-18 04:00:00
3,0,64,2025-11-05 04:00:00
3,0,64,2025-05-06 08:00:00
3,0,65,2025-08-13 12:00:00
3,0,65,2025-11-05 12:00:00
0,0,61,2025-11-24 16:00:00
0,0,63,2025-11-24 16:00:00
0,0,65,2025-11-24 04:00:00
0,0,63,2025-05-06 00:00:00
0,0,63,2025-05-06 04:00:00
0,0,63,2025-05-06 20:00:00
3,0,62,2025-11-05 08:00:00
3,0,62,2025-11-05 12:00:00
0,0,63,2026-03-18 00:00:00
0,0,62,2025-05-06 04:00:00
3,0,62,2025-05-06 08:00:00
0,0,65,2025-08-13 00:00:00
3,0,65,2025-08-13 16:00:00
0,0,61,2026-03-18 08:00:00
0,0,62,2025-05-06 00:00:00
3,0,64,2025-05-06 16:00:00
3,0,64,2025-08-13 20:00:00
0,0,63,2026-03-18 16:00:00
0,0,63,2026-03-18 20:00:00
0,0,62,2025-11-05 04:00:00
3,0,65,2025-05-06 08:00:00
0,0,61,2025-05-06 20:00:00
3,0,64,2026-03-18 12:00:00
3,0,65,2025-05-06 16:00:00
0,0,63,2025-11-24 00:00:00
0,0,65,2025-11-24 00:00:00
3,0,64,2026-03-18 16:00:00
3,0,63,2025-11-05 16:00:00
3,0,62,2025-11-05 16:00:00
3,0,64,2025-08-13 08:00:00
3,0,65,2025-08-13 08:00:00
0,0,65,2025-11-05 04:00:00
0,0,61,2025-11-05 00:00:00
0,0,64,2025-11-05 00:00:00
0,0,64,2026-03-18 00:00:00
0,0,65,2025-11-24 20:00:00
0,0,61,2025-05-06 16:00:00
0,0,61,2025-08-13 20:00:00
1,0,61,2025-08-13 08:00:00
3,0,64,2025-11-05 16:00:00
0,0,64,2025-08-13 00:00:00
0,0,61,2025-08-13 16:00:00
3,0,64,2026-03-18 08:00:00
0,0,61,2026-03-18 00:00:00
3,0,63,2025-05-06 16:00:00
0,0,62,2025-08-13 20:00:00
0,0,61,2025-05-06 08:00:00
1,0,61,2025-11-05 12:00:00
3,0,62,2025-08-13 16:00:00
0,0,61,2025-11-24 12:00:00
3,0,62,2025-05-06 16:00:00
0,0,65,2025-08-13 20:00:00
0,0,61,2025-11-05 16:00:00
0,0,63,2025-11-05 04:00:00
0,0,61,2025-11-05 08:00:00
3,0,63,2025-11-05 12:00:00
3,0,62,2025-08-13 04:00:00
0,0,62,2025-11-24 04:00:00
0,0,61,2025-11-24 20:00:00
3,0,64,2025-05-06 04:00:00
0,0,61,2026-03-18 16:00:00
3,0,62,2026-03-18 16:00:00
0,0,63,2026-03-18 04:00:00
3,0,63,2025-11-05 08:00:00
3,0,64,2025-11-05 08:00:00
3,0,65,2025-11-05 08:00:00
1,1,61,2025-05-06 12:00:00
3,0,64,2025-11-05 12:00:00
3,0,64,2025-11-05 20:00:00
3,0,64,2025-08-13 16:00:00
3,0,63,2026-03-18 08:00:00
3,0,62,2026-03-18 08:00:00
0,0,61,2025-11-05 04:00:00
3,0,62,2025-08-13 08:00:00
3,0,65,2025-11-05 16:00:00
3,0,63,2025-08-13 12:00:00
3,0,65,2025-05-06 12:00:00
0,0,49,2025-11-24 16:00:00
0,0,48,2025-11-24 04:00:00
0,0,50,2025-11-24 12:00:00
0,0,48,2025-11-24 08:00:00
0,0,50,2025-08-13 08:00:00
0,0,47,2026-03-18 04:00:00
0,0,46,2025-08-13 00:00:00
0,0,48,2025-11-05 16:00:00
0,0,47,2025-08-13 00:00:00
0,0,46,2025-11-05 12:00:00
0,0,47,2026-03-18 08:00:00
0,0,46,2025-05-06 00:00:00
0,0,48,2025-11-05 04:00:00
0,0,46,2025-08-13 08:00:00
0,0,46,2026-03-18 20:00:00
0,0,49,2025-11-05 20:00:00
0,0,48,2025-11-24 20:00:00
0,0,46,2025-11-24 12:00:00
0,0,49,2025-11-24 12:00:00
0,0,47,2025-05-06 04:00:00
0,0,48,2025-05-06 04:00:00
0,0,46,2025-11-24 00:00:00
0,0,47,2026-03-18 16:00:00
0,0,46,2025-11-05 16:00:00
0,0,46,2025-05-06 08:00:00
0,0,50,2025-05-06 12:00:00
0,0,50,2025-11-05 12:00:00
0,0,46,2025-11-05 00:00:00
0,0,50,2025-05-06 00:00:00
0,0,47,2025-05-06 16:00:00
0,1,46,2025-05-06 16:00:00
0,0,47,2025-08-13 20:00:00
1,0,46,2025-08-13 12:00:00
0,0,50,2025-08-13 00:00:00
0,0,47,2025-11-05 12:00:00
0,1,50,2025-08-13 16:00:00
0,0,48,2025-11-24 16:00:00
0,0,47,2025-11-24 04:00:00
0,0,49,2026-03-18 16:00:00
0,0,49,2025-08-13 08:00:00
0,0,49,2025-11-05 04:00:00
0,0,49,2025-11-05 16:00:00
0,0,48,2025-11-05 08:00:00
0,0,47,2025-11-05 20:00:00
0,0,48,2025-08-13 00:00:00
0,0,46,2025-11-24 20:00:00
0,0,50,2025-11-24 00:00:00
0,0,49,2025-11-24 00:00:00
0,0,50,2026-03-18 20:00:00
0,0,47,2026-03-18 20:00:00
0,0,49,2026-03-18 20:00:00
0,0,49,2025-05-06 08:00:00
0,0,47,2025-05-06 12:00:00
0,0,48,2025-11-05 12:00:00
0,0,50,2026-03-18 08:00:00
0,0,47,2025-11-05 00:00:00
0,0,49,2025-11-24 04:00:00
0,0,47,2025-05-06 00:00:00
0,0,47,2025-11-24 08:00:00
0,0,48,2025-11-24 00:00:00
0,0,46,2025-08-13 20:00:00
0,0,46,2026-03-18 16:00:00
0,0,47,2025-11-05 04:00:00
0,0,46,2025-11-05 04:00:00
0,0,49,2025-11-05 08:00:00
0,0,48,2025-08-13 16:00:00
0,0,46,2025-08-13 16:00:00
0,0,49,2025-08-13 16:00:00
0,0,49,2026-03-18 08:00:00
0,0,49,2025-05-06 00:00:00
0,0,47,2025-11-24 12:00:00
0,0,48,2025-08-13 20:00:00
0,0,46,2025-05-06 04:00:00
0,0,49,2025-08-13 20:00:00
0,0,50,2026-03-18 04:00:00
0,0,48,2026-03-18 04:00:00
0,0,46,2026-03-18 12:00:00
0,0,49,2025-08-13 00:00:00
0,0,50,2025-11-24 16:00:00
0,0,48,2025-11-05 00:00:00
0,0,50,2025-08-13 04:00:00
0,0,50,2026-03-18 00:00:00
0,0,49,2025-11-24 20:00:00
0,0,49,2025-05-06 04:00:00
0,1,48,2025-05-06 08:00:00
0,0,49,2025-05-06 20:00:00
0,0,50,2026-03-18 12:00:00
0,0,47,2025-08-13 04:00:00
0,0,48,2025-11-24 12:00:00
0,0,50,2025-08-13 20:00:00
0,0,48,2026-03-18 20:00:00
0,0,46,2025-05-06 20:00:00
0,0,46,2025-11-05 08:00:00
0,0,49,2025-11-05 12:00:00
0,0,47,2025-11-24 16:00:00
0,0,46,2025-11-24 04:00:00
0,0,47,2025-11-24 20:00:00
0,0,47,2026-03-18 00:00:00
0,0,48,2025-05-06 00:00:00
0,0,48,2026-03-18 00:00:00
0,0,50,2025-11-24 08:00:00
0,0,46,2025-11-24 08:00:00
0,0,47,2025-08-13 12:00:00
0,0,48,2026-03-18 12:00:00
0,0,46,2025-11-05 20:00:00
0,0,46,2026-03-18 08:00:00
0,0,46,2025-08-13 04:00:00
0,0,48,2025-05-06 16:00:00
0,0,50,2026-03-18 16:00:00
0,0,48,2026-03-18 16:00:00
0,0,49,2026-03-18 04:00:00
0,0,50,2025-05-06 08:00:00
0,0,48,2025-05-06 20:00:00
0,0,46,2025-11-24 16:00:00
0,0,49,2025-08-13 04:00:00
0,0,50,2025-11-24 04:00:00
0,0,49,2025-05-06 16:00:00
0,0,49,2025-11-24 08:00:00
0,0,48,2025-08-13 08:00:00
0,0,46,2026-03-18 04:00:00
0,0,47,2025-05-06 08:00:00
0,0,50,2025-05-06 20:00:00
0,0,47,2025-11-05 08:00:00
0,0,48,2026-03-18 08:00:00
0,0,48,2025-08-13 04:00:00
0,0,50,2025-11-24 20:00:00
0,0,49,2026-03-18 00:00:00
0,0,50,2025-05-06 16:00:00
0,0,50,2025-11-05 16:00:00
0,0,50,2025-08-13 12:00:00
0,0,47,2025-05-06 20:00:00
0,0,50,2025-11-05 08:00:00
0,0,47,2026-03-18 12:00:00
0,0,50,2025-11-05 20:00:00
0,0,48,2025-11-05 20:00:00
1,0,46,2025-05-06 12:00:00
0,0,47,2025-08-13 16:00:00
0,0,50,2025-11-05 00:00:00
0,0,49,2025-11-05 00:00:00
0,0,46,2026-03-18 00:00:00
0,0,50,2025-05-06 04:00:00
0,0,47,2025-11-24 00:00:00
0,0,50,2025-11-05 04:00:00
0,0,47,2025-08-13 08:00:00
0,0,47,2025-11-05 16:00:00
0,0,48,2025-08-13 12:00:00
0,1,49,2025-08-13 12:00:00
0,0,49,2026-03-18 12:00:00
0,0,48,2025-05-06 12:00:00
0,0,49,2025-05-06 12:00:00
0,0,73,2026-03-18 08:00:00
0,0,75,2025-11-24 16:00:00
0,0,72,2025-11-24 20:00:00
0,0,71,2026-03-18 20:00:00
0,0,73,2026-03-18 12:00:00
0,0,73,2025-11-05 12:00:00
0,0,74,2025-11-05 20:00:00
0,0,75,2026-03-18 08:00:00
0,0,74,2025-11-24 04:00:00
0,0,74,2026-03-18 00:00:00
0,0,71,2025-05-06 16:00:00
0,0,72,2025-08-13 20:00:00
0,0,71,2025-08-13 20:00:00
0,0,74,2025-05-06 04:00:00
0,0,71,2026-03-18 12:00:00
0,0,73,2025-11-05 00:00:00
0,0,73,2025-05-06 00:00:00
0,0,71,2026-03-18 16:00:00
0,0,75,2025-11-05 04:00:00
0,0,71,2025-05-06 20:00:00
0,0,72,2025-11-05 08:00:00
0,0,73,2025-11-05 20:00:00
0,0,71,2025-05-06 12:00:00
0,0,71,2025-08-13 00:00:00
0,1,75,2025-05-06 12:00:00
0,0,71,2026-03-18 00:00:00
0,0,73,2025-11-24 00:00:00
0,0,71,2025-05-06 04:00:00
0,0,72,2026-03-18 16:00:00
0,0,73,2026-03-18 04:00:00
0,0,72,2025-08-13 08:00:00
0,0,74,2025-05-06 12:00:00
0,0,73,2025-08-13 16:00:00
0,0,75,2025-11-05 00:00:00
0,0,73,2025-11-24 04:00:00
0,0,75,2025-05-06 16:00:00
0,0,71,2025-11-05 16:00:00
0,0,74,2025-11-05 04:00:00
0,0,75,2025-05-06 20:00:00
0,0,75,2025-11-05 12:00:00
0,0,72,2025-08-13 16:00:00
0,0,75,2025-11-24 04:00:00
0,0,71,2025-05-06 00:00:00
0,0,71,2025-11-24 20:00:00
0,0,72,2025-11-24 00:00:00
0,0,71,2025-11-24 00:00:00
0,0,74,2026-03-18 16:00:00
0,0,72,2026-03-18 04:00:00
0,0,74,2025-08-13 12:00:00
0,0,73,2025-11-05 08:00:00
0,0,71,2025-08-13 16:00:00
0,0,73,2025-08-13 04:00:00
0,0,73,2025-11-24 20:00:00
0,0,73,2026-03-18 00:00:00
0,0,72,2026-03-18 00:00:00
0,0,74,2025-11-24 08:00:00
0,0,75,2025-05-06 04:00:00
0,0,71,2026-03-18 04:00:00
0,0,74,2026-03-18 04:00:00
0,0,74,2025-11-24 16:00:00
0,0,71,2025-08-13 04:00:00
0,0,71,2025-11-24 04:00:00
0,0,72,2025-05-06 00:00:00
0,0,74,2025-11-24 20:00:00
0,0,72,2025-11-24 08:00:00
0,0,75,2026-03-18 16:00:00
0,0,74,2025-05-06 08:00:00
0,0,73,2025-08-13 12:00:00
0,0,72,2025-08-13 00:00:00
0,0,73,2025-05-06 04:00:00
0,0,73,2025-11-05 04:00:00
0,0,73,2025-11-05 16:00:00
0,0,73,2025-05-06 08:00:00
0,0,72,2025-05-06 20:00:00
0,0,71,2025-08-13 12:00:00
0,0,71,2025-11-05 08:00:00
0,1,73,2025-05-06 12:00:00
0,0,72,2025-11-05 12:00:00
0,0,75,2025-08-13 04:00:00
0,0,75,2025-11-24 20:00:00
0,0,73,2025-05-06 16:00:00
0,0,73,2025-11-24 08:00:00
0,0,73,2025-11-24 12:00:00
0,0,74,2025-05-06 16:00:00
0,0,72,2025-05-06 04:00:00
0,0,75,2025-05-06 08:00:00
0,0,74,2025-05-06 20:00:00
0,0,75,2025-11-05 20:00:00
0,0,74,2025-11-05 12:00:00
0,0,73,2025-11-24 16:00:00
0,0,72,2025-11-24 04:00:00
0,0,75,2025-08-13 08:00:00
0,0,75,2026-03-18 04:00:00
0,0,75,2025-11-05 16:00:00
0,0,74,2026-03-18 20:00:00
0,0,72,2025-05-06 08:00:00
0,0,72,2025-08-13 12:00:00
0,0,75,2025-08-13 12:00:00
0,0,73,2025-08-13 00:00:00
0,0,75,2025-08-13 00:00:00
0,0,75,2025-05-06 00:00:00
0,0,72,2025-05-06 16:00:00
0,0,71,2025-11-24 08:00:00
0,0,71,2025-11-24 12:00:00
0,0,72,2026-03-18 20:00:00
0,0,72,2025-11-05 04:00:00
0,0,71,2025-08-13 08:00:00
0,0,75,2025-08-13 16:00:00
0,0,74,2025-08-13 16:00:00
0,0,74,2025-08-13 04:00:00
0,0,72,2025-11-24 12:00:00
0,0,75,2025-11-24 12:00:00
0,0,74,2025-11-24 12:00:00
0,0,75,2025-11-24 00:00:00
0,0,74,2025-08-13 20:00:00
0,0,73,2026-03-18 20:00:00
0,0,75,2025-11-05 08:00:00
0,0,72,2025-11-05 00:00:00
0,0,71,2025-11-05 00:00:00
0,0,75,2025-11-24 08:00:00
0,0,73,2025-08-13 08:00:00
0,0,72,2025-11-05 16:00:00
0,0,74,2025-08-13 08:00:00
0,0,72,2026-03-18 12:00:00
0,0,74,2026-03-18 12:00:00
0,0,71,2025-11-05 12:00:00
0,0,72,2025-11-24 16:00:00
0,0,71,2025-11-24 16:00:00
0,0,71,2026-03-18 08:00:00
0,0,74,2026-03-18 08:00:00
0,0,74,2025-11-05 00:00:00
0,0,72,2025-08-13 04:00:00
0,0,75,2026-03-18 00:00:00
0,0,74,2025-05-06 00:00:00
0,0,73,2025-08-13 20:00:00
0,0,75,2025-08-13 20:00:00
0,0,74,2025-11-24 00:00:00
0,0,73,2026-03-18 16:00:00
0,0,74,2025-11-05 16:00:00
0,0,74,2025-11-05 08:00:00
0,0,72,2025-05-06 12:00:00
0,0,72,2025-11-05 20:00:00
0,0,71,2025-11-05 20:00:00
0,0,72,2026-03-18 08:00:00
0,0,71,2025-11-05 04:00:00
0,0,75,2026-03-18 20:00:00
0,0,71,2025-05-06 08:00:00
0,0,73,2025-05-06 20:00:00
0,0,75,2026-03-18 12:00:00
0,0,74,2025-08-13 00:00:00
0,0,19,2025-11-05 04:00:00
0,0,17,2025-11-05 04:00:00
0,0,17,2025-05-06 00:00:00
0,0,20,2025-08-13 04:00:00
0,0,19,2026-03-18 04:00:00
0,0,16,2025-11-24 08:00:00
0,0,20,2026-03-18 16:00:00
0,0,18,2025-11-24 20:00:00
0,0,17,2025-11-24 20:00:00
0,0,20,2025-11-05 20:00:00
0,0,18,2025-11-05 00:00:00
0,0,18,2025-11-05 12:00:00
4,0,19,2025-05-06 12:00:00
0,0,20,2025-11-05 04:00:00
0,0,19,2025-11-24 20:00:00
0,0,19,2025-11-05 08:00:00
0,0,19,2026-03-18 00:00:00
0,0,16,2025-11-05 00:00:00
0,0,18,2026-03-18 08:00:00
0,0,16,2025-08-13 08:00:00
0,0,19,2025-05-06 20:00:00
0,0,17,2025-11-05 20:00:00
0,0,18,2025-11-24 12:00:00
0,0,18,2025-05-06 12:00:00
0,0,16,2025-05-06 12:00:00
0,0,18,2026-03-18 20:00:00
0,0,16,2026-03-18 12:00:00
0,0,17,2025-11-24 04:00:00
0,0,18,2025-08-13 04:00:00
0,0,18,2025-11-05 08:00:00
0,0,17,2025-11-05 08:00:00
0,0,20,2025-08-13 00:00:00
4,0,17,2025-05-06 12:00:00
4,0,17,2025-08-13 12:00:00
0,0,16,2026-03-18 20:00:00
0,0,17,2025-08-13 08:00:00
0,0,18,2025-11-05 16:00:00
0,0,16,2025-11-05 16:00:00
0,0,20,2025-11-05 16:00:00
0,0,19,2025-08-13 20:00:00
0,0,19,2025-05-06 04:00:00
0,0,17,2026-03-18 00:00:00
1,0,20,2025-05-06 12:00:00
0,0,16,2025-08-13 16:00:00
0,0,20,2025-05-06 16:00:00
0,0,19,2025-11-05 16:00:00
0,0,16,2025-08-13 00:00:00
0,0,17,2025-08-13 00:00:00
0,0,20,2025-08-13 16:00:00
0,0,18,2025-11-24 16:00:00
0,0,16,2026-03-18 16:00:00
4,0,17,2025-11-05 12:00:00
0,0,19,2025-08-13 16:00:00
0,0,16,2026-03-18 08:00:00
0,0,16,2026-03-18 04:00:00
0,0,16,2025-11-24 04:00:00
0,0,20,2026-03-18 04:00:00
0,0,16,2025-11-24 20:00:00
0,0,20,2025-05-06 20:00:00
1,0,20,2025-08-13 12:00:00
0,0,17,2025-05-06 08:00:00
0,0,18,2025-08-13 08:00:00
0,0,16,2025-11-24 00:00:00
0,0,20,2026-03-18 20:00:00
0,0,18,2025-05-06 16:00:00
0,0,16,2025-05-06 04:00:00
0,0,16,2025-05-06 16:00:00
0,0,18,2026-03-18 00:00:00
0,0,19,2025-05-06 00:00:00
0,0,19,2026-03-18 16:00:00
0,0,16,2025-05-06 08:00:00
0,1,16,2025-11-24 12:00:00
0,0,17,2025-11-24 16:00:00
4,0,16,2025-08-13 12:00:00
0,0,19,2026-03-18 20:00:00
0,0,18,2026-03-18 12:00:00
0,0,18,2025-11-24 04:00:00
0,0,17,2025-08-13 04:00:00
0,0,17,2025-05-06 16:00:00
1,0,20,2025-11-05 08:00:00
0,0,18,2025-11-05 20:00:00
0,0,16,2025-11-24 16:00:00
0,0,18,2025-08-13 16:00:00
0,0,20,2025-11-24 00:00:00
0,0,17,2025-11-05 16:00:00
2,0,20,2025-08-13 08:00:00
0,0,17,2025-05-06 20:00:00
0,0,17,2025-05-06 04:00:00
0,0,16,2025-11-05 20:00:00
1,0,20,2026-03-18 08:00:00
0,0,19,2025-11-24 16:00:00
0,0,17,2026-03-18 20:00:00
0,0,19,2025-08-13 08:00:00
0,0,20,2025-11-24 12:00:00
4,0,17,2026-03-18 12:00:00
0,0,17,2025-11-24 00:00:00
0,0,18,2025-11-24 08:00:00
1,0,20,2025-05-06 08:00:00
0,0,17,2025-08-13 20:00:00
0,0,18,2025-05-06 04:00:00
0,0,19,2025-05-06 16:00:00
4,0,19,2025-08-13 12:00:00
4,0,19,2025-11-05 12:00:00
0,0,19,2025-11-24 08:00:00
0,0,20,2025-08-13 20:00:00
0,0,16,2025-05-06 20:00:00
1,0,20,2026-03-18 12:00:00
0,0,18,2026-03-18 16:00:00
0,0,19,2025-05-06 08:00:00
0,0,17,2026-03-18 08:00:00
0,0,20,2026-03-18 00:00:00
0,0,20,2025-11-24 08:00:00
0,0,18,2025-11-24 00:00:00
0,0,19,2026-03-18 12:00:00
0,0,18,2026-03-18 04:00:00
0,0,20,2025-05-06 04:00:00
0,0,16,2025-08-13 20:00:00
0,0,19,2025-11-05 20:00:00
0,0,16,2025-05-06 00:00:00
0,0,17,2025-11-24 12:00:00
0,0,18,2025-08-13 12:00:00
0,0,19,2026-03-18 08:00:00
4,0,17,2025-08-13 16:00:00
0,0,19,2025-11-24 04:00:00
0,0,18,2025-05-06 20:00:00
0,0,18,2025-08-13 20:00:00
0,0,19,2025-08-13 04:00:00
0,0,16,2025-08-13 04:00:00
0,0,18,2025-08-13 00:00:00
0,0,19,2025-08-13 00:00:00
0,0,16,2026-03-18 00:00:00
1,0,20,2025-11-05 12:00:00
0,0,19,2025-11-05 00:00:00
0,0,17,2025-11-05 00:00:00
0,0,20,2025-11-24 16:00:00
0,0,18,2025-05-06 00:00:00
0,0,18,2025-05-06 08:00:00
0,0,20,2025-11-24 04:00:00
0,0,20,2025-05-06 00:00:00
0,0,18,2025-11-05 04:00:00
0,0,16,2025-11-05 04:00:00
0,0,20,2025-11-05 00:00:00
0,0,19,2025-11-24 12:00:00
0,0,17,2026-03-18 16:00:00
4,0,16,2025-11-05 12:00:00
0,0,20,2025-11-24 20:00:00
0,0,19,2025-11-24 00:00:00
0,0,17,2025-11-24 08:00:00
0,0,17,2026-03-18 04:00:00
0,0,16,2025-11-05 08:00:00
1,0,01,2025-05-06 12:00:00
1,0,01,2025-11-05 12:00:00
0,0,03,2025-11-24 20:00:00
1,0,02,2026-03-18 12:00:00
1,0,05,2025-11-24 08:00:00
0,0,04,2025-11-05 16:00:00
0,0,02,2025-11-24 04:00:00
0,0,02,2025-08-13 20:00:00
0,0,04,2025-05-06 00:00:00
0,0,02,2025-11-24 12:00:00
0,0,04,2025-11-24 16:00:00
1,0,04,2026-03-18 08:00:00
0,0,01,2025-05-06 20:00:00
0,0,01,2025-08-13 04:00:00
1,0,05,2025-05-06 08:00:00
0,0,01,2025-11-05 04:00:00
0,0,02,2025-11-05 00:00:00
1,3,03,2026-03-18 08:00:00
1,0,05,2025-11-24 16:00:00
0,0,01,2025-11-24 16:00:00
0,0,05,2026-03-18 00:00:00
1,0,05,2026-03-18 16:00:00
0,0,02,2025-05-06 20:00:00
0,0,04,2025-11-05 04:00:00
1,0,05,2025-08-13 16:00:00
0,0,04,2025-05-06 08:00:00
1,0,04,2025-08-13 12:00:00
1,0,03,2025-05-06 16:00:00
0,0,02,2025-11-24 08:00:00
2,2,03,2025-05-06 04:00:00
1,0,03,2026-03-18 16:00:00
0,0,04,2025-08-13 20:00:00
0,0,01,2025-11-05 20:00:00
1,2,03,2025-11-05 08:00:00
0,0,04,2025-11-05 20:00:00
1,0,05,2025-11-05 08:00:00
1,0,05,2026-03-18 08:00:00
0,1,01,2025-11-24 12:00:00
0,0,04,2026-03-18 16:00:00
1,0,01,2025-08-13 12:00:00
1,0,01,2026-03-18 08:00:00
1,0,01,2026-03-18 12:00:00
2,0,03,2025-11-24 00:00:00
0,0,01,2025-08-13 00:00:00
2,1,03,2025-11-24 04:00:00
1,0,04,2026-03-18 12:00:00
0,0,05,2025-08-13 20:00:00
1,2,03,2025-08-13 08:00:00
2,1,03,2025-11-05 04:00:00
0,0,05,2026-03-18 20:00:00
0,0,01,2025-11-24 20:00:00
0,0,02,2025-05-06 04:00:00
0,0,02,2026-03-18 00:00:00
0,0,01,2025-05-06 00:00:00
0,0,02,2025-11-24 16:00:00
1,0,04,2025-11-05 12:00:00
0,0,02,2025-11-24 00:00:00
0,0,77,2025-11-18 00:00:00
3,3,76,2025-01-15 04:00:00
4,4,76,2026-02-27 16:00:00
0,0,77,2025-03-04 20:00:00
0,0,77,2025-07-19 04:00:00
0,0,77,2025-01-15 00:00:00
4,4,76,2025-09-10 20:00:00
0,0,77,2025-02-24 04:00:00
4,4,76,2025-02-24 08:00:00
4,4,76,2025-03-04 16:00:00
4,4,76,2025-11-18 20:00:00
4,4,76,2025-07-19 08:00:00
0,0,77,2026-02-27 04:00:00
0,0,77,2026-02-27 00:00:00
0,0,77,2025-07-19 20:00:00
3,3,76,2025-07-19 00:00:00
4,4,76,2025-09-10 12:00:00
1,1,77,2026-02-27 12:00:00
4,4,76,2025-02-24 12:00:00
0,1,77,2026-02-07 08:00:00
4,3,76,2026-02-07 08:00:00
0,0,77,2026-01-19 08:00:00
0,0,77,2025-02-24 20:00:00
4,2,76,2025-11-18 04:00:00
1,0,77,2025-09-03 08:00:00
0,0,77,2025-02-24 00:00:00
0,2,76,2025-01-15 00:00:00
0,0,77,2025-03-04 00:00:00
4,4,76,2025-09-03 12:00:00
0,0,77,2026-02-07 16:00:00
0,0,77,2025-09-03 20:00:00
1,1,77,2025-11-18 08:00:00
4,4,76,2025-11-18 16:00:00
0,0,77,2025-09-03 16:00:00
4,2,76,2026-02-27 04:00:00
4,4,76,2025-03-04 20:00:00
3,2,76,2026-01-19 04:00:00
4,4,76,2026-01-19 08:00:00
0,0,77,2026-02-27 20:00:00
0,1,77,2026-01-19 16:00:00
0,0,77,2025-11-18 20:00:00
4,4,76,2025-02-24 20:00:00
0,0,77,2026-01-19 12:00:00
4,4,76,2026-02-07 16:00:00
4,4,76,2025-07-19 20:00:00
1,2,77,2025-03-04 12:00:00
4,4,76,2025-02-24 16:00:00
0,0,77,2025-09-10 20:00:00
0,1,77,2026-02-27 08:00:00
4,3,76,2026-02-07 20:00:00
4,3,76,2025-03-04 04:00:00
1,1,77,2025-09-10 08:00:00
0,0,77,2025-09-03 00:00:00
0,0,77,2026-01-19 00:00:00
4,4,76,2025-01-15 08:00:00
4,3,76,2025-09-03 04:00:00
4,4,76,2025-09-03 08:00:00
1,0,77,2026-02-07 12:00:00
4,4,76,2026-02-07 12:00:00
4,4,76,2026-02-27 12:00:00
0,0,77,2025-02-24 16:00:00
4,2,76,2025-09-03 00:00:00
0,0,77,2025-07-19 00:00:00
0,0,77,2026-02-27 16:00:00
0,0,77,2025-07-19 08:00:00
0,0,77,2025-01-15 20:00:00
0,2,76,2026-02-07 00:00:00
4,4,76,2025-07-19 12:00:00
0,0,77,2025-09-03 04:00:00
4,4,76,2026-02-27 08:00:00
0,4,76,2026-01-19 20:00:00
0,2,77,2025-03-04 08:00:00
0,1,77,2025-11-18 04:00:00
0,2,76,2026-02-27 00:00:00
4,4,76,2025-01-15 16:00:00
4,4,76,2025-07-19 16:00:00
0,0,77,2026-01-19 04:00:00
0,0,77,2026-01-19 20:00:00
1,1,77,2025-09-10 12:00:00
1,1,77,2025-02-24 12:00:00
0,1,77,2025-01-15 16:00:00
4,4,76,2025-09-03 20:00:00
0,0,77,2025-07-19 12:00:00
4,4,76,2025-09-10 08:00:00
4,4,76,2026-02-27 20:00:00
4,4,76,2025-09-03 16:00:00
0,0,77,2025-09-10 16:00:00
4,4,76,2026-01-19 12:00:00
4,2,76,2025-07-19 04:00:00
4,4,76,2025-03-04 12:00:00
1,1,77,2025-01-15 12:00:00
0,0,77,2025-09-10 00:00:00
0,0,77,2025-01-15 04:00:00
4,2,76,2025-11-18 00:00:00
4,4,76,2025-09-10 16:00:00
0,0,77,2025-09-10 04:00:00
0,0,77,2025-07-19 16:00:00
0,0,77,2025-03-04 04:00:00
1,0,77,2025-11-18 12:00:00
0,2,76,2026-01-19 00:00:00
0,0,77,2026-02-07 20:00:00
4,4,76,2025-03-04 08:00:00
4,3,76,2025-09-10 04:00:00
4,4,76,2025-11-18 12:00:00
0,0,77,2025-11-18 16:00:00
4,4,76,2025-01-15 12:00:00
0,1,77,2025-02-24 08:00:00
4,3,76,2025-02-24 04:00:00
4,2,76,2025-09-10 00:00:00
0,1,77,2025-03-04 16:00:00
0,1,77,2025-01-15 08:00:00
1,1,77,2025-09-03 12:00:00
4,4,76,2025-01-15 20:00:00
0,2,76,2025-02-24 00:00:00
4,4,76,2025-11-18 08:00:00
0,0,77,2026-02-07 00:00:00
4,2,76,2025-03-04 00:00:00
0,0,77,2026-02-07 04:00:00
4,4,76,2026-01-19 16:00:00
3,2,76,2026-02-07 04:00:00
0,0,62,2026-02-07 00:00:00
0,0,62,2025-09-03 20:00:00
0,0,63,2025-07-19 16:00:00
0,0,61,2026-02-27 08:00:00
3,0,64,2025-03-04 12:00:00
0,0,61,2025-02-24 16:00:00
0,0,62,2026-01-19 20:00:00
0,0,63,2025-03-04 20:00:00
0,0,61,2025-11-18 04:00:00
3,0,65,2025-11-18 04:00:00
3,0,63,2025-09-10 16:00:00
3,0,64,2025-01-15 12:00:00
3,0,65,2025-09-10 16:00:00
0,0,61,2025-02-24 00:00:00
0,0,65,2025-02-24 00:00:00
0,0,63,2025-07-19 00:00:00
3,0,62,2025-02-24 08:00:00
3,0,62,2025-07-19 08:00:00
3,0,64,2025-07-19 08:00:00
3,0,64,2025-07-19 16:00:00
0,0,63,2025-09-10 20:00:00
0,0,63,2025-07-19 20:00:00
0,0,63,2026-02-27 20:00:00
0,0,61,2026-01-19 00:00:00
0,0,63,2025-02-24 16:00:00
3,0,64,2025-07-19 12:00:00
0,0,65,2025-01-15 00:00:00
0,0,63,2025-01-15 20:00:00
3,0,62,2025-09-10 12:00:00
0,0,63,2025-09-10 04:00:00
3,0,62,2025-01-15 12:00:00
0,0,62,2025-09-03 00:00:00
3,0,64,2025-09-03 04:00:00
0,0,61,2025-01-15 16:00:00
3,0,62,2025-01-15 16:00:00
3,0,64,2026-01-19 08:00:00
0,0,63,2026-02-07 04:00:00
0,0,65,2026-02-27 00:00:00
0,0,63,2025-09-10 00:00:00
0,0,65,2025-09-10 00:00:00
3,0,63,2025-07-19 08:00:00
3,0,65,2025-07-19 16:00:00
0,0,63,2025-01-15 04:00:00
3,0,64,2026-01-19 12:00:00
0,0,65,2026-01-19 04:00:00
0,0,61,2025-01-15 00:00:00
0,0,65,2025-02-24 04:00:00
0,0,61,2025-03-04 20:00:00
0,0,61,2025-09-10 08:00:00
3,0,64,2025-01-15 20:00:00
3,0,64,2025-11-18 04:00:00
0,0,61,2026-01-19 16:00:00
0,0,63,2026-01-19 16:00:00
0,0,63,2025-03-04 08:00:00
0,0,61,2025-09-03 04:00:00
3,0,64,2025-01-15 16:00:00
3,0,64,2025-01-15 08:00:00
0,0,61,2025-02-24 20:00:00
0,0,62,2025-02-24 20:00:00
0,0,61,2025-07-19 20:00:00
3,0,62,2025-09-03 08:00:00
0,0,65,2025-03-04 04:00:00
0,0,62,2026-01-19 00:00:00
3,0,62,2025-09-10 08:00:00
0,0,65,2025-03-04 20:00:00
3,0,63,2026-02-27 12:00:00
0,0,61,2025-11-18 16:00:00
0,0,63,2025-11-18 00:00:00
3,0,62,2025-09-10 16:00:00
3,0,64,2025-03-04 08:00:00
0,0,64,2025-11-18 00:00:00
0,0,65,2025-09-03 04:00:00
3,0,62,2026-01-19 08:00:00
3,0,65,2025-01-15 16:00:00
3,0,65,2025-02-24 08:00:00
3,0,65,2025-02-24 12:00:00
3,0,64,2025-11-18 12:00:00
0,0,65,2025-02-24 20:00:00
3,0,65,2026-02-27 08:00:00
0,0,61,2025-03-04 04:00:00
0,0,61,2025-03-04 00:00:00
0,0,61,2025-01-15 20:00:00
0,0,65,2026-01-19 16:00:00
0,0,61,2025-09-10 16:00:00
0,0,61,2025-11-18 00:00:00
3,0,62,2025-11-18 16:00:00
0,0,63,2025-09-03 00:00:00
0,0,61,2026-02-07 16:00:00
0,0,64,2026-02-27 00:00:00
0,0,65,2025-09-03 20:00:00
0,0,63,2026-02-27 08:00:00
0,0,61,2026-01-19 12:00:00
3,0,63,2025-09-10 08:00:00
0,0,62,2025-01-15 20:00:00
3,0,64,2025-03-04 16:00:00
3,0,63,2025-11-18 16:00:00
3,0,65,2025-03-04 08:00:00
0,0,63,2025-09-03 04:00:00
0,0,65,2025-07-19 00:00:00
3,0,63,2025-11-18 08:00:00
0,0,62,2025-09-10 00:00:00
0,0,61,2025-09-03 16:00:00
3,0,63,2025-02-24 12:00:00
3,0,65,2025-07-19 08:00:00
0,0,61,2025-01-15 08:00:00
0,0,61,2025-07-19 16:00:00
3,0,63,2025-09-03 08:00:00
0,0,62,2025-09-10 20:00:00
0,0,63,2026-02-07 08:00:00
0,0,62,2025-02-24 04:00:00
0,0,64,2025-01-15 00:00:00
3,0,64,2026-02-27 12:00:00
3,0,65,2025-09-10 04:00:00
1,0,61,2025-09-03 12:00:00
3,0,62,2025-03-04 08:00:00
0,0,63,2026-01-19 08:00:00
3,0,62,2026-02-07 16:00:00
3,0,64,2025-02-24 08:00:00
0,0,61,2025-09-10 00:00:00
3,0,62,2025-11-18 08:00:00
0,0,61,2025-02-24 12:00:00
3,0,65,2025-09-03 16:00:00
0,0,64,2025-02-24 20:00:00
0,0,61,2025-09-10 20:00:00
0,0,64,2025-07-19 20:00:00
3,0,65,2025-09-03 08:00:00
0,0,65,2025-09-10 20:00:00
0,0,61,2026-02-27 20:00:00
0,0,62,2026-02-27 20:00:00
3,0,62,2026-02-07 08:00:00
3,0,65,2025-02-24 16:00:00
0,0,63,2025-02-24 04:00:00
0,0,65,2026-01-19 20:00:00
3,0,64,2025-09-10 08:00:00
1,1,61,2025-09-10 12:00:00
3,0,62,2026-02-27 12:00:00
3,0,63,2025-03-04 16:00:00
3,0,64,2025-09-10 04:00:00
3,0,63,2025-01-15 12:00:00
0,0,62,2026-02-07 20:00:00
3,0,65,2026-02-27 16:00:00
0,0,64,2025-09-03 00:00:00
0,0,65,2025-09-03 00:00:00
0,0,61,2025-02-24 08:00:00
0,0,61,2025-09-03 20:00:00
0,0,64,2025-11-18 20:00:00
0,0,61,2026-02-27 04:00:00
0,0,63,2026-01-19 00:00:00
0,0,61,2026-01-19 20:00:00
0,0,62,2025-01-15 00:00:00
0,0,64,2026-01-19 20:00:00
3,0,65,2025-03-04 16:00:00
0,0,61,2025-03-04 08:00:00
0,0,61,2026-02-07 20:00:00
0,0,63,2026-02-27 16:00:00
3,0,64,2025-09-03 12:00:00
3,0,65,2025-01-15 12:00:00
0,0,65,2026-02-07 20:00:00
0,0,65,2025-11-18 00:00:00
0,0,63,2026-02-07 16:00:00
3,0,64,2025-07-19 04:00:00
3,0,64,2025-11-18 08:00:00
0,0,63,2025-09-03 20:00:00
3,0,62,2025-02-24 12:00:00
3,0,64,2025-09-03 16:00:00
3,0,64,2025-09-03 20:00:00
0,0,61,2025-11-18 12:00:00
3,0,62,2025-11-18 12:00:00
0,0,65,2025-11-18 20:00:00
3,0,65,2025-03-04 12:00:00
0,0,61,2026-01-19 04:00:00
0,0,63,2025-03-04 00:00:00
0,0,64,2026-01-19 00:00:00
0,0,65,2025-03-04 00:00:00
0,0,61,2025-09-10 04:00:00
3,0,62,2026-02-27 16:00:00
3,0,64,2025-09-10 16:00:00
0,0,61,2026-01-19 08:00:00
3,0,65,2026-01-19 08:00:00
0,0,64,2026-02-07 04:00:00
0,0,61,2025-11-18 08:00:00
0,0,63,2025-11-18 20:00:00
0,0,62,2025-11-18 20:00:00
3,0,63,2025-03-04 12:00:00
3,0,62,2025-03-04 12:00:00
0,0,65,2025-07-19 20:00:00
0,0,62,2025-03-04 04:00:00
0,0,64,2026-01-19 04:00:00
3,0,65,2026-02-07 08:00:00
0,0,63,2025-01-15 00:00:00
3,0,62,2025-07-19 12:00:00
0,0,63,2025-11-18 04:00:00
0,0,61,2026-02-27 16:00:00
3,0,62,2025-09-03 12:00:00
3,0,65,2025-11-18 16:00:00
3,0,64,2026-02-07 16:00:00
0,0,63,2026-02-27 00:00:00
0,0,63,2025-07-19 04:00:00
0,0,61,2026-02-07 00:00:00
0,0,64,2026-02-07 00:00:00
0,0,61,2025-07-19 08:00:00
3,0,63,2025-11-18 12:00:00
3,0,62,2025-07-19 16:00:00
0,0,62,2025-01-15 04:00:00
3,0,62,2026-02-27 08:00:00
0,0,64,2026-02-27 04:00:00
0,0,61,2025-03-04 12:00:00
0,0,63,2026-01-19 12:00:00
0,0,63,2025-03-04 04:00:00
0,0,65,2026-02-27 20:00:00
0,0,61,2025-07-19 12:00:00
3,0,65,2025-07-19 12:00:00
0,0,62,2025-03-04 20:00:00
3,0,64,2025-09-10 12:00:00
0,0,61,2025-03-04 16:00:00
0,0,64,2026-02-07 20:00:00
3,0,65,2025-09-03 12:00:00
0,0,63,2025-01-15 16:00:00
3,0,65,2026-02-07 16:00:00
0,0,63,2025-02-24 08:00:00
0,0,62,2026-02-27 00:00:00
0,0,63,2025-09-03 16:00:00
3,0,64,2026-02-27 08:00:00
0,0,62,2025-07-19 20:00:00
3,0,64,2025-09-10 20:00:00
3,0,64,2025-03-04 04:00:00
3,0,63,2025-07-19 12:00:00
3,0,65,2025-09-10 12:00:00
0,0,61,2025-01-15 12:00:00
0,0,63,2026-02-07 20:00:00
3,0,64,2025-11-18 16:00:00
0,0,61,2025-09-03 00:00:00
0,0,63,2025-02-24 00:00:00
0,0,61,2025-07-19 04:00:00
0,0,62,2025-07-19 00:00:00
0,0,65,2025-07-19 04:00:00
0,0,61,2026-02-07 12:00:00
3,0,65,2026-02-07 12:00:00
0,0,61,2025-11-18 20:00:00
0,0,62,2026-02-27 04:00:00
0,0,64,2025-01-15 04:00:00
0,0,65,2026-02-27 04:00:00
1,0,61,2025-09-03 08:00:00
0,0,63,2026-01-19 04:00:00
0,0,62,2026-01-19 04:00:00
3,0,62,2025-02-24 16:00:00
0,0,62,2025-03-04 00:00:00
3,0,64,2025-02-24 04:00:00
3,0,64,2025-03-04 20:00:00
1,0,61,2026-02-27 12:00:00
3,0,63,2025-09-10 12:00:00
3,0,65,2026-02-27 12:00:00
3,0,62,2025-03-04 16:00:00
3,0,62,2025-09-10 04:00:00
0,0,62,2025-02-24 00:00:00
0,0,64,2025-02-24 00:00:00
0,0,62,2026-02-07 04:00:00
0,0,62,2025-07-19 04:00:00
0,0,63,2026-02-07 00:00:00
3,0,64,2026-02-07 12:00:00
0,0,65,2026-02-07 00:00:00
3,0,65,2025-11-18 08:00:00
3,0,62,2025-09-03 16:00:00
3,0,64,2025-02-24 12:00:00
0,0,63,2025-01-15 08:00:00
3,0,65,2025-01-15 08:00:00
0,0,63,2025-02-24 20:00:00
0,0,61,2025-01-15 04:00:00
3,0,62,2026-01-19 12:00:00
3,0,64,2025-02-24 16:00:00
0,0,64,2025-03-04 00:00:00
0,0,65,2025-01-15 20:00:00
0,0,62,2026-01-19 16:00:00
0,0,62,2025-09-03 04:00:00
0,0,61,2026-02-27 00:00:00
0,0,61,2026-02-07 04:00:00
0,0,61,2025-07-19 00:00:00
0,0,64,2025-07-19 00:00:00
3,0,63,2026-02-07 12:00:00
3,0,62,2026-02-07 12:00:00
0,0,64,2025-09-10 00:00:00
3,0,62,2025-01-15 08:00:00
3,0,65,2025-11-18 12:00:00
0,0,63,2026-02-27 04:00:00
0,0,65,2025-01-15 04:00:00
3,0,64,2025-09-03 08:00:00
3,0,65,2026-01-19 12:00:00
0,0,64,2026-02-27 20:00:00
0,0,61,2026-02-07 08:00:00
3,0,64,2026-02-07 08:00:00
0,0,65,2026-01-19 00:00:00
0,0,61,2025-02-24 04:00:00
0,0,63,2026-01-19 20:00:00
3,0,65,2025-09-10 08:00:00
0,0,62,2025-11-18 04:00:00
3,0,64,2026-01-19 16:00:00
3,0,63,2025-09-03 12:00:00
0,0,62,2025-11-18 00:00:00
3,0,64,2026-02-27 16:00:00
0,0,65,2026-02-07 04:00:00
0,0,46,2025-07-19 16:00:00
0,0,46,2025-11-18 12:00:00
0,0,48,2025-01-15 04:00:00
0,0,50,2025-02-24 16:00:00
0,0,47,2025-01-15 00:00:00
0,0,48,2025-03-04 20:00:00
0,0,49,2026-02-27 12:00:00
0,0,50,2025-09-03 12:00:00
0,0,47,2025-01-15 12:00:00
0,0,48,2025-11-18 16:00:00
0,0,46,2025-09-10 16:00:00
0,0,49,2025-09-03 12:00:00
0,0,47,2026-01-19 08:00:00
0,0,48,2026-01-19 08:00:00
0,0,47,2026-02-07 00:00:00
0,0,47,2025-09-03 20:00:00
0,0,46,2025-02-24 20:00:00
0,0,47,2026-02-27 04:00:00
0,0,49,2025-01-15 04:00:00
0,0,50,2026-01-19 04:00:00
0,0,48,2026-01-19 00:00:00
0,0,48,2026-02-07 08:00:00
0,0,49,2025-01-15 20:00:00
0,0,46,2025-11-18 04:00:00
0,0,50,2025-03-04 16:00:00
0,0,50,2026-02-07 20:00:00
0,0,47,2026-02-07 20:00:00
0,0,47,2025-09-10 16:00:00
0,0,46,2026-02-27 16:00:00
0,0,49,2025-11-18 16:00:00
0,0,50,2025-09-03 04:00:00
0,0,49,2025-01-15 16:00:00
0,0,49,2026-02-27 00:00:00
0,0,49,2026-02-07 12:00:00
0,0,50,2025-07-19 08:00:00
0,0,48,2025-11-18 12:00:00
0,0,49,2025-07-19 16:00:00
0,0,48,2025-02-24 20:00:00
0,0,50,2025-01-15 04:00:00
0,0,50,2026-02-27 04:00:00
0,0,47,2026-02-27 08:00:00
0,0,47,2025-09-03 08:00:00
0,0,49,2025-09-03 08:00:00
0,0,50,2025-03-04 04:00:00
0,0,47,2026-01-19 00:00:00
0,0,50,2025-02-24 04:00:00
0,0,50,2025-07-19 12:00:00
0,0,48,2025-01-15 00:00:00
0,0,46,2026-01-19 20:00:00
0,0,49,2025-02-24 04:00:00
0,0,50,2025-01-15 20:00:00
0,0,50,2025-09-10 12:00:00
0,0,47,2026-01-19 16:00:00
0,0,46,2026-01-19 16:00:00
0,0,48,2025-09-03 12:00:00
0,0,49,2025-02-24 00:00:00
0,0,46,2026-02-07 04:00:00
0,0,49,2025-07-19 04:00:00
0,0,48,2026-02-07 12:00:00
0,0,47,2025-07-19 16:00:00
0,0,47,2025-11-18 12:00:00
0,0,46,2026-02-27 08:00:00
0,0,49,2026-02-27 04:00:00
0,0,47,2025-03-04 12:00:00
0,0,46,2026-01-19 04:00:00
0,0,47,2026-02-07 08:00:00
0,0,50,2025-03-04 20:00:00
0,0,48,2025-09-10 12:00:00
0,0,50,2025-11-18 16:00:00
0,0,47,2025-03-04 08:00:00
0,0,47,2025-09-03 12:00:00
0,0,48,2025-01-15 12:00:00
0,0,48,2026-02-07 16:00:00
0,0,46,2026-02-07 16:00:00
0,0,50,2025-02-24 08:00:00
0,0,48,2025-07-19 04:00:00
0,0,46,2026-02-27 00:00:00
0,0,46,2026-02-07 12:00:00
0,0,48,2025-09-03 16:00:00
0,0,49,2025-09-03 16:00:00
0,0,49,2025-07-19 08:00:00
0,0,48,2025-03-04 04:00:00
0,0,47,2025-03-04 00:00:00
0,0,46,2025-03-04 00:00:00
0,0,48,2025-09-10 08:00:00
0,0,49,2025-09-10 08:00:00
0,0,48,2026-02-27 12:00:00
0,0,50,2025-09-10 04:00:00
0,0,46,2025-03-04 08:00:00
0,0,47,2025-09-03 04:00:00
0,0,46,2025-09-03 04:00:00
0,0,49,2025-09-03 00:00:00
0,0,47,2026-02-27 00:00:00
0,0,46,2025-07-19 00:00:00
0,0,50,2026-02-07 12:00:00
0,0,46,2025-11-18 08:00:00
0,0,48,2025-07-19 08:00:00
0,0,50,2026-01-19 12:00:00
0,0,48,2026-01-19 20:00:00
0,0,47,2025-03-04 20:00:00
0,0,46,2025-09-10 08:00:00
0,0,50,2026-02-27 12:00:00
0,0,48,2026-01-19 16:00:00
0,0,50,2025-03-04 08:00:00
0,0,49,2025-09-03 04:00:00
0,0,49,2026-02-07 16:00:00
0,0,46,2025-07-19 04:00:00
0,0,46,2026-02-07 00:00:00
0,0,49,2025-09-10 00:00:00
0,0,50,2025-07-19 16:00:00
0,0,46,2025-01-15 08:00:00
0,0,47,2025-07-19 20:00:00
0,0,48,2025-03-04 12:00:00
0,0,48,2025-09-10 20:00:00
0,0,47,2025-03-04 04:00:00
0,0,49,2026-01-19 00:00:00
0,0,47,2025-02-24 04:00:00
0,0,48,2025-07-19 12:00:00
0,0,48,2025-01-15 20:00:00
0,0,49,2025-09-10 12:00:00
0,0,50,2026-02-27 16:00:00
0,0,50,2025-09-10 16:00:00
0,0,47,2025-11-18 16:00:00
0,0,48,2026-02-27 16:00:00
0,0,50,2025-09-03 00:00:00
0,0,47,2026-02-07 16:00:00
0,0,46,2025-02-24 08:00:00
0,0,49,2025-02-24 08:00:00
0,0,46,2025-09-10 00:00:00
0,0,47,2025-07-19 08:00:00
0,0,47,2025-01-15 08:00:00
0,1,49,2025-11-18 12:00:00
0,0,50,2026-02-27 08:00:00
0,0,47,2025-01-15 04:00:00
0,0,48,2026-02-27 08:00:00
0,0,50,2025-09-10 20:00:00
0,0,48,2026-01-19 12:00:00
0,0,48,2025-07-19 20:00:00
0,0,49,2026-01-19 04:00:00
0,0,46,2026-02-07 08:00:00
0,0,47,2025-01-15 20:00:00
0,0,46,2025-01-15 20:00:00
0,0,47,2025-03-04 16:00:00
0,0,48,2025-03-04 16:00:00
0,0,48,2025-09-10 04:00:00
0,0,48,2025-03-04 08:00:00
0,1,49,2025-09-10 16:00:00
0,0,48,2025-09-03 04:00:00
0,0,50,2025-01-15 16:00:00
0,0,47,2025-02-24 00:00:00
0,0,50,2025-07-19 04:00:00
0,0,49,2025-07-19 00:00:00
0,0,47,2026-02-07 12:00:00
0,0,47,2025-09-10 00:00:00
0,0,50,2025-01-15 08:00:00
0,0,49,2025-01-15 08:00:00
0,0,50,2025-03-04 12:00:00
0,0,48,2025-09-03 08:00:00
0,0,46,2026-01-19 12:00:00
0,0,50,2026-02-27 20:00:00
0,0,46,2026-01-19 00:00:00
0,0,47,2025-09-10 12:00:00
0,0,46,2026-02-27 12:00:00
0,0,49,2025-03-04 16:00:00
0,0,49,2025-09-10 04:00:00
0,0,46,2026-02-07 20:00:00
0,0,49,2025-01-15 12:00:00
0,0,49,2025-03-04 08:00:00
0,0,46,2025-09-03 00:00:00
0,0,48,2025-02-24 12:00:00
0,0,46,2025-02-24 12:00:00
0,0,49,2025-11-18 20:00:00
0,0,49,2025-02-24 20:00:00
0,0,49,2025-03-04 00:00:00
0,0,50,2025-01-15 00:00:00
0,0,50,2026-01-19 20:00:00
0,0,46,2025-02-24 04:00:00
0,0,50,2025-01-15 12:00:00
0,0,48,2025-11-18 00:00:00
0,0,49,2026-02-07 20:00:00
0,0,47,2025-09-03 00:00:00
0,0,48,2025-02-24 00:00:00
0,0,46,2025-02-24 00:00:00
0,0,50,2026-02-07 04:00:00
0,0,50,2025-09-10 00:00:00
0,0,49,2026-02-07 00:00:00
0,0,49,2025-11-18 08:00:00
0,0,50,2025-02-24 12:00:00
0,0,47,2025-02-24 12:00:00
0,0,49,2025-02-24 12:00:00
0,0,47,2025-11-18 20:00:00
0,0,47,2025-02-24 20:00:00
0,0,50,2025-09-03 08:00:00
0,0,49,2026-01-19 12:00:00
0,0,50,2025-03-04 00:00:00
0,0,48,2025-02-24 16:00:00
0,0,49,2025-02-24 16:00:00
0,0,47,2025-07-19 12:00:00
0,0,48,2025-02-24 04:00:00
0,0,49,2025-01-15 00:00:00
0,0,49,2026-01-19 16:00:00
0,0,46,2025-09-03 12:00:00
0,0,46,2025-11-18 00:00:00
0,0,46,2026-01-19 08:00:00
0,0,48,2026-02-07 00:00:00
0,0,50,2025-09-03 20:00:00
0,0,46,2025-11-18 20:00:00
0,0,46,2025-09-10 20:00:00
0,0,49,2025-09-10 20:00:00
0,0,47,2026-01-19 04:00:00
0,0,48,2026-01-19 04:00:00
0,0,46,2025-07-19 12:00:00
0,0,50,2026-01-19 16:00:00
0,0,46,2025-03-04 16:00:00
0,0,50,2025-11-18 00:00:00
0,0,49,2025-11-18 00:00:00
0,0,47,2025-01-15 16:00:00
0,0,47,2025-02-24 08:00:00
0,0,47,2025-07-19 00:00:00
0,0,48,2025-07-19 00:00:00
0,0,50,2026-02-07 00:00:00
0,0,48,2025-09-10 00:00:00
0,0,48,2025-11-18 08:00:00
0,0,47,2025-09-03 16:00:00
0,0,46,2025-09-03 20:00:00
0,0,48,2025-07-19 16:00:00
0,0,46,2025-01-15 04:00:00
0,0,47,2026-02-27 20:00:00
0,0,46,2025-01-15 00:00:00
0,0,46,2025-09-10 12:00:00
0,0,46,2025-09-10 04:00:00
0,0,47,2026-02-27 16:00:00
0,0,48,2025-09-10 16:00:00
0,0,46,2025-01-15 12:00:00
0,0,46,2025-11-18 16:00:00
0,0,50,2025-02-24 00:00:00
0,0,50,2026-02-07 16:00:00
0,0,50,2025-07-19 00:00:00
0,0,47,2026-02-07 04:00:00
0,0,50,2025-09-03 16:00:00
0,0,48,2025-09-03 20:00:00
0,0,46,2025-09-03 16:00:00
0,0,49,2025-09-03 20:00:00
0,0,48,2025-11-18 20:00:00
0,0,48,2026-02-27 04:00:00
0,0,46,2025-03-04 12:00:00
0,0,46,2025-09-03 08:00:00
0,0,49,2025-07-19 20:00:00
0,0,48,2026-02-27 20:00:00
0,0,49,2026-02-27 20:00:00
0,0,48,2025-03-04 00:00:00
0,0,49,2026-02-07 08:00:00
0,1,50,2025-09-10 08:00:00
0,0,46,2025-03-04 20:00:00
0,0,49,2025-03-04 20:00:00
0,0,47,2025-11-18 00:00:00
0,0,48,2026-02-07 20:00:00
0,0,49,2026-02-27 16:00:00
0,0,50,2026-01-19 08:00:00
0,0,46,2025-01-15 16:00:00
0,0,50,2026-02-27 00:00:00
0,0,49,2026-02-07 04:00:00
0,0,50,2025-11-18 08:00:00
0,0,46,2025-07-19 08:00:00
0,0,50,2025-11-18 12:00:00
0,0,50,2025-02-24 20:00:00
0,0,50,2025-07-19 20:00:00
0,0,47,2026-01-19 12:00:00
0,0,47,2025-09-10 20:00:00
0,0,46,2025-07-19 20:00:00
0,0,49,2025-03-04 12:00:00
0,0,46,2025-03-04 04:00:00
0,0,46,2026-02-27 20:00:00
0,0,47,2025-02-24 16:00:00
0,0,46,2025-02-24 16:00:00
0,0,47,2026-01-19 20:00:00
0,0,49,2026-01-19 20:00:00
0,0,47,2025-09-10 08:00:00
0,0,47,2026-02-27 12:00:00
0,0,48,2025-11-18 04:00:00
0,0,47,2025-09-10 04:00:00
0,0,48,2026-02-27 00:00:00
0,0,48,2026-02-07 04:00:00
0,0,47,2025-11-18 08:00:00
0,0,50,2025-11-18 20:00:00
0,0,48,2025-01-15 08:00:00
0,0,46,2026-02-27 04:00:00
0,0,49,2026-02-27 08:00:00
0,0,49,2025-03-04 04:00:00
0,0,50,2026-01-19 00:00:00
0,0,50,2026-02-07 08:00:00
0,0,49,2025-07-19 12:00:00
0,0,50,2025-11-18 04:00:00
0,0,47,2025-11-18 04:00:00
0,0,49,2025-11-18 04:00:00
0,0,48,2025-09-03 00:00:00
0,0,48,2025-01-15 16:00:00
0,0,49,2026-01-19 08:00:00
0,0,47,2025-07-19 04:00:00
0,0,48,2025-02-24 08:00:00
0,0,71,2025-11-18 12:00:00
0,0,75,2025-02-24 20:00:00
0,0,72,2025-03-04 12:00:00
0,0,71,2025-07-19 20:00:00
0,0,73,2025-03-04 00:00:00
0,0,73,2026-02-07 08:00:00
0,0,72,2026-02-07 08:00:00
0,0,75,2025-02-24 16:00:00
0,0,74,2025-02-24 16:00:00
0,0,75,2025-02-24 04:00:00
0,0,72,2025-09-10 08:00:00
0,0,75,2025-09-10 08:00:00
0,0,75,2025-11-18 04:00:00
0,0,74,2025-01-15 12:00:00
0,0,71,2025-09-03 04:00:00
0,0,72,2025-11-18 08:00:00
0,0,75,2025-09-03 16:00:00
0,0,71,2025-11-18 20:00:00
0,0,75,2025-11-18 20:00:00
0,0,73,2025-02-24 20:00:00
0,0,71,2025-02-24 20:00:00
0,0,72,2025-01-15 04:00:00
0,0,72,2026-02-27 08:00:00
0,0,75,2025-09-10 20:00:00
0,0,75,2025-07-19 20:00:00
0,0,74,2026-01-19 12:00:00
0,0,75,2026-01-19 04:00:00
0,0,72,2026-01-19 00:00:00
0,0,74,2025-07-19 12:00:00
0,0,73,2025-09-10 08:00:00
0,0,73,2026-01-19 16:00:00
0,0,72,2026-01-19 16:00:00
0,0,73,2025-11-18 16:00:00
0,0,75,2026-02-27 16:00:00
0,0,71,2025-09-03 00:00:00
0,0,72,2025-02-24 00:00:00
0,0,72,2025-01-15 16:00:00
0,0,74,2025-07-19 04:00:00
0,0,75,2026-02-07 00:00:00
0,0,74,2025-09-10 00:00:00
0,0,73,2025-09-03 16:00:00
0,0,72,2025-02-24 12:00:00
0,0,72,2025-07-19 08:00:00
0,0,75,2025-01-15 08:00:00
0,0,74,2025-07-19 16:00:00
0,0,71,2025-01-15 04:00:00
0,0,74,2025-09-03 08:00:00
0,0,74,2026-02-27 20:00:00
0,0,73,2025-03-04 20:00:00
0,0,73,2026-02-07 20:00:00
0,0,72,2026-02-07 20:00:00
0,0,71,2025-09-10 16:00:00
0,0,71,2025-11-18 00:00:00
0,0,74,2025-09-03 12:00:00
0,0,73,2025-09-03 04:00:00
0,0,75,2025-02-24 00:00:00
0,0,73,2025-07-19 00:00:00
0,0,72,2025-02-24 08:00:00
0,0,72,2026-02-27 00:00:00
0,0,73,2025-09-03 20:00:00
0,0,71,2025-09-03 20:00:00
0,0,75,2025-09-03 20:00:00
0,0,74,2025-02-24 12:00:00
0,0,71,2026-01-19 12:00:00
0,0,75,2025-03-04 12:00:00
0,0,74,2025-09-10 20:00:00
0,0,72,2025-07-19 12:00:00
0,0,71,2025-01-15 00:00:00
0,0,75,2025-01-15 00:00:00
0,0,75,2026-01-19 20:00:00
0,0,75,2025-07-19 12:00:00
0,0,75,2025-09-10 12:00:00
0,0,71,2026-02-27 16:00:00
0,0,74,2026-02-07 20:00:00
0,0,75,2025-09-03 04:00:00
0,0,71,2025-07-19 00:00:00
0,0,75,2025-07-19 04:00:00
0,0,72,2026-02-07 00:00:00
0,0,75,2025-02-24 12:00:00
0,0,75,2025-07-19 16:00:00
0,0,73,2026-02-27 08:00:00
0,0,75,2026-02-27 08:00:00
0,0,72,2025-07-19 20:00:00
0,0,71,2025-03-04 12:00:00
0,0,72,2025-03-04 04:00:00
0,0,73,2025-02-24 16:00:00
0,0,72,2025-03-04 00:00:00
0,0,72,2025-02-24 04:00:00
0,0,71,2025-01-15 20:00:00
0,0,73,2025-11-18 04:00:00
0,0,74,2026-02-27 12:00:00
0,0,72,2025-09-10 04:00:00
0,0,72,2025-01-15 12:00:00
0,0,75,2025-11-18 00:00:00
0,0,72,2025-09-03 00:00:00
0,0,75,2025-09-03 00:00:00
0,0,72,2026-01-19 08:00:00
0,0,72,2026-02-07 16:00:00
0,0,75,2026-01-19 08:00:00
0,0,74,2025-02-24 08:00:00
0,0,73,2026-02-07 00:00:00
0,0,75,2026-02-07 12:00:00
0,0,75,2025-09-10 00:00:00
0,0,72,2025-09-10 20:00:00
0,0,71,2025-09-03 08:00:00
0,0,72,2026-01-19 04:00:00
0,0,73,2026-01-19 00:00:00
0,0,74,2025-03-04 00:00:00
0,0,73,2025-01-15 20:00:00
0,0,74,2025-11-18 04:00:00
0,0,73,2025-03-04 16:00:00
0,0,73,2025-09-10 04:00:00
0,0,71,2025-09-10 04:00:00
0,0,72,2025-09-03 12:00:00
0,0,71,2025-01-15 12:00:00
0,0,74,2025-11-18 00:00:00
0,0,74,2025-11-18 16:00:00
0,0,73,2026-02-07 16:00:00
0,0,71,2026-02-07 16:00:00
0,0,75,2026-02-07 16:00:00
0,0,71,2025-07-19 04:00:00
0,0,71,2025-09-10 00:00:00
0,0,75,2025-07-19 08:00:00
0,0,74,2025-11-18 12:00:00
0,0,73,2025-01-15 04:00:00
0,0,71,2026-02-27 04:00:00
0,0,74,2025-03-04 12:00:00
0,0,73,2026-02-27 20:00:00
0,0,71,2026-02-27 20:00:00
0,0,72,2025-02-24 16:00:00
0,0,71,2025-02-24 16:00:00
0,0,72,2025-01-15 20:00:00
0,0,74,2025-03-04 20:00:00
0,0,75,2026-01-19 16:00:00
0,0,74,2025-09-10 04:00:00
0,0,73,2025-01-15 12:00:00
0,0,72,2025-11-18 16:00:00
0,0,71,2026-02-07 20:00:00
0,1,75,2025-09-03 12:00:00
0,0,75,2025-07-19 00:00:00
0,0,74,2026-02-07 00:00:00
0,0,71,2025-01-15 08:00:00
0,0,74,2025-11-18 20:00:00
0,0,75,2026-01-19 12:00:00
0,0,72,2026-02-27 20:00:00
0,0,75,2025-03-04 04:00:00
0,0,75,2026-02-27 20:00:00
0,0,75,2025-01-15 20:00:00
0,0,74,2025-01-15 20:00:00
0,0,72,2026-02-27 12:00:00
0,0,74,2025-09-10 12:00:00
0,0,71,2026-01-19 16:00:00
0,0,75,2025-03-04 16:00:00
0,0,75,2026-02-07 20:00:00
0,0,74,2026-02-07 16:00:00
0,0,73,2025-07-19 04:00:00
0,0,71,2026-02-07 04:00:00
0,0,75,2025-02-24 08:00:00
0,0,75,2026-02-07 04:00:00
0,0,71,2025-11-18 08:00:00
0,0,72,2025-09-03 20:00:00
0,0,71,2025-09-03 16:00:00
0,0,74,2025-09-03 16:00:00
0,0,72,2025-11-18 12:00:00
0,0,71,2025-07-19 16:00:00
0,0,71,2025-03-04 04:00:00
0,0,71,2025-02-24 04:00:00
0,0,72,2026-02-27 16:00:00
0,0,74,2025-09-03 00:00:00
0,0,71,2026-02-27 00:00:00
0,0,75,2026-02-27 00:00:00
0,0,73,2025-09-10 00:00:00
0,0,72,2026-02-07 12:00:00
0,0,73,2025-01-15 08:00:00
0,0,71,2026-02-27 08:00:00
0,0,75,2025-01-15 04:00:00
0,0,73,2025-07-19 20:00:00
0,0,72,2026-01-19 12:00:00
0,0,72,2025-09-03 08:00:00
0,0,71,2025-09-10 20:00:00
0,0,74,2025-09-10 08:00:00
0,0,71,2026-02-27 12:00:00
0,0,72,2025-03-04 16:00:00
0,0,75,2025-09-10 04:00:00
0,0,74,2026-01-19 16:00:00
0,0,71,2025-09-03 12:00:00
0,0,74,2025-03-04 08:00:00
0,0,74,2025-09-10 16:00:00
0,0,71,2025-02-24 00:00:00
0,0,73,2026-02-07 04:00:00
0,0,74,2025-07-19 00:00:00
0,0,73,2026-02-07 12:00:00
0,0,74,2025-11-18 08:00:00
0,0,72,2025-09-03 16:00:00
0,0,71,2025-02-24 12:00:00
0,0,74,2025-07-19 08:00:00
0,0,73,2025-03-04 12:00:00
0,0,73,2025-09-10 20:00:00
0,0,73,2025-02-24 04:00:00
0,0,73,2025-01-15 00:00:00
0,0,73,2025-07-19 12:00:00
0,0,72,2025-03-04 20:00:00
0,0,71,2025-09-10 08:00:00
0,0,74,2025-01-15 16:00:00
0,0,73,2025-07-19 08:00:00
0,0,73,2025-07-19 16:00:00
0,0,73,2025-11-18 20:00:00
0,0,72,2025-01-15 08:00:00
0,0,72,2025-02-24 20:00:00
0,0,74,2026-02-27 08:00:00
0,0,74,2025-07-19 20:00:00
0,0,74,2026-01-19 04:00:00
0,0,71,2026-01-19 00:00:00
0,0,72,2025-09-10 16:00:00
0,0,75,2025-09-10 16:00:00
0,0,73,2025-01-15 16:00:00
0,0,73,2026-02-27 00:00:00
0,0,72,2025-07-19 00:00:00
0,0,74,2026-02-27 00:00:00
0,0,72,2025-09-10 00:00:00
0,0,71,2026-02-07 00:00:00
0,0,75,2025-11-18 08:00:00
0,0,74,2026-02-07 12:00:00
0,0,75,2025-11-18 12:00:00
0,0,72,2026-02-27 04:00:00
0,0,74,2025-01-15 04:00:00
0,0,73,2025-09-03 08:00:00
0,0,75,2025-09-03 08:00:00
0,0,73,2025-03-04 04:00:00
0,0,74,2025-03-04 04:00:00
0,0,72,2025-01-15 00:00:00
0,0,73,2025-09-10 12:00:00
0,0,72,2025-11-18 04:00:00
0,0,71,2025-03-04 16:00:00
0,0,73,2025-03-04 08:00:00
0,0,73,2025-09-10 16:00:00
0,0,72,2025-03-04 08:00:00
0,0,72,2025-11-18 00:00:00
0,0,71,2025-03-04 08:00:00
0,0,71,2025-11-18 16:00:00
0,0,75,2025-01-15 12:00:00
0,0,74,2026-02-27 16:00:00
0,0,71,2025-02-24 08:00:00
0,0,74,2026-02-07 04:00:00
0,0,73,2025-11-18 08:00:00
0,0,73,2025-11-18 12:00:00
0,0,72,2025-07-19 16:00:00
0,0,72,2025-11-18 20:00:00
0,0,74,2025-02-24 20:00:00
0,0,73,2026-02-27 04:00:00
0,0,73,2026-01-19 04:00:00
0,0,71,2025-03-04 00:00:00
0,0,75,2025-03-04 00:00:00
0,0,75,2026-01-19 00:00:00
0,0,74,2026-02-07 08:00:00
0,0,71,2026-01-19 20:00:00
0,0,75,2025-03-04 20:00:00
0,0,75,2026-02-27 12:00:00
0,0,73,2025-09-03 12:00:00
0,0,73,2025-09-03 00:00:00
0,0,74,2025-09-03 04:00:00
0,0,73,2025-02-24 00:00:00
0,0,71,2026-01-19 08:00:00
0,0,73,2025-02-24 08:00:00
0,0,72,2025-07-19 04:00:00
0,0,71,2026-02-07 12:00:00
0,0,74,2025-09-03 20:00:00
0,0,75,2026-02-27 04:00:00
0,0,74,2026-02-27 04:00:00
0,0,74,2026-01-19 00:00:00
0,0,73,2026-01-19 20:00:00
0,0,72,2026-01-19 20:00:00
0,0,73,2026-02-27 12:00:00
0,0,71,2025-09-10 12:00:00
0,0,73,2025-11-18 00:00:00
0,0,75,2025-03-04 08:00:00
0,0,75,2025-11-18 16:00:00
0,0,71,2025-01-15 16:00:00
0,0,74,2025-02-24 00:00:00
0,0,72,2026-02-07 04:00:00
0,0,73,2025-02-24 12:00:00
0,0,71,2025-07-19 08:00:00
0,0,74,2025-01-15 08:00:00
0,0,73,2026-01-19 12:00:00
0,0,71,2026-01-19 04:00:00
0,0,71,2026-02-07 08:00:00
0,0,75,2026-02-07 08:00:00
0,0,71,2025-07-19 12:00:00
0,0,74,2025-02-24 04:00:00
0,0,74,2025-01-15 00:00:00
0,0,74,2026-01-19 20:00:00
0,0,71,2025-03-04 20:00:00
0,0,72,2025-09-10 12:00:00
0,0,71,2025-11-18 04:00:00
0,0,74,2025-03-04 16:00:00
0,0,73,2026-02-27 16:00:00
0,0,72,2025-09-03 04:00:00
0,0,73,2026-01-19 08:00:00
0,0,75,2025-01-15 16:00:00
0,0,74,2026-01-19 08:00:00
0,0,18,2025-01-15 04:00:00
0,0,20,2026-02-27 04:00:00
0,0,19,2026-02-07 16:00:00
0,0,17,2025-01-15 20:00:00
0,0,20,2026-02-27 20:00:00
0,0,18,2025-07-19 20:00:00
0,0,16,2025-09-03 20:00:00
2,0,20,2026-02-07 08:00:00
0,0,17,2025-03-04 04:00:00
0,0,17,2025-03-04 12:00:00
0,0,16,2025-09-10 08:00:00
0,0,18,2025-09-10 20:00:00
0,0,19,2025-09-10 20:00:00
0,0,17,2025-02-24 08:00:00
0,0,20,2026-02-07 20:00:00
0,0,20,2025-09-03 04:00:00
0,0,17,2026-02-27 20:00:00
4,0,17,2025-09-03 12:00:00
0,0,17,2025-11-18 20:00:00
0,0,20,2025-09-10 00:00:00
4,0,18,2025-09-10 12:00:00
0,0,18,2026-01-19 12:00:00
0,0,18,2026-02-07 16:00:00
0,0,18,2025-09-10 04:00:00
0,0,19,2026-02-27 00:00:00
0,0,16,2025-09-10 04:00:00
0,0,19,2025-09-03 20:00:00
0,0,20,2025-03-04 00:00:00
0,0,19,2025-07-19 12:00:00
0,0,17,2025-02-24 16:00:00
0,0,16,2025-09-03 00:00:00
0,0,16,2025-09-10 20:00:00
0,0,19,2025-02-24 08:00:00
0,0,16,2025-09-10 00:00:00
0,0,18,2025-03-04 16:00:00
0,0,19,2025-03-04 16:00:00
0,0,20,2025-11-18 00:00:00
0,0,18,2026-02-27 20:00:00
0,0,19,2026-02-27 20:00:00
0,0,16,2026-01-19 00:00:00
0,0,19,2025-02-24 20:00:00
0,0,18,2026-02-07 20:00:00
0,0,18,2025-11-18 00:00:00
0,0,19,2025-01-15 04:00:00
0,0,19,2026-02-27 16:00:00
0,0,17,2025-11-18 04:00:00
0,0,20,2025-09-03 16:00:00
0,0,16,2025-09-10 16:00:00
0,0,20,2025-02-24 20:00:00
0,0,19,2026-02-27 12:00:00
0,0,16,2026-01-19 12:00:00
0,0,17,2026-01-19 12:00:00
0,0,19,2025-01-15 20:00:00
0,0,17,2025-03-04 20:00:00
0,0,20,2026-01-19 04:00:00
0,0,19,2025-07-19 16:00:00
0,0,16,2025-11-18 08:00:00
0,0,17,2025-02-24 00:00:00
0,0,17,2025-07-19 04:00:00
0,0,20,2026-01-19 00:00:00
0,0,18,2025-11-18 12:00:00
0,0,16,2025-07-19 12:00:00
0,0,17,2025-07-19 12:00:00
0,0,18,2025-11-18 16:00:00
1,0,20,2025-09-10 12:00:00
0,0,20,2026-01-19 16:00:00
0,0,16,2025-03-04 16:00:00
0,0,20,2025-09-10 16:00:00
0,0,19,2026-02-07 04:00:00
0,0,16,2025-09-03 16:00:00
0,0,17,2025-01-15 08:00:00
0,0,20,2025-02-24 08:00:00
0,0,20,2025-07-19 00:00:00
0,0,18,2026-02-27 16:00:00
0,0,18,2026-02-27 12:00:00
0,0,18,2025-03-04 20:00:00
0,0,20,2025-03-04 04:00:00
0,0,18,2025-02-24 12:00:00
0,0,17,2025-01-15 16:00:00
0,0,16,2025-03-04 04:00:00
0,0,16,2026-02-07 00:00:00
0,0,18,2025-09-10 08:00:00
0,0,18,2025-02-24 08:00:00
0,0,18,2025-09-10 00:00:00
0,0,17,2025-09-10 00:00:00
0,0,20,2025-11-18 16:00:00
0,0,16,2026-01-19 08:00:00
0,0,20,2026-01-19 08:00:00
0,0,18,2025-11-18 20:00:00
0,0,16,2025-11-18 20:00:00
0,0,20,2026-02-07 00:00:00
2,0,20,2026-02-07 12:00:00
0,0,18,2025-07-19 08:00:00
0,0,20,2025-09-03 20:00:00
0,0,19,2025-09-10 16:00:00
0,0,16,2025-09-03 08:00:00
0,0,16,2026-02-07 12:00:00
0,0,16,2025-11-18 12:00:00
0,0,19,2025-01-15 12:00:00
1,0,20,2025-01-15 12:00:00
0,0,19,2026-01-19 08:00:00
0,0,18,2025-01-15 08:00:00
0,0,18,2026-02-27 08:00:00
0,0,17,2025-02-24 20:00:00
0,0,17,2025-11-18 00:00:00
2,0,20,2026-02-27 08:00:00
0,0,20,2026-01-19 12:00:00
0,0,18,2026-02-27 00:00:00
0,0,19,2025-02-24 00:00:00
0,0,16,2025-07-19 04:00:00
0,0,17,2025-02-24 12:00:00
0,0,20,2025-02-24 16:00:00
0,0,17,2025-11-18 12:00:00
0,0,18,2026-02-07 08:00:00
4,0,17,2025-01-15 12:00:00
1,0,20,2026-02-27 12:00:00
0,0,19,2025-02-24 04:00:00
0,0,17,2025-02-24 04:00:00
1,0,20,2025-03-04 08:00:00
0,0,19,2025-01-15 08:00:00
0,0,19,2025-09-03 16:00:00
0,0,17,2026-02-27 08:00:00
0,0,19,2025-11-18 20:00:00
0,0,16,2025-11-18 04:00:00
2,0,20,2025-07-19 08:00:00
0,0,19,2026-02-07 12:00:00
1,0,20,2025-03-04 12:00:00
0,0,20,2025-09-10 20:00:00
0,0,18,2025-01-15 16:00:00
0,0,19,2025-01-15 16:00:00
0,0,19,2025-11-18 08:00:00
0,0,19,2025-03-04 12:00:00
0,0,19,2025-11-18 12:00:00
0,0,20,2026-01-19 20:00:00
0,0,19,2025-01-15 00:00:00
0,0,19,2025-09-10 08:00:00
0,0,19,2025-11-18 16:00:00
0,0,16,2026-02-07 08:00:00
0,0,17,2025-03-04 16:00:00
0,0,18,2026-01-19 08:00:00
0,0,20,2025-09-03 00:00:00
0,0,19,2026-02-27 08:00:00
0,0,19,2026-01-19 00:00:00
0,0,17,2026-01-19 00:00:00
0,0,17,2026-02-07 04:00:00
0,0,20,2025-11-18 08:00:00
0,0,18,2025-09-10 16:00:00
0,0,16,2026-02-27 04:00:00
4,0,16,2025-09-10 12:00:00
0,0,19,2025-03-04 20:00:00
0,0,17,2026-02-07 16:00:00
0,0,18,2025-02-24 00:00:00
0,0,17,2025-07-19 16:00:00
0,0,16,2026-01-19 04:00:00
0,0,19,2025-03-04 00:00:00
0,0,17,2025-09-10 20:00:00
0,0,19,2025-09-10 00:00:00
0,0,17,2025-07-19 00:00:00
0,0,16,2025-01-15 08:00:00
0,0,18,2025-09-03 12:00:00
0,0,16,2025-09-03 12:00:00
0,0,18,2025-03-04 08:00:00
0,0,19,2025-03-04 08:00:00
0,0,17,2025-01-15 04:00:00
0,0,17,2025-11-18 08:00:00
0,0,17,2026-01-19 04:00:00
0,0,20,2025-01-15 00:00:00
0,0,18,2025-01-15 12:00:00
0,0,18,2025-09-03 00:00:00
0,0,20,2026-02-27 16:00:00
0,0,20,2026-02-07 04:00:00
0,0,18,2025-02-24 20:00:00
0,0,16,2025-02-24 20:00:00
0,0,18,2026-02-27 04:00:00
4,0,19,2025-09-10 12:00:00
4,0,17,2025-09-10 12:00:00
4,0,17,2026-02-27 12:00:00
1,0,20,2025-09-03 08:00:00
0,0,17,2025-09-10 04:00:00
0,0,18,2025-09-03 20:00:00
0,0,16,2025-02-24 12:00:00
0,0,18,2025-01-15 00:00:00
0,0,16,2025-02-24 16:00:00
0,0,16,2025-11-18 16:00:00
0,0,17,2025-09-10 08:00:00
0,0,18,2025-02-24 04:00:00
0,0,18,2026-01-19 16:00:00
4,0,19,2025-09-03 12:00:00
0,0,18,2025-11-18 04:00:00
0,0,19,2025-11-18 00:00:00
0,0,16,2026-02-07 20:00:00
0,0,17,2026-02-27 04:00:00
1,0,20,2025-11-18 12:00:00
0,0,17,2026-02-07 12:00:00
0,0,17,2025-07-19 20:00:00
0,0,18,2025-03-04 04:00:00
0,0,20,2025-02-24 04:00:00
2,0,20,2025-07-19 12:00:00
0,0,18,2025-02-24 16:00:00
0,0,19,2025-02-24 16:00:00
0,0,17,2025-01-15 00:00:00
0,0,20,2025-09-10 04:00:00
0,0,19,2025-07-19 00:00:00
0,0,18,2026-01-19 00:00:00
0,0,17,2025-09-03 04:00:00
0,0,20,2025-07-19 04:00:00
0,0,18,2026-01-19 20:00:00
0,0,19,2025-07-19 08:00:00
0,0,16,2025-03-04 08:00:00
0,0,17,2026-02-27 16:00:00
0,0,17,2025-07-19 08:00:00
1,0,20,2025-01-15 08:00:00
0,0,20,2025-07-19 16:00:00
0,0,16,2026-02-07 16:00:00
0,0,17,2026-02-27 00:00:00
0,0,16,2025-02-24 00:00:00
0,0,16,2025-07-19 20:00:00
0,0,18,2025-03-04 12:00:00
0,0,19,2026-01-19 04:00:00
0,0,19,2026-02-07 00:00:00
0,0,19,2026-02-07 08:00:00
2,0,20,2025-09-10 08:00:00
0,0,16,2025-02-24 04:00:00
0,0,20,2025-02-24 00:00:00
0,0,20,2026-02-07 16:00:00
0,0,18,2026-02-07 04:00:00
0,0,19,2026-01-19 16:00:00
0,0,16,2026-02-07 04:00:00
0,0,17,2026-01-19 16:00:00
0,0,19,2026-01-19 20:00:00
0,0,16,2025-01-15 04:00:00
0,0,16,2026-02-27 16:00:00
0,0,19,2025-09-03 08:00:00
0,0,17,2025-09-03 08:00:00
4,0,17,2025-09-10 16:00:00
0,0,20,2025-11-18 20:00:00
0,0,19,2026-01-19 12:00:00
0,0,19,2025-09-10 04:00:00
0,0,19,2025-02-24 12:00:00
0,0,16,2025-01-15 16:00:00
0,0,18,2026-01-19 04:00:00
0,0,19,2025-03-04 04:00:00
0,1,16,2025-03-04 12:00:00
0,0,17,2026-02-07 08:00:00
0,0,17,2025-11-18 16:00:00
0,0,16,2025-03-04 00:00:00
0,0,17,2025-09-03 00:00:00
0,0,20,2025-03-04 16:00:00
0,0,18,2025-07-19 00:00:00
0,0,16,2026-01-19 16:00:00
0,0,19,2026-02-07 20:00:00
0,0,19,2025-11-18 04:00:00
0,0,16,2025-07-19 08:00:00
0,0,16,2026-02-27 12:00:00
0,0,20,2025-07-19 20:00:00
0,0,18,2025-07-19 04:00:00
0,0,18,2025-07-19 16:00:00
0,0,18,2025-11-18 08:00:00
0,0,16,2025-07-19 16:00:00
0,0,17,2025-09-03 20:00:00
0,0,17,2026-02-07 00:00:00
0,0,20,2025-01-15 20:00:00
0,0,20,2025-11-18 04:00:00
1,0,20,2025-09-03 12:00:00
0,0,17,2026-01-19 08:00:00
0,0,20,2025-01-15 16:00:00
0,0,17,2026-01-19 20:00:00
0,0,18,2025-09-03 08:00:00
0,0,16,2025-01-15 20:00:00
0,0,16,2026-02-27 00:00:00
0,0,18,2025-07-19 12:00:00
0,0,18,2025-03-04 00:00:00
0,0,19,2025-09-03 00:00:00
0,0,17,2025-03-04 00:00:00
0,0,16,2026-02-27 20:00:00
0,0,18,2025-09-03 04:00:00
0,0,19,2025-09-03 04:00:00
0,0,16,2026-02-27 08:00:00
0,0,16,2025-09-03 04:00:00
0,0,20,2026-02-27 00:00:00
0,0,16,2025-11-18 00:00:00
0,0,17,2025-03-04 08:00:00
0,0,17,2026-02-07 20:00:00
1,0,20,2025-02-24 12:00:00
0,0,19,2026-02-27 04:00:00
0,0,18,2026-02-07 12:00:00
0,0,20,2025-01-15 04:00:00
0,0,18,2025-01-15 20:00:00
0,0,16,2025-03-04 20:00:00
0,0,19,2025-07-19 04:00:00
0,0,19,2025-07-19 20:00:00
0,0,18,2026-02-07 00:00:00
0,0,16,2025-01-15 00:00:00
0,0,16,2025-01-15 12:00:00
0,0,20,2025-03-04 20:00:00
0,1,16,2025-02-24 08:00:00
0,0,16,2025-07-19 00:00:00
0,0,18,2025-09-03 16:00:00
0,0,17,2025-09-03 16:00:00
0,0,16,2026-01-19 20:00:00
0,0,02,2025-07-19 08:00:00
0,0,04,2025-11-18 00:00:00
1,0,05,2025-11-18 08:00:00
0,1,02,2025-09-10 16:00:00
1,2,03,2025-01-15 08:00:00
0,0,01,2025-09-10 04:00:00
1,1,03,2025-03-04 12:00:00
0,0,04,2025-07-19 16:00:00
1,0,01,2025-03-04 12:00:00
1,0,03,2025-03-04 20:00:00
2,2,03,2025-11-18 04:00:00
0,0,04,2025-02-24 08:00:00
1,2,03,2025-03-04 08:00:00
1,0,05,2025-09-10 16:00:00
0,0,01,2026-02-07 04:00:00
0,0,01,2025-09-03 16:00:00
1,2,03,2026-01-19 08:00:00
0,0,04,2025-01-15 08:00:00
1,0,05,2026-02-07 12:00:00
1,0,03,2025-09-03 16:00:00
1,0,03,2025-09-03 20:00:00
1,2,03,2025-09-03 08:00:00
0,0,04,2025-03-04 20:00:00
0,0,04,2026-02-27 00:00:00
1,0,01,2025-02-24 12:00:00
0,0,01,2025-07-19 16:00:00
1,0,01,2025-11-18 08:00:00
0,0,02,2025-09-03 20:00:00
0,0,02,2025-07-19 20:00:00
1,1,03,2026-01-19 04:00:00
0,0,05,2026-02-27 20:00:00
1,0,03,2025-02-24 16:00:00
0,0,02,2025-03-04 00:00:00
0,0,01,2026-01-19 08:00:00
1,2,03,2025-01-15 12:00:00
1,1,03,2025-11-18 16:00:00
0,0,04,2026-01-19 08:00:00
1,0,05,2025-03-04 08:00:00
0,0,01,2026-02-27 20:00:00
0,0,04,2026-01-19 16:00:00
1,0,05,2026-02-07 16:00:00
0,0,01,2025-11-18 20:00:00
0,0,02,2025-02-24 20:00:00
2,0,03,2025-07-19 00:00:00
1,0,05,2025-01-15 08:00:00
1,0,01,2026-02-27 12:00:00
0,0,04,2025-02-24 12:00:00
0,0,02,2025-03-04 12:00:00
0,0,04,2025-07-19 12:00:00
0,0,04,2025-09-10 00:00:00
2,2,03,2025-09-10 04:00:00
1,0,05,2025-09-03 12:00:00
0,0,04,2026-02-27 20:00:00
1,1,03,2026-02-07 16:00:00
1,0,05,2026-01-19 08:00:00
0,0,01,2025-03-04 08:00:00
0,0,01,2025-07-19 08:00:00
0,0,04,2025-07-19 08:00:00
0,0,05,2025-09-03 20:00:00
1,0,01,2026-02-07 12:00:00
0,0,02,2026-02-27 00:00:00
0,0,04,2026-02-07 16:00:00
0,0,01,2026-01-19 04:00:00
0,0,04,2025-11-18 12:00:00
1,0,01,2025-09-10 08:00:00
0,0,04,2025-01-15 00:00:00
0,0,04,2025-09-03 00:00:00
0,0,02,2025-02-24 04:00:00
2,0,05,2025-11-18 04:00:00
2,0,03,2026-02-07 20:00:00
0,0,05,2026-02-07 20:00:00
0,0,02,2025-07-19 00:00:00
0,0,05,2025-02-24 00:00:00
0,0,02,2025-11-18 20:00:00
2,0,03,2026-02-27 00:00:00
2,0,03,2025-07-19 04:00:00
0,0,05,2025-07-19 00:00:00
0,0,05,2026-02-07 00:00:00
1,0,02,2025-09-03 08:00:00
0,0,05,2025-02-24 20:00:00
1,0,02,2026-02-27 12:00:00
2,0,05,2025-01-15 04:00:00
0,0,04,2025-01-15 20:00:00
0,0,03,2026-01-19 00:00:00
1,0,03,2025-09-10 12:00:00
0,0,05,2026-01-19 16:00:00
1,0,05,2026-02-27 16:00:00
0,0,01,2025-07-19 00:00:00
0,0,04,2025-07-19 00:00:00
0,0,02,2026-02-27 08:00:00
2,0,03,2025-02-24 00:00:00
1,0,03,2025-01-15 16:00:00
0,0,01,2025-02-24 20:00:00
2,0,05,2025-07-19 04:00:00
0,0,04,2025-11-18 04:00:00
1,1,01,2025-09-10 12:00:00
0,0,04,2026-02-27 04:00:00
1,0,05,2025-09-03 16:00:00
0,0,02,2025-02-24 00:00:00
0,0,02,2025-11-18 08:00:00
1,0,03,2025-03-04 00:00:00
2,0,05,2026-02-07 08:00:00
0,0,04,2025-09-10 08:00:00
1,3,03,2025-09-10 08:00:00
0,0,02,2025-03-04 16:00:00
2,0,05,2025-09-10 04:00:00
1,0,05,2025-11-18 16:00:00
2,0,05,2025-09-03 04:00:00
0,0,02,2026-01-19 16:00:00
0,0,02,2025-11-18 00:00:00
1,0,05,2025-02-24 12:00:00
2,0,05,2025-07-19 16:00:00
1,0,05,2025-11-18 12:00:00
0,0,01,2026-01-19 12:00:00
0,0,02,2026-01-19 12:00:00
0,0,01,2025-03-04 20:00:00
0,0,01,2026-02-27 00:00:00
0,0,04,2025-09-10 04:00:00
0,0,05,2025-07-19 20:00:00
0,0,02,2025-07-19 16:00:00
0,0,04,2025-02-24 00:00:00
0,0,04,2025-11-18 08:00:00
0,0,02,2026-02-07 00:00:00
0,0,02,2025-07-19 12:00:00
0,0,02,2025-11-18 16:00:00
0,0,04,2025-11-18 16:00:00
2,0,05,2025-02-24 04:00:00
0,0,77,2025-07-14 16:00:00
0,0,77,2025-07-01 04:00:00
0,0,77,2025-07-01 16:00:00
3,3,76,2025-07-14 00:00:00
1,0,77,2025-07-14 12:00:00
4,4,76,2025-07-14 20:00:00
4,4,76,2025-07-01 20:00:00
4,4,76,2025-01-14 12:00:00
0,0,77,2025-01-14 04:00:00
0,0,77,2025-01-14 00:00:00
0,0,77,2025-07-01 00:00:00
4,4,76,2025-07-14 12:00:00
3,3,76,2025-07-14 04:00:00
4,4,76,2025-07-01 08:00:00
0,0,77,2025-07-01 20:00:00
0,0,77,2025-07-14 20:00:00
0,0,77,2025-01-14 20:00:00
4,3,76,2025-01-14 04:00:00
1,1,77,2025-07-01 08:00:00
1,1,77,2025-07-01 12:00:00
4,4,76,2025-01-14 20:00:00
1,1,77,2025-07-14 08:00:00
4,4,76,2025-07-14 08:00:00
4,4,76,2025-07-14 16:00:00
0,0,77,2025-01-14 16:00:00
1,0,77,2025-01-14 12:00:00
4,4,76,2025-07-01 16:00:00
0,2,76,2025-01-14 00:00:00
0,0,77,2025-07-14 00:00:00
4,4,76,2025-01-14 08:00:00
4,4,76,2025-01-14 16:00:00
4,3,76,2025-07-01 00:00:00
0,0,77,2025-07-14 04:00:00
4,2,76,2025-07-01 04:00:00
4,4,76,2025-07-01 12:00:00
1,2,77,2025-01-14 08:00:00
3,0,65,2025-07-01 08:00:00
0,0,61,2025-07-14 00:00:00
0,0,62,2025-01-14 00:00:00
0,0,62,2025-07-14 00:00:00
3,0,64,2025-07-01 20:00:00
0,0,65,2025-07-01 20:00:00
3,0,64,2025-07-01 00:00:00
3,0,62,2025-01-14 16:00:00
3,0,62,2025-07-01 04:00:00
3,0,64,2025-07-14 04:00:00
0,0,61,2025-07-14 16:00:00
0,0,65,2025-01-14 20:00:00
3,0,64,2025-01-14 04:00:00
0,0,61,2025-07-01 20:00:00
0,0,64,2025-07-14 00:00:00
3,0,63,2025-07-14 08:00:00
0,0,63,2025-07-01 00:00:00
3,0,64,2025-07-01 08:00:00
3,0,62,2025-07-01 12:00:00
0,0,61,2025-07-01 04:00:00
0,0,61,2025-07-14 08:00:00
3,0,65,2025-01-14 08:00:00
0,0,62,2025-07-14 04:00:00
0,0,65,2025-07-14 04:00:00
0,0,61,2025-01-14 00:00:00
0,0,62,2025-07-01 20:00:00
3,0,65,2025-07-14 12:00:00
3,0,64,2025-01-14 16:00:00
0,0,61,2025-07-14 04:00:00
3,0,65,2025-07-01 04:00:00
0,0,62,2025-01-14 20:00:00
0,0,61,2025-01-14 04:00:00
3,0,65,2025-07-01 16:00:00
0,0,63,2025-07-14 00:00:00
0,0,63,2025-07-14 20:00:00
0,0,65,2025-07-01 00:00:00
0,0,63,2025-01-14 04:00:00
0,0,61,2025-01-14 08:00:00
3,0,62,2025-01-14 08:00:00
3,0,64,2025-01-14 12:00:00
1,0,61,2025-07-01 12:00:00
3,0,65,2025-01-14 12:00:00
3,0,63,2025-07-01 08:00:00
3,0,64,2025-07-01 16:00:00
3,0,63,2025-07-01 12:00:00
0,0,61,2025-01-14 16:00:00
0,0,63,2025-07-14 04:00:00
0,0,65,2025-01-14 00:00:00
0,0,61,2025-01-14 12:00:00
3,0,62,2025-07-14 08:00:00
0,0,63,2025-01-14 20:00:00
3,0,62,2025-07-01 08:00:00
0,0,61,2025-07-01 16:00:00
0,0,63,2025-07-01 20:00:00
3,0,64,2025-07-14 16:00:00
0,0,61,2025-07-14 12:00:00
3,0,63,2025-01-14 12:00:00
0,0,61,2025-07-01 08:00:00
3,0,63,2025-07-01 16:00:00
0,0,63,2025-07-01 04:00:00
3,0,62,2025-07-14 16:00:00
0,0,64,2025-01-14 00:00:00
3,0,63,2025-01-14 08:00:00
3,0,64,2025-01-14 08:00:00
3,0,65,2025-01-14 16:00:00
3,0,64,2025-07-01 04:00:00
0,0,63,2025-01-14 00:00:00
3,0,63,2025-07-14 16:00:00
0,0,65,2025-07-14 00:00:00
0,0,62,2025-07-14 20:00:00
3,0,64,2025-07-14 20:00:00
0,0,61,2025-07-01 00:00:00
3,0,62,2025-07-14 12:00:00
0,0,62,2025-07-01 00:00:00
3,0,65,2025-07-14 16:00:00
0,0,65,2025-07-14 20:00:00
3,0,63,2025-07-14 12:00:00
3,0,62,2025-01-14 12:00:00
3,0,64,2025-07-14 08:00:00
3,0,65,2025-07-14 08:00:00
0,0,61,2025-01-14 20:00:00
0,0,64,2025-01-14 20:00:00
0,0,62,2025-01-14 04:00:00
3,0,65,2025-07-01 12:00:00
0,0,63,2025-01-14 16:00:00
3,0,64,2025-07-14 12:00:00
0,0,65,2025-01-14 04:00:00
3,0,62,2025-07-01 16:00:00
3,0,64,2025-07-01 12:00:00
0,0,61,2025-07-14 20:00:00
0,0,49,2025-07-01 12:00:00
0,0,50,2025-07-01 20:00:00
0,0,47,2025-01-14 12:00:00
0,0,46,2025-01-14 04:00:00
0,0,50,2025-01-14 08:00:00
0,0,48,2025-07-01 20:00:00
0,0,47,2025-07-01 00:00:00
0,0,47,2025-07-01 16:00:00
0,0,47,2025-07-01 12:00:00
0,0,46,2025-07-01 12:00:00
0,0,50,2025-07-14 00:00:00
0,0,50,2025-07-14 16:00:00
0,0,47,2025-07-14 20:00:00
0,0,50,2025-07-01 08:00:00
0,0,47,2025-01-14 00:00:00
0,0,46,2025-07-14 20:00:00
0,0,46,2025-01-14 12:00:00
0,0,47,2025-01-14 20:00:00
0,0,47,2025-07-01 08:00:00
0,0,49,2025-01-14 08:00:00
0,0,48,2025-07-14 00:00:00
0,0,49,2025-07-14 08:00:00
0,0,48,2025-07-01 16:00:00
0,0,46,2025-01-14 08:00:00
0,0,50,2025-07-14 04:00:00
0,0,50,2025-01-14 00:00:00
0,0,47,2025-07-14 16:00:00
0,0,49,2025-01-14 16:00:00
0,0,49,2025-07-14 04:00:00
0,0,49,2025-07-14 16:00:00
0,0,50,2025-01-14 20:00:00
0,0,49,2025-01-14 20:00:00
0,0,46,2025-07-01 08:00:00
0,0,49,2025-07-01 08:00:00
0,0,49,2025-07-01 16:00:00
0,0,50,2025-07-01 04:00:00
0,0,48,2025-07-01 04:00:00
0,0,48,2025-07-14 16:00:00
0,0,49,2025-07-14 00:00:00
0,0,50,2025-07-14 12:00:00
0,0,47,2025-07-14 12:00:00
0,0,49,2025-07-14 12:00:00
0,0,46,2025-01-14 20:00:00
0,0,47,2025-01-14 04:00:00
0,0,48,2025-07-01 08:00:00
0,0,47,2025-01-14 16:00:00
0,0,47,2025-07-14 00:00:00
0,0,47,2025-07-01 20:00:00
0,0,46,2025-07-14 00:00:00
0,0,50,2025-07-14 20:00:00
0,0,48,2025-07-14 20:00:00
0,0,48,2025-07-14 12:00:00
0,0,46,2025-07-01 00:00:00
0,0,50,2025-07-01 12:00:00
0,0,50,2025-01-14 16:00:00
0,0,48,2025-01-14 16:00:00
0,0,49,2025-07-01 04:00:00
0,0,49,2025-07-01 20:00:00
0,0,46,2025-07-01 16:00:00
0,0,47,2025-01-14 08:00:00
0,0,46,2025-01-14 16:00:00
0,0,48,2025-07-01 00:00:00
0,0,49,2025-01-14 04:00:00
0,0,48,2025-01-14 08:00:00
0,0,48,2025-07-01 12:00:00
0,0,47,2025-07-01 04:00:00
0,0,46,2025-07-14 04:00:00
0,0,49,2025-07-14 20:00:00
0,0,46,2025-07-14 12:00:00
0,0,49,2025-07-01 00:00:00
0,0,48,2025-01-14 00:00:00
0,0,47,2025-07-14 08:00:00
0,0,48,2025-01-14 20:00:00
0,0,50,2025-07-01 16:00:00
0,0,47,2025-07-14 04:00:00
0,0,46,2025-01-14 00:00:00
0,0,46,2025-07-01 20:00:00
0,0,49,2025-01-14 00:00:00
0,0,50,2025-07-01 00:00:00
0,0,48,2025-07-14 08:00:00
0,0,50,2025-01-14 04:00:00
0,0,48,2025-01-14 04:00:00
0,0,48,2025-07-14 04:00:00
0,0,46,2025-07-01 04:00:00
0,0,50,2025-01-14 12:00:00
0,0,48,2025-01-14 12:00:00
0,0,46,2025-07-14 16:00:00
0,0,50,2025-07-14 08:00:00
0,0,46,2025-07-14 08:00:00
0,0,49,2025-01-14 12:00:00
0,0,73,2025-01-14 04:00:00
0,0,74,2025-07-01 04:00:00
0,0,73,2025-07-14 16:00:00
0,0,71,2025-07-01 12:00:00
0,0,74,2025-07-01 12:00:00
0,0,73,2025-01-14 16:00:00
0,0,75,2025-01-14 16:00:00
0,0,71,2025-07-01 04:00:00
0,0,71,2025-01-14 00:00:00
0,0,74,2025-01-14 00:00:00
0,0,74,2025-07-14 08:00:00
0,0,72,2025-07-01 08:00:00
0,0,72,2025-07-01 20:00:00
0,0,74,2025-07-14 00:00:00
0,0,71,2025-07-14 20:00:00
0,0,72,2025-07-14 08:00:00
0,0,71,2025-07-14 08:00:00
0,0,72,2025-01-14 20:00:00
0,0,73,2025-07-01 16:00:00
0,0,72,2025-01-14 00:00:00
0,0,74,2025-01-14 12:00:00
0,0,73,2025-01-14 20:00:00
0,0,75,2025-07-01 16:00:00
0,0,74,2025-07-01 16:00:00
0,0,72,2025-07-01 12:00:00
0,0,72,2025-07-14 04:00:00
0,0,75,2025-07-14 08:00:00
0,0,73,2025-07-01 08:00:00
0,0,71,2025-07-01 08:00:00
0,0,72,2025-01-14 08:00:00
0,0,73,2025-01-14 00:00:00
0,0,73,2025-07-14 00:00:00
0,0,75,2025-01-14 00:00:00
0,0,74,2025-07-01 08:00:00
0,0,72,2025-07-01 16:00:00
0,0,75,2025-07-01 12:00:00
0,0,71,2025-07-01 20:00:00
0,0,72,2025-07-14 20:00:00
0,0,73,2025-07-14 12:00:00
0,0,73,2025-07-01 00:00:00
0,0,74,2025-01-14 20:00:00
0,0,72,2025-01-14 04:00:00
0,0,71,2025-01-14 04:00:00
0,0,75,2025-01-14 08:00:00
0,0,75,2025-07-01 04:00:00
0,0,72,2025-07-14 00:00:00
0,0,71,2025-07-14 00:00:00
0,0,75,2025-07-14 16:00:00
0,0,71,2025-07-14 12:00:00
0,0,74,2025-07-14 04:00:00
0,0,74,2025-07-14 20:00:00
0,0,75,2025-07-01 00:00:00
0,0,74,2025-01-14 04:00:00
0,0,72,2025-07-01 04:00:00
0,0,74,2025-07-01 20:00:00
0,0,75,2025-07-14 12:00:00
0,0,74,2025-07-14 12:00:00
0,0,71,2025-07-01 16:00:00
0,0,73,2025-07-01 04:00:00
0,0,71,2025-07-14 04:00:00
0,0,73,2025-07-01 20:00:00
0,0,72,2025-07-14 16:00:00
0,0,74,2025-07-14 16:00:00
0,0,73,2025-07-01 12:00:00
0,0,75,2025-07-14 04:00:00
0,0,75,2025-07-01 20:00:00
0,0,75,2025-07-14 20:00:00
0,0,73,2025-01-14 12:00:00
0,0,75,2025-01-14 12:00:00
0,0,71,2025-07-14 16:00:00
0,0,72,2025-07-14 12:00:00
0,0,72,2025-07-01 00:00:00
0,0,74,2025-07-01 00:00:00
0,0,71,2025-01-14 20:00:00
0,0,71,2025-01-14 08:00:00
0,0,75,2025-07-14 00:00:00
0,0,73,2025-07-14 20:00:00
0,0,75,2025-01-14 20:00:00
0,0,75,2025-07-01 08:00:00
0,0,73,2025-01-14 08:00:00
0,0,74,2025-01-14 08:00:00
0,0,72,2025-01-14 16:00:00
0,0,74,2025-01-14 16:00:00
0,0,73,2025-07-14 08:00:00
0,0,72,2025-01-14 12:00:00
0,0,75,2025-01-14 04:00:00
0,0,71,2025-01-14 16:00:00
0,0,73,2025-07-14 04:00:00
0,0,71,2025-01-14 12:00:00
0,0,71,2025-07-01 00:00:00
1,0,20,2025-07-01 08:00:00
0,0,19,2025-01-14 20:00:00
0,0,18,2025-01-14 04:00:00
0,0,16,2025-07-01 16:00:00
0,0,19,2025-07-01 04:00:00
0,0,20,2025-07-01 00:00:00
4,0,19,2025-07-01 12:00:00
4,0,16,2025-07-01 12:00:00
0,0,19,2025-01-14 04:00:00
0,0,18,2025-07-14 04:00:00
0,0,18,2025-07-01 04:00:00
0,1,16,2025-07-14 16:00:00
0,0,17,2025-07-14 16:00:00
0,0,20,2025-01-14 04:00:00
0,0,16,2025-01-14 04:00:00
0,0,19,2025-07-14 04:00:00
0,0,18,2025-07-14 16:00:00
1,0,20,2025-07-14 12:00:00
0,0,20,2025-01-14 20:00:00
0,0,19,2025-07-14 20:00:00
0,0,19,2025-01-14 12:00:00
0,0,19,2025-07-01 16:00:00
0,0,20,2025-01-14 16:00:00
0,0,17,2025-07-14 08:00:00
0,0,16,2025-07-01 04:00:00
0,0,17,2025-07-01 04:00:00
0,0,18,2025-01-14 16:00:00
1,0,20,2025-07-14 08:00:00
0,0,17,2025-01-14 04:00:00
0,0,18,2025-07-14 08:00:00
0,0,16,2025-07-14 08:00:00
0,0,16,2025-07-01 08:00:00
0,0,17,2025-07-14 00:00:00
0,0,17,2025-01-14 16:00:00
0,0,17,2025-07-01 00:00:00
0,0,18,2025-01-14 20:00:00
0,0,17,2025-01-14 20:00:00
0,0,19,2025-07-14 12:00:00
0,0,18,2025-07-01 08:00:00
0,0,16,2025-01-14 08:00:00
0,0,17,2025-01-14 08:00:00
0,0,19,2025-07-14 16:00:00
0,0,16,2025-01-14 12:00:00
0,0,18,2025-07-01 20:00:00
0,0,19,2025-07-14 00:00:00
0,0,17,2025-07-01 08:00:00
0,0,16,2025-01-14 16:00:00
0,0,20,2025-07-14 16:00:00
0,0,20,2025-07-01 16:00:00
0,0,17,2025-07-01 16:00:00
1,0,20,2025-07-01 12:00:00
0,0,20,2025-07-01 04:00:00
0,0,18,2025-07-14 00:00:00
0,0,19,2025-07-01 08:00:00
0,0,16,2025-07-14 00:00:00
0,0,20,2025-01-14 00:00:00
4,0,17,2025-07-01 12:00:00
0,0,19,2025-01-14 00:00:00
0,0,17,2025-07-14 04:00:00
0,0,20,2025-07-01 20:00:00
0,0,18,2025-07-01 00:00:00
0,0,18,2025-07-01 12:00:00
1,0,20,2025-01-14 12:00:00
0,0,16,2025-07-14 20:00:00
0,0,18,2025-07-14 12:00:00
0,0,17,2025-07-14 12:00:00
0,0,17,2025-01-14 12:00:00
0,0,17,2025-07-01 20:00:00
0,0,19,2025-01-14 16:00:00
0,0,19,2025-07-01 00:00:00
0,0,17,2025-07-14 20:00:00
0,0,20,2025-01-14 08:00:00
0,0,18,2025-01-14 00:00:00
0,0,19,2025-07-01 20:00:00
0,0,19,2025-07-14 08:00:00
0,0,16,2025-07-14 04:00:00
0,0,16,2025-07-01 20:00:00
0,0,18,2025-07-14 20:00:00
0,0,20,2025-07-14 04:00:00
0,0,19,2025-01-14 08:00:00
0,0,20,2025-07-14 20:00:00
0,0,16,2025-01-14 20:00:00
0,0,18,2025-07-01 16:00:00
0,0,16,2025-01-14 00:00:00
0,0,17,2025-01-14 00:00:00
0,0,20,2025-07-14 00:00:00
0,0,16,2025-07-01 00:00:00
0,0,16,2025-07-14 12:00:00
0,0,18,2025-01-14 12:00:00
0,0,18,2025-01-14 08:00:00
1,0,03,2025-07-01 16:00:00
0,0,01,2025-01-14 04:00:00
1,0,01,2025-01-14 12:00:00
2,1,03,2025-07-14 04:00:00
0,0,04,2025-07-14 08:00:00
0,0,04,2025-01-14 16:00:00
0,0,01,2025-01-14 00:00:00
0,0,04,2025-07-01 04:00:00
2,0,03,2025-01-14 00:00:00
0,0,05,2025-01-14 00:00:00
1,2,03,2025-07-14 12:00:00
1,0,02,2025-07-01 12:00:00
0,0,02,2025-07-14 20:00:00
1,0,05,2025-01-14 08:00:00
2,0,05,2025-07-01 04:00:00
0,0,01,2025-07-14 16:00:00
1,2,03,2025-07-01 08:00:00
1,0,04,2025-07-14 12:00:00
0,0,04,2025-07-01 20:00:00
1,0,02,2025-01-14 08:00:00
0,0,04,2025-01-14 08:00:00
0,0,04,2025-07-14 04:00:00
0,0,01,2025-07-01 04:00:00
0,0,04,2025-07-14 16:00:00
0,0,02,2025-07-01 00:00:00
0,0,04,2025-07-14 20:00:00
0,0,04,2025-07-01 16:00:00
1,2,03,2025-07-01 12:00:00
0,0,04,2025-07-14 00:00:00
2,0,03,2025-07-14 00:00:00
0,1,04,2025-01-14 04:00:00
2,0,03,2025-07-01 04:00:00
1,0,01,2025-07-14 08:00:00
0,0,02,2025-07-14 04:00:00
0,0,02,2025-07-14 08:00:00
0,0,05,2025-07-14 00:00:00
0,0,04,2025-07-01 00:00:00
1,1,03,2025-01-14 16:00:00
1,0,01,2025-07-01 08:00:00
